,A1_theory_dollar_neutral,A1_theory_with_dollar,A1_gated_frozen,A1+S_theory_dollar_neutral,A1+S_theory_with_dollar,A1+S_gated_frozen,A2_theory_dollar_neutral,A2_theory_with_dollar,A2_gated_frozen,A2+S_theory_dollar_neutral,A2+S_theory_with_dollar,A2+S_gated_frozen,A3_theory_dollar_neutral,A3_theory_with_dollar,A3_gated_frozen,A3+S_theory_dollar_neutral,A3+S_theory_with_dollar,A3+S_gated_frozen,A1_theory_dollar_neutral_D12,A1_theory_with_dollar_D12,base_carry,pm_timed,vix_timed,pm_timed_level_misspecified,pm_timed_prob_index_D12,base_carry__coarse12,pm_timed__coarse12,base_carry__previous,pm_timed__previous,base_carry__primary_cap20,pm_timed__primary_cap20,base_carry__previous_cap20,pm_timed__previous_cap20
2024-01-01,0.0,0.0,0.0,0.0,0.0,0.0,0.0,0.0,0.0,0.0,0.0,0.0,0.0,0.0,0.0,0.0,0.0,0.0,0.0,0.0,0.0,0.0,0.0,0.0,0.0,0.0,0.0,0.0,0.0,0.0,0.0,0.0,0.0
2024-01-02,0.0,0.0,0.0,0.0,0.0,0.0,0.0,0.0,0.0,0.0,0.0,0.0,0.0,0.0,0.0,0.0,0.0,0.0,0.0,0.0,0.0,0.0,0.0,0.0,0.0,0.0,0.0,0.0,0.0,0.0,0.0,0.0,0.0
2024-01-03,0.0,0.0,0.0,0.0,0.0,0.0,0.0,0.0,0.0,0.0,0.0,0.0,0.0,0.0,0.0,0.0,0.0,0.0,0.0,0.0,-0.009494838169748276,-0.009494838169748276,-0.0025203486866152147,-0.009494838169748276,-0.009494838169748276,-0.005748337520606328,-0.005748337520606328,-0.001138156550802183,-0.001138156550802183,-0.009494838169748276,-0.009494838169748276,-0.003129430196917582,-0.003129430196917582
2024-01-04,0.0,0.0,0.0,0.0,0.0,0.0,0.0,0.0,0.0,0.0,0.0,0.0,0.0,0.0,0.0,0.0,0.0,0.0,0.0,0.0,-0.006066174050862738,-0.006066174050862738,-0.0015444561270937518,-0.006066174050862738,-0.006066174050862738,-0.004439648657978301,-0.004439648657978301,-0.003003928856705307,-0.003003928856705307,-0.006066174050862738,-0.006066174050862738,-0.0021294111654714953,-0.0021294111654714953
2024-01-05,0.0,0.0,0.0,0.0,0.0,0.0,0.0,0.0,0.0,0.0,0.0,0.0,0.0,0.0,0.0,0.0,0.0,0.0,0.0,0.0,-0.001417106817052649,-0.001417106817052649,0.0,-0.001417106817052649,-0.001417106817052649,-0.00023317467299666106,-0.00023317467299666106,0.0,0.0,-0.001417106817052649,-0.001417106817052649,0.0,0.0
2024-01-08,0.0,0.0,0.0,0.0,0.0,0.0,0.0,0.0,0.0,0.0,0.0,0.0,0.0,0.0,0.0,0.0,0.0,0.0,0.0,0.0,0.0,0.0,0.0,0.0,0.0,0.0,0.0,-0.0010087119115917975,-0.0010087119115917975,0.0,0.0,0.0,0.0
2024-01-09,0.0,0.0,0.0,0.0,0.0,0.0,0.0,0.0,0.0,0.0,0.0,0.0,0.0,0.0,0.0,0.0,0.0,0.0,0.0,0.0,0.0,0.0,0.0,0.0,0.0,0.0,0.0,-0.0018559302246693443,-0.0018559302246693443,0.0,0.0,-0.000918385841142566,-0.000918385841142566
2024-01-10,0.0,0.0,0.0,0.0,0.0,0.0,0.0,0.0,0.0,0.0,0.0,0.0,0.0,0.0,0.0,0.0,0.0,0.0,0.0,0.0,0.0,0.0,0.0,0.0,0.0,-0.004224176761411624,-0.004224176761411624,-0.0017260864739981896,-0.0017260864739981896,0.0,0.0,0.0,0.0
2024-01-11,0.0,0.0,0.0,0.0,0.0,0.0,0.0,0.0,0.0,0.0,0.0,0.0,0.0,0.0,0.0,0.0,0.0,0.0,0.0,0.0,-0.0010316834582394518,-0.0010316834582394518,-0.0008688175649459451,-0.0010316834582394518,-0.0010316834582394518,-0.005710458101575777,-0.005710458101575777,-0.0034640320394301316,-0.0034640320394301316,-0.0010316834582394518,-0.0010316834582394518,-0.0006778846052994947,-0.0006778846052994947
2024-01-12,0.0,0.0,0.0,0.0,0.0,0.0,0.0,0.0,0.0,0.0,0.0,0.0,0.0,0.0,0.0,0.0,0.0,0.0,0.0,0.0,0.0,0.0,0.0,0.0,0.0,0.0,0.0,-0.0027243535817735864,-0.0027243535817735864,0.0,0.0,0.0,0.0
2024-01-15,0.0,0.0,0.0,0.0,0.0,0.0,0.0,0.0,0.0,0.0,0.0,0.0,0.0,0.0,0.0,0.0,0.0,0.0,0.0,0.0,0.0,0.0,0.0,0.0,0.0,0.0,0.0,-0.00024373717606318568,-0.00024373717606318568,0.0,0.0,0.0,0.0
2024-01-16,0.0,0.0,0.0,0.0,0.0,0.0,0.0,0.0,0.0,0.0,0.0,0.0,0.0,0.0,0.0,0.0,0.0,0.0,0.0,0.0,0.0,0.0,0.0,0.0,0.0,0.0,0.0,0.0,0.0,0.0,0.0,0.0,0.0
2024-01-17,0.0,0.0,0.0,0.0,0.0,0.0,0.0,0.0,0.0,0.0,0.0,0.0,0.0,0.0,0.0,0.0,0.0,0.0,0.0,0.0,-0.003122370604751623,-0.003122370604751623,-0.003122370604751734,-0.003122370604751623,-0.003122370604751623,-0.007814000848821556,-0.007814000848821556,0.0,0.0,-0.003122370604751623,-0.003122370604751623,-0.0015538857956595153,-0.0015538857956595153
2024-01-18,0.0,0.0,0.0,0.0,0.0,0.0,0.0,0.0,0.0,0.0,0.0,0.0,0.0,0.0,0.0,0.0,0.0,0.0,0.0,0.0,-0.005449537472812849,-0.005449537472812849,-0.005449537472812849,-0.005449537472812849,-0.005449537472812849,-0.005719044716603117,-0.005719044716603117,-0.0026592201862531972,-0.0026592201862531972,-0.005449537472812849,-0.005449537472812849,-0.005090913300414335,-0.005090913300414335
2024-01-19,0.0,0.0,0.0,0.0,0.0,0.0,0.0,0.0,0.0,0.0,0.0,0.0,0.0,0.0,0.0,0.0,0.0,0.0,0.0,0.0,-0.00571719817935068,-0.00571719817935068,-0.00571719817935068,-0.00571719817935068,-0.00571719817935068,-0.00941644303257183,-0.00941644303257183,-0.0083716493786119,-0.0083716493786119,-0.00571719817935068,-0.00571719817935068,-0.009894377668338339,-0.009894377668338339
2024-01-22,0.0,0.0,0.0,0.0,0.0,0.0,0.0,0.0,0.0,0.0,0.0,0.0,0.0,0.0,0.0,0.0,0.0,0.0,0.0,0.0,-0.006572503984218048,-0.006572503984218048,-0.006572503984217826,-0.006572503984218048,-0.006572503984218048,-0.008157905984778169,-0.008157905984778169,-0.006819366645872793,-0.006819366645872793,-0.006572503984218048,-0.006572503984218048,-0.010380187012905218,-0.010380187012905218
2024-01-23,0.0,0.0,0.0,0.0,0.0,0.0,0.0,0.0,0.0,0.0,0.0,0.0,0.0,0.0,0.0,0.0,0.0,0.0,0.0,0.0,-0.01321988361523685,-0.01321988361523685,-0.013219883615236627,-0.01321988361523685,-0.01321988361523685,-0.014040217771014496,-0.014040217771014496,-0.0063381430349964685,-0.0063381430349964685,-0.01321988361523685,-0.01321988361523685,-0.012631052208114446,-0.012631052208114446
2024-01-24,0.0,0.0,0.0,0.0,0.0,0.0,0.0,0.0,0.0,0.0,0.0,0.0,0.0,0.0,0.0,0.0,0.0,0.0,0.0,0.0,-0.006563310829742153,-0.006563310829742153,-0.00656331082974182,-0.006563310829742153,-0.006563310829742153,-0.01126359250058917,-0.01126359250058917,-0.0036175479851768833,-0.0036175479851768833,-0.006563310829742153,-0.006563310829742153,-0.008237472793519829,-0.008237472793519829
2024-01-25,0.0,0.0,0.0,0.0,0.0,0.0,0.0,0.0,0.0,0.0,0.0,0.0,0.0,0.0,0.0,0.0,0.0,0.0,0.0,0.0,-0.005566361890080307,-0.005566361890080307,-0.005566361890080085,-0.005566361890080307,-0.005566361890080307,-0.010506516735465876,-0.010506516735465876,0.0,0.0,-0.005566361890080307,-0.005566361890080307,-0.0013923302744324184,-0.0013923302744324184
2024-01-26,0.0,0.0,0.0,0.0,0.0,0.0,0.0,0.0,0.0,0.0,0.0,0.0,0.0,0.0,0.0,0.0,0.0,0.0,0.0,0.0,-0.0032748291831032894,-0.0032748291831032894,-0.0032748291831030674,-0.0032748291831032894,-0.0032748291831032894,-0.0059150080492683665,-0.0059150080492683665,-0.0038255788732108886,-0.0038255788732108886,-0.0032748291831032894,-0.0032748291831032894,-0.00657221849625611,-0.00657221849625611
2024-01-29,0.0,0.0,0.0,0.0,0.0,0.0,0.0,0.0,0.0,0.0,0.0,0.0,0.0,0.0,0.0,0.0,0.0,0.0,0.0,0.0,-0.002380018263389516,-0.002380018263389516,-0.002380018263389405,-0.002380018263389516,-0.002380018263389516,-0.0039022648708839647,-0.0039022648708839647,-0.003687737636563271,-0.003687737636563271,-0.002380018263389516,-0.002380018263389516,-0.009296530277448478,-0.009296530277448478
2024-01-30,0.0,-0.00045731751872568616,0.0,0.0,-0.00045731751872568616,0.0,0.0,-0.00045731751872568616,0.0,0.0,-0.00045731751872568616,0.0,0.0,-0.00045731751872568616,0.0,0.0,-0.00045731751872568616,0.0,0.0,-0.00045731751872568616,-0.014301540732260754,-0.014301540732260754,-0.014301540732260531,-0.014301540732260754,-0.014301540732260754,-0.014526994883178768,-0.014526994883178768,-0.008027402049290866,-0.008027402049290866,-0.014301540732260754,-0.014301540732260754,-0.01437882496227405,-0.01437882496227405
2024-01-31,0.0,-0.007003430777205777,0.0,0.0,-0.007003430777205777,0.0,0.0,-0.007913485909597395,0.0,0.0,-0.007913485909597395,0.0,0.0,-0.007003430777205777,0.0,0.0,-0.007003430777205777,0.0,0.0,0.0,-0.013593380837269131,-0.013593380837269131,-0.01359338083726902,-0.013593380837269131,-0.013593380837269131,-0.015279664578443541,-0.015279664578443541,-0.008802335934354089,-0.008802335934354089,-0.013593380837269131,-0.013593380837269131,-0.014670297760842943,-0.014670297760842943
2024-02-01,0.0,-0.005862325260919232,0.0,0.0,-0.005862325260919232,0.0,0.0,-0.009978341137283797,0.0,0.0,-0.009978341137283797,0.0,0.0,-0.005862325260919232,0.0,0.0,-0.005862325260919232,0.0,0.0,-0.0011491535335109715,-0.011888822952166866,-0.011888822952166866,-0.011888822952166977,-0.011888822952166866,-0.011888822952166866,-0.014749352334075483,-0.014749352334075483,-0.006363195221553819,-0.006363195221553819,-0.011888822952166866,-0.011888822952166866,-0.010633119679062775,-0.010633119679062775
2024-02-02,0.0,0.0,0.0,0.0,0.0,0.0,0.0,0.0,0.0,0.0,0.0,0.0,0.0,0.0,0.0,0.0,0.0,0.0,0.0,-0.02173347792029101,-0.01066716154210634,-0.01066716154210634,-0.010667161542106562,-0.01066716154210634,-0.01066716154210634,-0.014769053206573068,-0.014769053206573068,-0.021963239904701948,-0.021963239904701948,-0.01066716154210634,-0.01066716154210634,-0.022794252307339558,-0.022794252307339558
2024-02-05,0.0,0.0,0.0,0.0,0.0,0.0,0.0,0.0,0.0,-0.0006000000000000449,0.0,0.0,0.0,0.0,0.0,0.0,0.0,0.0,0.0,-0.03308364973862876,-0.01979895131622944,-0.01979895131622944,-0.019798951316229774,-0.01979895131622944,-0.01979895131622944,-0.014856716027799477,-0.014856716027799477,-0.015744790585001445,-0.015744790585001445,-0.01979895131622944,-0.01979895131622944,-0.02330926272805489,-0.02330926272805489
2024-02-06,0.0,-0.007143600901973746,0.0,0.0,-0.007143600901973746,0.0,0.0,-0.007154280880327546,0.0,0.0,-0.0069255386746034375,0.0,0.0,-0.007143600901973746,0.0,0.0,-0.007143600901973746,0.0,0.0,-0.02617638522676835,-0.018649577738026668,-0.018649577738026668,-0.01864957773802689,-0.018649577738026668,-0.018649577738026668,-0.00722787498199895,-0.00722787498199895,-0.01663022593298813,-0.01663022593298813,-0.018649577738026668,-0.018649577738026668,-0.023991906809994523,-0.023991906809994523
2024-02-07,0.0,-0.011215033881861847,0.0,0.0,-0.011215033881861847,0.0,0.0,-0.011150676949053251,0.0,0.0,-0.010509134243656515,0.0,0.0,-0.011215033881861847,0.0,0.0,-0.011215033881861847,0.0,0.0,-0.022192073662396616,-0.01712470390441667,-0.01712470390441667,-0.017124703904416894,-0.01712470390441667,-0.01712470390441667,-0.008489631933462638,-0.008489631933462638,-0.023063936188064016,-0.023063936188064016,-0.01712470390441667,-0.01712470390441667,-0.030178261032231757,-0.030178261032231757
2024-02-08,0.0,-0.008342526067012912,0.0,0.0,-0.008342526067012912,0.0,0.0,-0.008415907420428193,0.0,-0.002482888504474312,-0.008460989206441782,0.0,0.0,-0.008342526067012912,0.0,0.0,-0.008342526067012912,0.0,0.0,-0.025032692205428253,-0.016578817249063516,-0.016578817249063516,-0.016578817249063738,-0.016578817249063516,-0.016578817249063516,-0.009076094109326527,-0.009076094109326527,-0.02096554554746366,-0.02096554554746366,-0.016578817249063516,-0.016578817249063516,-0.02869317636667057,-0.02869317636667057
2024-02-09,0.0,-0.010343460933413762,0.0,0.0,-0.010343460933413762,0.0,0.0,-0.01023510701158481,0.0,-0.008012257387681188,-0.011555825627514338,0.0,0.0,-0.010343460933413762,0.0,0.0,-0.010343460933413762,0.0,0.0,-0.023093783011484237,-0.016369830736439828,-0.016369830736439828,-0.01636983073643994,-0.016369830736439828,-0.016369830736439828,-0.0134957262569263,-0.0134957262569263,-0.02757516742763977,-0.02757516742763977,-0.016369830736439828,-0.016369830736439828,-0.035219180840549646,-0.035219180840549646
2024-02-12,0.0,-0.013184155560511779,0.0,0.0,-0.013184155560511779,0.0,0.0,-0.013023049922888164,0.0,-0.008475299317277862,-0.010441838701612305,0.0,0.0,-0.013184155560511779,0.0,0.0,-0.013184155560511779,0.0,0.0,-0.020308910563637927,-0.01334651308940582,-0.01334651308940582,-0.013346513089405931,-0.01334651308940582,-0.01334651308940582,-0.009353779320308009,-0.009353779320308009,-0.029052786275635678,-0.029052786275635678,-0.01334651308940582,-0.01334651308940582,-0.0349117989130312,-0.0349117989130312
2024-02-13,0.0,0.0,0.0,0.0,0.0,0.0,0.0,0.0,0.0,-0.01172654640499371,-0.027841168309862274,0.0,0.0,0.0,0.0,0.0,0.0,0.0,0.0,-0.038849979428009496,-0.012655170211096523,-0.012655170211096523,-0.012655170211096745,-0.012655170211096523,-0.012655170211096523,-0.010774455579252384,-0.010774455579252384,-0.02757073262070875,-0.02757073262070875,-0.012655170211096523,-0.012655170211096523,-0.032521773981410096,-0.032521773981410096
2024-02-14,0.0,-0.0026295236802647004,0.0,0.0,-0.0026295236802647004,0.0,0.0,-0.0026000847960570006,0.0,-0.014016267017120998,-0.03047794597797937,0.0,0.0,-0.0026295236802647004,0.0,0.0,-0.0026295236802647004,0.0,0.0,-0.04193090653986664,-0.008966139193923972,-0.008966139193923972,-0.008966139193924194,-0.008966139193923972,-0.008966139193923972,-0.0031577716304125314,-0.0031577716304125314,-0.02285889201385405,-0.02285889201385405,-0.008966139193923972,-0.008966139193923972,-0.03023196170521747,-0.03023196170521747
2024-02-15,0.0,-0.008220124697196574,0.0,0.0,-0.008220124697196574,0.0,0.0,-0.008208759295520451,0.0,-0.012840308856166383,-0.035747816790221654,0.0,0.0,-0.008220124697196574,0.0,0.0,-0.008220124697196574,0.0,0.0,-0.03712077812767278,-0.014661158586053435,-0.014661158586053435,-0.016288783670648344,-0.014661158586053435,-0.014661158586053435,-0.005992715049724873,-0.005992715049724873,-0.024490758217278974,-0.024490758217278974,-0.014661158586053435,-0.014661158586053435,-0.03283170584934525,-0.03283170584934525
2024-02-16,0.0,-0.009979340594741037,0.0,0.0,-0.009979340594741037,0.0,0.0,-0.009944431696133349,0.0,-0.016548174493811185,-0.03753255270249578,0.0,0.0,-0.009979340594741037,0.0,0.0,-0.009979340594741037,0.0,0.0,-0.03882787256251996,-0.01300731767165475,-0.01300731767165475,-0.01603756628692332,-0.01300731767165475,-0.01300731767165475,-0.0054819987758708555,-0.0054819987758708555,-0.025729789540884118,-0.025729789540884118,-0.01300731767165475,-0.01300731767165475,-0.032518126004060344,-0.032518126004060344
2024-02-19,0.0,-0.009979340594741037,0.0,0.0,-0.009979340594741037,0.0,0.0,-0.009944431696133349,0.0,-0.016615785634306324,-0.03753255270249578,0.0,0.0,-0.009979340594741037,0.0,0.0,-0.009979340594741037,0.0,0.0,-0.03955666635292776,-0.007423927053306745,-0.007423927053306745,-0.014390136629055195,-0.007423927053306745,-0.007423927053306745,-0.0046887261807053715,-0.0046887261807053715,-0.02503891528123947,-0.02503891528123947,-0.007423927053306745,-0.007423927053306745,-0.02987805796495613,-0.02987805796495613
2024-02-20,0.0,-0.015622101079105222,0.0,0.0,-0.015622101079105222,0.0,0.0,-0.015398590209206309,0.0,-0.023967376155286324,-0.043078545126099765,0.0,0.0,-0.015622101079105222,0.0,0.0,-0.015622101079105222,0.0,0.0,-0.0347316158640002,-0.007426861752635294,-0.007426861752635294,-0.014553173968030686,-0.007426861752635294,-0.007426861752635294,-0.005178663710062925,-0.005178663710062925,-0.025746717428675292,-0.025746717428675292,-0.007426861752635294,-0.007426861752635294,-0.029405026928798317,-0.029405026928798317
2024-02-21,0.0,-0.014761352617733037,0.0,0.0,-0.014761352617733037,0.0,0.0,-0.014531187716526617,0.0,-0.0254038335162996,-0.04224685778908155,0.0,0.0,-0.014761352617733037,0.0,0.0,-0.014761352617733037,0.0,0.0,-0.03463241942159612,-0.0008508991285627321,-0.0008508991285627321,-0.011613862821493681,-0.0008508991285627321,-0.0008508991285627321,-0.004491410980822508,-0.004491410980822508,-0.02953637481197624,-0.02953637481197624,-0.0008508991285627321,-0.0008508991285627321,-0.0302320609061405,-0.0302320609061405
2024-02-22,0.0,-0.015117437468411987,0.0,0.0,-0.015117437468411987,0.0,0.0,-0.01489900703323166,0.0,-0.028372026788995863,-0.04263985361272504,0.0,0.0,-0.015117437468411987,0.0,0.0,-0.015117437468411987,0.0,0.0,-0.03431269758267963,-0.007810253908799969,-0.007810253908799969,-0.015562603720293722,-0.007810253908799969,-0.007810253908799969,-0.010711570598463727,-0.010711570598463727,-0.033242808321897965,-0.033242808321897965,-0.007810253908799969,-0.007810253908799969,-0.033574307659671954,-0.033574307659671954
2024-02-23,0.0,-0.01731092882513907,0.0,0.0,-0.01731092882513907,0.0,0.0,-0.017084025007637615,0.0,-0.02678433335967978,-0.044757978864280346,0.0,0.0,-0.01731092882513907,0.0,0.0,-0.01731092882513907,0.0,0.0,-0.03214659341075443,-0.012527520588868524,-0.012527520588868524,-0.018649538426779633,-0.012527520588868524,-0.012527520588868524,-0.013946959574700935,-0.013946959574700935,-0.03803764793713493,-0.03803764793713493,-0.012527520588868524,-0.012527520588868524,-0.04060026164669073,-0.04060026164669073
2024-02-26,0.0,-0.01679192719393985,0.0,0.0,-0.01679192719393985,0.0,0.0,-0.016598403178468057,0.0,-0.027835951915865298,-0.0442826589905031,0.0,0.0,-0.01679192719393985,0.0,0.0,-0.01679192719393985,0.0,0.0,-0.03264414295122808,-0.015149233507508297,-0.015149233507508297,-0.020634531969519032,-0.015149233507508297,-0.015149233507508297,-0.017546298362386303,-0.017546298362386303,-0.039996103859273546,-0.039996103859273546,-0.015149233507508297,-0.015149233507508297,-0.04365839466800647,-0.04365839466800647
2024-02-27,0.0,-0.017211947550474727,0.0,0.0,-0.017211947550474727,0.0,0.0,-0.017019514363588617,0.0,-0.025423857699571895,-0.04459799875518489,0.0,0.0,-0.017211947550474727,0.0,0.0,-0.017211947550474727,0.0,0.0,-0.03222016297876684,-0.010845723193033452,-0.010845723193033452,-0.01747873371846076,-0.010845723193033452,-0.010845723193033452,-0.012813438843543579,-0.012813438843543579,-0.037547323396890264,-0.037547323396890264,-0.010845723193033452,-0.010845723193033452,-0.04026773929730765,-0.04026773929730765
2024-02-28,0.0,-0.011535611100575993,0.0,0.0,-0.011535611100575993,0.0,0.0,-0.010494893131220207,0.0,-0.01944914224502281,-0.03823401035300178,0.0,0.0,-0.011535611100575993,0.0,0.0,-0.011535611100575993,0.0,0.0,-0.03860964906014219,-0.001426320475242493,-0.001426320475242493,-0.00968729529896406,-0.001426320475242493,-0.001426320475242493,-0.008702870769118909,-0.008702870769118909,-0.03343873458041513,-0.03343873458041513,-0.001426320475242493,-0.001426320475242493,-0.03656611443029434,-0.03656611443029434
2024-02-29,0.0,-0.015734114431677937,0.0,0.0,-0.015734114431677937,0.0,0.0,-0.007240523663738063,0.0,-0.01864583470973591,-0.03747386744750292,0.0,0.0,-0.015734114431677937,0.0,0.0,-0.015734114431677937,0.0,0.0,-0.0417389087289225,-0.010817780600002602,-0.010817780600002602,-0.018465173559681358,-0.010817780600002602,-0.010817780600002602,-0.011019336159331705,-0.011019336159331705,-0.03430438961776905,-0.03430438961776905,-0.010817780600002602,-0.010817780600002602,-0.0399527920290329,-0.0399527920290329
2024-03-01,0.0,-0.0192744285437767,0.0,0.0,-0.0192744285437767,0.0,0.0,-0.010688011284359589,0.0,-0.025272159772726233,-0.044450800610267294,0.0,0.0,-0.0192744285437767,0.0,0.0,-0.0192744285437767,0.0,0.0,-0.03844349900103117,-0.005065092129725057,-0.005065092129725057,-0.012756959270645685,-0.005065092129725057,-0.005065092129725057,-0.0056137521332227935,-0.0056137521332227935,-0.03763390287301305,-0.03763390287301305,-0.005065092129725057,-0.005065092129725057,-0.040554395032568746,-0.040554395032568746
2024-03-04,0.0,-0.020258011234045248,0.0,0.0,-0.020258011234045248,0.0,0.0,-0.011670185560434865,0.0,-0.025844017084183712,-0.04590867521477515,0.0,0.0,-0.020258011234045248,0.0,0.0,-0.020258011234045248,0.0,0.0,-0.0375268134845278,-0.005446480350253413,-0.005446480350253413,-0.013135398969116752,-0.005446480350253413,-0.005446480350253413,-0.006999032644831482,-0.006999032644831482,-0.045676389081327984,-0.045676389081327984,-0.005446480350253413,-0.005446480350253413,-0.04700806183569217,-0.04700806183569217
2024-03-05,0.0,-0.019484942058372257,0.0,0.0,-0.019484942058372257,0.0,0.0,-0.010932577051856684,0.0,-0.025105060256743528,-0.0451106222933616,0.0,0.0,-0.019484942058372257,0.0,0.0,-0.019484942058372257,0.0,0.0,-0.03826451055663138,-0.002448950190010457,-0.002448950190010457,-0.01016104279097163,-0.002448950190010457,-0.002448950190010457,-0.0017249721908022542,-0.0017249721908022542,-0.047867939421682326,-0.047867939421682326,-0.002448950190010457,-0.002448950190010457,-0.047730258931703795,-0.047730258931703795
2024-03-06,0.0,-0.0310988366110051,0.0,0.0,-0.0310988366110051,0.0,0.0,-0.022618101435590288,0.0,-0.027175827120014984,-0.057846070692946894,0.0,0.0,-0.0310988366110051,0.0,0.0,-0.0310988366110051,0.0,0.0,-0.026754621853969818,-0.0008800319450926741,-0.0008800319450926741,-0.008604253893008451,-0.0008800319450926741,-0.0008800319450926741,-0.002465849887597349,-0.002465849887597349,-0.05275972040986343,-0.05275972040986343,-0.0008800319450926741,-0.0008800319450926741,-0.048916491115225225,-0.048916491115225225
2024-03-07,0.0,-0.039868806208319674,0.0,0.0,-0.039868806208319674,0.0,0.0,-0.031548177072742045,0.0,-0.026018709773094728,-0.06440832909821159,0.0,0.0,-0.039868806208319674,0.0,0.0,-0.039868806208319674,0.0,0.0,-0.018737929643399376,-0.00545482595378366,-0.00545482595378366,-0.013143680052573159,-0.00545482595378366,-0.00545482595378366,-0.006102515980805356,-0.006102515980805356,-0.06407051810324593,-0.06407051810324593,-0.00545482595378366,-0.00545482595378366,-0.06175617086704244,-0.06175617086704244
2024-03-08,0.0,-0.036634198839695875,0.0,0.0,-0.036634198839695875,0.0,0.0,-0.028285538151255785,0.0,-0.026075857121667045,-0.061477989577353065,0.0,0.0,-0.036634198839695875,0.0,0.0,-0.036634198839695875,0.0,0.0,-0.015416734347078798,-0.018780370240238597,-0.018780370240238597,-0.026366204216383804,-0.018780370240238597,-0.018780370240238597,-0.0158358503594892,-0.0158358503594892,-0.07852422333870113,-0.07852422333870113,-0.018780370240238597,-0.018780370240238597,-0.07564719056107727,-0.07564719056107727
2024-03-11,0.0,-0.04058199980415689,0.0,0.0,-0.04058199980415689,0.0,0.0,-0.032267551302487596,0.0,-0.024407422234819398,-0.06414626562208614,0.0,0.0,-0.04058199980415689,0.0,0.0,-0.04058199980415689,0.0,0.0,-0.0194459677830765,-0.03187382852586096,-0.03187382852586096,-0.039358436642152106,-0.03187382852586096,-0.03187382852586096,-0.025131895959945028,-0.025131895959945028,-0.09107741430084304,-0.09107741430084304,-0.03187382852586096,-0.03187382852586096,-0.09316317913358518,-0.09316317913358518
2024-03-12,0.0,-0.04461372231974903,0.0,0.0,-0.04461372231974903,0.0,0.0,-0.03633421328056852,0.0,-0.025396179504966643,-0.06794094657496463,0.0,0.0,-0.04461372231974903,0.0,0.0,-0.04461372231974903,0.0,0.0,-0.022816505368695728,-0.028297337524533783,-0.028297337524533783,-0.03580959558394714,-0.028297337524533783,-0.028297337524533783,-0.022324179296331348,-0.022324179296331348,-0.08873615832956139,-0.08873615832956139,-0.028297337524533783,-0.028297337524533783,-0.09194852271636711,-0.09194852271636711
2024-03-13,0.0,-0.04788517056226216,0.0,0.0,-0.04788517056226216,0.0,0.0,-0.03963401234403008,0.0,-0.026719924275021345,-0.06828848256106701,0.0,0.0,-0.04788517056226216,0.0,0.0,-0.04788517056226216,0.0,0.0,-0.019544195308115797,-0.024914136949459653,-0.024914136949459653,-0.032452550618781495,-0.024914136949459653,-0.024914136949459653,-0.01890357500882689,-0.01890357500882689,-0.08337128701218754,-0.08337128701218754,-0.024914136949459653,-0.024914136949459653,-0.08457270108360804,-0.08457270108360804
2024-03-14,0.0,-0.03766810408404764,0.0,0.0,-0.03766810408404764,0.0,0.0,-0.029328403360824207,0.0,-0.025887845459185876,-0.058225985135603064,0.0,0.0,-0.03766810408404764,0.0,0.0,-0.03766810408404764,0.0,0.0,-0.030021747821616485,-0.01696584333197515,-0.01696584333197515,-0.024565705461913834,-0.01696584333197515,-0.01696584333197515,-0.007524996967026798,-0.007524996967026798,-0.07461569523086953,-0.07461569523086953,-0.01696584333197515,-0.01696584333197515,-0.07266021355190844,-0.07266021355190844
2024-03-15,0.0,-0.03387058908639895,0.0,0.0,-0.03387058908639895,0.0,0.0,-0.025497978575287572,0.0,-0.02700285785606127,-0.05501782905108821,0.0,0.0,-0.03387058908639895,0.0,0.0,-0.03387058908639895,0.0,0.0,-0.03392028212444709,-0.01534936562565914,-0.01534936562565914,-0.022961724785961257,-0.01534936562565914,-0.01534936562565914,-0.0036561863299903186,-0.0036561863299903186,-0.07010032884701922,-0.07010032884701922,-0.01534936562565914,-0.01534936562565914,-0.0679961172756578,-0.0679961172756578
2024-03-18,0.0,-0.03112259429708575,0.0,0.0,-0.03112259429708575,0.0,0.0,-0.022726169284731035,0.0,-0.029118567809854334,-0.05292913797653431,0.0,0.0,-0.03112259429708575,0.0,0.0,-0.03112259429708575,0.0,0.0,-0.03665311519742076,-0.00998048267014029,-0.00998048267014029,-0.01763434880146375,-0.00998048267014029,-0.00998048267014029,0.0,0.0,-0.06260631259345628,-0.06260631259345628,-0.00998048267014029,-0.00998048267014029,-0.05990508194797506,-0.05990508194797506
2024-03-19,0.0,-0.024280199458669882,0.0,0.0,-0.024280199458669882,0.0,0.0,-0.015824477310446894,0.0,-0.030883845907786367,-0.04622816266917351,0.0,0.0,-0.024280199458669882,0.0,0.0,-0.024280199458669882,0.0,0.0,-0.04354579744625353,-0.017481144428699302,-0.017481144428699302,-0.0250770227527205,-0.017481144428699302,-0.017481144428699302,-0.007956819856596797,-0.007956819856596797,-0.0594935269894481,-0.0594935269894481,-0.017481144428699302,-0.017481144428699302,-0.06019919572800847,-0.06019919572800847
2024-03-20,0.0,-0.022266777881828625,0.0,0.0,-0.022266777881828625,0.0,0.0,-0.013793607144972464,0.0,-0.03671650399963078,-0.04534463048241044,0.0,0.0,-0.022266777881828625,0.0,0.0,-0.022266777881828625,0.0,0.0,-0.04544079631877607,-0.009060140514804083,-0.009060140514804083,-0.016721121834796793,-0.009060140514804083,-0.009060140514804083,0.0,0.0,-0.056836641100424634,-0.056836641100424634,-0.009060140514804083,-0.009060140514804083,-0.05616638276013952,-0.05616638276013952
2024-03-21,0.0,-0.021599117205574725,0.0,0.0,-0.021599117205574725,0.0,0.0,-0.01312016042936126,0.0,-0.04078054401127129,-0.05029308950300271,0.0,0.0,-0.021599117205574725,0.0,0.0,-0.021599117205574725,0.0,0.0,-0.046985535416410706,-0.008180569372462143,-0.008180569372462143,-0.01584835067938295,-0.008180569372462143,-0.008180569372462143,-0.0037978815340956595,-0.0037978815340956595,-0.04751524345078062,-0.04751524345078062,-0.008180569372462143,-0.008180569372462143,-0.047375817060889114,-0.047375817060889114
2024-03-22,0.0,-0.031067015215013982,0.0,0.0,-0.031067015215013982,0.0,0.0,-0.022670108546680945,0.0,-0.03415832968546506,-0.05556665603211386,0.0,0.0,-0.031067015215013982,0.0,0.0,-0.031067015215013982,0.0,0.0,-0.0557062993180939,-0.0016001607102545945,-0.0016001607102545945,-0.00931881532432588,-0.0016001607102545945,-0.0016001607102545945,0.0,0.0,-0.02854343209988419,-0.02854343209988419,-0.0016001607102545945,-0.0016001607102545945,-0.034370468337255544,-0.034370468337255544
2024-03-25,0.0,-0.027818203932629904,0.0,0.0,-0.027818203932629904,0.0,0.0,-0.019393142618362114,0.0,-0.036875681554585316,-0.05392438656184695,0.0,0.0,-0.027818203932629904,0.0,0.0,-0.027818203932629904,0.0,0.0,-0.05270330154215941,-0.0007355551151783102,-0.0007355551151783102,-0.008460894017150111,-0.0007355551151783102,-0.0007355551151783102,-0.0009441913906358401,-0.0009441913906358401,-0.03679453279629441,-0.03679453279629441,-0.0007355551151783102,-0.0007355551151783102,-0.04021421386792601,-0.04021421386792601
2024-03-26,0.0,-0.029991681620578525,0.0,0.0,-0.029991681620578525,0.0,0.0,-0.021585455963242572,0.0,-0.04072194131205298,-0.056400416490703265,0.0,0.0,-0.029991681620578525,0.0,0.0,-0.029991681620578525,0.0,0.0,-0.05493311286221858,0.0,0.0,-0.006106420393666601,0.0,0.0,0.0,0.0,-0.034713672149985886,-0.034713672149985886,0.0,0.0,-0.03600738397584613,-0.03600738397584613
2024-03-27,0.0,-0.03289553564566794,0.0,0.0,-0.03289553564566794,0.0,0.0,-0.024514475187174534,0.0,-0.04194798665863397,-0.059485198647407755,0.0,0.0,-0.03289553564566794,0.0,0.0,-0.03289553564566794,0.0,0.0,-0.05773444888892465,0.0,0.0,0.0,0.0,0.0,0.0,0.0,-0.02344860972834817,-0.02344860972834817,0.0,0.0,-0.024536601636861666,-0.024536601636861666
2024-03-28,0.0,-0.032243143809704056,0.0,0.0,-0.032243143809704056,0.0,0.0,-0.023856429633725806,0.0,-0.04658893074987214,-0.062140533467781256,0.0,0.0,-0.032243143809704056,0.0,0.0,-0.032243143809704056,0.0,0.0,-0.057164856816540044,-0.003160834750760455,-0.003160834750760455,-0.003160834750760455,-0.003160834750760455,-0.003160834750760455,-0.0014422609607526171,-0.0014422609607526171,-0.027000851354274213,-0.027000851354274213,-0.003160834750760455,-0.003160834750760455,-0.028658667543194682,-0.028658667543194682
2024-03-29,0.0,-0.03290261421316221,0.0,0.0,-0.03290261421316221,0.0,0.0,-0.024521615098509364,0.0,-0.046448485700704145,-0.0621142664920139,0.0,0.0,-0.03290261421316221,0.0,0.0,-0.03290261421316221,0.0,0.0,-0.057820060800908624,-0.003160834750760455,-0.003160834750760455,-0.003160834750760455,-0.003160834750760455,-0.003160834750760455,-0.0014422609607526171,-0.0014422609607526171,-0.027000851354274213,-0.027000851354274213,-0.003160834750760455,-0.003160834750760455,-0.028658667543194682,-0.028658667543194682
2024-04-01,0.0,-0.045849335127224555,0.0,0.0,-0.045849335127224555,0.0,0.0,-0.03758053407877804,0.0,-0.05279614861589821,-0.06314694420672673,0.0,0.0,-0.045849335127224555,0.0,0.0,-0.045849335127224555,0.0,0.0,-0.07048503213021096,-0.0032201920554105756,-0.0032201920554105756,-0.0032201920554106866,-0.004321808738367516,-0.004321808738367516,-0.0016418364663057794,-0.0016418364663057794,-0.027841003480283066,-0.027841003480283066,-0.0032201920554105756,-0.0032201920554105756,-0.029579480361538124,-0.029579480361538124
2024-04-02,0.0,-0.039940931198852114,0.0,0.0,-0.039940931198852114,0.0,0.0,-0.031620927108374275,0.0,-0.05941026669535843,-0.06041808740813159,0.0,0.0,-0.039940931198852114,0.0,0.0,-0.039940931198852114,0.0,0.0,-0.06473529141128509,-0.009229103965155527,-0.009229103965155527,-0.009229103965155527,-0.007322944241946017,-0.007322944241946017,-0.00521120747081083,-0.00521120747081083,-0.023774911369100482,-0.023774911369100482,-0.009229103965155527,-0.009229103965155527,-0.02891068704425448,-0.02891068704425448
2024-04-03,0.0,-0.030314711447217313,0.0,0.0,-0.030314711447217313,0.0,0.0,-0.022754023588679284,0.0,-0.06548767728281657,-0.05658519360444669,0.0,0.0,-0.030314711447217313,0.0,0.0,-0.030314711447217313,0.0,0.0,-0.055135918409158435,-0.019159531157662335,-0.019159531157662335,-0.019159531157662224,-0.012297710490797753,-0.012297710490797753,-0.011303018812206633,-0.011303018812206633,-0.013319039913373243,-0.013319039913373243,-0.019159531157662335,-0.019159531157662335,-0.020388430422748294,-0.020388430422748294
2024-04-04,0.0,-0.024160231576808244,0.0,0.0,-0.024160231576808244,0.0,0.0,-0.029772310768542365,0.0,-0.07235251746016647,-0.06615835556694882,0.0,0.0,-0.024160231576808244,0.0,0.0,-0.024160231576808244,0.0,0.0,-0.04917568651161108,-0.015047602023382622,-0.015047602023382622,-0.015047602023382622,-0.01022736268743829,-0.01022736268743829,-0.012281540175728356,-0.012281540175728356,-0.010943271464909143,-0.010943271464909143,-0.015047602023382622,-0.015047602023382622,-0.016486758274486868,-0.016486758274486868
2024-04-05,0.0,-0.029838432199122744,0.0,0.0,-0.029838432199122744,0.0,0.0,-0.03630092595508749,0.0,-0.06315873690481022,-0.06876722378792843,0.0,0.0,-0.029838432199122744,0.0,0.0,-0.029838432199122744,0.0,0.0,-0.05480170257516648,-0.010736020245063371,-0.010736020245063371,-0.010736020245063482,-0.008061021615279551,-0.008061021615279551,-0.009035480592704204,-0.009035480592704204,-0.009833537095436107,-0.009833537095436107,-0.010736020245063371,-0.010736020245063371,-0.014641991585672365,-0.014641991585672365
2024-04-08,0.0,-0.029218153249529588,0.0,0.0,-0.029218153249529588,0.0,0.0,-0.03702630350344205,0.0,-0.06872196208380577,-0.07415354076243175,0.0,0.0,-0.029218153249529588,0.0,0.0,-0.029218153249529588,0.0,0.0,-0.05417655432125734,-0.010661228399125755,-0.010661228399125755,-0.012477815015427107,-0.008023524572645213,-0.008023524572645213,-0.0051214782049171514,-0.0051214782049171514,-0.0146760038778323,-0.0146760038778323,-0.010661228399125755,-0.010661228399125755,-0.01900719099710757,-0.01900719099710757
2024-04-09,0.0,-0.02687545206434716,0.0,0.0,-0.02687545206434716,0.0,0.0,-0.04024386747121034,0.0,-0.07003731046617678,-0.07350190131052714,0.0,0.0,-0.02687545206434716,0.0,0.0,-0.02687545206434716,0.0,0.0,-0.05192410912156442,-0.0011161370009878935,-0.0011161370009878935,-0.010277262565936307,-0.003238254655731243,-0.003238254655731243,0.0,0.0,-0.012706871247664897,-0.012706871247664897,-0.0011161370009878935,-0.0011161370009878935,-0.01472990304848587,-0.01472990304848587
2024-04-10,0.0,-0.05034274888657431,0.0,0.0,-0.05034274888657431,0.0,0.0,-0.06442212362293565,0.0,-0.06693943433542304,-0.09170481659225227,0.0,0.0,-0.05034274888657431,0.0,0.0,-0.05034274888657431,0.0,0.0,-0.0739231330074227,-0.00020861167488661625,-0.00020861167488661625,-0.010166764792397642,-0.002785456006410003,-0.002785456006410003,0.0,0.0,-0.0140723257740204,-0.0140723257740204,-0.00020861167488661625,-0.00020861167488661625,-0.015675851165184662,-0.015675851165184662
2024-04-11,0.0,-0.04922592950429383,0.0,0.0,-0.04922592950429383,0.0,0.0,-0.06332186191825673,0.0,-0.0677247214194,-0.09188955128579057,0.0,0.0,-0.04922592950429383,0.0,0.0,-0.04922592950429383,0.0,0.0,-0.07506772311831034,-0.0012823067574810887,-0.0012823067574810887,-0.010773728319119824,-0.0033209198865157274,-0.0033209198865157274,0.0,0.0,-0.0018658379305397377,-0.0018658379305397377,-0.0012823067574810887,-0.0012823067574810887,-0.007182970940764033,-0.007182970940764033
2024-04-12,0.0,-0.04168969690495494,0.0,0.0,-0.04168969690495494,0.0,0.0,-0.05519751367262704,0.0,-0.0627601233923133,-0.0922967345165584,0.0,0.0,-0.04168969690495494,0.0,0.0,-0.04168969690495494,0.0,0.0,-0.08337786457523044,0.0,0.0,-0.010321724033272472,-0.002648888335637478,-0.002648888335637478,0.0,0.0,0.0,0.0,0.0,0.0,-0.003457486281097766,-0.003457486281097766
2024-04-15,0.0,-0.0445382772777988,0.0,0.0,-0.0445382772777988,0.0,0.0,-0.05322824238469137,0.0,-0.06538645184847314,-0.09740690393208307,0.0,0.0,-0.0445382772777988,0.0,0.0,-0.0445382772777988,0.0,0.0,-0.08595858115782007,0.0,0.0,-0.009846910200667747,-0.0020473986086261275,-0.0020473986086261275,0.0,0.0,-0.0018437351044473527,-0.0018437351044473527,0.0,0.0,-0.006228951118081527,-0.006228951118081527
2024-04-16,0.0,-0.050650405038765056,0.0,0.0,-0.050650405038765056,0.0,0.0,-0.05937022615006071,0.0,-0.0641519566677663,-0.10229603117636499,0.0,0.0,-0.050650405038765056,0.0,0.0,-0.050650405038765056,0.0,0.0,-0.09202767886321828,-0.016567514632718217,-0.016567514632718217,-0.021008754723157663,-0.010314195771781498,-0.010314195771781498,-0.012172867398591691,-0.012172867398591691,0.0,0.0,-0.016567514632718217,-0.016567514632718217,-0.00268616007011635,-0.00268616007011635
2024-04-17,0.0,-0.050039863430753506,0.0,0.0,-0.050039863430753506,0.0,0.0,-0.05945933495590372,0.0,-0.06500486329054278,-0.1026775994446335,0.0,0.0,-0.050039863430753506,0.0,0.0,-0.050039863430753506,0.0,0.0,-0.09142306776951303,-0.03353329631674773,-0.03353329631674773,-0.02523104552224087,-0.01885102648469439,-0.01885102648469439,-0.02800474223556859,-0.02800474223556859,-0.0020226081213565728,-0.0020226081213565728,-0.03353329631674773,-0.03353329631674773,-0.0055451811029223474,-0.0055451811029223474
2024-04-18,0.0,-0.04648219760070649,0.0,0.0,-0.04648219760070649,0.0,0.0,-0.06303919700983063,0.0,-0.06451896405999646,-0.1011006392184769,0.0,0.0,-0.04648219760070649,0.0,0.0,-0.04648219760070649,0.0,0.0,-0.0880084084776761,-0.035304208564706396,-0.035304208564706396,-0.025856573694962637,-0.01974993419028226,-0.01974993419028226,-0.03359751931202937,-0.03359751931202937,-0.00939096796325345,-0.00939096796325345,-0.035304208564706396,-0.035304208564706396,-0.012986001024886007,-0.012986001024886007
2024-04-19,0.0,-0.0477666857657183,0.0,0.0,-0.0477666857657183,0.0,0.0,-0.06243428087405367,0.0,-0.060021493641980395,-0.0972248670892153,0.0,0.0,-0.0477666857657183,0.0,0.0,-0.0477666857657183,0.0,0.0,-0.08928344201463168,-0.037637650959246094,-0.037637650959246094,-0.02680125154131141,-0.020935467018930343,-0.020935467018930343,-0.04944276013343296,-0.04944276013343296,-0.00813794903311782,-0.00813794903311782,-0.037637650959246094,-0.037637650959246094,-0.012843329653621338,-0.012843329653621338
2024-04-22,0.0,-0.048841551014501605,0.0,0.0,-0.048841551014501605,0.0,0.0,-0.06437118169766232,0.0,-0.05714794203517315,-0.09887769338586727,0.0,0.0,-0.048841551014501605,0.0,0.0,-0.048841551014501605,0.0,0.0,-0.09040225729100693,-0.022859560231324072,-0.022859560231324072,-0.021002162106209754,-0.013418181813775187,-0.013418181813775187,-0.03205260873513538,-0.03205260873513538,0.0,0.0,-0.022859560231324072,-0.022859560231324072,-0.0014825319755039645,-0.0014825319755039645
2024-04-23,0.0,-0.04174414748702071,0.0,0.0,-0.04174414748702071,0.0,0.0,-0.0715914855398162,0.0,-0.058812008184233044,-0.10348820967764727,0.0,0.0,-0.04174414748702071,0.0,0.0,-0.04174414748702071,0.0,0.0,-0.08364522132816499,-0.01567663099711014,-0.01567663099711014,-0.017763558712487693,-0.009792015555897482,-0.009792015555897482,-0.030796257698526897,-0.030796257698526897,0.0,0.0,-0.01567663099711014,-0.01567663099711014,0.0,0.0
2024-04-24,0.0,-0.045670786974879474,0.0,0.0,-0.045670786974879474,0.0,0.0,-0.0677800597977416,0.0,-0.06338030905215353,-0.10308373796537751,0.0,0.0,-0.045670786974879474,0.0,0.0,-0.045670786974879474,0.0,0.0,-0.08739313604053867,-0.0078384804256586,-0.0078384804256586,-0.013642084085925488,-0.005849510722862328,-0.005849510722862328,-0.01829178033832024,-0.01829178033832024,0.0,0.0,-0.0078384804256586,-0.0078384804256586,0.0,0.0
2024-04-25,0.0,-0.042410781926272456,0.0,0.0,-0.042410781926272456,0.0,0.0,-0.0709445484911595,0.0,-0.06535909326897849,-0.10695425494715571,0.0,0.0,-0.042410781926272456,0.0,0.0,-0.042410781926272456,0.0,0.0,-0.08433447310999109,-0.009016541138055945,-0.009016541138055945,-0.01455519016912643,-0.006439721898422901,-0.006439721898422901,-0.026504257057074376,-0.026504257057074376,0.0,0.0,-0.009016541138055945,-0.009016541138055945,0.0,0.0
2024-04-26,0.0,-0.04746385397609221,0.0,0.0,-0.04746385397609221,0.0,0.0,-0.06586409949676941,0.0,-0.06723813885859875,-0.1028251220512072,0.0,0.0,-0.04746385397609221,0.0,0.0,-0.04746385397609221,0.0,0.0,-0.08919911795065427,-0.010955559940203696,-0.010955559940203696,-0.01608587459619293,-0.007411752280503503,-0.007411752280503503,-0.03476551417930129,-0.03476551417930129,0.0,0.0,-0.010955559940203696,-0.010955559940203696,0.0,0.0
2024-04-29,0.0,-0.04078547170817315,0.0,0.0,-0.04078547170817315,0.0,0.0,-0.07304666389332248,0.0,-0.06744837641903978,-0.10443788360175332,0.0,0.0,-0.04078547170817315,0.0,0.0,-0.04078547170817315,0.0,0.0,-0.08296790905865947,0.0,0.0,-0.006506462718403716,-0.0010594087700702692,-0.0010594087700702692,-0.02107894621935613,-0.02107894621935613,0.0,0.0,0.0,0.0,0.0,0.0
2024-04-30,0.0,-0.028538630598504144,0.0,0.0,-0.028538630598504144,0.0,0.0,-0.06141348560411708,0.0,-0.07170187587088639,-0.0939814749091955,0.0,0.0,-0.028538630598504144,0.0,0.0,-0.028538630598504144,0.0,0.0,-0.07125963527946022,-0.0016695839674960578,-0.0016695839674960578,-0.00809881080359065,-0.0018933163678696019,-0.0018933163678696019,-0.01750669509051528,-0.01750669509051528,0.0,0.0,-0.0016695839674960578,-0.0016695839674960578,0.0,0.0
2024-05-01,0.0,-0.026762241964194855,0.0,0.0,-0.026762241964194855,0.0,0.0,-0.0596523244848014,0.0,-0.07286575691528141,-0.09263092074745771,0.0,0.0,-0.026762241964194855,0.0,0.0,-0.026762241964194855,0.0,0.0,-0.06956136514739075,-0.0020001469811846695,-0.0020001469811846695,-0.008245102065726928,-0.0027847104247838983,-0.0027847104247838983,-0.01810215075131727,-0.01810215075131727,-0.0002673597067325284,-0.0002673597067325284,-0.0020001469811846695,-0.0020001469811846695,-0.0002504673268655111,-0.0002504673268655111
2024-05-02,0.0,-0.03957568173618642,0.0,0.0,-0.03957568173618642,0.0,0.0,-0.07243739243746461,0.0,-0.06142144371016922,-0.10392841529259744,0.0,0.0,-0.03957568173618642,0.0,0.0,-0.03957568173618642,0.0,0.0,-0.08181132083476506,-0.01017545775755746,-0.01017545775755746,-0.016369256072440774,-0.010953594296427394,-0.010953594296427394,-0.01930455171367207,-0.01930455171367207,-0.003582943417752227,-0.003582943417752227,-0.01017545775755746,-0.01017545775755746,-0.004159486289345704,-0.004159486289345704
2024-05-03,0.0,-0.051037212706202095,0.0,0.0,-0.051037212706202095,0.0,0.0,-0.08366719680745838,0.0,-0.06320327069256793,-0.11489854935146615,0.0,0.0,-0.051037212706202095,0.0,0.0,-0.051037212706202095,0.0,0.0,-0.09276881928877578,-0.015054216878953142,-0.015054216878953142,-0.021217486500381022,-0.01582851805046792,-0.01582851805046792,-0.024851368349801062,-0.024851368349801062,-0.011363408797933294,-0.011363408797933294,-0.015054216878953142,-0.015054216878953142,-0.011708060378776919,-0.011708060378776919
2024-05-06,0.0,-0.051909884619809055,0.0,0.0,-0.051909884619809055,0.0,0.0,-0.08462628406158401,0.0,-0.06499161357266603,-0.11618805635673579,0.0,0.0,-0.051909884619809055,0.0,0.0,-0.051909884619809055,0.0,0.0,-0.09360311456479276,-0.010477565867425098,-0.010477565867425098,-0.01666947374958827,-0.011255464908285218,-0.011255464908285218,-0.024390361607846245,-0.024390361607846245,-0.00821771161094853,-0.00821771161094853,-0.010477565867425098,-0.010477565867425098,-0.008238041819909725,-0.008238041819909725
2024-05-07,0.0,-0.047241418232042975,0.0,0.0,-0.047241418232042975,0.0,0.0,-0.07989196375774543,0.0,-0.06710980079533868,-0.11189973643657525,0.0,0.0,-0.047241418232042975,0.0,0.0,-0.047241418232042975,0.0,0.0,-0.08913994874860531,-0.007370132055300016,-0.007370132055300016,-0.013581484614260009,-0.008150473961221927,-0.008150473961221927,-0.02085465766977712,-0.02085465766977712,-0.0034483076320127592,-0.0034483076320127592,-0.007370132055300016,-0.007370132055300016,-0.0035665441278649457,-0.0035665441278649457
2024-05-08,0.0,-0.044152965359497864,0.0,0.0,-0.044152965359497864,0.0,0.0,-0.07678970752615955,0.0,-0.06557092280761867,-0.10874526912094673,0.0,0.0,-0.044152965359497864,0.0,0.0,-0.044152965359497864,0.0,0.0,-0.08684717369308392,-0.005187497550806941,-0.005187497550806941,-0.011412507881764844,-0.005969555303918406,-0.005969555303918406,-0.021232507586850247,-0.021232507586850247,0.0,0.0,-0.005187497550806941,-0.005187497550806941,-6.708875060013053e-05,-6.708875060013053e-05
2024-05-09,0.0,-0.046988379968037064,0.0,0.0,-0.046988379968037064,0.0,0.0,-0.07899229722262913,0.0,-0.06687131936703183,-0.11103534218839439,0.0,0.0,-0.046988379968037064,0.0,0.0,-0.046988379968037064,0.0,0.0,-0.08466801404702806,-0.010933130502659316,-0.010933130502659316,-0.01712218770235374,-0.01171067140783677,-0.01171067140783677,-0.02525843082768109,-0.02525843082768109,0.0,0.0,-0.010933130502659316,-0.010933130502659316,-0.0013978927720634804,-0.0013978927720634804
2024-05-10,0.0,-0.04484807405530267,0.0,0.0,-0.04484807405530267,0.0,0.0,-0.0810296307981212,0.0,-0.06678784298849394,-0.11293561780203798,0.0,0.0,-0.04484807405530267,0.0,0.0,-0.04484807405530267,0.0,0.0,-0.08263780793656594,-0.012508827908525033,-0.012508827908525033,-0.01868802522748214,-0.01328513010151322,-0.01328513010151322,-0.022209482329069274,-0.022209482329069274,-0.0006719144432112412,-0.0006719144432112412,-0.012508827908525033,-0.012508827908525033,-0.0015958136003205725,-0.0015958136003205725
2024-05-13,0.0,-0.04468952294639639,0.0,0.0,-0.04468952294639639,0.0,0.0,-0.0818411380819476,0.0,-0.07040811995246377,-0.11468259965073424,0.0,0.0,-0.04468952294639639,0.0,0.0,-0.04468952294639639,0.0,0.0,-0.08249953557125655,-0.012766160818197703,-0.012766160818197703,-0.018943747883948925,-0.013542260712565035,-0.013542260712565035,-0.023357721703225254,-0.023357721703225254,0.0,0.0,-0.012766160818197703,-0.012766160818197703,0.0,0.0
2024-05-14,0.0,-0.04723219827656844,0.0,0.0,-0.04723219827656844,0.0,0.0,-0.08420243093004232,0.0,-0.07241656619726167,-0.1170749229966338,0.0,0.0,-0.04723219827656844,0.0,0.0,-0.04723219827656844,0.0,0.0,-0.08494157494207921,-0.010798702453830522,-0.010798702453830522,-0.016988600833134693,-0.011576349037713651,-0.011576349037713651,-0.026180136579825874,-0.026180136579825874,0.0,0.0,-0.010798702453830522,-0.010798702453830522,0.0,0.0
2024-05-15,0.0,-0.0576269691668293,0.0,0.0,-0.0576269691668293,0.0,0.0,-0.0938998767363255,0.0,-0.07618874118659891,-0.12675403673229357,0.0,0.0,-0.0576269691668293,0.0,0.0,-0.0576269691668293,0.0,0.0,-0.0949249335972252,-0.021453041773144443,-0.021453041773144443,-0.027576270933707403,-0.022222312599135097,-0.022222312599135097,-0.03607206504142968,-0.03607206504142968,-0.011948897629093014,-0.011948897629093014,-0.021453041773144443,-0.021453041773144443,-0.012617661037139016,-0.012617661037139016
2024-05-16,0.0,-0.0593802752345598,0.0,0.0,-0.0593802752345598,0.0,0.0,-0.09558026645749051,0.0,-0.07854901670271064,-0.12841619657408565,0.0,0.0,-0.0593802752345598,0.0,0.0,-0.0593802752345598,0.0,0.0,-0.09660884596924257,-0.02498246487848499,-0.02498246487848499,-0.031083608776509397,-0.025748961098510437,-0.025748961098510437,-0.035868453401085576,-0.035868453401085576,-0.016307539322211184,-0.016307539322211184,-0.02498246487848499,-0.02498246487848499,-0.017239189100890506,-0.017239189100890506
2024-05-17,0.0,-0.05820896945073706,0.0,0.0,-0.05820896945073706,0.0,0.0,-0.09441548132856026,0.0,-0.0819196357783416,-0.12742676787528462,0.0,0.0,-0.05820896945073706,0.0,0.0,-0.05820896945073706,0.0,0.0,-0.09548389902638066,-0.017738914927131644,-0.017738914927131644,-0.023885385128523784,-0.018511105561316077,-0.018511105561316077,-0.028891229556172515,-0.028891229556172515,-0.010813171577781833,-0.010813171577781833,-0.017738914927131644,-0.017738914927131644,-0.012149680381508654,-0.012149680381508654
2024-05-20,0.0,-0.056837316806291005,0.0,0.0,-0.056837316806291005,0.0,0.0,-0.09304622799707807,0.0,-0.08306377922749975,-0.1261845395104062,0.0,0.0,-0.056837316806291005,0.0,0.0,-0.056837316806291005,0.0,0.0,-0.09416653470499725,-0.012334532023464795,-0.012334532023464795,-0.01851481999385851,-0.013110971236692914,-0.013110971236692914,-0.025348501918826538,-0.025348501918826538,-0.0023931713995621884,-0.0023931713995621884,-0.012334532023464795,-0.012334532023464795,-0.003034260060122085,-0.003034260060122085
2024-05-21,0.0,-0.0549769013683703,0.0,0.0,-0.0549769013683703,0.0,0.0,-0.09121703315140028,0.0,-0.08378094020053517,-0.12436634964444881,0.0,0.0,-0.0549769013683703,0.0,0.0,-0.0549769013683703,0.0,0.0,-0.09237975221980221,-0.005594092506993387,-0.005594092506993387,-0.011816558581825842,-0.006375830621240808,-0.006375830621240808,-0.019764074366207307,-0.019764074366207307,0.0,0.0,-0.005594092506993387,-0.005594092506993387,0.0,0.0
2024-05-22,0.0,-0.05231731922131411,0.0,0.0,-0.05231731922131411,0.0,0.0,-0.08855368202775638,0.0,-0.08638104283647141,-0.12184535731833201,0.0,0.0,-0.05231731922131411,0.0,0.0,-0.05231731922131411,0.0,0.0,-0.0898254330599868,-0.01023352896597729,-0.01023352896597729,-0.016426963901961078,-0.011011619852989596,-0.011011619852989596,-0.02239887012037678,-0.02239887012037678,0.0,0.0,-0.01023352896597729,-0.01023352896597729,-0.0016209497830589337,-0.0016209497830589337
2024-05-23,0.0,-0.050548147028429136,0.0,0.0,-0.050548147028429136,0.0,0.0,-0.08672633329874613,0.0,-0.08717105056695584,-0.12010947478505507,0.0,0.0,-0.050548147028429136,0.0,0.0,-0.050548147028429136,0.0,0.0,-0.08812628252451615,-0.014800760638210786,-0.014800760638210786,-0.02096561625470139,-0.015575261060758128,-0.015575261060758128,-0.025981660412948138,-0.025981660412948138,-0.0026004540567319268,-0.0026004540567319268,-0.014800760638210786,-0.014800760638210786,-0.0038272035903729185,-0.0038272035903729185
2024-05-24,0.0,-0.054707236591792996,0.0,0.0,-0.054707236591792996,0.0,0.0,-0.09077857311987936,0.0,-0.08905096959253822,-0.12415589169258401,0.0,0.0,-0.054707236591792996,0.0,0.0,-0.054707236591792996,0.0,0.0,-0.09212076044310491,-0.0113892498411865,-0.0113892498411865,-0.017575452887371834,-0.012166432174608333,-0.012166432174608333,-0.025830278558507058,-0.025830278558507058,0.0,0.0,-0.0113892498411865,-0.0113892498411865,0.0,0.0
2024-05-27,0.0,-0.05472202839314888,0.0,0.0,-0.05472202839314888,0.0,0.0,-0.09077857311987936,0.0,-0.08966340899875136,-0.12430118026840342,0.0,0.0,-0.05472202839314888,0.0,0.0,-0.05472202839314888,0.0,0.0,-0.0921349668031729,-0.018697039384965697,-0.018697039384965697,-0.024837514150400253,-0.01946847680318331,-0.01946847680318331,-0.029862024797977615,-0.029862024797977615,0.0,0.0,-0.018697039384965697,-0.018697039384965697,0.0,0.0
2024-05-28,0.0,-0.06253040827693468,0.0,0.0,-0.06253040827693468,0.0,0.0,-0.0980355783810154,0.0,-0.09314006077973036,-0.13198671222543534,0.0,0.0,-0.06253040827693468,0.0,0.0,-0.06253040827693468,0.0,0.0,-0.09963430062384404,-0.02046703446095821,-0.02046703446095821,-0.02659643353362995,-0.021237080422626176,-0.021237080422626176,-0.0322145208734238,-0.0322145208734238,0.0,0.0,-0.02046703446095821,-0.02046703446095821,0.0,0.0
2024-05-29,0.0,-0.05039005094124205,0.0,0.0,-0.05039005094124205,0.0,0.0,-0.08674175116938176,0.0,-0.08752871627096903,-0.12064888780741023,0.0,0.0,-0.05039005094124205,0.0,0.0,-0.05039005094124205,0.0,0.0,-0.08797444368583218,-0.015513294484829188,-0.015513294484829188,-0.02167369144147646,-0.016287234758988967,-0.016287234758988967,-0.03192685887746072,-0.03192685887746072,0.0,0.0,-0.015513294484829188,-0.015513294484829188,0.0,0.0
2024-05-30,0.0,-0.058416852001805686,0.0,0.0,-0.058416852001805686,0.0,0.0,-0.09451421262167581,0.0,-0.08050957847729401,-0.12467823956049262,0.0,0.0,-0.058416852001805686,0.0,0.0,-0.058416852001805686,0.0,0.0,-0.09568355384199667,-0.014776806344196869,-0.014776806344196869,-0.02094181185398636,-0.01555132559807293,-0.01555132559807293,-0.033379602204574366,-0.033379602204574366,0.0,0.0,-0.014776806344196869,-0.014776806344196869,0.0,0.0
2024-05-31,0.0,-0.05967703138987768,0.0,0.0,-0.05967703138987768,0.0,0.0,-0.09569605901382872,0.0,-0.08351293720803765,-0.12676827794878076,0.0,0.0,-0.05967703138987768,0.0,0.0,-0.05967703138987768,0.0,0.0,-0.09762913636104609,-0.008348423229208368,-0.008348423229208368,-0.014553654159570772,-0.00912799606538528,-0.00912799606538528,-0.032790933917816956,-0.032790933917816956,0.0,0.0,-0.008348423229208368,-0.008348423229208368,0.0,0.0
2024-06-03,0.0,-0.06941343957150437,0.0,0.0,-0.06941343957150437,0.0,0.0,-0.10487169926438411,0.0,-0.08048361422606964,-0.12782829515700822,0.0,0.0,-0.06941343957150437,0.0,0.0,-0.06941343957150437,0.0,0.0,-0.08818561648685697,-0.023744089838336202,-0.02563158435630819,-0.029852982832195174,-0.02639757028025358,-0.02639757028025358,-0.0566113757779767,-0.05825548804886649,-0.008676713617914222,-0.012521014218308202,-0.023744089838336202,-0.02563158435630819,-0.011674918764257525,-0.015648070610699172
2024-06-04,0.0,-0.06611597944893766,0.0,0.0,-0.06611597944893766,0.0,0.0,-0.10178115360072637,0.0,-0.06895619525790253,-0.11731006748618966,0.0,0.0,-0.06611597944893766,0.0,0.0,-0.06611597944893766,0.0,0.0,-0.09128275035165545,-0.028051126094997048,-0.02563158435630819,-0.03413306793461579,-0.02639757028025358,-0.02639757028025358,-0.07372323338970543,-0.05825548804886649,-0.012933122996855229,-0.012521014218308202,-0.028051126094997048,-0.02563158435630819,-0.015125120109684698,-0.015648070610699172
2024-06-05,0.0,-0.0634060148312755,0.0,-0.0006000000000000449,-0.06353612841677125,0.0,0.0,-0.09924645161219059,0.0,-0.07470559765546503,-0.11757809680086395,0.0,0.0,-0.0634060148312755,0.0,-0.0006000000000000449,-0.06353612841677125,0.0,0.0,-0.09468494252710968,-0.0305462917268301,-0.02563158435630819,-0.036612620140001884,-0.02639757028025358,-0.02639757028025358,-0.06326398211770512,-0.05825548804886649,-0.0072259416462101544,-0.012521014218308202,-0.0305462917268301,-0.02563158435630819,-0.009166248725646864,-0.015648070610699172
2024-06-06,0.0,-0.06735955866224708,0.0,-0.0012881026539622864,-0.06730651415992883,0.0,0.0,-0.10300530912456152,0.0,-0.07555698375564823,-0.12119468633211372,0.0,0.0,-0.06735955866224708,0.0,-0.0012881026539622864,-0.06730651415992883,0.0,0.0,-0.09853859239570062,-0.04110153897066737,-0.02563158435630819,-0.04710181823088122,-0.02639757028025358,-0.02639757028025358,-0.06781658411471025,-0.05825548804886649,-0.007358258431165887,-0.012521014218308202,-0.04110153897066737,-0.02563158435630819,-0.012126684798810738,-0.015648070610699172
2024-06-07,0.0,-0.08093745110822737,0.0,0.0,-0.08034716593884117,0.0,0.0,-0.11606425113210772,0.0,-0.07078634598498756,-0.13360572593442366,0.0,0.0,-0.08093745110822737,0.0,0.0,-0.08034716593884117,0.0,0.0,-0.11166256332183433,-0.02907367543056205,-0.02563158435630819,-0.0351492186974226,-0.02639757028025358,-0.02639757028025358,-0.07472496919958427,-0.05825548804886649,-0.004871852597108983,-0.012521014218308202,-0.02907367543056205,-0.02563158435630819,-0.0067656365811855634,-0.015648070610699172
2024-06-10,0.0,-0.08265334496989418,0.0,-0.0008698672719684719,-0.08230051351605505,0.0,0.0,-0.11771456310208106,0.0,-0.07397496271451298,-0.13578687078931917,0.0,0.0,-0.08265334496989418,0.0,-0.0008698672719684719,-0.08230051351605505,0.0,0.0,-0.11261952723092938,-0.03769076707584085,-0.02563158435630819,-0.043712389142090635,-0.02639757028025358,-0.02639757028025358,-0.0828021268363952,-0.05825548804886649,-0.005781839631356145,-0.012521014218308202,-0.03769076707584085,-0.02563158435630819,-0.013084707872947687,-0.015648070610699172
2024-06-11,0.0,-0.08005827693845657,0.0,-0.0015841141981878248,-0.08044922012084943,0.0,0.0,-0.11521867921855433,0.0,-0.07289558316245959,-0.13303377407596362,0.0,0.0,-0.08005827693845657,0.0,-0.0015841141981878248,-0.08044922012084943,0.0,0.0,-0.1151711657368405,-0.04260968089180128,-0.02563158435630819,-0.048600522997760964,-0.02639757028025358,-0.02639757028025358,-0.08144794798939825,-0.05825548804886649,-0.0016937998526596054,-0.012521014218308202,-0.04260968089180128,-0.02563158435630819,-0.011268112326974444,-0.015648070610699172
2024-06-12,0.0,-0.09902829921017353,0.0,-0.010317285457731029,-0.10138200475851933,0.0,0.0,-0.13346366250397967,0.0,-0.06674042648353118,-0.15019507326174364,0.0,0.0,-0.09902829921017353,0.0,-0.010317285457731029,-0.10138200475851933,0.0,0.0,-0.09732399005180126,-0.049357490934839765,-0.02563158435630819,-0.055306108815504795,-0.02639757028025358,-0.02639757028025358,-0.10410034022167258,-0.05825548804886649,-0.004640958548007279,-0.012521014218308202,-0.049357490934839765,-0.02563158435630819,-0.01525521504531191,-0.015648070610699172
2024-06-13,0.0,-0.11001171424910128,0.0,-0.0030610158383064245,-0.11205252185569725,0.0,0.0,-0.14402728867857295,0.0,-0.07306804823944035,-0.16083830140464228,0.0,0.0,-0.11001171424910128,0.0,-0.0030610158383064245,-0.11205252185569725,0.0,0.0,-0.10774829005565212,-0.05497920998771566,-0.02563158435630819,-0.06089265012473977,-0.02639757028025358,-0.02639757028025358,-0.10277686861162971,-0.05825548804886649,-0.0059151570209888815,-0.012521014218308202,-0.05497920998771566,-0.02563158435630819,-0.01867124740690429,-0.015648070610699172
2024-06-14,0.0,-0.10624977351321585,0.0,0.0,-0.10816655005212927,0.0,0.0,-0.14100266883102175,0.0,-0.08136874602036881,-0.15921335323267838,0.0,0.0,-0.10624977351321585,0.0,0.0,-0.10816655005212927,0.0,0.0,-0.11183558836490393,-0.03786873812121694,-0.02563158435630819,-0.04388924653882098,-0.02639757028025358,-0.02639757028025358,-0.0788262955559711,-0.05825548804886649,0.0,-0.012521014218308202,-0.03786873812121694,-0.02563158435630819,-0.001143096898287288,-0.015648070610699172
2024-06-17,0.0,-0.10503215179758407,0.0,-0.0016833510282838748,-0.11099297142805487,0.0,0.0,-0.14223733393749827,0.0,-0.07895063967850002,-0.15685054202077253,0.0,0.0,-0.10503215179758407,0.0,-0.0016833510282838748,-0.11099297142805487,0.0,0.0,-0.11310830455223908,-0.04778814909613405,-0.02563158435630819,-0.05374658708775948,-0.02639757028025358,-0.02639757028025358,-0.08710860631188999,-0.05825548804886649,-0.012501586031510525,-0.012521014218308202,-0.04778814909613405,-0.02563158435630819,-0.012780173029897535,-0.015648070610699172
2024-06-18,0.0,-0.11017350449156338,0.0,0.0,-0.11597631335143566,0.0,0.0,-0.13719625554795378,0.0,-0.08153032220110457,-0.16251450504977116,0.0,0.0,-0.11017350449156338,0.0,0.0,-0.11597631335143566,0.0,0.0,-0.10792768192581803,-0.05320575419730966,-0.02563158435630819,-0.05913029168241679,-0.02639757028025358,-0.02639757028025358,-0.08720827279440702,-0.05825548804886649,-0.006928620982814104,-0.012521014218308202,-0.05320575419730966,-0.02563158435630819,-0.009923733889043995,-0.015648070610699172
2024-06-19,0.0,-0.11017585485715309,0.0,0.0,-0.11605909147305604,0.0,0.0,-0.13780816598174328,0.0,-0.08213878932542851,-0.1628084989049684,0.0,0.0,-0.11017585485715309,0.0,0.0,-0.11605909147305604,0.0,0.0,-0.10792768192581803,-0.056611686225336855,-0.02563158435630819,-0.06251491118973385,-0.02639757028025358,-0.02639757028025358,-0.09670907974724174,-0.05825548804886649,-0.010447868014869965,-0.012521014218308202,-0.056611686225336855,-0.02563158435630819,-0.015181638561360011,-0.015648070610699172
2024-06-20,0.0,-0.10698053212206637,0.0,-0.009022714451118574,-0.1140280911899888,0.0,0.0,-0.13473346107378104,0.0,-0.07321475550915735,-0.15575939440388176,0.0,0.0,-0.10698053212206637,0.0,-0.009022714451118574,-0.1140280911899888,0.0,0.0,-0.11110836948938807,-0.042971335519688014,-0.02563158435630819,-0.048959914582321185,-0.02639757028025358,-0.02639757028025358,-0.08615561962615781,-0.05825548804886649,-0.007554974112932822,-0.012521014218308202,-0.042971335519688014,-0.02563158435630819,-0.009809884738084085,-0.015648070610699172
2024-06-21,0.0,-0.10448041688224352,0.0,-0.012122314583790095,-0.11184973462610215,0.0,0.0,-0.13223129784762067,0.0,-0.06993779411075218,-0.1513696243443483,0.0,0.0,-0.10448041688224352,0.0,-0.012122314583790095,-0.11184973462610215,0.0,0.0,-0.11357726860979422,-0.04880196856433505,-0.02563158435630819,-0.054754062610093635,-0.02639757028025358,-0.02639757028025358,-0.08241757821077356,-0.05825548804886649,-0.010012891993264605,-0.012521014218308202,-0.04880196856433505,-0.02563158435630819,-0.013709171005134468,-0.015648070610699172
2024-06-24,0.0,-0.107859663239948,0.0,-0.017661212920299207,-0.1158516209220094,0.0,0.0,-0.13549866494990814,0.0,-0.07537091314260635,-0.15152100505646593,0.0,0.0,-0.107859663239948,0.0,-0.017661212920299207,-0.1158516209220094,0.0,0.0,-0.1101907188143556,-0.048021389267159376,-0.02563158435630819,-0.05397836776519116,-0.02639757028025358,-0.02639757028025358,-0.08061491062604775,-0.05825548804886649,-0.013161406412716015,-0.012521014218308202,-0.048021389267159376,-0.02563158435630819,-0.015310316034346405,-0.015648070610699172
2024-06-25,0.0,-0.10598581436450316,0.0,-0.016165983617242752,-0.11391045164811253,0.0,0.0,-0.13370902912354476,0.0,-0.07392427249729583,-0.15134153956850172,0.0,0.0,-0.10598581436450316,0.0,-0.016165983617242752,-0.11391045164811253,0.0,0.0,-0.11202937296147675,-0.04159700210901773,-0.02563158435630819,-0.047594181023038584,-0.02639757028025358,-0.02639757028025358,-0.0749458886811718,-0.05825548804886649,-0.012943302417104952,-0.012521014218308202,-0.04159700210901773,-0.02563158435630819,-0.015328780116615315,-0.015648070610699172
2024-06-26,0.0,-0.10022774671076151,0.0,-0.017062145943240514,-0.10791927680621394,0.0,0.0,-0.12813393211214597,0.0,-0.0756219029948978,-0.14657382944283825,0.0,0.0,-0.10022774671076151,0.0,-0.017062145943240514,-0.10791927680621394,0.0,0.0,-0.11847197809086041,-0.05326211664583291,-0.02563158435630819,-0.05918630144455583,-0.02639757028025358,-0.02639757028025358,-0.08604390328750355,-0.05825548804886649,-0.01191676797380925,-0.012521014218308202,-0.05326211664583291,-0.02563158435630819,-0.0172966751667728,-0.015648070610699172
2024-06-27,0.0,-0.10136048314556889,0.0,-0.019545459691295064,-0.10914323047335694,0.0,0.0,-0.12917204992008813,0.0,-0.0774432301924114,-0.14849577700409244,0.0,0.0,-0.10136048314556889,0.0,-0.019545459691295064,-0.10914323047335694,0.0,0.0,-0.11959115688825395,-0.0637434953664553,-0.02563158435630819,-0.06960209324235822,-0.02639757028025358,-0.02639757028025358,-0.09658931279295435,-0.05825548804886649,-0.016290026571217475,-0.012521014218308202,-0.0637434953664553,-0.02563158435630819,-0.023996977433347277,-0.015648070610699172
2024-06-28,0.0,-0.10173791760576445,0.0,-0.022380673741963952,-0.10955862298497043,0.0,0.0,-0.12951223025583758,0.0,-0.07864702027413817,-0.14975468145221504,0.0,0.0,-0.10173791760576445,0.0,-0.022380673741963952,-0.10955862298497043,0.0,0.0,-0.1199578256836632,-0.06974213772568905,-0.02563158435630819,-0.07556319927131272,-0.02639757028025358,-0.02639757028025358,-0.09798608930554475,-0.05825548804886649,-0.0187211842705296,-0.012521014218308202,-0.06974213772568905,-0.02563158435630819,-0.025942817781517746,-0.015648070610699172
2024-07-01,0.0,-0.0978658055543784,0.0,-0.027380422205918298,-0.10552342043322838,0.0,0.0,-0.12566118081485567,0.0,-0.08389008942384135,-0.1519334116064952,0.0,0.0,-0.0978658055543784,0.0,-0.027380422205918298,-0.10552342043322838,0.0,0.0,-0.11602723435866524,-0.08224605942997787,-0.027413476330083952,-0.08798887804882372,-0.02639757028025358,-0.02817806144490209,-0.11264959191296664,-0.06007034037347003,-0.01758957761308555,-0.01576255240336555,-0.08224605942997787,-0.027413476330083952,-0.028744884528212333,-0.018545392797608806
2024-07-02,0.0,-0.10024353824377519,0.0,-0.02373990942502935,-0.10771283900572137,0.0,0.0,-0.12785775060940952,0.0,-0.08167942512157056,-0.15227380380968658,0.0,0.0,-0.10024353824377519,0.0,-0.02373990942502935,-0.10771283900572137,0.0,0.0,-0.11833408694064562,-0.08685248891933128,-0.032295123845319074,-0.092566482939482,-0.02639757028025358,-0.033055871322112074,-0.11260747938451099,-0.06002573250021448,-0.01053836088104887,-0.00869822226125605,-0.08685248891933128,-0.032295123845319074,-0.02406606391544308,-0.013817438243212021
2024-07-03,0.0,-0.11075716508520161,0.0,-0.015927622104083827,-0.11815839094688052,0.0,0.0,-0.13800241199470242,0.0,-0.08121681451982676,-0.1618262729234402,0.0,0.0,-0.11075716508520161,0.0,-0.015927622104083827,-0.11815839094688052,0.0,0.0,-0.12838511958206833,-0.08730000086810952,-0.03276937306542338,-0.09301119459524265,-0.02639757028025358,-0.03352974771791162,-0.11463676193096306,-0.062175258590234095,-0.009785985486344684,-0.007944447646040742,-0.08730000086810952,-0.03276937306542338,-0.024620351125216544,-0.014377546218016679
2024-07-04,0.0,-0.11075993415499841,0.0,-0.015927622104083827,-0.1181993586601845,0.0,0.0,-0.13800509622379287,0.0,-0.08229612890891191,-0.1621695856516162,0.0,0.0,-0.11075993415499841,0.0,-0.015927622104083827,-0.1181993586601845,0.0,0.0,-0.12838511958206833,-0.06902164894842677,-0.013398953646752143,-0.07484721893164104,-0.02639757028025358,-0.014174556080003065,-0.10266940424163706,-0.04949878451974066,-0.0038473592052942207,-0.0019947770807692278,-0.06902164894842677,-0.013398953646752143,-0.01480282264466648,-0.00445692041632284
2024-07-05,0.0,-0.11430358281843456,0.0,-0.018372929118655512,-0.12224686903275572,0.0,0.0,-0.1414289228266652,0.0,-0.08071532468139242,-0.16532163378739595,0.0,0.0,-0.11430358281843456,0.0,-0.018372929118655512,-0.12224686903275572,0.0,0.0,-0.13235996365154823,-0.06773522407762278,-0.01203566939620393,-0.07356884382709061,-0.02639757028025358,-0.012812343556051875,-0.10243251215889893,-0.04924785558268585,-0.006834317963104408,-0.004987290796900967,-0.06773522407762278,-0.01203566939620393,-0.016196579335696293,-0.005865313436797193
2024-07-08,0.0,-0.11460983270395164,0.0,-0.018885288074846907,-0.12263937417418369,0.0,-0.0006000000000000449,-0.1416685257830902,0.0,-0.08214200052153753,-0.16548382839226683,0.0,0.0,-0.11460983270395164,0.0,-0.018885288074846907,-0.12263937417418369,0.0,0.0,-0.13274209618362642,-0.06284216768828932,-0.006850270027755623,-0.0687064055959512,-0.02639757028025358,-0.007631020615844086,-0.0995438109859419,-0.046187986690402805,-0.004898820868171394,-0.0030481941860170947,-0.06284216768828932,-0.006850270027755623,-0.01401116495416388,-0.003656949249845609
2024-07-09,0.0,-0.11741749564056103,0.0,-0.01936583395238789,-0.12556155732168806,0.0,-0.0007096516798017483,-0.1439553401067587,0.0,-0.0834800307815835,-0.16798942959817453,0.0,0.0,-0.11741749564056103,0.0,-0.01936583395238789,-0.12556155732168806,0.0,0.0,-0.13544297541388806,-0.061591021860372464,-0.0055243726193260345,-0.06746308877670193,-0.02639757028025358,-0.0063061655428753305,-0.09891451067356849,-0.0455213976822485,-0.0056624976155637,-0.0038132911714664486,-0.061591021860372464,-0.0055243726193260345,-0.013347321261393486,-0.002986134300865584
2024-07-10,0.0,-0.11775053136277047,0.0,-0.02320929590573062,-0.12781938648977076,0.0,0.0,-0.14351174398425992,0.0,-0.08399154091573657,-0.1683191236249909,0.0,0.0,-0.11775053136277047,0.0,-0.02320929590573062,-0.12781938648977076,0.0,0.0,-0.13508335653157144,-0.05060082216182582,0.0,-0.0565416599334615,-0.02639757028025358,0.0,-0.08953970099651543,-0.03559109102040536,0.0,0.0,-0.05060082216182582,0.0,0.0,0.0
2024-07-11,0.0,-0.12693676046094593,0.0,-0.011857406352675293,-0.1361923017003599,0.0,-0.002723670042891646,-0.13774563624808966,0.0,-0.08191203499222344,-0.16152597822599435,0.0,0.0,-0.12693676046094593,0.0,-0.011857406352675293,-0.1361923017003599,0.0,0.0,-0.12718653660736778,-0.05588948412986583,-0.005570535651908237,-0.06179722825289247,-0.02639757028025358,-0.005570535651908348,-0.09487822351441022,-0.04124594349742283,-0.006080645424700548,-0.006080645424700437,-0.05588948412986583,-0.005570535651908237,-0.0065848202958381785,-0.0065848202958380675
2024-07-12,0.0,-0.12477787791563988,0.0,-0.012691449391134091,-0.13405879233115525,0.0,-0.0007190803568567494,-0.13510581493537255,0.0,-0.07816072490160142,-0.15876969405725072,0.0,0.0,-0.12477787791563988,0.0,-0.012691449391134091,-0.13405879233115525,0.0,0.0,-0.12500366677967867,-0.06030427434511976,-0.010220624169265613,-0.06618439304664092,-0.02639757028025358,-0.010220624169265946,-0.09585785079158538,-0.04228361781954437,-0.013244090392729446,-0.013244090392729335,-0.06030427434511976,-0.010220624169265613,-0.011690444611225259,-0.011690444611225037
2024-07-15,0.0,-0.12759219766157326,0.0,-0.010505846047871081,-0.13683844712302784,0.0,0.0,-0.13736932056158213,0.0,-0.07259726756724239,-0.16070350084857787,0.0,0.0,-0.12759219766157326,0.0,-0.010505846047871081,-0.13683844712302784,0.0,0.0,-0.12778740554910795,-0.057482465071404976,-0.007248418863442518,-0.0633802411624721,-0.02639757028025358,-0.0072484188634427404,-0.09647919656228288,-0.04294178094590284,-0.01149448700392064,-0.011494487003920528,-0.057482465071404976,-0.007248418863442518,-0.010931915992092978,-0.010931915992092867
2024-07-16,0.0,-0.13375998571501302,0.0,-0.007116224912003366,-0.1429392812514807,0.0,0.0,-0.14216588137806674,0.0,-0.07169808037487868,-0.1652904534263513,0.0,0.0,-0.13375998571501302,0.0,-0.007116224912003366,-0.1429392812514807,0.0,0.0,-0.1332447932921489,-0.05609488701688958,-0.005786886046787787,-0.06200134583731842,-0.02639757028025358,-0.00578688604678812,-0.09261977869785754,-0.0388536763069629,-0.008492636991383917,-0.008492636991383806,-0.05609488701688958,-0.005786886046787787,-0.007806042950194048,-0.007806042950193937
2024-07-17,0.0,-0.14203547113182347,0.0,0.0,-0.14937004108362528,0.0,-0.0019992554158880793,-0.13791002955672116,0.0,-0.07542750748351656,-0.16290315699202051,0.0,0.0,-0.14203547113182347,0.0,0.0,-0.14937004108362528,0.0,0.0,-0.12512660519579744,-0.05929084688766806,-0.009153183327617276,-0.06517730708206038,-0.02639757028025358,-0.009153183327617609,-0.094065579349218,-0.04038514674044236,-0.011295364544599229,-0.011295364544599007,-0.05929084688766806,-0.009153183327617276,-0.01114335441156944,-0.011143354411569106
2024-07-18,0.0,-0.13913751763988746,0.0,0.0,-0.14632828151799093,0.0,-0.0017214790327634288,-0.13799097149081385,0.0,-0.07573619535695209,-0.16409151734018246,0.0,0.0,-0.13913751763988746,0.0,0.0,-0.14632828151799093,0.0,0.0,-0.12810901242021344,-0.06603242630154715,-0.016254073628818033,-0.07187670125862577,-0.02639757028025358,-0.016254073628818477,-0.09729795394462559,-0.043809053153915256,-0.01202030289612499,-0.012020302896124768,-0.06603242630154715,-0.016254073628818033,-0.013533332364852657,-0.013533332364852435
2024-07-19,0.0,-0.1329886161402155,0.0,0.0,-0.1397733203658198,0.0,0.0,-0.14088640826614185,0.0,-0.07286212860394292,-0.16793037623164697,0.0,0.0,-0.1329886161402155,0.0,0.0,-0.1397733203658198,0.0,0.0,-0.13515526447932313,-0.06866533954771148,-0.019027315177393755,-0.07576612947876993,-0.02639757028025358,-0.0190273151773942,-0.10190672602259698,-0.04869091440181028,-0.009974894687491354,-0.009974894687491132,-0.06866533954771148,-0.019027315177393755,-0.014491432858324438,-0.014491432858324327
2024-07-22,0.0,-0.13789115757728798,0.0,0.0,-0.14471728406504303,0.0,0.0,-0.14543622687515045,0.0,-0.06879034986103572,-0.17199213246886003,0.0,0.0,-0.13789115757728798,0.0,0.0,-0.14471728406504303,0.0,0.0,-0.14003708669436477,-0.07806957077248466,-0.02893277058992838,-0.07809926207686513,-0.02639757028025358,-0.028932770589928936,-0.1106677039944457,-0.0579710172428376,-0.014203091110544075,-0.014203091110543964,-0.07806957077248466,-0.02893277058992838,-0.02163533920908478,-0.02163533920908478
2024-07-23,0.0,-0.1398436135676333,0.0,0.0,-0.14593903014773435,0.0,-0.0016721092306025698,-0.14773656143576253,0.0,-0.06692890492548698,-0.17351937308577925,0.0,0.0,-0.1398436135676333,0.0,0.0,-0.14593903014773435,0.0,0.0,-0.14195630531405756,-0.07557826533009071,-0.026308684219781386,-0.07760290133931991,-0.02639757028025358,-0.02630868421978194,-0.10703427271364585,-0.054122289845054405,-0.003711856292989424,-0.003711856292989313,-0.07557826533009071,-0.026308684219781386,-0.012114271225401319,-0.012114271225401319
2024-07-24,0.0,-0.1379905665698009,0.0,0.0,-0.1432732998231654,0.0,-0.0043018595555675,-0.14615278481639882,0.0,-0.05818154335338377,-0.17072399085526735,0.0,0.0,-0.1379905665698009,0.0,0.0,-0.1432732998231654,0.0,0.0,-0.14006520383021048,-0.08077962307323394,-0.03178726252968367,-0.07941615390491064,-0.02639757028025358,-0.031787262529684335,-0.11390702769513739,-0.06140228452537044,-0.0037366224023330785,-0.0037366224023330785,-0.08077962307323394,-0.03178726252968367,-0.015111185749299705,-0.015111185749299816
2024-07-25,0.0,-0.14164417831976428,0.0,0.0,-0.1465364131187783,0.0,0.0,-0.1497041839530402,0.0,-0.04982212413871612,-0.1737991277106975,0.0,0.0,-0.14164417831976428,0.0,0.0,-0.1465364131187783,0.0,0.0,-0.1436309542778781,-0.09412087772951905,-0.045839575790227904,-0.08488683628319249,-0.02639757028025358,-0.04583957579022846,-0.126166147545263,-0.0743878088943628,-0.0198353452408484,-0.01983534524084829,-0.09412087772951905,-0.045839575790227904,-0.03154787670373016,-0.03154787670373027
2024-07-26,0.0,-0.143625137488275,0.0,-0.00019418281913186064,-0.1484386584627807,0.0,0.0,-0.15164915067688478,0.0,-0.050276900950676606,-0.17573262547072765,0.0,0.0,-0.143625137488275,0.0,-0.00019418281913186064,-0.1484386584627807,0.0,0.0,-0.14555768401758695,-0.08326184611177045,-0.03440178242445413,-0.08005276179108367,-0.02639757028025358,-0.034401782424454574,-0.11874521180778885,-0.0665271514378889,-0.009657733981827787,-0.009657733981827676,-0.08326184611177045,-0.03440178242445413,-0.0216733816817396,-0.021673381681739712
2024-07-29,0.0,-0.14764441056353927,0.0,0.0,-0.1523323978748572,0.0,-0.0018012020133731932,-0.155685644933927,0.0,-0.05137991390640784,-0.17954353121712496,0.0,0.0,-0.14764441056353927,0.0,0.0,-0.1523323978748572,0.0,0.0,-0.1494782122250028,-0.08784115795841574,-0.039225161202885994,-0.0813277749034983,-0.02639757028025358,-0.03922516120288655,-0.1198507769661411,-0.06769822599142983,-0.007105955972667943,-0.007105955972667721,-0.08784115795841574,-0.039225161202885994,-0.0204656919430386,-0.02046569194303871
2024-07-30,0.0,-0.14712976752163964,0.0,0.0,-0.1518777272148324,0.0,-0.004022854751931981,-0.15523207312327536,0.0,-0.05022207488199082,-0.17888871407857898,0.0,0.0,-0.14712976752163964,0.0,0.0,-0.1518777272148324,0.0,0.0,-0.1489340304592751,-0.0819918078695594,-0.033064054025422895,-0.07953916427198826,-0.02639757028025358,-0.03306405402542345,-0.12062322151778904,-0.06851644113833677,-0.007799523330393687,-0.007799523330393465,-0.0819918078695594,-0.033064054025422895,-0.02090711163708392,-0.02090711163708414
2024-07-31,0.0,-0.1402178373034868,0.0,0.0,-0.1443749611963424,0.0,-0.009510422350168302,-0.1482991086277443,0.0,-0.04799184991587724,-0.17213539077457707,0.0,0.0,-0.1402178373034868,0.0,0.0,-0.1443749611963424,0.0,0.0,-0.14193092765601856,-0.08928968877736143,-0.040750895428024125,-0.08259236380924906,-0.02639757028025358,-0.04075089542802457,-0.12704611559780932,-0.07531991876276878,-0.014586274454686854,-0.014586274454686632,-0.08928968877736143,-0.040750895428024125,-0.027600124250171998,-0.02760012425017222
2024-08-01,0.0,-0.1429884651429021,0.0,-0.009951749113702224,-0.14866160734326117,0.0,-0.011758072163338129,-0.1514257846650774,0.0,-0.05544698663873071,-0.1752772281155599,0.0,0.0,-0.1429884651429021,0.0,-0.009951749113702224,-0.14866160734326117,0.0,0.0,-0.1449463284934812,-0.09928241854251962,-0.051276215017948545,-0.08728229533271759,-0.02639757028025358,-0.05127621501794899,-0.12683575748462195,-0.07509709604479198,-0.009201251238700303,-0.009201251238700081,-0.09928241854251962,-0.051276215017948545,-0.02359409972521964,-0.023594099725219753
2024-08-02,0.0,-0.1334391620048505,0.0,-0.020689727667315805,-0.13939375051403868,0.0,-0.0031436172695200604,-0.14168895514070656,0.0,-0.06456127586715898,-0.16636281280435217,0.0,0.0,-0.1334391620048505,0.0,-0.020689727667315805,-0.13939375051403868,0.0,0.0,-0.13555436782770702,-0.11320641859838554,-0.06594233268572602,-0.0951518880597787,-0.02639757028025358,-0.06594233268572647,-0.14624399988762904,-0.09565535860888419,-0.03314868158913731,-0.033148681589137086,-0.11320641859838554,-0.06594233268572602,-0.048846766292373944,-0.048846766292374166
2024-08-05,0.0,-0.13254986103929345,0.0,-0.008891510625898769,-0.13852766555574225,0.0,0.0,-0.14081468682174847,0.0,-0.060856300762708426,-0.16548095352702574,0.0,0.0,-0.13254986103929345,0.0,-0.008891510625898769,-0.13852766555574225,0.0,0.0,-0.1344804032536454,-0.1186328784811358,-0.0716580105685597,-0.09915457850873532,-0.02639757028025358,-0.07165801056856025,-0.16462209400986372,-0.11512243226486663,-0.05854729281258353,-0.05854729281258331,-0.1186328784811358,-0.0716580105685597,-0.07417440443836809,-0.07417440443836809
2024-08-06,0.0,-0.13174686330467433,0.0,-0.014421854363166342,-0.1375523182461018,0.0,-0.005835362848452541,-0.13978477684603352,0.0,-0.05540552333030524,-0.16440027394502243,0.0,0.0,-0.13174686330467433,0.0,-0.014421854363166342,-0.1375523182461018,0.0,0.0,-0.13349358750547402,-0.09524891178682171,-0.04702773150347739,-0.09317938984485163,-0.02639757028025358,-0.04702773150347783,-0.14138850629730337,-0.09051215655918621,-0.03866942317331756,-0.03866942317331734,-0.09524891178682171,-0.04702773150347739,-0.051378618551343624,-0.05137861855134351
2024-08-07,0.0,-0.1271924564491721,0.0,0.0,-0.13303132602087142,0.0,-0.011064220999952856,-0.13555368394633505,0.0,-0.05691969354961768,-0.16062563558679543,0.0,0.0,-0.1271924564491721,0.0,0.0,-0.13303132602087142,0.0,0.0,-0.12912922904816082,-0.08825783141854282,-0.039664042413080414,-0.09142762191447884,-0.02639757028025358,-0.03966404241308075,-0.13608306094901446,-0.08489234121348199,-0.031615199328382415,-0.03161519932838219,-0.08825783141854282,-0.039664042413080414,-0.04456656741071929,-0.04456656741071918
2024-08-08,0.0,-0.12842546411407196,0.0,0.0,-0.13426220135262212,0.0,-0.01151211363637783,-0.13669491329612482,0.0,-0.059364282892715003,-0.16182913041989266,0.0,0.0,-0.12842546411407196,0.0,0.0,-0.13426220135262212,0.0,0.0,-0.1302582498302305,-0.08930715840705195,-0.04076929614934177,-0.09190677555489257,-0.02639757028025358,-0.040769296149342105,-0.13611031874844026,-0.0849212141524055,-0.03064617838763184,-0.030646178387631395,-0.08930715840705195,-0.04076929614934177,-0.0440873917096114,-0.04408739170961118
2024-08-09,0.0,-0.12564511594279704,0.0,0.0,-0.13163325736378695,0.0,-0.012912660248535657,-0.1340166446486093,0.0,-0.05988283349979928,-0.15927823406770758,0.0,0.0,-0.12564511594279704,0.0,0.0,-0.13163325736378695,0.0,0.0,-0.12752827086689067,-0.0825969431249316,-0.03370144161696287,-0.08984099039394922,-0.02639757028025358,-0.03370144161696309,-0.12362337144759872,-0.07169436259603224,-0.021410676422474184,-0.02141067642247374,-0.0825969431249316,-0.03370144161696287,-0.03208916604067402,-0.03208916604067369
2024-08-12,0.0,-0.12619614687699032,0.0,0.0,-0.13151191751570956,0.0,-0.011882815378796319,-0.13460056250253083,0.0,-0.057049547600569794,-0.1594793087349442,0.0,0.0,-0.12619614687699032,0.0,0.0,-0.13151191751570956,0.0,0.0,-0.12809162731233947,-0.07337474206200678,-0.023987718160909055,-0.08629029537969879,-0.02639757028025358,-0.023987718160909388,-0.1191995996188665,-0.06700846364185276,-0.0172613382958976,-0.017261338295897155,-0.07337474206200678,-0.023987718160909055,-0.027798549771383407,-0.027798549771383074
2024-08-13,0.0,-0.12120075278928999,0.0,0.0,-0.12661587583287925,0.0,-0.013324656253344003,-0.12965335318208437,0.0,-0.05435028526977348,-0.15407874670165644,0.0,0.0,-0.12120075278928999,0.0,0.0,-0.12661587583287925,0.0,0.0,-0.1232220524124753,-0.0732803835963487,-0.023888330603113905,-0.0863555823522203,-0.02639757028025358,-0.02388833060311424,-0.1230536164924696,-0.07109084725850112,-0.02005242901914739,-0.020052429019146945,-0.0732803835963487,-0.023888330603113905,-0.03108471893852227,-0.031084718938521938
2024-08-14,0.0,-0.1168744469996651,0.0,0.0,-0.12206278614624078,0.0,-0.007941854706304263,-0.12531835422697557,0.0,-0.05482081100783054,-0.14942922107621814,0.0,0.0,-0.1168744469996651,0.0,0.0,-0.12206278614624078,0.0,0.0,-0.11884835062708166,-0.07518758273994786,-0.025897179133973047,-0.08749921668862337,-0.02639757028025358,-0.02589717913397338,-0.12610411809476585,-0.07432210393749195,-0.028452205826352994,-0.02845220582635255,-0.07518758273994786,-0.025897179133973047,-0.03760830162468476,-0.037608301624684426
2024-08-15,0.0,-0.12055041361833863,0.0,0.0,-0.1251117925388615,0.0,-0.009827562742355744,-0.12900505816473695,0.0,-0.05419418715046476,-0.1531783444740672,0.0,0.0,-0.12055041361833863,0.0,0.0,-0.1251117925388615,0.0,0.0,-0.12248955876455392,-0.07714593404619707,-0.02795990612169652,-0.08881622974060943,-0.02639757028025358,-0.027959906121696743,-0.12642680585290877,-0.07466391230531688,-0.02867122074674555,-0.02867122074674522,-0.07714593404619707,-0.02795990612169652,-0.037761428475262315,-0.03776142847526209
2024-08-16,0.0,-0.11725731403687878,0.0,-9.686948086007341e-06,-0.12260940357729755,0.0,-0.011583096911286561,-0.12576785877706775,0.0,-0.05127189443336644,-0.14972532472902966,0.0,0.0,-0.11725731403687878,0.0,-9.686948086007341e-06,-0.12260940357729755,0.0,0.0,-0.11928868967815809,-0.07742608602618872,-0.02825498956660699,-0.08911903605421168,-0.02639757028025358,-0.028254989566607325,-0.12412750851986853,-0.07222837191458908,-0.026239023833583452,-0.02623902383358301,-0.07742608602618872,-0.02825498956660699,-0.03458999566662102,-0.0345899956666208
2024-08-19,0.0,-0.10363248610725773,0.0,0.0,-0.11705166782557797,0.0,-0.014646481881387285,-0.11221572505432709,0.0,-0.04655699299991345,-0.1356973917654375,0.0,0.0,-0.10363248610725773,0.0,0.0,-0.11705166782557797,0.0,0.0,-0.10588237027184866,-0.08569353248633282,-0.03696307216571926,-0.09555424316532546,-0.02639757028025358,-0.0369630721657197,-0.1313746830727892,-0.07990497210398406,-0.038569199835444934,-0.03856919983544471,-0.08569353248633282,-0.03696307216571926,-0.045215517544626715,-0.04521551754462638
2024-08-20,0.0,-0.09584850117650434,0.0,0.0,-0.10993278248553451,0.0,-0.017445691219218573,-0.10458251497900906,0.0,-0.04430582721247511,-0.12835328628964615,0.0,0.0,-0.09584850117650434,0.0,0.0,-0.10993278248553451,0.0,0.0,-0.09812955248646704,-0.08631987876642389,-0.03762280128147155,-0.0961892681815909,-0.02639757028025358,-0.037622801281471885,-0.13511481476467857,-0.08386672236191739,-0.04620273158770405,-0.046202731587703605,-0.08631987876642389,-0.03762280128147155,-0.051904669539472925,-0.05190466953947259
2024-08-21,0.0,-0.08909693725131607,0.0,-0.001234001774879867,-0.10554732017476187,0.0,-0.019102322567109753,-0.09784196827504854,0.0,-0.0452460665252028,-0.12268037730474612,0.0,0.0,-0.08909693725131607,0.0,-0.001234001774879867,-0.10554732017476187,0.0,0.0,-0.09143848799475884,-0.08820319925843856,-0.039606498482793295,-0.09802081854215772,-0.02639757028025358,-0.03960649848279363,-0.13914869614575598,-0.0881396282161715,-0.05181891850612197,-0.051818918506121525,-0.08820319925843856,-0.039606498482793295,-0.05817552970742024,-0.058175529707419904
2024-08-22,0.0,-0.09373343073196116,0.0,-0.002554973621449075,-0.10939564172259353,0.0,-0.018564684163339895,-0.10247013788018478,0.0,-0.04560874042781171,-0.1267531307413714,0.0,0.0,-0.09373343073196116,0.0,-0.002554973621449075,-0.10939564172259353,0.0,0.0,-0.09607309405577691,-0.09372280738084171,-0.04542028919511676,-0.10348099520889331,-0.02639757028025358,-0.04542028919511698,-0.15062955222939134,-0.10030077341040922,-0.061840551413192335,-0.061840551413192,-0.09372280738084171,-0.04542028919511676,-0.07010375851351236,-0.07010375851351203
2024-08-23,0.0,-0.07953472370557269,0.0,-0.002412984247911143,-0.09957337947021339,0.0,-0.024482256095544885,-0.08824667449449275,0.0,-0.04824006841056161,-0.11571631550611094,0.0,0.0,-0.07953472370557269,0.0,-0.002412984247911143,-0.09957337947021339,0.0,0.0,-0.08197544818086278,-0.09967931730753588,-0.05169426758664786,-0.10937336941294351,-0.02639757028025358,-0.05169426758664819,-0.1533257374370136,-0.10315671895502643,-0.06429667459279687,-0.06429667459279642,-0.09967931730753588,-0.05169426758664786,-0.07273136387980605,-0.07273136387980561
2024-08-26,0.0,-0.07970784360977545,0.0,0.0,-0.09969930709521446,0.0,-0.0263049579064214,-0.08914930050624192,0.0,-0.04766171602546798,-0.11654479994652256,0.0,0.0,-0.07970784360977545,0.0,0.0,-0.09969930709521446,0.0,0.0,-0.08214810903680136,-0.09559021232065201,-0.04738722258141115,-0.10532829317889125,-0.02639757028025358,-0.04738722258141148,-0.1485276790291643,-0.09807435536443498,-0.06385203942355944,-0.06385203942355899,-0.09559021232065201,-0.04738722258141115,-0.07018793094660691,-0.07018793094660647
2024-08-27,0.0,-0.07518148352828569,0.0,0.0,-0.09522601024668631,0.0,-0.03202815747160148,-0.09444080026229418,0.0,-0.04691380897205444,-0.12166147013718875,0.0,0.0,-0.07518148352828569,0.0,0.0,-0.09522601024668631,0.0,0.0,-0.07763375114389981,-0.09138017905235174,-0.04295280409172286,-0.1011635907384314,-0.02639757028025358,-0.042952804091723196,-0.1503481078324368,-0.10000265224674887,-0.06375270146173473,-0.06375270146173428,-0.09138017905235174,-0.04295280409172286,-0.07117726226992827,-0.07117726226992782
2024-08-28,0.0,-0.07714976754162006,0.0,0.0,-0.09704254372755661,0.0,-0.034723574351912756,-0.09634561441969003,0.0,-0.044580276489500914,-0.12348814853480039,0.0,0.0,-0.07714976754162006,0.0,0.0,-0.09704254372755661,0.0,0.0,-0.07959681601525304,-0.09526738513056965,-0.04704718943453434,-0.10500894197648958,-0.02639757028025358,-0.047047189434534786,-0.15403834750095924,-0.10391155416865394,-0.06116045359519995,-0.061160453595199504,-0.09526738513056965,-0.04704718943453434,-0.07144238296494665,-0.07144238296494632
2024-08-29,0.0,-0.07886814179967772,0.0,0.0,-0.09857886526532711,0.0,-0.039000357151017906,-0.09793917558281262,0.0,-0.04555339057834629,-0.12522697562299956,0.0,0.0,-0.07886814179967772,0.0,0.0,-0.09857886526532711,0.0,0.0,-0.081310633797127,-0.10491442152558306,-0.0572083909820017,-0.11455210552344586,-0.02639757028025358,-0.05720839098200203,-0.1605034444368062,-0.11075973534599004,-0.0660710725180057,-0.06607107251800526,-0.10491442152558306,-0.0572083909820017,-0.07693259312862255,-0.07693259312862222
2024-08-30,0.0,-0.0860539667675827,0.0,0.0,-0.10558114053178413,0.0,-0.03503463687463548,-0.1049945330739287,0.0,-0.04536706018019376,-0.1321880103292139,0.0,0.0,-0.0860539667675827,0.0,0.0,-0.10558114053178413,0.0,0.0,-0.08847740468518128,-0.10568602759438628,-0.05802112190363584,-0.11531540345318292,-0.02639757028025358,-0.058021121903636175,-0.1604739230485125,-0.11072846469101782,-0.06414235682102765,-0.06414235682102709,-0.10568602759438628,-0.05802112190363584,-0.07583512467053244,-0.0758351246705321
2024-09-02,0.0,-0.0860539667675827,0.0,0.0,-0.10558114053178413,0.0,-0.03503463687463548,-0.1049945330739287,0.0,-0.04580712321057023,-0.13219113518934467,0.0,0.0,-0.0860539667675827,0.0,0.0,-0.10558114053178413,0.0,0.0,-0.08847740468518128,-0.10470135867708097,-0.056983972367075864,-0.11434133679346703,-0.027076946562245574,-0.0569839723670762,-0.16021373517894832,-0.11045285959358453,-0.058169653722665915,-0.05816965372266525,-0.10470135867708097,-0.056983972367075864,-0.07221763123797553,-0.0722176312379752
2024-09-03,0.0,-0.09251653556592876,0.0,-0.0005961313693368941,-0.11186936301109385,0.0,-0.030271151904856186,-0.1114139224285432,0.0,-0.04571358603432918,-0.13838556705378124,0.0,0.0,-0.09251653556592876,0.0,-0.0005961313693368941,-0.11186936301109385,0.0,0.0,-0.09492283720446759,-0.10326889175713261,-0.055475158210305464,-0.11292429372107449,-0.026298614045374258,-0.0554751582103058,-0.16062317814589633,-0.11088656378197781,-0.055062842087879926,-0.05506284208787926,-0.10326889175713261,-0.055475158210305464,-0.07073948062966373,-0.0707394806296634
2024-09-04,0.0,-0.08763652694867674,0.0,-0.0006269044194959772,-0.10713325342809676,0.0,-0.030174878392762894,-0.10626927989990154,0.0,-0.04343482570873758,-0.1334486874758185,0.0,0.0,-0.08763652694867674,0.0,-0.0006269044194959772,-0.10713325342809676,0.0,0.0,-0.09005576851746455,-0.10767279370466065,-0.060113778139970875,-0.11728077739224041,-0.028689567916885927,-0.0601137781399711,-0.16392906793747353,-0.11438834147683319,-0.05866891803220853,-0.05866891803220786,-0.10767279370466065,-0.060113778139970875,-0.07437607071005203,-0.0743760707100517
2024-09-05,0.0,-0.08538722705199853,0.0,-0.002407243197772968,-0.10494552082379605,0.0,-0.030543699508043365,-0.10391298627441037,0.0,-0.043375763216705554,-0.1312249853135301,0.0,0.0,-0.08538722705199853,0.0,-0.002407243197772968,-0.10494552082379605,0.0,0.0,-0.08781243291020757,-0.10706504916381054,-0.05947364219395712,-0.1166795766389086,-0.028358798772784688,-0.05947364219395734,-0.167957101715692,-0.11865505323311343,-0.06381016091654113,-0.06381016091654068,-0.10706504916381054,-0.05947364219395712,-0.07939497611353052,-0.0793949761135303
2024-09-06,0.0,-0.089980093968143,0.0,-0.002293510077857941,-0.10930129887630002,0.0,-0.028173894050701698,-0.10873876385954528,0.0,-0.04202785690693023,-0.1353265194498655,0.0,0.0,-0.089980093968143,0.0,-0.002293510077857941,-0.10930129887630002,0.0,0.0,-0.09239312128688648,-0.10240395628017618,-0.054564123634811224,-0.11206867129194942,-0.02582283023205001,-0.054564123634811446,-0.16323564462386764,-0.11365382990936812,-0.05922393284089378,-0.059223932840893334,-0.10240395628017618,-0.054564123634811224,-0.0743590525825939,-0.07435905258259379
2024-09-09,0.0,-0.09640262166904001,0.0,0.0,-0.11556099247853868,0.0,-0.029514547046529116,-0.1151825623287186,0.0,-0.040095230925661585,-0.1413629372638321,0.0,0.0,-0.09640262166904001,0.0,0.0,-0.11556099247853868,0.0,0.0,-0.09879861888251329,-0.1002384070921738,-0.052283155588332186,-0.10992643929199886,-0.024647675442921013,-0.0522831555883323,-0.16024915116790828,-0.11049037412915585,-0.05171690948713614,-0.051716909487135476,-0.1002384070921738,-0.052283155588332186,-0.06905374752547422,-0.069053747525474
2024-09-10,0.0,-0.09931436711634356,0.0,-0.0021825795999218522,-0.11837895027221856,0.0,-0.028921157374095285,-0.1181878100069792,0.0,-0.04368696066233102,-0.1442448156746361,0.0,0.0,-0.09931436711634356,0.0,-0.0021825795999218522,-0.11837895027221856,0.0,0.0,-0.10170264348628044,-0.0973570179596216,-0.04924819495237154,-0.10707607503416516,-0.023085945307660505,-0.04924819495237176,-0.15793575937983184,-0.10803990412752795,-0.04839340972237449,-0.04839340972237394,-0.0973570179596216,-0.04924819495237154,-0.0658897403955705,-0.06588974039557016
2024-09-11,0.0,-0.10161801726155006,0.0,0.0,-0.12023649066161324,0.0,-0.028598529313149434,-0.12040858858898662,0.0,-0.041450561538702524,-0.1461320593481633,0.0,0.0,-0.10161801726155006,0.0,0.0,-0.12023649066161324,0.0,0.0,-0.10475962888419665,-0.10534925109299631,-0.057666395978807516,-0.11498225313634602,-0.027410869464674636,-0.05766639597880763,-0.16240367682442747,-0.11277256451136852,-0.050083621943781464,-0.05008362194378102,-0.10534925109299631,-0.057666395978807516,-0.06904098793671265,-0.0690409879367122
2024-09-12,0.0,-0.09695168236488338,0.0,-0.005134301777594996,-0.11702321568241858,0.0,-0.029186748616381153,-0.11577176816931234,0.0,-0.04782502907482389,-0.1429678306859996,0.0,0.0,-0.09695168236488338,0.0,-0.005134301777594996,-0.11702321568241858,0.0,0.0,-0.10952823748889251,-0.10632473634818573,-0.05869387238489687,-0.11594723501748927,-0.02794110227192015,-0.058693872384897094,-0.159249016795328,-0.10943097757979625,-0.042515883806288346,-0.04251588380628779,-0.10632473634818573,-0.05869387238489687,-0.06330282088545869,-0.06330282088545836
2024-09-13,0.0,-0.08939216839047615,0.0,-0.007150281547705362,-0.11002912885994676,0.0,-0.030618677794757687,-0.1082640811670933,0.0,-0.049619597047138364,-0.13565358473940559,0.0,0.0,-0.08939216839047615,0.0,-0.007150281547705362,-0.11002912885994676,0.0,0.0,-0.11800151874528153,-0.10583424085182769,-0.05817723459142954,-0.11546202084920754,-0.027674344014797736,-0.05817723459142976,-0.15723339849610252,-0.10729592540124122,-0.04410330886253855,-0.04410330886253799,-0.10583424085182769,-0.05817723459142954,-0.06269134362552942,-0.06269134362552897
2024-09-16,0.0,-0.0856948217459843,0.0,-0.013105051368522691,-0.10673701693053628,0.0,-0.028913325587707428,-0.10464605571910635,0.0,-0.05523392494882995,-0.13257084845502987,0.0,0.0,-0.0856948217459843,0.0,-0.013105051368522691,-0.10673701693053628,0.0,0.0,-0.11443461785994313,-0.10476546794092534,-0.057051498509230636,-0.11440475577155429,-0.027093246320628483,-0.05705149850923086,-0.15582556748973964,-0.10580467447425401,-0.047251741349669474,-0.04725174134966892,-0.10476546794092534,-0.057051498509230636,-0.06314038367092545,-0.0631403836709249
2024-09-17,0.0,-0.08702293818212614,0.0,-0.012335435711908982,-0.1078948598431343,0.0,-0.028367365298879066,-0.10597681920997026,0.0,-0.05528749705366065,-0.1339244817593952,0.0,0.0,-0.08702293818212614,0.0,-0.012335435711908982,-0.1078948598431343,0.0,0.0,-0.11576875541266685,-0.09904608170589535,-0.05102728196413808,-0.10874695206954754,-0.023985440882112186,-0.051027281964138416,-0.15444025050858645,-0.10433727162335837,-0.047148827255868,-0.04714882725586744,-0.09904608170589535,-0.05102728196413808,-0.06232475888085787,-0.06232475888085731
2024-09-18,0.0,-0.08618951621921322,0.0,-0.014816228440840407,-0.10783302725771626,0.0,-0.02951697351156246,-0.10514645482040019,0.0,-0.05754812193204217,-0.13354462420528512,0.0,0.0,-0.08618951621921322,0.0,-0.014816228440840407,-0.10783302725771626,0.0,0.0,-0.11493517699120448,-0.0932856257806437,-0.04495980680751477,-0.10304852088832739,-0.020865254191072435,-0.04495980680751521,-0.14765772259733323,-0.09715285034746679,-0.0411698023874244,-0.04116980238742396,-0.0932856257806437,-0.04495980680751477,-0.05601087711992847,-0.056010877119927804
2024-09-19,0.0,-0.07851176066268517,0.0,-0.017168686161707636,-0.10257515296232511,0.0,-0.03252747113464938,-0.0977834725442599,0.0,-0.061878286412485495,-0.12823059113864588,0.0,0.0,-0.07851176066268517,0.0,-0.017168686161707636,-0.10257515296232511,0.0,0.0,-0.10766785846838789,-0.08238854035503607,-0.033481931452260416,-0.09226876800427264,-0.01498152979470635,-0.03348193145226075,-0.14396766283940965,-0.09324413899662176,-0.03626948944704678,-0.03626948944704622,-0.08238854035503607,-0.033481931452260416,-0.05167383182951335,-0.051673831829512795
2024-09-20,0.0,-0.07937674491447089,0.0,-0.019100419291678605,-0.10417386991718103,0.0,-0.03005837407800893,-0.09859095292691678,0.0,-0.06404356547475998,-0.1296843326323085,0.0,0.0,-0.07937674491447089,0.0,-0.019100419291678605,-0.10417386991718103,0.0,0.0,-0.10848792721218647,-0.08142768485285634,-0.03348151379210296,-0.09131825835272478,-0.014809481378830758,-0.03246986453182421,-0.14549377535467967,-0.09582645929827871,-0.03717725967027452,-0.03902204847904389,-0.08142768485285634,-0.03348151379210296,-0.053532293379250806,-0.05499259487951591
2024-09-23,0.0,-0.07377935296357929,0.0,-0.015913618232965332,-0.09902945491940851,0.0,-0.0397655487252786,-0.09329852723365128,0.0,-0.061630174667948734,-0.12474908028243636,0.0,0.0,-0.07377935296357929,0.0,-0.015913618232965332,-0.09902945491940851,0.0,0.0,-0.10311229822063828,-0.09806382630094301,-0.037958800811141,-0.10777527293509459,-0.019304518224608103,-0.04999267457466405,-0.15412017580971504,-0.09820471250529306,-0.040932261157700434,-0.04014295216675645,-0.09806382630094301,-0.037958800811141,-0.05989238908984751,-0.05672568466795935
2024-09-24,0.0,-0.06817727147158426,0.0,-0.01745830191796416,-0.09486427226386795,0.0,-0.042207273187234384,-0.08785682594867528,0.0,-0.06333272050448435,-0.12049446281995668,0.0,0.0,-0.06817727147158426,0.0,-0.01745830191796416,-0.09486427226386795,0.0,0.0,-0.09772683853186159,-0.09202281847175786,-0.0359653334560629,-0.10179931064556114,-0.017532390511576734,-0.04362969473414979,-0.1511943508009651,-0.09728701175794763,-0.03741436242043705,-0.039182431547927554,-0.09202281847175786,-0.0359653334560629,-0.05608264469025448,-0.055628599265133305
2024-09-25,0.0,-0.073567150627595,0.0,-0.015511863506623702,-0.09991223664325055,0.0,-0.03844896464511671,-0.09308279216603355,0.0,-0.061519442448508155,-0.1256802786832769,0.0,0.0,-0.073567150627595,0.0,-0.015511863506623702,-0.09991223664325055,0.0,0.0,-0.10293453959738408,-0.08756617619029272,-0.034173522310082305,-0.09739065451316742,-0.01611998909540502,-0.03893552353040686,-0.15099882394348418,-0.09729998119431915,-0.04012404633588296,-0.0404482355450454,-0.08756617619029272,-0.034173522310082305,-0.057650698617099594,-0.05640154370973671
2024-09-26,0.0,-0.06546438908558139,0.0,-0.023730059149241423,-0.09438003396248995,0.0,-0.039985325737577626,-0.08531658645545825,0.0,-0.06930012294226284,-0.11944534538419749,0.0,0.0,-0.06546438908558139,0.0,-0.023730059149241423,-0.09438003396248995,0.0,0.0,-0.09519922643948364,-0.0843670770309094,-0.03266612233969124,-0.09422600111798529,-0.015033197205844506,-0.035565919644012345,-0.14991101964781628,-0.0968467386606261,-0.03644840769720881,-0.03888657584121846,-0.0843670770309094,-0.03266612233969124,-0.054611443124901404,-0.055101285831683944
2024-09-27,0.0,-0.06672714229008447,0.0,-0.022710964651252552,-0.09419281902057886,0.0,-0.042444923923120936,-0.08646041842519758,0.0,-0.06779498168636855,-0.11916196043672267,0.0,0.0,-0.06672714229008447,0.0,-0.022710964651252552,-0.09419281902057886,0.0,0.0,-0.09631873362849286,-0.09420528157730257,-0.03848391645090643,-0.10395827444528083,-0.018771674312816455,-0.045928478171601506,-0.15497096136311705,-0.09989961932473779,-0.0417737764566215,-0.04199209515910374,-0.09420528157730257,-0.03848391645090643,-0.059525807078618764,-0.05794828789393214
2024-09-30,0.0,-0.06815601092054402,0.0,-0.024984923045946017,-0.0965426022487017,0.0,-0.04333337850125496,-0.08779005024917585,0.0,-0.07016326965478759,-0.12148577734419264,0.0,0.0,-0.06815601092054402,0.0,-0.024984923045946017,-0.0965426022487017,0.0,0.0,-0.09760959898616761,-0.08958133426147807,-0.03551680994861961,-0.09938411470745379,-0.016927524945022143,-0.04105808495475305,-0.15395848678368151,-0.09932145180693785,-0.04095781917738872,-0.04166562150027564,-0.08958133426147807,-0.03551680994861961,-0.058756860869445315,-0.05761195434940214
2024-10-01,0.0,-0.07853691079225389,0.0,-0.012317630466517349,-0.09863612716319647,0.0,-0.04553650568966561,-0.0985474890630299,0.0,-0.0582121544015588,-0.12384395707771689,0.0,0.0,-0.07853691079225389,0.0,-0.012317630466517349,-0.09863612716319647,0.0,0.0,-0.10748619046494301,-0.09036031945407075,-0.0369833186809021,-0.10015471230750139,-0.017781681500577684,-0.043141060889683835,-0.15243113043577172,-0.09890586972539772,-0.031052208516410773,-0.03602284998079863,-0.09036031945407075,-0.0369833186809021,-0.05218263038383808,-0.054087084458588564
2024-10-02,0.0,-0.081469348023964,0.0,-0.013444826206049143,-0.10154659339295546,0.0,-0.04630741095582647,-0.10132224735447004,0.0,-0.06009718594491442,-0.12745319837781488,0.0,0.0,-0.081469348023964,0.0,-0.013444826206049143,-0.10154659339295546,0.0,0.0,-0.1102925007168325,-0.08665226198704812,-0.0369833186809021,-0.09648658072798322,-0.017781681500577684,-0.043141060889683835,-0.14556703204496135,-0.09890586972539772,-0.022631774819797723,-0.03602284998079863,-0.08665226198704812,-0.0369833186809021,-0.04362035911565698,-0.054087084458588564
2024-10-03,0.0,-0.06956610136025854,0.0,-0.009805893349935091,-0.10722987204659806,0.0,-0.04055559837794653,-0.08966185687987882,0.0,-0.056811418124029345,-0.1331988891085134,0.0,0.0,-0.06956610136025854,0.0,-0.009805893349935091,-0.10722987204659806,0.0,0.0,-0.09876277353817708,-0.08567160277208297,-0.0369833186809021,-0.0955164805968094,-0.017781681500577684,-0.043141060889683835,-0.14325681612504948,-0.09890586972539772,-0.010766027654518173,-0.03602284998079863,-0.08567160277208297,-0.0369833186809021,-0.03731991482772412,-0.054087084458588564
2024-10-04,0.0,-0.05985344186096364,0.0,-0.00984820705353251,-0.11332989624884926,0.0,-0.039504763138134114,-0.08018800482317434,0.0,-0.05715907506083806,-0.13906954635545166,0.0,0.0,-0.05985344186096364,0.0,-0.00984820705353251,-0.11332989624884926,0.0,0.0,-0.08935489370758443,-0.0859719371803962,-0.0369833186809021,-0.09581358120470096,-0.017781681500577684,-0.043141060889683835,-0.13861972831617886,-0.09890586972539772,-0.006601651890559057,-0.03602284998079863,-0.0859719371803962,-0.0369833186809021,-0.03284569041736296,-0.054087084458588564
2024-10-07,0.0,-0.05845694301205917,0.0,-0.00846352913631554,-0.11258771031098169,0.0,-0.03604843773706301,-0.07881031368189084,0.0,-0.055608628555838924,-0.13749031481603358,0.0,0.0,-0.05845694301205917,0.0,-0.00846352913631554,-0.11258771031098169,0.0,0.0,-0.08800221647690343,-0.07816577815575931,-0.0369833186809021,-0.08809147368946812,-0.017781681500577684,-0.043141060889683835,-0.13220627056765455,-0.09890586972539772,0.0,-0.03602284998079863,-0.07816577815575931,-0.0369833186809021,-0.023761765381739464,-0.054087084458588564
2024-10-08,0.0,-0.05383604296454492,0.0,-0.014197505576441727,-0.10999864478627841,0.0,-0.03261362220252395,-0.07434889899395114,0.0,-0.0608970571205153,-0.13467997095714634,0.0,0.0,-0.05383604296454492,0.0,-0.014197505576441727,-0.10999864478627841,0.0,0.0,-0.0835263185666194,-0.0852902758532672,-0.0369833186809021,-0.095139259551702,-0.017781681500577684,-0.043141060889683835,-0.1366119240973379,-0.09890586972539772,-0.0030194764636882754,-0.03602284998079863,-0.0852902758532672,-0.0369833186809021,-0.02816748547494541,-0.054087084458588564
2024-10-09,0.0,-0.048893309231056614,0.0,-0.014283446582616488,-0.10561411020970835,0.0,-0.030954654730092734,-0.06955877238935326,0.0,-0.06121583342641601,-0.1303826528980475,0.0,0.0,-0.048893309231056614,0.0,-0.014283446582616488,-0.10561411020970835,0.0,0.0,-0.07873868599259048,-0.08937649678630788,-0.0369833186809021,-0.09918148278547778,-0.017781681500577684,-0.043141060889683835,-0.14078428644576502,-0.09890586972539772,-0.0015704866601372602,-0.03602284998079863,-0.08937649678630788,-0.0369833186809021,-0.029661495821119765,-0.054087084458588564
2024-10-10,0.0,-0.04544520099275606,0.0,-0.01627240504581018,-0.10316426122940892,0.0,-0.03178989225556783,-0.06621406290959675,0.0,-0.06311937904649034,-0.1277608386394039,0.0,0.0,-0.04544520099275606,0.0,-0.01627240504581018,-0.10316426122940892,0.0,0.0,-0.07539877811759876,-0.0905203490395935,-0.0369833186809021,-0.1003130188012743,-0.017781681500577684,-0.043141060889683835,-0.1423838522173464,-0.09890586972539772,0.0,-0.03602284998079863,-0.0905203490395935,-0.0369833186809021,-0.029274078077510146,-0.054087084458588564
2024-10-11,0.0,-0.04708712718778707,0.0,-0.020416687849604376,-0.10553230181808415,0.0,-0.03074296631884843,-0.06780134221351675,0.0,-0.0670966130302385,-0.12995564479655775,0.0,0.0,-0.04708712718778707,0.0,-0.020416687849604376,-0.10553230181808415,0.0,0.0,-0.07698918127490872,-0.0885838495820821,-0.0369833186809021,-0.09839737027721807,-0.017781681500577684,-0.043141060889683835,-0.14180167479763583,-0.09890586972539772,-0.0020603160409788934,-0.03602284998079863,-0.0885838495820821,-0.0369833186809021,-0.029612764647096612,-0.054087084458588564
2024-10-14,0.0,-0.047098602722888905,0.0,-0.020441628427849134,-0.10558176490540405,0.0,-0.03074296631884843,-0.0678065745202201,0.0,-0.06712424272826323,-0.13000006819243137,0.0,0.0,-0.047098602722888905,0.0,-0.020441628427849134,-0.10558176490540405,0.0,0.0,-0.07700029671195618,-0.09129261122857069,-0.0369833186809021,-0.10107696578652148,-0.017781681500577684,-0.043141060889683835,-0.1406003211174498,-0.09890586972539772,0.0,-0.03602284998079863,-0.09129261122857069,-0.0369833186809021,-0.026915829811973713,-0.054087084458588564
2024-10-15,0.0,-0.03937492995348013,0.0,-0.022653795989921788,-0.09971089186434678,0.0,-0.030678320517169677,-0.06031173670167733,0.0,-0.06896368790108887,-0.1241224359969113,0.0,0.0,-0.03937492995348013,0.0,-0.022653795989921788,-0.09971089186434678,0.0,0.0,-0.06951898994209638,-0.08682271296825805,-0.0369833186809021,-0.09665519640681142,-0.017781681500577684,-0.043141060889683835,-0.14002697204021974,-0.09890586972539772,0.0,-0.03602284998079863,-0.08682271296825805,-0.0369833186809021,-0.025119835815516356,-0.054087084458588564
2024-10-16,0.0,-0.033110714858022194,0.0,-0.01618302712318087,-0.09303120763236805,0.0,-0.029290295656630105,-0.05421276314633472,0.0,-0.06258750405586877,-0.11725486231454763,0.0,0.0,-0.033110714858022194,0.0,-0.01618302712318087,-0.09303120763236805,0.0,0.0,-0.06345134360328131,-0.09125131918110885,-0.0369833186809021,-0.1010361183442624,-0.017781681500577684,-0.043141060889683835,-0.14647998313830712,-0.09890586972539772,0.0,-0.03602284998079863,-0.09125131918110885,-0.0369833186809021,-0.028869216799269126,-0.054087084458588564
2024-10-17,0.0,-0.031076305850882502,0.0,-0.01791371762227978,-0.09125593995344439,0.0,-0.03299626026939961,-0.0522487172913666,0.0,-0.06443028429001707,-0.1157692209409944,0.0,0.0,-0.031076305850882502,0.0,-0.01791371762227978,-0.09125593995344439,0.0,0.0,-0.06148077359958293,-0.09185805529745128,-0.0369833186809021,-0.10163632153112856,-0.017781681500577684,-0.043141060889683835,-0.14963129646139517,-0.09890586972539772,0.0,-0.03602284998079863,-0.09185805529745128,-0.0369833186809021,-0.029613855087098018,-0.054087084458588564
2024-10-18,0.0,-0.03134284837990153,0.0,-0.019518896036121336,-0.09172268181268362,0.0,-0.030750672228007536,-0.05247203279764301,0.0,-0.06597027884887119,-0.11619867820403573,0.0,0.0,-0.03134284837990153,0.0,-0.019518896036121336,-0.09172268181268362,0.0,0.0,-0.06173895212246183,-0.08791631556553947,-0.0369833186809021,-0.09773702382135585,-0.017781681500577684,-0.043141060889683835,-0.14263901341086693,-0.09890586972539772,0.0,-0.03602284998079863,-0.08791631556553947,-0.0369833186809021,-0.023316779552587263,-0.054087084458588564
2024-10-21,0.0,-0.024038449302206666,0.0,-0.01823123230548518,-0.08471445953826073,0.0,-0.02973453379892299,-0.04540732580076723,0.0,-0.0647566280411479,-0.10959699486445607,0.0,0.0,-0.024038449302206666,0.0,-0.01823123230548518,-0.08471445953826073,0.0,0.0,-0.054663762390686044,-0.09074724002266077,-0.0369833186809021,-0.10053746677369624,-0.017781681500577684,-0.043141060889683835,-0.14768508915279943,-0.09890586972539772,0.0,-0.03602284998079863,-0.09074724002266077,-0.0369833186809021,-0.026435530405983676,-0.054087084458588564
2024-10-22,0.0,-0.025043555317749155,0.0,-0.017476057432922798,-0.08555930743788787,0.0,-0.033010756348496484,-0.04647945377339857,0.0,-0.06390360865539724,-0.11031108672506129,0.0,0.0,-0.025043555317749155,0.0,-0.017476057432922798,-0.08555930743788787,0.0,0.0,-0.05563732855059478,-0.08914218189151002,-0.0369833186809021,-0.09894969083705096,-0.017781681500577684,-0.043141060889683835,-0.1444829325569177,-0.09890586972539772,0.0,-0.03602284998079863,-0.08914218189151002,-0.0369833186809021,-0.021288183092778246,-0.054087084458588564
2024-10-23,0.0,-0.01838553152591116,0.0,-0.016028352943869395,-0.07909812840316754,0.0,-0.0313203724516975,-0.0399437012455397,0.0,-0.06281132353651553,-0.10439231772322033,0.0,0.0,-0.01838553152591116,0.0,-0.016028352943869395,-0.07909812840316754,0.0,0.0,-0.04918823108687853,-0.08850880856215404,-0.0369833186809021,-0.0983231372488994,-0.017781681500577684,-0.043141060889683835,-0.14310485078385848,-0.09890586972539772,0.0,-0.03602284998079863,-0.08850880856215404,-0.0369833186809021,-0.017443469505094678,-0.054087084458588564
2024-10-24,0.0,-0.019754364348353648,0.0,-0.01751393760846276,-0.0805409767096944,0.0,-0.02846305357177925,-0.042105287566924665,0.0,-0.06454808995425909,-0.10666272610219851,0.0,0.0,-0.019754364348353648,0.0,-0.01751393760846276,-0.0805409767096944,0.0,0.0,-0.05051411044079246,-0.08809912788616969,-0.0369833186809021,-0.09791786774095323,-0.017781681500577684,-0.043141060889683835,-0.13893339132400384,-0.09890586972539772,0.0,-0.03602284998079863,-0.08809912788616969,-0.0369833186809021,-0.013255379250658561,-0.054087084458588564
2024-10-25,0.0,-0.018493062570064667,0.0,-0.018306266806396354,-0.07942928731752952,0.0,-0.026409408635823417,-0.044261191277044865,0.0,-0.0655624187042193,-0.10864389220479842,0.0,0.0,-0.018493062570064667,0.0,-0.018306266806396354,-0.07942928731752952,0.0,0.0,-0.049292387846572416,-0.08155643923196765,-0.0369833186809021,-0.09144562639063147,-0.017781681500577684,-0.043141060889683835,-0.13603231180143172,-0.09890586972539772,0.0,-0.03602284998079863,-0.08155643923196765,-0.0369833186809021,-0.010698575339021077,-0.054087084458588564
2024-10-28,0.0,-0.015103663624123631,0.0,-0.017740426060851244,-0.07631765602133089,0.0,-0.022666581235066707,-0.04085944472050118,0.0,-0.065835856648224,-0.1063138931922245,0.0,0.0,-0.015103663624123631,0.0,-0.017740426060851244,-0.07631765602133089,0.0,0.0,-0.04600934698802417,-0.0857462944347196,-0.0369833186809021,-0.09559036802948295,-0.017781681500577684,-0.043141060889683835,-0.14101321170467906,-0.09890586972539772,-5.71449685399239e-05,-0.03602284998079863,-0.0857462944347196,-0.0369833186809021,-0.013173459786385844,-0.054087084458588564
2024-10-29,0.0,-0.012168563554354472,0.0,-0.017832716149013716,-0.07389230499627408,0.0,-0.02352427825281267,-0.03792845740837636,0.0,-0.06553260947736561,-0.10648147122034746,0.0,0.0,-0.012168563554354472,0.0,-0.017832716149013716,-0.07389230499627408,0.0,0.0,-0.04316634927466301,-0.08621565358253036,-0.0369833186809021,-0.09605467343130902,-0.017781681500577684,-0.043141060889683835,-0.1406741986937482,-0.09890586972539772,0.0,-0.03602284998079863,-0.08621565358253036,-0.0369833186809021,-0.009676738982815403,-0.054087084458588564
2024-10-30,0.0,-0.016896124751023867,0.0,-0.02112375821411905,-0.08001662319165193,0.0,-0.017506684687345064,-0.04267684316085951,0.0,-0.06866212899440416,-0.10757126564672748,0.0,0.0,-0.016896124751023867,0.0,-0.02112375821411905,-0.08001662319165193,0.0,0.0,-0.047745561346626,-0.09662293633785324,-0.0369833186809021,-0.10634989751326673,-0.017781681500577684,-0.043141060889683835,-0.1510473027539032,-0.09890586972539772,-0.009834956594070188,-0.03602284998079863,-0.09662293633785324,-0.0369833186809021,-0.021113791738964327,-0.054087084458588564
2024-10-31,0.0,-0.009227005652877929,0.0,-0.015797303501396298,-0.07096789638256684,0.0,-0.01275449307001364,-0.03624626782766305,0.0,-0.0628011246274659,-0.10658046069913052,0.0,0.0,-0.009227005652877929,0.0,-0.015797303501396298,-0.07096789638256684,0.0,0.0,-0.04121301765410634,-0.09433951348978353,-0.0369833186809021,-0.10409106103813426,-0.017781681500577684,-0.043141060889683835,-0.14929216829453196,-0.09890586972539772,-0.011718986162264522,-0.03602284998079863,-0.09433951348978353,-0.0369833186809021,-0.021523009707205776,-0.054087084458588564
2024-11-01,0.0,-0.011046812885084356,0.0,-0.02120945955651732,-0.0761070737282844,0.0,-0.014618363542836743,-0.03536994363247403,0.0,-0.06838519675599442,-0.10916416372717652,0.0,0.0,-0.011046812885084356,0.0,-0.02120945955651732,-0.0761070737282844,0.0,0.0,-0.040340973946551895,-0.09677363169438113,-0.0369833186809021,-0.10649897028279165,-0.017781681500577684,-0.043141060889683835,-0.14915100230813338,-0.09890586972539772,-0.013099748017862178,-0.03602284998079863,-0.09677363169438113,-0.0369833186809021,-0.022022323141519307,-0.054087084458588564
2024-11-04,0.0,-0.004715852705319268,0.0,-0.016345339608170528,-0.0689613335128948,0.0,-0.014355330788143217,-0.029280326758208797,0.0,-0.06341486391302209,-0.10243134079653982,0.0,0.0,-0.004715852705319268,0.0,-0.016345339608170528,-0.0689613335128948,0.0,0.0,-0.034283207532928794,-0.10243313753886163,-0.0369833186809021,-0.11209753834632141,-0.017781681500577684,-0.043141060889683835,-0.15682960424371428,-0.09890586972539772,-0.01942580266955385,-0.03602284998079863,-0.10243313753886163,-0.0369833186809021,-0.030910275629029926,-0.054087084458588564
2024-11-05,0.0,0.0,0.0,-0.01782378805729823,-0.06430026993522875,0.0,-0.014878568083068977,-0.022000573372024212,0.0,-0.06502174654995274,-0.09732585668911042,0.0,0.0,0.0,0.0,-0.01782378805729823,-0.06430026993522875,0.0,0.0,-0.027041431990659115,-0.09637938624926201,-0.0369833186809021,-0.1061089698094484,-0.017781681500577684,-0.043141060889683835,-0.15271163168057478,-0.09890586972539772,-0.011135847121205522,-0.03602284998079863,-0.09637938624926201,-0.0369833186809021,-0.024336067185991572,-0.054087084458588564
2024-11-06,0.0,-0.02712274432913042,0.0,-0.0160265496159957,-0.08517492697553952,0.0,-0.023143668586087296,-0.04821590038561696,0.0,-0.06287958948268224,-0.11900118814200944,0.0,0.0,-0.02712274432913042,0.0,-0.0160265496159957,-0.08517492697553952,0.0,0.0,-0.05311819017014918,-0.08752038820167463,-0.0369833186809021,-0.0973453595390451,-0.017781681500577684,-0.043141060889683835,-0.15051613804117103,-0.09890586972539772,0.0,-0.03602284998079863,-0.08752038820167463,-0.0369833186809021,-0.010224127154103368,-0.054087084458588564
2024-11-07,0.0,-0.04227812496129857,0.0,-0.017682795185006372,-0.09985608329027673,0.0,-0.032364159108611124,-0.06313769494704125,0.0,-0.06447783909177662,-0.13324361854548705,0.0,0.0,-0.04227812496129857,0.0,-0.017682795185006372,-0.09985608329027673,0.0,0.0,-0.06786861645260145,-0.0769318704454014,-0.0369833186809021,-0.08687085187364463,-0.017781681500577684,-0.043141060889683835,-0.13471555395178636,-0.09890586972539772,-0.0037890226577788066,-0.03602284998079863,-0.0769318704454014,-0.0369833186809021,0.0,-0.054087084458588564
2024-11-08,0.0,-0.030563677901926156,0.0,-0.013665144139498486,-0.08809875133232559,0.0,-0.0289695362466571,-0.05239211672258559,0.0,-0.06199830369367554,-0.12248465630620176,0.0,0.0,-0.030563677901926156,0.0,-0.013665144139498486,-0.08809875133232559,0.0,0.0,-0.05646718141228313,-0.08876218811486392,-0.0369833186809021,-0.09857378857972832,-0.017781681500577684,-0.043141060889683835,-0.1438954831037158,-0.09890586972539772,-0.010364570506848803,-0.03602284998079863,-0.08876218811486392,-0.0369833186809021,-0.01071267057934433,-0.054087084458588564
2024-11-11,0.0,-0.030563677901926156,0.0,-0.013691357871969956,-0.08812468873730195,0.0,-0.0289695362466571,-0.052447743229385835,0.0,-0.062221620438392855,-0.12255469346288927,0.0,0.0,-0.030563677901926156,0.0,-0.013691357871969956,-0.08812468873730195,0.0,0.0,-0.05646718141228313,-0.08933314733303943,-0.0369833186809021,-0.09913860009018438,-0.017781681500577684,-0.043141060889683835,-0.14798118976995223,-0.09890586972539772,0.0,-0.03602284998079863,-0.08933314733303943,-0.0369833186809021,-0.005097196050861119,-0.054087084458588564
2024-11-12,0.0,-0.018107865884852803,0.0,-0.011082137631540645,-0.07567567342505044,0.0,-0.028704646731643413,-0.04244419602533067,0.0,-0.06052041475061598,-0.11291586919360097,0.0,0.0,-0.018107865884852803,0.0,-0.011082137631540645,-0.07567567342505044,0.0,0.0,-0.04434419081210328,-0.07979369863274466,-0.0369833186809021,-0.08970186580546968,-0.017781681500577684,-0.043141060889683835,-0.1383054282047682,-0.09890586972539772,0.0,-0.03602284998079863,-0.07979369863274466,-0.0369833186809021,0.0,-0.054087084458588564
2024-11-13,0.0,-0.01310053952272272,0.0,-0.01100192299067404,-0.07084333669866671,0.0,-0.026518532973962006,-0.03754007594545916,0.0,-0.058266088245709335,-0.10855561030046978,0.0,0.0,-0.01310053952272272,0.0,-0.01100192299067404,-0.07084333669866671,0.0,0.0,-0.040090997294679576,-0.08067663415742499,-0.0369833186809021,-0.09057529446982071,-0.017781681500577684,-0.043141060889683835,-0.14211062706570365,-0.09890586972539772,-0.004231431725581047,-0.03602284998079863,-0.08067663415742499,-0.0369833186809021,-0.005227185766404685,-0.054087084458588564
2024-11-14,0.0,-0.010412774938319824,0.0,-0.015402933355536108,-0.06932703484450042,0.0,-0.023726257655261596,-0.03460418400002918,0.0,-0.05866209904195396,-0.11099221550965932,0.0,0.0,-0.010412774938319824,0.0,-0.015402933355536108,-0.06932703484450042,0.0,0.0,-0.042736670327294224,-0.08555105545971697,-0.0369833186809021,-0.09539723125743194,-0.017781681500577684,-0.043141060889683835,-0.14370464214757994,-0.09890586972539772,0.0,-0.03602284998079863,-0.08555105545971697,-0.0369833186809021,-0.0011638805778524386,-0.054087084458588564
2024-11-15,0.0,-0.007674406376322773,0.0,-0.01144120922076619,-0.06656855864753908,0.0,-0.021348171605712896,-0.031618112918028185,0.0,-0.05620748233016892,-0.10821570836666095,0.0,0.0,-0.007674406376322773,0.0,-0.01144120922076619,-0.06656855864753908,0.0,0.0,-0.046018712380345383,-0.08895126074610804,-0.0369833186809021,-0.09876082540309383,-0.017781681500577684,-0.043141060889683835,-0.14457846127658947,-0.09890586972539772,-0.008366537548731623,-0.03602284998079863,-0.08895126074610804,-0.0369833186809021,-0.00506335792615864,-0.054087084458588564
2024-11-18,0.0,-0.012824500564569519,0.0,-0.012317550586582349,-0.07161388493802812,0.0,-0.02360606495188311,-0.036844332308993644,0.0,-0.05871550978564033,-0.11297749426616943,0.0,0.0,-0.012824500564569519,0.0,-0.012317550586582349,-0.07161388493802812,0.0,0.0,-0.05114310751554718,-0.08614003447167806,-0.0369833186809021,-0.09597986853656282,-0.017781681500577684,-0.043141060889683835,-0.14097101293548853,-0.09890586972539772,-0.004900466937704517,-0.03602284998079863,-0.08614003447167806,-0.0369833186809021,-0.000758591416236909,-0.054087084458588564
2024-11-19,0.0,-0.016579228619924224,0.0,-0.016311826834484844,-0.07524433089277294,0.0,-0.030621735200568767,-0.040991275892953816,0.0,-0.06526484948078537,-0.11695667664070075,0.0,0.0,-0.016579228619924224,0.0,-0.016311826834484844,-0.07524433089277294,0.0,0.0,-0.05477282128602445,-0.08877392101023118,-0.0369833186809021,-0.09858539514311038,-0.017781681500577684,-0.043141060889683835,-0.14200978661524144,-0.09890586972539772,-0.007061062633712645,-0.03602284998079863,-0.08877392101023118,-0.0369833186809021,-0.0024922554612398784,-0.054087084458588564
2024-11-20,0.0,-0.010040152635938271,0.0,-0.01890188127841186,-0.06930943432655823,0.0,-0.03210709933985967,-0.03429852925981858,0.0,-0.06744967999896723,-0.11134031256782118,0.0,0.0,-0.010040152635938271,0.0,-0.01890188127841186,-0.06930943432655823,0.0,0.0,-0.04858968148614551,-0.08518308698089194,-0.0369833186809021,-0.09503322481755083,-0.017781681500577684,-0.043141060889683835,-0.13647358097435502,-0.09890586972539772,0.0,-0.03602284998079863,-0.08518308698089194,-0.0369833186809021,0.0,-0.054087084458588564
2024-11-21,0.0,-0.008703603511907132,0.0,-0.025047771963749188,-0.06836725491503004,0.0,-0.03805808093975671,-0.033275887407818616,0.0,-0.07429890900772884,-0.11069599908297134,0.0,0.0,-0.008703603511907132,0.0,-0.025047771963749188,-0.06836725491503004,0.0,0.0,-0.04744947577110481,-0.08971540599416983,-0.0369833186809021,-0.09951674284522682,-0.017781681500577684,-0.043141060889683835,-0.14041772753349857,-0.09890586972539772,0.0,-0.03602284998079863,-0.08971540599416983,-0.0369833186809021,-0.00039821068696344053,-0.054087084458588564
2024-11-22,0.0,-0.002495099769535547,0.0,-0.024538349742654675,-0.06252093283510896,0.0,-0.0366275759122312,-0.026986423610340204,0.0,-0.07225440881186562,-0.10496123525689549,0.0,0.0,-0.002495099769535547,0.0,-0.024538349742654675,-0.06252093283510896,0.0,0.0,-0.04161816044515809,-0.08391479887784026,-0.0369833186809021,-0.09377859279415157,-0.017781681500577684,-0.043141060889683835,-0.13430777538065075,-0.09890586972539772,0.0,-0.03602284998079863,-0.08391479887784026,-0.0369833186809021,0.0,-0.054087084458588564
2024-11-25,0.0,-0.006960254554342016,0.0,-0.019989139847152337,-0.06637823934751841,0.0,-0.03139780683468307,-0.03118026112450556,0.0,-0.06847650323269838,-0.10859657695571034,0.0,0.0,-0.006960254554342016,0.0,-0.019989139847152337,-0.06637823934751841,0.0,0.0,-0.045730835329173436,-0.08637428300847683,-0.0369833186809021,-0.09621159484148911,-0.017781681500577684,-0.043141060889683835,-0.13861987745017668,-0.09890586972539772,-0.012911559072252943,-0.03602284998079863,-0.08637428300847683,-0.0369833186809021,-0.009618614353632426,-0.054087084458588564
2024-11-26,0.0,-0.003562051482899453,0.0,-0.016330251319747302,-0.06306411833693548,0.0,-0.028016120289554802,-0.02770542339355886,0.0,-0.06554763874317593,-0.10539226819081493,0.0,0.0,-0.003562051482899453,0.0,-0.016330251319747302,-0.06306411833693548,0.0,0.0,-0.04309944355834905,-0.08764685242554804,-0.0369833186809021,-0.09747046208057641,-0.017781681500577684,-0.043141060889683835,-0.1441778722057805,-0.09890586972539772,-0.01944773056275495,-0.03602284998079863,-0.08764685242554804,-0.0369833186809021,-0.016608231794705164,-0.054087084458588564
2024-11-27,0.0,-0.016245636699372512,0.0,-0.014215711768258088,-0.07358873032044477,0.0,-0.02589132927705773,-0.04096464142552281,0.0,-0.06359113008288475,-0.11689657255700148,0.0,0.0,-0.016245636699372512,0.0,-0.014215711768258088,-0.07358873032044477,0.0,0.0,-0.030577436236410516,-0.09161862364874818,-0.0369833186809021,-0.1013994679225868,-0.017781681500577684,-0.043141060889683835,-0.1512685736586996,-0.09890586972539772,-0.023561605539840547,-0.03602284998079863,-0.09161862364874818,-0.0369833186809021,-0.02419588742856682,-0.054087084458588564
2024-11-28,0.0,-0.016245636699372512,0.0,-0.014215711768258088,-0.07361098166976465,0.0,-0.02589132927705773,-0.041268039388116406,0.0,-0.06360297848381147,-0.11698786234767666,0.0,0.0,-0.016245636699372512,0.0,-0.014215711768258088,-0.07361098166976465,0.0,0.0,-0.030577436236410516,-0.10629822163033664,-0.0369833186809021,-0.11592100579242226,-0.017781681500577684,-0.043141060889683835,-0.15258883755236585,-0.09890586972539772,-0.0207150298607347,-0.03602284998079863,-0.10629822163033664,-0.0369833186809021,-0.024293135580770175,-0.054087084458588564
2024-11-29,0.0,-0.017255838228354303,0.0,-0.014252107361441446,-0.07382659885463894,0.0,-0.029942881144411793,-0.0418248522575394,0.0,-0.06445398433136384,-0.11737144011694944,0.0,0.0,-0.017255838228354303,0.0,-0.014252107361441446,-0.07382659885463894,0.0,0.0,-0.030272879279393927,-0.11995266634687185,-0.0369833186809021,-0.12942842856322512,-0.017781681500577684,-0.043141060889683835,-0.16337945937499043,-0.09890586972539772,-0.03004428317768859,-0.03602284998079863,-0.11995266634687185,-0.0369833186809021,-0.03699189374118139,-0.054087084458588564
2024-12-02,0.0,-0.026017341021470797,0.0,-0.01598259241115363,-0.06974884494753175,0.0,-0.02784408429128371,-0.03449989693225386,0.0,-0.06723699348913403,-0.11076726890068234,0.0,0.0,-0.026017341021470797,0.0,-0.01598259241115363,-0.06974884494753175,0.0,0.0,-0.038227574077128956,-0.10938719733020252,-0.03825725233696198,-0.11897672146398663,-0.017781681500577684,-0.04440684873145295,-0.1578729237846881,-0.10039371682245668,-0.021062975697687447,-0.03835532779622164,-0.10938719733020252,-0.03825725233696198,-0.028299382115099525,-0.05625620496059591
2024-12-03,0.0,-0.02966777565402512,0.0,-0.015731754174838075,-0.07275574228071191,0.0,-0.02729977070815548,-0.03556674217582323,0.0,-0.06659882924330152,-0.11287406108909992,0.0,0.0,-0.02966777565402512,0.0,-0.015731754174838075,-0.07275574228071191,0.0,0.0,-0.03527014249110749,-0.11407051326279172,-0.04331460736226622,-0.1236096105769442,-0.017781681500577684,-0.049431865907259676,-0.15795452506990293,-0.10048088778627906,-0.021248762654103914,-0.03853783293431268,-0.11407051326279172,-0.04331460736226622,-0.028840647892488525,-0.05678189796672972
2024-12-04,0.0,-0.029798214421038027,0.0,-0.015195858873664037,-0.07247230600540033,0.0,-0.02603680545218956,-0.034408890627974587,0.0,-0.06537678429836224,-0.11219425859847065,0.0,0.0,-0.029798214421038027,0.0,-0.015195858873664037,-0.07247230600540033,0.0,0.0,-0.03534231136576982,-0.10579571646428376,-0.034378933200055695,-0.11542391126655194,-0.017781681500577684,-0.040553328427123336,-0.15226309537631022,-0.09440099075265096,-0.014660944227393502,-0.03206638448132659,-0.10579571646428376,-0.034378933200055695,-0.022025206886189252,-0.05016254418454069
2024-12-05,0.0,-0.025790882606861132,0.0,-0.015213109972805672,-0.0751376822480243,0.0,-0.02574250975038883,-0.035468785582670304,0.0,-0.06508604411310737,-0.1145873642669345,0.0,0.0,-0.025790882606861132,0.0,-0.015213109972805672,-0.0751376822480243,0.0,0.0,-0.031360506113273456,-0.10035132000254587,-0.02849971296340248,-0.11003813643152671,-0.017781681500577684,-0.03471170122837719,-0.15105388946714027,-0.09310925074776555,-0.016055975891815732,-0.03343677372429488,-0.10035132000254587,-0.02849971296340248,-0.022361291152312335,-0.05048895896181482
2024-12-06,0.0,-0.03330060535823409,0.0,-0.010784967603607809,-0.06929478233843267,0.0,-0.016954307032350124,-0.027417273307393075,0.0,-0.056582294279719836,-0.10607833937136735,0.0,0.0,-0.03330060535823409,0.0,-0.010784967603607809,-0.06929478233843267,0.0,0.0,-0.038925685996422876,-0.1002198102723868,-0.028357700038314837,-0.10990804271035315,-0.017781681500577684,-0.03457059636542403,-0.15107117199919373,-0.09312771289541943,-0.019659362259771274,-0.03697650837178734,-0.1002198102723868,-0.028357700038314837,-0.02473403728266199,-0.052793438753744426
2024-12-09,0.0,-0.02898751566554525,0.0,-0.006783950764439606,-0.06438057019761323,0.0,-0.021513638482142716,-0.024591146788232043,0.0,-0.059732617803388566,-0.10489804383468382,0.0,0.0,-0.02898751566554525,0.0,-0.006783950764439606,-0.06438057019761323,0.0,0.0,-0.034595817365981274,-0.0984590750480746,-0.02645634141483566,-0.10816626590756384,-0.017781681500577684,-0.03268139545060866,-0.14963580412422006,-0.09159437428718864,-0.015541159310487829,-0.03293105107788763,-0.0984590750480746,-0.02645634141483566,-0.02228229935657655,-0.05041223984101517
2024-12-10,0.0,-0.0386578522515576,0.0,-0.004162894706835174,-0.07307866471754598,0.0,-0.017300900605533465,-0.03395658226187648,0.0,-0.05418276589207627,-0.11360929970036326,0.0,0.0,-0.0386578522515576,0.0,-0.004162894706835174,-0.07307866471754598,0.0,0.0,-0.04427639801315009,-0.10034013071704084,-0.028487630031118205,-0.11002706762477843,-0.017781681500577684,-0.03565941392202898,-0.1489355621849361,-0.09084633748120508,-0.01159241356775742,-0.02905205762773133,-0.10034013071704084,-0.028487630031118205,-0.01955184996922721,-0.04776034828146358
2024-12-11,0.0,-0.03737026119204889,0.0,-0.0020113053779398093,-0.07179902679172634,0.0,-0.01943737882634533,-0.03309563947579641,0.0,-0.056064212167321825,-0.11257732915208929,0.0,0.0,-0.03737026119204889,0.0,-0.0020113053779398093,-0.07179902679172634,0.0,0.0,-0.0430166020936974,-0.0983619390938707,-0.02635144757184016,-0.108070175848472,-0.017781681500577684,-0.03522498705016741,-0.14802026632230525,-0.0898685682914413,-0.00923265995753808,-0.026733987689986027,-0.0983619390938707,-0.02635144757184016,-0.017208460983669016,-0.04548438099917662
2024-12-12,0.0,-0.04086485550427921,0.0,-0.007198056441075851,-0.07549941025393891,0.0,-0.014658611035046065,-0.03570113813505138,0.0,-0.05362745574471928,-0.11558863191293556,0.0,0.0,-0.04086485550427921,0.0,-0.007198056441075851,-0.07549941025393891,0.0,0.0,-0.04651207077408204,-0.08509587026284116,-0.012025866971611787,-0.09494694719089858,-0.017781681500577684,-0.030707324513830847,-0.1377986995989925,-0.0789493306752651,-0.002899389624500537,-0.020512590886925808,-0.08509587026284116,-0.012025866971611787,-0.006757741528475303,-0.035334339455511565
2024-12-13,0.0,-0.04844506765134671,0.0,-0.00329297566446618,-0.08148837001376175,0.0,-0.007658191742606513,-0.04237238204242588,0.0,-0.046411058208751244,-0.12093762312651246,0.0,0.0,-0.04844506765134671,0.0,-0.00329297566446618,-0.08148837001376175,0.0,0.0,-0.05402838254743658,-0.09678762296478283,-0.02465139664607241,-0.10651281090453313,-0.017781681500577684,-0.03575821036285898,-0.14715350299684082,-0.08894264421698916,-0.00950191823704405,-0.026998489678884074,-0.09678762296478283,-0.02465139664607241,-0.017683970624420398,-0.045946209740128974
2024-12-16,0.0,-0.04572745362752717,0.0,0.0,-0.07792177253771415,0.0,-0.009406836773830585,-0.04082448660556981,0.0,-0.04631197754552052,-0.1191030211462385,0.0,0.0,-0.04572745362752717,0.0,0.0,-0.07792177253771415,0.0,0.0,-0.0512425980891571,-0.09519864794103972,-0.022935516074042317,-0.10494094490313122,-0.017781681500577684,-0.03504811499518723,-0.14488065383384707,-0.08651466221107484,-0.005129751419744366,-0.02270355464070939,-0.09519864794103972,-0.022935516074042317,-0.013770220565543778,-0.0421450622823456
2024-12-17,0.0,-0.05047621413174275,0.0,0.0,-0.07705462590373113,0.0,-0.005086957857367458,-0.035969981105921645,0.0,-0.04208029976949801,-0.11461531776671985,0.0,0.0,-0.05047621413174275,0.0,0.0,-0.07705462590373113,0.0,0.0,-0.05540121033845524,-0.10652840133193986,-0.03517013489362919,-0.11614870707265412,-0.017781681500577684,-0.04178947293536195,-0.15139799946362087,-0.0934768478998832,-0.00661204252218639,-0.024159661934571752,-0.10652840133193986,-0.03517013489362919,-0.019205371648553404,-0.047423838497242965
2024-12-18,0.0,-0.04528927619242851,0.0,-0.0013847797024592046,-0.07298236960964377,0.0,-0.003763161190227904,-0.030527567785762266,0.0,-0.04197601942177487,-0.11018913884170956,0.0,0.0,-0.04528927619242851,0.0,-0.0013847797024592046,-0.07298236960964377,0.0,0.0,-0.060499498662276885,-0.10545928766305679,-0.0340156350768811,-0.11509110490607455,-0.017781681500577684,-0.04116792910542488,-0.1511817848529382,-0.09324587560629649,-0.004678370014462141,-0.02226014662492737,-0.10545928766305679,-0.0340156350768811,-0.017613951936386485,-0.04587820556152433
2024-12-19,0.0,-0.029828528501802065,0.0,-0.0030403382811813318,-0.05926695614167632,0.0,-0.0003885805831245204,-0.014509304468262152,0.0,-0.03997445166292157,-0.09657443403587473,0.0,0.0,-0.029828528501802065,0.0,-0.0030403382811813318,-0.05926695614167632,0.0,0.0,-0.07591339286589516,-0.11413260438207118,-0.04338165746920597,-0.12367103314049988,-0.017781681500577684,-0.047865861271740195,-0.15701665970980738,-0.09947900862273462,0.0,-0.016825738835445803,-0.11413260438207118,-0.04338165746920597,-0.01896870148670593,-0.047193977578557256
2024-12-20,0.0,-0.03682324094901801,0.0,-0.001491391143799592,-0.06582385167784477,0.0,0.0,-0.021424842208706107,0.0,-0.03421647037385711,-0.10252006850109141,0.0,0.0,-0.03682324094901801,0.0,-0.001491391143799592,-0.06582385167784477,0.0,0.0,-0.08258715562977104,-0.09525545864507112,-0.022996864038531406,-0.10586658754193223,-0.017781681500577684,-0.0322361667293527,-0.14258369292460304,-0.08406092271672716,0.0,-0.011805782496920991,-0.09525545864507112,-0.022996864038531406,-0.005472404057537905,-0.03408598246118422
2024-12-23,0.0,-0.031028259256455137,0.0,-0.003960644679429359,-0.0610910220044083,0.0,0.0,-0.015582256283137363,0.0,-0.03173892731093719,-0.09728539729318875,0.0,0.0,-0.031028259256455137,0.0,-0.003960644679429359,-0.0610910220044083,0.0,0.0,-0.07705532145792582,-0.09895430045012898,-0.02699111863503334,-0.10686916351684683,-0.017781681500577684,-0.035695192280560506,-0.14356717667370256,-0.08511153394284898,0.0,-0.009006238903602304,-0.09895430045012898,-0.02699111863503334,-0.005276731355081443,-0.033895939462957325
2024-12-24,0.0,-0.02869784828141253,0.0,-0.0015812584959773446,-0.05811375369529459,0.0,0.0,-0.013375218164151215,0.0,-0.032374666805584096,-0.09567467973918464,0.0,0.0,-0.02869784828141253,0.0,-0.0015812584959773446,-0.05811375369529459,0.0,0.0,-0.0748273843587306,-0.1009919358044421,-0.02919149237603269,-0.10761418925767963,-0.017781681500577684,-0.037808003583215344,-0.14412342994284777,-0.08570575416221304,0.0,-0.00849904267000745,-0.1009919358044421,-0.02919149237603269,-0.0059364666220542706,-0.034536693470019086
2024-12-25,0.0,-0.02869784828141253,0.0,-0.0015840131867579377,-0.05817529464218896,0.0,0.0,-0.013439276406121414,0.0,-0.03246006851095462,-0.09577385206468836,0.0,0.0,-0.02869784828141253,0.0,-0.0015840131867579377,-0.05817529464218896,0.0,0.0,-0.0748273843587306,-0.1009919358044421,-0.02919149237603269,-0.10770272668962766,-0.017781681500577684,-0.037808003583215344,-0.14412342994284777,-0.08570575416221304,0.0,-0.00849904267000745,-0.1009919358044421,-0.02919149237603269,-0.0059364666220542706,-0.034536693470019086
2024-12-26,0.0,-0.029331804775684422,0.0,-0.005352182852092491,-0.05933572800510101,0.0,0.0,-0.012673868009634881,0.0,-0.027665683999557045,-0.09257372999355706,0.0,0.0,-0.029331804775684422,0.0,-0.005352182852092491,-0.05933572800510101,0.0,0.0,-0.07543902135499914,-0.1009919358044421,-0.02919149237603269,-0.10779125533739664,-0.017781681500577684,-0.037808003583215344,-0.14412342994284777,-0.08570575416221304,0.0,-0.00849904267000745,-0.1009919358044421,-0.02919149237603269,-0.0059364666220542706,-0.034536693470019086
2024-12-27,0.0,-0.028843040358020322,0.0,-0.010435113037055688,-0.059137418915061635,0.0,0.0,-0.01189780997377532,0.0,-0.026156693337596515,-0.09154675806929358,0.0,0.0,-0.028843040358020322,0.0,-0.010435113037055688,-0.059137418915061635,0.0,0.0,-0.07497676328797764,-0.0942396361571699,-0.021899911571956365,-0.10419409810117675,-0.017781681500577684,-0.03058113995788536,-0.14270893070284407,-0.08419470857325506,0.0,-0.003695058109631777,-0.0942396361571699,-0.021899911571956365,-0.0034222727214346937,-0.03209483550516534
2024-12-30,0.0,-0.02847852148602037,0.0,-0.014993367980293604,-0.05940773839662006,0.0,-0.0043992677325839225,-0.015255273661776148,0.0,-0.034583806474602574,-0.09829339365460843,0.0,0.0,-0.02847852148602037,0.0,-0.014993367980293604,-0.05940773839662006,0.0,0.0,-0.07462825676318785,-0.09509850799492481,-0.022827378321431224,-0.10481387028554678,-0.017781681500577684,-0.031500374880405246,-0.1461975023663582,-0.0879213919639813,-0.0033978772543684643,-0.007080380010095921,-0.09509850799492481,-0.022827378321431224,-0.007501400179584228,-0.0360566022849198
2024-12-31,0.0,-0.024386428251181536,0.0,-0.012547059735916077,-0.05928830966063192,0.0,-0.003958912737234588,-0.011920079380105197,0.0,-0.03339233731453195,-0.10067929486115113,0.0,0.0,-0.024386428251181536,0.0,-0.012547059735916077,-0.05928830966063192,0.0,0.0,-0.0707251738297141,-0.09293831882191195,-0.021464157801200257,-0.10340678794968317,-0.017781681500577684,-0.030149253764740758,-0.14833257673538203,-0.09133168352489818,-0.0001817187212592719,-0.005677986502999444,-0.09293831882191195,-0.021464157801200257,-0.007610758029081177,-0.0378206641279244
2025-01-01,0.0,-0.024386428251181536,0.0,-0.013732003264232961,-0.05952676196838458,0.0,-0.003958912737234588,-0.01199582347042516,0.0,-0.03387950229076375,-0.10112114494217772,0.0,0.0,-0.024386428251181536,0.0,-0.013732003264232961,-0.05952676196838458,0.0,0.0,-0.0707251738297141,-0.09309494326342038,-0.021506328581665013,-0.10344942738605878,-0.017781681500577684,-0.03019105025408686,-0.14841113361487446,-0.09146811638959629,-0.0006887534385628946,-0.0060223095218771006,-0.09309494326342038,-0.021506328581665013,-0.007862740091753695,-0.03806554694823294
2025-01-02,0.0,-0.01770270864276946,0.0,-0.01630877802504893,-0.0533130337195431,0.0,-0.007604638773243577,-0.007989042137774849,0.0,-0.0400954032729951,-0.0980123024933569,0.0,0.0,-0.01770270864276946,0.0,-0.01630877802504893,-0.0533130337195431,0.0,0.0,-0.06433895064439166,-0.09835759770225672,-0.023436111301310736,-0.10794895069640609,-0.017781681500577684,-0.03210370498783144,-0.15048195514039842,-0.09230416149963827,0.0,-0.004403891280366445,-0.09835759770225672,-0.023436111301310736,-0.005910772689786459,-0.03763422793834148
2025-01-03,0.0,-0.018850950919351406,0.0,-0.013100394981186092,-0.05410682183083959,0.0,-0.004901897675996358,-0.008768945833430353,0.0,-0.04111400483669636,-0.09913952489146993,0.0,0.0,-0.018850950919351406,0.0,-0.013100394981186092,-0.05410682183083959,0.0,0.0,-0.06555629273404917,-0.09314224369832513,-0.021260865079530067,-0.10325301818206523,-0.017781681500577684,-0.02994776538862476,-0.14350760498591109,-0.08944128786674976,0.0,-0.0026736952666841507,-0.09314224369832513,-0.021260865079530067,0.0,-0.03466015873050943
2025-01-06,0.0,-0.03157013887050364,0.0,-0.012923420706672961,-0.06508541320050809,0.0,-0.0058122529137508705,-0.019937675790185794,0.0,-0.032447086637003575,-0.1087612576614233,0.0,0.0,-0.03157013887050364,0.0,-0.012923420706672961,-0.06508541320050809,0.0,0.0,-0.0777364389108981,-0.09247515769286141,-0.021003312930111928,-0.10259336967836574,-0.017781681500577684,-0.029692499169917452,-0.14381654160199397,-0.0897155849978224,-0.011178827781881728,-0.008188361923449072,-0.09247515769286141,-0.021003312930111928,-0.005310239915649384,-0.0372795058944132
2025-01-07,0.0,-0.028940924098436183,0.0,-0.013877276799613703,-0.06250452023596087,0.0,-0.006315154034921111,-0.0170731240019365,0.0,-0.03053441936640522,-0.10614274815778202,0.0,0.0,-0.028940924098436183,0.0,-0.013877276799613703,-0.06250452023596087,0.0,0.0,-0.0752370660359365,-0.09182839251456854,-0.020704029441477423,-0.10195381544006454,-0.017781681500577684,-0.029395872002806245,-0.14209689396458036,-0.08882826800660903,-0.008299431772953003,-0.006817614793180771,-0.09182839251456854,-0.020704029441477423,-0.0020706036111355353,-0.03573888123085689
2025-01-08,0.0,-0.020911435112927368,0.0,-0.01625283855808679,-0.054862442208103435,0.0,-0.004024255191157233,-0.008601311005163925,0.0,-0.03175047567417333,-0.09884512242291299,0.0,0.0,-0.020911435112927368,0.0,-0.01625283855808679,-0.054862442208103435,0.0,0.0,-0.0675621943789646,-0.09251194098588678,-0.021249183087409862,-0.10262974286564075,-0.017781681500577684,-0.02993618708123258,-0.13887328771898189,-0.08680678325658664,0.0,0.0,-0.09251194098588678,-0.021249183087409862,0.0,-0.030321450424240948
2025-01-09,0.0,-0.01784562764618669,0.0,-0.017340424681426048,-0.05214157851994072,0.0,-0.0023779567466747364,-0.005442243560324855,0.0,-0.03252975618768972,-0.09629278835930544,0.0,0.0,-0.01784562764618669,0.0,-0.017340424681426048,-0.05214157851994072,0.0,0.0,-0.06463102674796006,-0.09139940712485728,-0.02049368507952165,-0.10152961291128382,-0.017781681500577684,-0.029187394573966463,-0.1400341997261858,-0.08778718757659776,-0.00014695705645839663,-0.0003223774661175183,-0.09139940712485728,-0.02049368507952165,-0.0012629008398487018,-0.03136391348454892
2025-01-10,0.0,-0.008836184290068605,0.0,-0.01934470241977404,-0.04382722611177203,0.0,0.0,0.0,0.0,-0.03468872820574764,-0.08862188309732089,0.0,0.0,-0.008836184290068605,0.0,-0.01934470241977404,-0.04382722611177203,0.0,0.0,-0.0560163999235852,-0.08382761462454325,-0.01425210180180303,-0.09404224014038864,-0.017781681500577684,-0.023001209113470034,-0.13545759966354498,-0.08414333741620217,0.0,0.0,-0.08382761462454325,-0.01425210180180303,0.0,-0.0282259146767061
2025-01-13,0.0,-0.007698351546021498,0.0,-0.02325261273336654,-0.04305843045473756,0.0,-0.0043567365234360445,0.0,0.0,-0.03763353940928782,-0.08774536732671256,0.0,0.0,-0.007698351546021498,0.0,-0.02325261273336654,-0.04305843045473756,0.0,0.0,-0.054941376710429646,-0.08605794186177462,-0.016376882638688195,-0.09624770092467982,-0.017781681500577684,-0.0251071312385186,-0.13791759272011006,-0.08647741806562603,0.0,0.0,-0.08605794186177462,-0.016376882638688195,0.0,-0.02494372274849921
2025-01-14,0.0,-0.015834898182256252,0.0,-0.02194862660780461,-0.05033396598870077,0.0,-0.0030951992309723453,-0.007161316531151929,0.0,-0.035667384248793677,-0.09383837076358159,0.0,0.0,-0.015834898182256252,0.0,-0.02194862660780461,-0.05033396598870077,0.0,0.0,-0.06272567005813512,-0.08789525640036511,-0.01829082476003485,-0.09806453080310573,-0.017781681500577684,-0.027004085968831082,-0.1386003007974086,-0.0872652786892596,-0.0027297090897929754,-0.0027444884346550236,-0.08789525640036511,-0.01829082476003485,-0.0011240132389613855,-0.026143765569182853
2025-01-15,0.0,-0.020350148723321082,0.0,-0.023995758606748407,-0.05480676511623339,0.0,-0.010201482602827827,-0.012561916423133535,0.0,-0.03906703548227497,-0.0985964124249219,0.0,0.0,-0.020350148723321082,0.0,-0.023995758606748407,-0.05480676511623339,0.0,0.0,-0.06704620940772943,-0.0860227305426775,-0.016275402925793547,-0.09621288218501889,-0.017781681500577684,-0.025006552219300038,-0.1368228170273439,-0.08538186596575148,-0.006059702534626621,-0.006074432529656448,-0.0860227305426775,-0.016275402925793547,-0.0020896803114451856,-0.027085244703116462
2025-01-16,0.0,-0.021200658116284687,0.0,-0.021357445490372995,-0.05548897120685592,0.0,-0.008135300301769566,-0.013249247108828799,0.0,-0.036948576143363,-0.09932330542309442,0.0,0.0,-0.021200658116284687,0.0,-0.021357445490372995,-0.05548897120685592,0.0,0.0,-0.06783622915276277,-0.08397489985226048,-0.014071298416714506,-0.09418788324980021,-0.017781681500577684,-0.022822010467505205,-0.13655638747633247,-0.08509955857440177,0.0,0.0,-0.08397489985226048,-0.014071298416714506,0.0,-0.023924692348523124
2025-01-17,0.0,-0.015002171172297851,0.0,-0.01814793010525706,-0.0493286615710008,0.0,-0.0073011361803896335,-0.007113994946502555,0.0,-0.03456853370927582,-0.09374194807705383,0.0,0.0,-0.015002171172297851,0.0,-0.01814793010525706,-0.0493286615710008,0.0,0.0,-0.061903273968835215,-0.08727192459233535,-0.01761992532720602,-0.09744814867080598,-0.017781681500577684,-0.026339141173230995,-0.14378667620172703,-0.09276073557606346,-0.007422973977579739,-0.007422973977579739,-0.08727192459233535,-0.01761992532720602,-0.009033220061294256,-0.03274179539893429
2025-01-20,0.0,-0.015002171172297851,0.0,-0.01814793010525706,-0.049377552273784264,0.0,-0.008011536992497126,-0.007304455983311198,0.0,-0.034931124141506564,-0.09388116466289642,0.0,0.0,-0.015002171172297851,0.0,-0.01814793010525706,-0.049377552273784264,0.0,0.0,-0.061903273968835215,-0.09023026814835966,-0.020804025654323488,-0.10037350894545827,-0.017781681500577684,-0.02949498068893397,-0.14802487130484365,-0.09725150545894679,-0.012339322034437328,-0.012339322034437328,-0.09023026814835966,-0.020804025654323488,-0.01478601216913078,-0.0383569537254459
2025-01-21,0.0,-0.03202062621118007,0.0,-0.01550218609512588,-0.0657339499075329,0.0,-0.012891781420729664,-0.02476062621053543,0.0,-0.034846277595797504,-0.1082793643500779,0.0,0.0,-0.03202062621118007,0.0,-0.01550218609512588,-0.0657339499075329,0.0,0.0,-0.07818883359362594,-0.09136721361370992,-0.022027733570452734,-0.10149777833330831,-0.017781681500577684,-0.030707827459027892,-0.14836540897169215,-0.09761233743129882,-0.01799903413420756,-0.01799903413420767,-0.09136721361370992,-0.022027733570452734,-0.0174957834847691,-0.04100189459602277
2025-01-22,0.0,-0.03045519579203948,0.0,-0.013011605099532364,-0.064235160273025,0.0,-0.01219516954918054,-0.0232038058664652,0.0,-0.03160196342311339,-0.10596528777164171,0.0,0.0,-0.03045519579203948,0.0,-0.013011605099532364,-0.064235160273025,0.0,0.0,-0.07669806707558757,-0.09073596599477718,-0.021348314256275258,-0.10087356864537877,-0.017781681500577684,-0.030034438401166708,-0.14938894765446598,-0.09869687379140801,-0.028273760677950066,-0.028273760677950177,-0.09073596599477718,-0.021348314256275258,-0.022926908332283502,-0.046303081452453765
2025-01-23,0.0,-0.03153931697990897,0.0,-0.011913040317609869,-0.06441782653520367,0.0,-0.01439909319673982,-0.02464656164791368,0.0,-0.031092177754515893,-0.10653548588911887,0.0,0.0,-0.03153931697990897,0.0,-0.011913040317609869,-0.06441782653520367,0.0,0.0,-0.07773048062052113,-0.08410577599390645,-0.01421216196333619,-0.09431730022197404,-0.017781681500577684,-0.02296162376516553,-0.14324572946471636,-0.0921875511766419,-0.021398586406416453,-0.021398586406416564,-0.08410577599390645,-0.01421216196333619,-0.014300603977215554,-0.037883158775185666
2025-01-24,0.0,-0.04034860778756888,0.0,-0.009469393378265023,-0.07126508443891932,0.0,-0.019654153351998827,-0.033495031406375664,0.0,-0.02812637833989018,-0.11254272818316702,0.0,0.0,-0.04034860778756888,0.0,-0.009469393378265023,-0.07126508443891932,0.0,0.0,-0.08611960837934629,-0.08111703660322656,-0.010995346238146353,-0.0913618830031121,-0.017781681500577684,-0.019773359220285558,-0.13911265070357182,-0.08780816203278596,-0.025060022814813676,-0.025060022814813787,-0.08111703660322656,-0.010995346238146353,-0.013431734621514702,-0.037035076851511084
2025-01-27,0.0,-0.037196810518760115,0.0,-0.014910132429751144,-0.07463563051741917,0.0,-0.0197200458752671,-0.030195538298552593,0.0,-0.03305591911745931,-0.11370282362964013,0.0,0.0,-0.037196810518760115,0.0,-0.014910132429751144,-0.07463563051741917,0.0,0.0,-0.08311813748512153,-0.0830442346921656,-0.013069612444623568,-0.09326759429864007,-0.017781681500577684,-0.021829215062747043,-0.1465883223802722,-0.0957293455562539,-0.031762825752969515,-0.031762825752969626,-0.0830442346921656,-0.013069612444623568,-0.023123757756870367,-0.04649522131511852
2025-01-28,0.0,-0.04423242158782115,0.0,-0.014894665722412936,-0.07517285821409792,0.0,-0.018843327479909577,-0.026591790210315547,0.0,-0.0330044774021796,-0.11009563836307146,0.0,0.0,-0.04423242158782115,0.0,-0.014894665722412936,-0.07517285821409792,0.0,0.0,-0.08918866181897278,-0.0761347917674785,-0.0056328969110625016,-0.086435186409199,-0.017781681500577684,-0.014458504866218247,-0.14189417480869748,-0.09075545076676306,-0.01867905728656194,-0.01867905728656194,-0.0761347917674785,-0.0056328969110625016,-0.01313771602185565,-0.03674809255639344
2025-01-29,0.0,-0.042316952405941355,0.0,-0.013948790282052204,-0.07333638078229787,0.0,-0.021142433183148568,-0.024955275264353483,0.0,-0.03213442624367535,-0.10904058298030905,0.0,0.0,-0.042316952405941355,0.0,-0.013948790282052204,-0.07333638078229787,0.0,0.0,-0.09163155722004956,-0.07048977905983467,0.0,-0.08085311130124839,-0.017781681500577684,-0.008436636941800968,-0.13330129975657834,-0.08165048425329158,-0.010473282695331987,-0.010473282695331987,-0.07048977905983467,0.0,-0.0020562165834562274,-0.025931714582818177
2025-01-30,0.0,-0.04165050693321515,0.0,-0.015686860638175593,-0.07567271332277359,0.0,-0.021277251254962826,-0.025920155429096203,0.0,-0.03405728680402087,-0.11027562075233877,0.0,0.0,-0.04165050693321515,0.0,-0.015686860638175593,-0.07567271332277359,0.0,0.0,-0.09100543494508584,-0.07790927151842941,-0.007982152634201656,-0.08818988206009326,-0.017781681500577684,-0.016351447052213697,-0.14013487520663925,-0.088891305894791,-0.013863136919716523,-0.013863136919716412,-0.07790927151842941,-0.007982152634201656,-0.008767896763449912,-0.032482819879363856
2025-01-31,0.0,-0.039191023437975425,0.0,-0.01006888250797211,-0.07261159497748115,0.0,-0.023439478096712763,-0.023738611717109448,0.0,-0.029251232732077526,-0.10718688421149125,0.0,0.0,-0.039191023437975425,0.0,-0.01006888250797211,-0.07261159497748115,0.0,0.0,-0.08867261466794352,-0.06830502384561543,0.0,-0.07869271444656212,-0.017781681500577684,-0.00610602972644525,-0.13494576594825303,-0.0833929522301815,-0.008127190003201057,-0.008127190003200946,-0.06830502384561543,0.0,-0.002176501762566674,-0.02604912197602427
2025-02-03,0.0,-0.02423591922153645,0.0,-0.010004556272141363,-0.05974718227354214,0.0,-0.03447802417965318,-0.01048269857117412,0.0,-0.029416813811527498,-0.10348423351915259,0.0,0.0,-0.02423591922153645,0.0,-0.010004556272141363,-0.05974718227354214,0.0,0.0,-0.07448769721254755,-0.06423252558367454,0.0,-0.0746656214438538,-0.01840811502589046,-0.0017616556876376421,-0.13181654583786018,-0.08007724658502824,0.0,0.0,-0.06423252558367454,0.0,0.0,-0.01672057229448387
2025-02-04,0.0,-0.04455109085827191,0.0,-0.02282640980802164,-0.08140816396078565,0.0,-0.048687623999842056,-0.03278898338057645,0.0,-0.041685825930355636,-0.10059365790490216,0.0,0.0,-0.04455109085827191,0.0,-0.02282640980802164,-0.08140816396078565,0.0,0.0,-0.09375663901253395,-0.06413227900202334,0.0,-0.07456649253536884,-0.01835553720408334,-0.0016547167477553026,-0.12406010111110177,-0.07185855737188618,-0.002384684572335427,-0.002384684572335427,-0.06413227900202334,0.0,0.0,-0.012600759168679976
2025-02-05,0.0,-0.05203664490283588,0.0,-0.02482537754869385,-0.08908227034585658,0.0,-0.05343392513111711,-0.036073242549017004,0.0,-0.04065488395864314,-0.09367978145022393,0.0,0.0,-0.05203664490283588,0.0,-0.02482537754869385,-0.08908227034585658,0.0,0.0,-0.10085668757744659,-0.06445599000587832,-0.0003458939726115329,-0.07488659440765355,-0.01852530965554766,-0.002000038363817458,-0.1332833931999674,-0.08163151055737194,-0.013024290443384046,-0.013024290443384046,-0.06445599000587832,-0.0003458939726115329,-0.012183312016290748,-0.024630552204376488
2025-02-06,0.0,-0.04736288731891558,0.0,-0.026061099697083367,-0.08466905973864425,0.0,-0.057487562060605235,-0.035459262516778,0.0,-0.04365216095034807,-0.09859361050285531,0.0,0.0,-0.04736288731891558,0.0,-0.026061099697083367,-0.08466905973864425,0.0,0.0,-0.09642362816341943,-0.06409248953098357,0.0,-0.07452714668667848,-0.018334636361600043,-0.0016122709727334206,-0.13032533233209698,-0.07849716437132692,-0.0037616865474430217,-0.0037616865474431327,-0.06409248953098357,0.0,-0.0053137445721045395,-0.017847546525147306
2025-02-07,0.0,-0.04425922589673237,0.0,-0.025617588934282676,-0.08169566950122864,0.0,-0.059836902250323565,-0.03325564283077265,0.0,-0.047453689429086565,-0.10293681072172378,0.0,0.0,-0.04425922589673237,0.0,-0.025617588934282676,-0.08169566950122864,0.0,0.0,-0.09347980507492681,-0.061725014640548026,0.0,-0.07218606734124067,-0.017093024304197124,0.0,-0.12766742468988446,-0.07568085901002919,-0.006618344361236428,-0.006618344361236428,-0.061725014640548026,0.0,-0.004668423755841089,-0.017210357241076224
2025-02-10,0.0,-0.044238157365226294,0.0,-0.02292478074163451,-0.081564802523177,0.0,-0.062458059738375926,-0.03365957853188206,0.0,-0.048595730327732345,-0.10404747830031635,0.0,0.0,-0.044238157365226294,0.0,-0.02292478074163451,-0.081564802523177,0.0,0.0,-0.09345982157123511,-0.06109284719429564,0.0,-0.0715609480813667,-0.016761905068139016,0.0,-0.12848770581697233,-0.07655002470235761,-0.003082260002506887,-0.003082260002507109,-0.06109284719429564,0.0,-0.0030842872243944663,-0.015646182032552636
2025-02-11,0.0,-0.04525632467307339,0.0,-0.022422932356528813,-0.08242403438681456,0.0,-0.05880476171893423,-0.03415807052506947,0.0,-0.04726185031668184,-0.10432162027664871,0.0,0.0,-0.04525632467307339,0.0,-0.022422932356528813,-0.08242403438681456,0.0,0.0,-0.09442555333803337,-0.06209405941557322,-0.001066359137094297,-0.07255099754761529,-0.01728614753137392,-0.001066359137094297,-0.12951775548326716,-0.07764146006734807,-0.0020989400814757087,-0.0020989400814758197,-0.06209405941557322,-0.001066359137094297,-0.0035424258589574764,-0.016098547772515737
2025-02-12,0.0,-0.04371275936435304,0.0,-0.0266638144348309,-0.08099021204040113,0.0,-0.05074479625106787,-0.03137984232827595,0.0,-0.043371504113782544,-0.10074687865980558,0.0,0.0,-0.04371275936435304,0.0,-0.0266638144348309,-0.08099021204040113,0.0,0.0,-0.09296148152854755,-0.05892772989085748,0.0,-0.06941997018968715,-0.015627347991475582,0.0,-0.128376483739995,-0.07643217435770633,-0.00552951287954262,-0.005529512879542731,-0.05892772989085748,0.0,-0.004831508866692258,-0.017371387355721635
2025-02-13,0.0,-0.051240056710707305,0.0,-0.028238886043962408,-0.08838724478119919,0.0,-0.05103913499537238,-0.03964251935649832,0.0,-0.040904015172471,-0.10784019527862199,0.0,0.0,-0.051240056710707305,0.0,-0.028238886043962408,-0.08838724478119919,0.0,0.0,-0.1001011236182956,-0.06082287920549556,-0.002013819102775427,-0.0712939900303805,-0.01661852221690796,-0.002013819102775538,-0.1321814664040939,-0.08046391455302282,-0.007563170828577159,-0.007563170828577381,-0.06082287920549556,-0.002013819102775427,-0.008883320200174682,-0.02137214279039401
2025-02-14,0.0,-0.06185272924355867,0.0,-0.028432705185070906,-0.09852179804864825,0.0,-0.052952686942479565,-0.050809793829643124,0.0,-0.043361788958330316,-0.11780403509524895,0.0,0.0,-0.06185272924355867,0.0,-0.028432705185070906,-0.09852179804864825,0.0,0.0,-0.11016724430063529,-0.060254961342609215,-0.001410339560422691,-0.07073240401986802,-0.016321198157952965,-0.001410339560422913,-0.12923405460618376,-0.07734085206711316,-0.01691259812131163,-0.01691259812131185,-0.060254961342609215,-0.001410339560422691,-0.011326670064456201,-0.023784704591470862
2025-02-17,0.0,-0.06185272924355867,0.0,-0.028439819785626375,-0.09852179804864825,0.0,-0.053014378818335595,-0.05081347925528101,0.0,-0.04354096020023768,-0.11780687703672488,0.0,0.0,-0.06185272924355867,0.0,-0.028439819785626375,-0.09852179804864825,0.0,0.0,-0.11016724430063529,-0.05540267722654113,0.0,-0.06593421918242193,-0.013781632196364968,0.0,-0.12723236647340586,-0.07521987354609272,-0.013929635492734516,-0.013929635492734738,-0.05540267722654113,0.0,-0.00841476919612505,-0.020909495884704588
2025-02-18,0.0,-0.059036778424352954,0.0,-0.030560605690119313,-0.0961313220615565,0.0,-0.05304344044554887,-0.04791588649246714,0.0,-0.04601992606046468,-0.11522407913678867,0.0,0.0,-0.059036778424352954,0.0,-0.030560605690119313,-0.0961313220615565,0.0,0.0,-0.10749631474034649,-0.055581414161487874,-0.00018922024299405926,-0.06611096333644073,-0.013874938435965434,-0.00018922024299394824,-0.12382229454788685,-0.07160657875220144,-0.009826278332365823,-0.009826278332366156,-0.055581414161487874,-0.00018922024299405926,-0.0032154576613296904,-0.015775699622402106
2025-02-19,0.0,-0.05557727111439037,0.0,-0.030959067912074256,-0.09265013788376009,0.0,-0.05559965670081102,-0.04427296528008973,0.0,-0.047665632705118366,-0.11178843444154063,0.0,0.0,-0.05557727111439037,0.0,-0.030959067912074256,-0.09265013788376009,0.0,0.0,-0.10421497180097616,-0.05801870677937149,-0.002769465347571942,-0.06852108199474904,-0.015147401393016402,-0.00276946534757172,-0.12479507086678399,-0.0726373275708373,-0.007659182023913136,-0.007659182023913358,-0.05801870677937149,-0.002769465347571942,-0.002884974737008883,-0.015449381033820098
2025-02-20,0.0,-0.0644088183183602,0.0,-0.02977196491490608,-0.10122715367275348,0.0,-0.05758435104375137,-0.05339563201725295,0.0,-0.04782658241943394,-0.12052518487593922,0.0,0.0,-0.0644088183183602,0.0,-0.02977196491490608,-0.10122715367275348,0.0,0.0,-0.11259169497713706,-0.05693921961803283,-0.0016266639280538842,-0.06745363029450735,-0.014583093086865007,-0.0016266639280536621,-0.1269833901252544,-0.0749560594793437,-0.01040198840950568,-0.010401988409506013,-0.05693921961803283,-0.0016266639280538842,-0.005485046608362798,-0.01801669002570172
2025-02-21,0.0,-0.06396027023735551,0.0,-0.03268269365548826,-0.10097135260425327,0.0,-0.05834220858628836,-0.053016593941484946,0.0,-0.048874470621952604,-0.12018584371459662,0.0,0.0,-0.06396027023735551,0.0,-0.03268269365548826,-0.10097135260425327,0.0,0.0,-0.1121662470891287,-0.059181660488454524,-0.0040006288084936115,-0.0696710696541889,-0.0157546714158735,-0.0040006288084935004,-0.12788894709706689,-0.07591558302115986,-0.013454634800455834,-0.013454634800456278,-0.059181660488454524,-0.0040006288084936115,-0.007648273815874185,-0.020152658928144218
2025-02-24,0.0,-0.06376419670349809,0.0,-0.03325824164708868,-0.10082575732356924,0.0,-0.05796401799383877,-0.052869358986450954,0.0,-0.050570769308370345,-0.12005066661588448,0.0,0.0,-0.06376419670349809,0.0,-0.03325824164708868,-0.10082575732356924,0.0,0.0,-0.11250199714263864,-0.06229470397771941,-0.0072962590354824775,-0.07274940507544714,-0.017383040242941017,-0.007296259035482144,-0.13427173494751576,-0.08267875242469924,-0.017053168535083985,-0.01705316853508443,-0.06229470397771941,-0.0072962590354824775,-0.013431652440179631,-0.025863162591223676
2025-02-25,0.0,-0.06364324168123281,0.0,-0.041097238536226044,-0.10141488043536906,0.0,-0.061456578742498436,-0.05239302890857489,0.0,-0.05432643867046094,-0.11978527353790713,0.0,0.0,-0.06364324168123281,0.0,-0.041097238536226044,-0.10141488043536906,0.0,0.0,-0.11317815714085722,-0.06759382724721663,-0.012906187352808463,-0.07798944714950107,-0.020159503391085187,-0.01290618735280824,-0.13960784820342587,-0.08833287077419982,-0.021877564519987236,-0.02187756451998757,-0.06759382724721663,-0.012906187352808463,-0.02147161880181725,-0.033801819273013956
2025-02-26,0.0,-0.06424245554992702,0.0,-0.045996606342129986,-0.10214952031607538,0.0,-0.06719680142492312,-0.053053516860047445,0.0,-0.059753182348325606,-0.12046248968829709,0.0,0.0,-0.06424245554992702,0.0,-0.045996606342129986,-0.10214952031607538,0.0,0.0,-0.11377819769470154,-0.06267949981128984,-0.007703623977445839,-0.07312991072803987,-0.017577336318391312,-0.007703623977445506,-0.1357353778382272,-0.08422962095552011,-0.016778385753842162,-0.016778385753842495,-0.06267949981128984,-0.007703623977445839,-0.016094803401633384,-0.02849275582878219
2025-02-27,0.0,-0.07539822272399754,0.0,-0.04459597306193308,-0.11320562771506115,0.0,-0.06674685625278065,-0.06496381999704026,0.0,-0.059902320583448576,-0.13137766198948597,0.0,0.0,-0.07539822272399754,0.0,-0.04459597306193308,-0.11320562771506115,0.0,0.0,-0.12416765557631615,-0.06438358270653421,-0.009507655022379491,-0.0748149943946449,-0.018470376456072857,-0.009507655022379047,-0.13461834742591616,-0.08304602123634197,-0.011694655269532173,-0.011694655269532506,-0.06438358270653421,-0.009507655022379491,-0.012925954305647691,-0.025363836637096848
2025-02-28,0.0,-0.07963419685672635,0.0,-0.038559122634096665,-0.1041772558342372,0.0,-0.06820859367685983,-0.06186638008453982,0.0,-0.0540592164830922,-0.13217915152086246,0.0,0.0,-0.07963419685672635,0.0,-0.038559122634096665,-0.1041772558342372,0.0,0.0,-0.12812507891103064,-0.059895762040236944,-0.00475661396170779,-0.0703772095166122,-0.0161163514263144,-0.0047566139617074565,-0.12678534590196633,-0.07474621283194238,0.0,0.0,-0.059895762040236944,-0.00475661396170779,-0.0016431480228923379,-0.01422320227905749
2025-03-03,0.0,-0.06979673259398311,0.0,-0.036337510636919146,-0.09457760403059112,0.0,-0.07182538293539675,-0.05254162389728678,0.0,-0.056019201767301574,-0.12318721948734157,0.0,0.0,-0.06979673259398311,0.0,-0.036337510636919146,-0.09457760403059112,0.0,0.0,-0.11900591585555675,-0.06603784711559024,-0.011258945619095129,-0.07645081501330453,-0.01933040835201416,-0.011258945619094796,-0.13273179079943664,-0.08104703547131242,0.0,0.0,-0.06603784711559024,-0.011258945619095129,-0.00638865978026848,-0.018908916985646784
2025-03-04,0.0,-0.07027503352866615,0.0,-0.02971239773208001,-0.09038238016718025,0.0,-0.07633339382297366,-0.05329128162271002,0.0,-0.046948243880199914,-0.12276214361245386,0.0,0.0,-0.07027503352866615,0.0,-0.02971239773208001,-0.09038238016718025,0.0,0.0,-0.11942878736957785,-0.06708383059226919,-0.012366278290341537,-0.07748513656949718,-0.0198795549024271,-0.012366278290341315,-0.1456281712839349,-0.09471197435895351,-0.01157632899531269,-0.01157632899531269,-0.06708383059226919,-0.012366278290341537,-0.022353329583924664,-0.03467241982989955
2025-03-05,0.0,-0.05257775320536928,0.0,-0.02499990913150074,-0.07296781130924457,0.0,-0.06849630706680288,-0.03517295368283435,0.0,-0.04412316563612417,-0.10599234092026888,0.0,0.0,-0.05257775320536928,0.0,-0.02499990913150074,-0.07296781130924457,0.0,0.0,-0.10292048450726254,-0.06940815957712099,-0.014826934200340647,-0.08088863597225848,-0.021100523320539355,-0.014826934200340425,-0.14799340293046825,-0.09721816173019626,-0.02046786403500267,-0.02046786403500256,-0.06940815957712099,-0.014826934200340647,-0.029160389943610476,-0.04139370606134618
2025-03-06,0.0,-0.04458539345417145,0.0,-0.030415741752763292,-0.06560057130480679,0.0,-0.06000133274226427,-0.026342129157350902,0.0,-0.041385926502347736,-0.09789755856011151,0.0,0.0,-0.04458539345417145,0.0,-0.030415741752763292,-0.06560057130480679,0.0,0.0,-0.09534381067463726,-0.05336160981586868,0.0,-0.0770365898744767,-0.012660754948691788,0.0,-0.13645851819853383,-0.08499585678755484,-0.020023001876563806,-0.020023001876563806,-0.05336160981586868,0.0,-0.022345837080809172,-0.03466502173801134
2025-03-07,0.0,-0.043986936315067005,0.0,-0.01679938624881161,-0.06423077413384382,0.0,-0.061915031328952486,-0.025651044599426465,0.0,-0.03735631122675387,-0.09684256255828971,0.0,0.0,-0.043986936315067005,0.0,-0.01679938624881161,-0.06423077413384382,0.0,0.0,-0.09482540948541718,-0.05614960413879655,-0.0029451523959275194,-0.07803058916505645,-0.014114687220269762,-0.0029451523959275194,-0.1376363166839356,-0.0862438460465812,-0.0243716436095206,-0.024371643609520488,-0.05614960413879655,-0.0029451523959275194,-0.026137742010591603,-0.03840914578698296
2025-03-10,0.0,-0.0461362572481161,0.0,-0.021999159526426837,-0.06755713844840017,0.0,-0.06282817937029272,-0.027694007702957713,0.0,-0.04216512918083659,-0.09977484024084093,0.0,0.0,-0.0461362572481161,0.0,-0.021999159526426837,-0.06755713844840017,0.0,0.0,-0.09629542824666981,-0.05507588473891567,-0.0018109078829070535,-0.0777215012357848,-0.013553918166704149,-0.0018109078829072756,-0.13146224195457468,-0.07970182800005587,-0.020340894966768497,-0.020340894966768386,-0.05507588473891567,-0.0018109078829070535,-0.0212664197927247,-0.033599205927216436
2025-03-11,0.0,-0.048210811837381407,0.0,-0.015747268794569447,-0.06947654020305027,0.0,-0.06474806507417685,-0.030190667960779516,0.0,-0.03920497365810671,-0.10116627724253058,0.0,0.0,-0.048210811837381407,0.0,-0.015747268794569447,-0.06947654020305027,0.0,0.0,-0.09441901640117067,-0.06070228197032823,-0.007754462771187187,-0.08055095144377478,-0.016490734686743336,-0.007754462771187298,-0.14051934774137775,-0.089298691028743,-0.027151274454998098,-0.027151274454997987,-0.06070228197032823,-0.007754462771187187,-0.03150863762029221,-0.04371236403458567
2025-03-12,0.0,-0.049070901606284134,0.0,-0.017211393426124322,-0.07094866736748484,0.0,-0.06619663684477173,-0.03186059493194593,0.0,-0.044347650142039674,-0.1032289124696738,0.0,0.0,-0.049070901606284134,0.0,-0.017211393426124322,-0.07094866736748484,0.0,0.0,-0.09363686961319295,-0.062035660748751886,-0.009163003553231963,-0.08170937783456067,-0.01718880429639935,-0.009163003553232185,-0.1379881663645084,-0.08661666417089464,-0.0235171838973649,-0.0235171838973649,-0.062035660748751886,-0.009163003553231963,-0.027034823233828886,-0.03929492310577154
2025-03-13,0.0,-0.04558882367852468,0.0,-0.013735600706890283,-0.06740449232039647,0.0,-0.06563418267383525,-0.036075066804677314,0.0,-0.04157312738279395,-0.10692054763738645,0.0,0.0,-0.04558882367852468,0.0,-0.013735600706890283,-0.06740449232039647,0.0,0.0,-0.09693623103236604,-0.05662637439677776,-0.004635726318990008,-0.08049542353745354,-0.014747282170129883,-0.004635726318990563,-0.13045449491864158,-0.08007690315369109,-0.013205240225143133,-0.01522261057019958,-0.05662637439677776,-0.004635726318990008,-0.015833309018877362,-0.030163313243138257
2025-03-14,0.0,-0.04652211263882222,0.0,-0.01743452840611648,-0.06884482687052373,0.0,-0.0617904442568622,-0.03748441317082796,0.0,-0.045874419900926666,-0.10893711123559802,0.0,0.0,-0.04652211263882222,0.0,-0.01743452840611648,-0.06884482687052373,0.0,0.0,-0.0961488993506473,-0.049668499577080305,-0.002919628203056579,-0.07840147730132196,-0.01296993469909824,-0.002919628203057023,-0.1267267676230558,-0.0792363003203983,-0.019601233935708118,-0.017021790715403995,-0.049668499577080305,-0.002919628203056579,-0.01702211865498071,-0.03065089720481229
2025-03-17,0.0,-0.05466334608518053,0.0,-0.018324972512114845,-0.07743035376533847,0.0,-0.05982920376002143,-0.029083998898371877,0.0,-0.04874936011988795,-0.10201398393102024,0.0,0.0,-0.05466334608518053,0.0,-0.018324972512114845,-0.07743035376533847,0.0,0.0,-0.0880589078566818,-0.04580680789296143,-0.0017222805086376525,-0.07701390217009285,-0.011906372273571497,-0.0017222805086380966,-0.12192519408233504,-0.07773637872834505,-0.017008081439727873,-0.016379877756280248,-0.04580680789296143,-0.0017222805086376525,-0.012253657202891843,-0.029317245277813098
2025-03-18,0.0,-0.05392154289637063,0.0,-0.018998867364727334,-0.07675557746366968,0.0,-0.061006250486683844,-0.02852900657460522,0.0,-0.047641582549048156,-0.10115003723356508,0.0,0.0,-0.05392154289637063,0.0,-0.018998867364727334,-0.07675557746366968,0.0,0.0,-0.08878124855310021,-0.04006615533467084,0.0,-0.074486838054581,-0.010162445322098312,0.0,-0.12433709528234815,-0.07889538115285488,-0.016237158905268112,-0.016274523242570504,-0.04006615533467084,0.0,-0.013812815065940232,-0.03012501331425954
2025-03-19,0.0,-0.049743658327496165,0.0,-0.018884971949628127,-0.07246987291559526,0.0,-0.06309373527412077,-0.024040548686418473,0.0,-0.04816912558956821,-0.09705411610486359,0.0,0.0,-0.049743658327496165,0.0,-0.018884971949628127,-0.07246987291559526,0.0,0.0,-0.0929510335187177,-0.03631441998423257,0.0,-0.07260824127706789,-0.008944671822871841,0.0,-0.11669115387297913,-0.07522059655461955,-0.04645407497608012,-0.030830246569172992,-0.03631441998423257,0.0,-0.024764222415734505,-0.035435605251784574
2025-03-20,0.0,-0.04874815788760667,0.0,-0.0229934662323511,-0.07183898829380031,0.0,-0.06472849559159677,-0.02297705446424614,0.0,-0.04841275329303385,-0.09603095746371026,0.0,0.0,-0.04874815788760667,0.0,-0.0229934662323511,-0.07183898829380031,0.0,0.0,-0.09455378467614817,-0.026734954863816607,0.0,-0.06695765377130336,-0.005536208393508213,0.0,-0.11442698300847942,-0.07406292526719604,-0.036880489019020524,-0.025678725836752014,-0.026734954863816607,0.0,-0.01852436603244101,-0.03223488805452568
2025-03-21,0.0,-0.04517648265318186,0.0,-0.02718934480120916,-0.06865599428220659,0.0,-0.06069942012443119,-0.01880895034455321,0.0,-0.04607899144779315,-0.09238395690106904,0.0,0.0,-0.04517648265318186,0.0,-0.02718934480120916,-0.06865599428220659,0.0,0.0,-0.09098053227815706,-0.03766887665822749,-0.007141208899261842,-0.0744068577642496,-0.009765445323869137,-0.007141208899261953,-0.12129747663670065,-0.07869897622510125,-0.039113760631951155,-0.02729204514758754,-0.03766887665822749,-0.007141208899261842,-0.02413479504890692,-0.035886715688695836
2025-03-24,0.0,-0.045075121053759326,0.0,-0.025670562884393844,-0.06835039980980051,0.0,-0.06363468470886902,-0.018794906157510338,0.0,-0.046705675042967965,-0.0924435513028099,0.0,0.0,-0.045075121053759326,0.0,-0.025670562884393844,-0.06835039980980051,0.0,0.0,-0.09091715570744785,-0.04107014253064967,-0.009716557987532792,-0.077053084766046,-0.011204940681729503,-0.009716557987532792,-0.12283948861189775,-0.079976251740141,-0.038684254581974664,-0.027188649149655353,-0.04107014253064967,-0.009716557987532792,-0.02471499307646141,-0.036481523281776895
2025-03-25,0.0,-0.048929019962010045,0.0,-0.025212024091297303,-0.07236942588094264,0.0,-0.06518612754381037,-0.022831972099654596,0.0,-0.046433714486899036,-0.09623883332953997,0.0,0.0,-0.048929019962010045,0.0,-0.025212024091297303,-0.07236942588094264,0.0,0.0,-0.09464192265998117,-0.038051502753613686,-0.007419247151711494,-0.07469408208218453,-0.009921545810833488,-0.007419247151711383,-0.11817409610248053,-0.07632922599900394,-0.03738113967444456,-0.02636763686863708,-0.038051502753613686,-0.007419247151711494,-0.0212441887387399,-0.034017542968854064
2025-03-26,0.0,-0.04671616414607782,0.0,-0.0296242820507312,-0.07118648377010695,0.0,-0.062439201916842935,-0.020352991615916083,0.0,-0.05019957457584556,-0.09482200109724082,0.0,0.0,-0.04671616414607782,0.0,-0.0296242820507312,-0.07118648377010695,0.0,0.0,-0.09251542013388592,-0.03733790293718364,-0.0069122737543940715,-0.07416998887200921,-0.00963056947362595,-0.0069122737543938495,-0.11703754289407053,-0.07546322628663804,-0.03266377884702354,-0.022513151930851683,-0.03733790293718364,-0.0069122737543940715,-0.01743444585622933,-0.031015458235289284
2025-03-27,0.0,-0.0479080891071878,0.0,-0.02555095700827048,-0.0716462229447572,0.0,-0.05589663248823118,-0.02118293945873473,0.0,-0.044768775618236,-0.09507220292533247,0.0,0.0,-0.0479080891071878,0.0,-0.02555095700827048,-0.0716462229447572,0.0,0.0,-0.09365577581913509,-0.04216042992346347,-0.011633061647272847,-0.07880800279921707,-0.01202674631951095,-0.011633061647272847,-0.12331392886043824,-0.08168829265281785,-0.03096834827204553,-0.021130366623996144,-0.04216042992346347,-0.011633061647272847,-0.020799794247523762,-0.03427991626908522
2025-03-28,0.0,-0.049390487814206074,0.0,-0.022052279011191,-0.07233752674460847,0.0,-0.061034768116145055,-0.022839980946409932,0.0,-0.04213155091645382,-0.09608014895061201,0.0,0.0,-0.049390487814206074,0.0,-0.022052279011191,-0.07233752674460847,0.0,0.0,-0.09569172463222786,-0.04043155400546283,-0.009849084610565662,-0.07714527481264188,-0.011135113096537808,-0.009849084610565662,-0.12557214434666308,-0.0840537297083166,-0.031569826942795975,-0.021737951737310968,-0.04043155400546283,-0.009849084610565662,-0.02282796674279186,-0.03628016800559897
2025-03-31,0.0,-0.04210888796252199,0.0,-0.013013689113506755,-0.0630667690528316,0.0,-0.06595294394529161,-0.014985138307575974,0.0,-0.03426384892261325,-0.0874220344322818,0.0,0.0,-0.04210888796252199,0.0,-0.013013689113506755,-0.0630667690528316,0.0,0.0,-0.10357083715480997,-0.03891659815352544,-0.008285845500492828,-0.07568828216949419,-0.010354508725144096,-0.008285845500492939,-0.1256077132882576,-0.08409098748685273,-0.027588559401341306,-0.017716264838099627,-0.03891659815352544,-0.008285845500492828,-0.02157653824901473,-0.03504596725411413
2025-04-01,0.0,-0.03633662912094393,0.0,-0.018551953947385957,-0.06147475026863458,0.0,-0.06265593427195149,-0.00911478531652743,0.0,-0.03779548110294595,-0.09414135284007574,0.0,0.0,-0.03633662912094393,0.0,-0.018551953947385957,-0.06147475026863458,0.0,0.0,-0.09801387639109149,-0.03145107801964431,-0.000582391280758543,-0.06850839775343998,-0.006510816114116635,-0.000582391280758654,-0.12390538221635272,-0.08230782860641206,-0.024695912034852996,-0.014794250204138493,-0.03145107801964431,-0.000582391280758543,-0.018128620795132333,-0.03164551542342653
2025-04-02,0.0,-0.03170131700678647,0.0,-0.016175757515951128,-0.05646488719811926,0.0,-0.060769452985237615,-0.004324356834226717,0.0,-0.03591840688819847,-0.09333674699250649,0.0,0.0,-0.03170131700678647,0.0,-0.016175757515951128,-0.05646488719811926,0.0,0.0,-0.09359669741824184,-0.029704397603161903,0.0,-0.06682854648022274,-0.005614987280849082,0.0,-0.12120672834010082,-0.0794810408539629,-0.02275076359758066,-0.012829353872569227,-0.029704397603161903,0.0,-0.015745543088377723,-0.02929524426438823
2025-04-03,0.0,-0.006072047057370411,0.0,-0.009499940791785844,-0.030898712945017448,0.0,-0.07259005987646794,0.0,0.0,-0.04192090857118469,-0.10443751972156579,0.0,0.0,-0.006072047057370411,0.0,-0.009499940791785844,-0.030898712945017448,0.0,0.0,-0.06966188187069466,-0.02699103883247489,0.0,-0.06421900260337943,-0.004224625782231151,0.0,-0.1207303545331081,-0.07898204850261148,-0.0339936160040476,-0.024186348036376537,-0.02699103883247489,0.0,-0.027238246329818083,-0.040629733648088195
2025-04-04,0.0,-0.030852760985516592,0.0,0.0,-0.05114114758402022,0.0,-0.0789044313981847,0.0,0.0,0.0,-0.07997622636508361,0.0,0.0,-0.030852760985516592,0.0,0.0,-0.05114114758402022,0.0,0.0,-0.09320931258628595,-0.046021234844813574,-0.019558089156243907,-0.08252109078118142,-0.013962357556502769,-0.019558089156243907,-0.13331554404987445,-0.09216479116602239,-0.03967644728941333,-0.029926873608399185,-0.046021234844813574,-0.019558089156243907,-0.03285857985366625,-0.04617269506635635
2025-04-07,0.0,-0.04351962487332883,0.0,-0.01220256567486222,-0.06328940214596956,0.0,-0.06823944622532907,-0.01269098190405038,0.0,-0.009756194204639246,-0.0925756517941061,0.0,0.0,-0.04351962487332883,0.0,-0.01220256567486222,-0.06328940214596956,0.0,0.0,-0.10500856706632244,-0.05529756565137156,-0.02909174318901564,-0.09367338795029445,-0.018756390554468094,-0.02909174318901575,-0.1387087275045592,-0.09781404654870507,-0.03703088816312028,-0.027254455749383566,-0.05529756565137156,-0.02909174318901564,-0.031001632441452154,-0.044341311249367354
2025-04-08,0.0,-0.03934108293532368,0.0,-0.013026763997372015,-0.05941755840662344,0.0,-0.06588625678920279,-0.01159964168361971,0.0,-0.00908641061301596,-0.09635265314529862,0.0,0.0,-0.03934108293532368,0.0,-0.013026763997372015,-0.05941755840662344,0.0,0.0,-0.10110093871020898,-0.04672566205840112,-0.02028205701440433,-0.09161746429122442,-0.014304657757153283,-0.020282057014404553,-0.131210501532376,-0.08995979983341273,-0.029564470396966303,-0.01971223604133321,-0.04672566205840112,-0.02028205701440433,-0.023904032311664936,-0.03734141995914908
2025-04-09,0.0,-0.03376799463899405,0.0,-0.01571763733474374,-0.0544520850522886,0.0,-0.0712541150442757,-0.017599698240448935,0.0,-0.002829757312443948,-0.10141639613313791,0.0,0.0,-0.03376799463899405,0.0,-0.01571763733474374,-0.0544520850522886,0.0,0.0,-0.09588541866227351,-0.07198909871918346,-0.04624629544286485,-0.09785677231552203,-0.027365982736985983,-0.04624629544286496,-0.15657969542358885,-0.11653353987924109,-0.0526368218055796,-0.043018826826266676,-0.07198909871918346,-0.04624629544286485,-0.04807938614792451,-0.061183964715393446
2025-04-10,0.0,-0.017394055590991275,0.0,-0.015232961707542736,-0.038558515477422284,0.0,-0.06376902609225199,-0.03469006570682043,0.0,-0.00510050937315476,-0.11705359268909543,0.0,0.0,-0.017394055590991275,0.0,-0.015232961707542736,-0.038558515477422284,0.0,0.0,-0.08018425841869536,-0.05738622428653428,-0.031238340721536195,-0.09346248737679219,-0.019713458179671073,-0.03123834072153653,-0.1424180147239026,-0.10169945318577933,-0.04316887943401859,-0.03345476226599253,-0.05738622428653428,-0.031238340721536195,-0.03749070546597855,-0.05074105269934592
2025-04-11,0.0,-0.02756703252425119,0.0,-0.024208753851219122,-0.045563093156464785,0.0,-0.06887957488499596,-0.04453154508152857,0.0,-0.016034910052813656,-0.1263728055047677,0.0,0.0,-0.02756703252425119,0.0,-0.024208753851219122,-0.045563093156464785,0.0,0.0,-0.07079260993787173,-0.06650204938970039,-0.04060703666060328,-0.09718969099902508,-0.024453533540578,-0.0406070366606035,-0.15285916300202318,-0.11263635411028339,-0.06396638556761935,-0.05446341267264432,-0.06650204938970039,-0.04060703666060328,-0.057963455529733254,-0.07093196543570301
2025-04-14,0.0,-0.023126779472510628,0.0,-0.01991392112076351,-0.03922169201335246,0.0,-0.0740941914615767,-0.04964275164650367,0.0,-0.01847720730629343,-0.13063011580099437,0.0,0.0,-0.023126779472510628,0.0,-0.01991392112076351,-0.03922169201335246,0.0,0.0,-0.06600093794766826,-0.0732561010176126,-0.0475484440858831,-0.10051192234028783,-0.0279826742288819,-0.047548444085883323,-0.15529286300066947,-0.11518560779926079,-0.06765742529080532,-0.058191925249264975,-0.0732561010176126,-0.0475484440858831,-0.06147311809324296,-0.07439331236433766
2025-04-15,0.0,-0.020755497067305617,0.0,-0.019734175514736663,-0.036947874281268334,0.0,-0.07830807285615393,-0.05389095555347545,0.0,-0.010350710574646316,-0.12470868709721583,0.0,0.0,-0.020755497067305617,0.0,-0.019734175514736663,-0.036947874281268334,0.0,0.0,-0.06823323277683924,-0.07047918789252083,-0.044694500046395746,-0.0992482524963304,-0.026526388585828675,-0.04469450004639597,-0.14924619094557734,-0.10885183574393165,-0.061312138925412096,-0.05178221909871494,-0.07047918789252083,-0.044694500046395746,-0.055042005211911826,-0.06805073315146937
2025-04-16,0.0,-0.02627493326867758,0.0,-0.013463900493226877,-0.04208664115565941,0.0,-0.07683568316549172,-0.052752865240941804,0.0,-0.01629368572451373,-0.13044905588982603,0.0,0.0,-0.02627493326867758,0.0,-0.013463900493226877,-0.04208664115565941,0.0,0.0,-0.06328383872895205,-0.07802555735509209,-0.052450204015983326,-0.10403777753540644,-0.030477990012126366,-0.05245020401598355,-0.15341816886114734,-0.11322190193841541,-0.06641481217793532,-0.056936696650638385,-0.07802555735509209,-0.052450204015983326,-0.06010236821549597,-0.0730414328621325
2025-04-17,0.0,-0.027512808291090707,0.0,-0.012162945048966534,-0.043358199920842444,0.0,-0.07476385153855147,-0.0514952781794088,0.0,-0.01422658092888962,-0.13053794998436508,0.0,0.0,-0.027512808291090707,0.0,-0.012162945048966534,-0.043358199920842444,0.0,0.0,-0.06455459902912486,-0.07978293093331601,-0.054256326722309844,-0.10545108837747008,-0.0314019919611237,-0.05425632672231018,-0.1542328599701439,-0.11407527512169269,-0.06602599082907046,-0.0565439278380474,-0.07978293093331601,-0.054256326722309844,-0.059800966063112915,-0.07274417995090332
2025-04-18,0.0,-0.02827464709542893,0.0,-0.008025657029585576,-0.04364637917433478,0.0,-0.07679880260536232,-0.05258431570360145,0.0,-0.019303743968720366,-0.13281639811253465,0.0,0.0,-0.02827464709542893,0.0,-0.008025657029585576,-0.04364637917433478,0.0,0.0,-0.06526076415034965,-0.07978293093331601,-0.054256326722309844,-0.10566860135022593,-0.0314019919611237,-0.05425632672231018,-0.1542328599701439,-0.11407527512169269,-0.06602599082907046,-0.0565439278380474,-0.07978293093331601,-0.054256326722309844,-0.059800966063112915,-0.07274417995090332
2025-04-21,0.0,-0.036736359675473396,0.0,-0.0069573391924315775,-0.052006688417223,0.0,-0.08030674788559178,-0.06115368717074576,0.0,-0.02682518311328541,-0.140992560789446,0.0,0.0,-0.036736359675473396,0.0,-0.0069573391924315775,-0.052006688417223,0.0,0.0,-0.07363916048837471,-0.07978293093331601,-0.054256326722309844,-0.10588606143387458,-0.0314019919611237,-0.05425632672231018,-0.1542328599701439,-0.11407527512169269,-0.06602599082907046,-0.0565439278380474,-0.07978293093331601,-0.054256326722309844,-0.059800966063112915,-0.07274417995090332
2025-04-22,0.0,-0.03566732857652943,0.0,-0.007291646567474719,-0.05095438319131251,0.0,-0.07994139518673427,-0.06010184378032157,0.0,-0.024504492190531746,-0.1397954543520169,0.0,0.0,-0.03566732857652943,0.0,-0.007291646567474719,-0.05095438319131251,0.0,0.0,-0.0750258350446521,-0.06404258985056799,-0.04037896403372543,-0.09195666087114518,-0.023903103674741022,-0.040378964033725984,-0.14168639593501464,-0.10367268065849322,-0.06012730328793603,-0.05435291751112903,-0.06404258985056799,-0.04037896403372543,-0.053794171751821884,-0.07047387776143177
2025-04-23,0.0,-0.02495954566825409,0.0,-0.012015448084745306,-0.04083339957291854,0.0,-0.07867639926205017,-0.049768367572181726,0.0,-0.012393601522863396,-0.12934793177472914,0.0,0.0,-0.02495954566825409,0.0,-0.012015448084745306,-0.04083339957291854,0.0,0.0,-0.06482667198339342,-0.0533944290201076,-0.03788295549828036,-0.08162607166780889,-0.021206013055205863,-0.0378829554982808,-0.13031686950840649,-0.1009815885037798,-0.04924642567195936,-0.051993616880717575,-0.0533944290201076,-0.03788295549828036,-0.042324012358491925,-0.0680231614560125
2025-04-24,0.0,-0.026944700596885918,0.0,-0.009779688147016796,-0.04223475942278754,0.0,-0.08156374537987887,-0.05167831867124972,0.0,-0.012450851234530824,-0.1311779587373978,0.0,0.0,-0.026944700596885918,0.0,-0.009779688147016796,-0.04223475942278754,0.0,0.0,-0.06672318202063532,-0.04332954974842995,-0.034792210781414146,-0.07186136818592304,-0.01842338594009374,-0.0347922107814147,-0.12426968597176735,-0.09922796857185323,-0.04220714699048356,-0.05009103518097935,-0.04332954974842995,-0.034792210781414146,-0.03562707512805874,-0.06627230343439838
2025-04-25,0.0,-0.026186391658680974,0.0,-0.009201415246060551,-0.041335445039275,0.0,-0.08205990443138544,-0.05101003738844534,0.0,-0.01102562704451071,-0.1303899204928951,0.0,0.0,-0.026186391658680974,0.0,-0.009201415246060551,-0.041335445039275,0.0,0.0,-0.06598663681631234,-0.04070103807106362,-0.03384877033603495,-0.0693112494576853,-0.017654082080729383,-0.03384877033603528,-0.12309147680461796,-0.09888248328534288,-0.0416551071589909,-0.05006170343748162,-0.04070103807106362,-0.03384877033603495,-0.035167475134534776,-0.06627827048163015
2025-04-28,0.0,-0.029235011316138815,0.0,-0.01094454187879279,-0.04440360591499071,0.0,-0.07724883062085475,-0.05427636218836018,0.0,-0.01482092506046373,-0.133579321210346,0.0,0.0,-0.029235011316138815,0.0,-0.01094454187879279,-0.04440360591499071,0.0,0.0,-0.06895429878757764,-0.039181336318950155,-0.033239217447750824,-0.06783687141600858,-0.017188123285332035,-0.03323921744775116,-0.11903658051689137,-0.09704256224791297,-0.036897741279127816,-0.048011449590594335,-0.039181336318950155,-0.033239217447750824,-0.030474145852254608,-0.06430478725245026
2025-04-29,0.0,-0.029404964891558083,0.0,-0.013816939363211822,-0.045132226297676326,0.0,-0.0772470789339823,-0.05460733735157597,0.0,-0.016370849335645588,-0.13430112062632804,0.0,0.0,-0.029404964891558083,0.0,-0.013816939363211822,-0.045132226297676326,0.0,0.0,-0.06910920682499555,-0.03814001004301304,-0.03278048177094772,-0.06682660174083865,-0.016855145550070283,-0.032780481770947834,-0.12146559123856848,-0.0985514841969033,-0.0399195181874209,-0.049844330332861064,-0.03814001004301304,-0.03278048177094772,-0.0333489620414219,-0.06601511627518253
2025-04-30,0.0,-0.02862975507864196,0.0,-0.02291803811686899,-0.04490743001507247,0.0,-0.0802397190651114,-0.05497907465542373,0.0,-0.02083349785307076,-0.1347257233633693,0.0,0.0,-0.02862975507864196,0.0,-0.02291803811686899,-0.04490743001507247,0.0,0.0,-0.0683841193753163,-0.038803160935297454,-0.03331485207442142,-0.06746997476619898,-0.017149172743413765,-0.03331485207442164,-0.12031111011097162,-0.09795049331035854,-0.03954913281935801,-0.04980494835395566,-0.038803160935297454,-0.03331485207442142,-0.032415915513570814,-0.065635684556831
2025-05-01,0.0,-0.03700204010446129,0.0,-0.03178642657835318,-0.053519896188736316,0.0,-0.0762991477676993,-0.05995075929441318,0.0,-0.018128717145363793,-0.139381436532941,0.0,0.0,-0.03700204010446129,0.0,-0.03178642657835318,-0.053519896188736316,0.0,0.0,-0.07641375969830255,-0.03918453523301102,-0.033494578206703984,-0.06783997492539251,-0.017444408926821642,-0.03349457820670432,-0.12068663953230718,-0.0981183432106516,-0.039894409699483324,-0.049965563607022645,-0.03918453523301102,-0.033494578206703984,-0.03281841346851644,-0.06579011247317446
2025-05-02,0.0,-0.03083135259846248,0.0,-0.032336843620058064,-0.04800020744629441,0.0,-0.08288812440770288,-0.05667195655266477,0.0,-0.025527284677007933,-0.1365584942038942,0.0,0.0,-0.03083135259846248,0.0,-0.032336843620058064,-0.04800020744629441,0.0,0.0,-0.07049561416623906,-0.05494127561653672,-0.04586711214360073,-0.08312678498372505,-0.03002240602991546,-0.04586711214360095,-0.133430939978464,-0.1083592442181398,-0.05116897017854871,-0.058775768560080044,-0.05494127561653672,-0.04586711214360073,-0.044440669779109876,-0.07464521353042097
2025-05-05,0.0,-0.030655808423163067,0.0,-0.03279697338265397,-0.047815652635309625,0.0,-0.08297561557535937,-0.05673814308289582,0.0,-0.025336234212103403,-0.13636091460971955,0.0,0.0,-0.030655808423163067,0.0,-0.03279697338265397,-0.047815652635309625,0.0,0.0,-0.07032725432372255,-0.06351806557181716,-0.053314990208781166,-0.09144778004775922,-0.03759396648841373,-0.05331499020878128,-0.13788511249380497,-0.11236414491207958,-0.056422602889149576,-0.06336811079707694,-0.06351806557181716,-0.053314990208781166,-0.0491787076586252,-0.07869869024818199
2025-05-06,0.0,-0.02620174705658418,0.0,-0.031247191733935864,-0.04354922659020344,0.0,-0.0816525249432476,-0.05317352401173858,0.0,-0.02035289656772199,-0.13190311830575652,0.0,0.0,-0.02620174705658418,0.0,-0.031247191733935864,-0.04354922659020344,0.0,0.0,-0.06563479566848807,-0.06474567823926225,-0.054549827579170596,-0.09263878029372741,-0.038849310053989505,-0.05454982757917071,-0.1398566327631472,-0.11435061102156219,-0.05522563473483466,-0.06243082714594772,-0.06474567823926225,-0.054549827579170596,-0.0488142934225525,-0.07852484587709774
2025-05-07,0.0,-0.02530718272903243,0.0,-0.028579610018930723,-0.04088140764713477,0.0,-0.08299575334859355,-0.053600132155535274,0.0,-0.020576433648547443,-0.13226964158006016,0.0,0.0,-0.02530718272903243,0.0,-0.028579610018930723,-0.04088140764713477,0.0,0.0,-0.06688996034115702,-0.06056264512946108,-0.05032119234821231,-0.08858050230851022,-0.03455045244274302,-0.05032119234821242,-0.13617355097894024,-0.11055831399761462,-0.05313707296117953,-0.06035819350285487,-0.06056264512946108,-0.05032119234821231,-0.04661341470441427,-0.07639271222330302
2025-05-08,0.0,-0.035974961680495965,0.0,-0.028012012884330306,-0.050871433096956076,0.0,-0.09028569554241073,-0.044990069440050906,0.0,-0.022631811280547365,-0.12468862820041804,0.0,0.0,-0.035974961680495965,0.0,-0.028012012884330306,-0.050871433096956076,0.0,0.0,-0.07666850136018444,-0.061742374036054426,-0.05151378229107251,-0.08972504688286076,-0.035762847003386944,-0.05151378229107273,-0.13389608444714562,-0.10821331324642325,-0.04757288608177279,-0.054836441133265024,-0.061742374036054426,-0.05151378229107251,-0.04154956337576676,-0.07148703171185922
2025-05-09,0.0,-0.037061673704270826,0.0,-0.029366053448286245,-0.05210852628680518,0.0,-0.09159802063368228,-0.046280916482237866,0.0,-0.024388566660369926,-0.12599078562381005,0.0,0.0,-0.037061673704270826,0.0,-0.029366053448286245,-0.05210852628680518,0.0,0.0,-0.07770934096664417,-0.051769819956782204,-0.04143251054033259,-0.08004991507922499,-0.025514161687748893,-0.04143251054033292,-0.12780609921965302,-0.10194274033839401,-0.04196412258998894,-0.04927045210873249,-0.051769819956782204,-0.04143251054033259,-0.03513811979886605,-0.06527585137418057
2025-05-12,0.0,-0.025158582706728327,0.0,-0.01894433831000808,-0.038789669385978165,0.0,-0.09605731122038774,-0.03480524415052055,0.0,-0.015148606198061354,-0.11445757929850953,0.0,0.0,-0.025158582706728327,0.0,-0.01894433831000808,-0.038789669385978165,0.0,0.0,-0.06630870466329086,-0.04549272174241059,-0.03508698136073218,-0.0739600255598849,-0.019063256154114194,-0.035086981360732516,-0.119797807618921,-0.09369697709344371,-0.027608651000404327,-0.0350244605587825,-0.04549272174241059,-0.03508698136073218,-0.021524818118002553,-0.05208776499130985
2025-05-13,0.0,-0.03173904853691456,0.0,-0.011950085578381064,-0.04122471177015441,0.0,-0.09698324008983183,-0.04125092718325485,0.0,-0.009235777667145229,-0.11792856367446736,0.0,0.0,-0.03173904853691456,0.0,-0.011950085578381064,-0.04122471177015441,0.0,0.0,-0.07261139508648307,-0.04223495730591975,-0.03179370179332197,-0.07079942095872671,-0.01571528709055503,-0.031793701793322304,-0.11767307576755437,-0.09150924009798089,-0.025249486600464,-0.03268328800330367,-0.04223495730591975,-0.03179370179332197,-0.01938185791117175,-0.05001174074786974
2025-05-14,0.0,-0.032683658131838045,0.0,-0.01728499874247258,-0.043941498425338565,0.0,-0.09700836553482461,-0.04209852076642706,0.0,-0.014651199659694747,-0.1200023082592101,0.0,0.0,-0.032683658131838045,0.0,-0.01728499874247258,-0.043941498425338565,0.0,0.0,-0.07351613070873475,-0.04758544405427256,-0.03720251787795881,-0.07599033434885982,-0.021213924103046677,-0.03720251787795903,-0.12168394548042583,-0.09563904501862808,-0.033800800961933386,-0.04116938693598127,-0.04758544405427256,-0.03720251787795881,-0.02688855695299519,-0.057283965938687564
2025-05-15,0.0,-0.0312404540620832,0.0,-0.02376320362219153,-0.04594662779825465,0.0,-0.09835970646930492,-0.04055923235909542,0.0,-0.01930888129183639,-0.11963881934415066,0.0,0.0,-0.0312404540620832,0.0,-0.02376320362219153,-0.04594662779825465,0.0,0.0,-0.0721338473409785,-0.04887594709852627,-0.03850708958354809,-0.07724234932384988,-0.022540160039627666,-0.038507089583548315,-0.1209085547329326,-0.09484066143759451,-0.030512233850009896,-0.03790589963112001,-0.04887594709852627,-0.03850708958354809,-0.024003589915257972,-0.05448911165591663
2025-05-16,0.0,-0.028931565748082422,0.0,-0.020524363160082326,-0.04252949085869839,0.0,-0.09773230924240961,-0.03812564557073583,0.0,-0.015425078757599908,-0.11699043280436205,0.0,0.0,-0.028931565748082422,0.0,-0.020524363160082326,-0.04252949085869839,0.0,0.0,-0.06992242209534938,-0.05524183006612127,-0.04582520589687322,-0.08341837567260835,-0.029979803871567956,-0.04582520589687333,-0.12645633332736061,-0.10166267970897658,-0.036061423785976765,-0.04507436440743251,-0.05524183006612127,-0.04582520589687322,-0.0299566592316316,-0.061824114709754796
2025-05-19,0.0,-0.0366456280581412,0.0,-0.0243971474859902,-0.047565807409681304,0.0,-0.09688415029795983,-0.0459608759479011,0.0,-0.019454317695137946,-0.12430985447058085,0.0,0.0,-0.0366456280581412,0.0,-0.0243971474859902,-0.047565807409681304,0.0,0.0,-0.07731085748885713,-0.0565117181042859,-0.046233453728261154,-0.08465039046515166,-0.030394831227057995,-0.046233453728261154,-0.12817642297739051,-0.10221504401443893,-0.040195018991152964,-0.046263022267091336,-0.0565117181042859,-0.046233453728261154,-0.033842238166546634,-0.06291916922932017
2025-05-20,0.0,-0.03683725280545391,0.0,-0.03127101781681907,-0.054985828418810834,0.0,-0.09819583680911304,-0.04639627187586437,0.0,-0.026349318298820923,-0.12593511571324612,0.0,0.0,-0.03683725280545391,0.0,-0.03127101781681907,-0.054985828418810834,0.0,0.0,-0.07749439334952446,-0.05120480233252478,-0.04457749089867258,-0.07950174858720971,-0.028711368827227135,-0.04457749089867247,-0.12211397492603682,-0.1002961453593686,-0.033612147218324395,-0.04430183086932882,-0.05120480233252478,-0.04457749089867258,-0.02692152648840085,-0.06089301956264359
2025-05-21,0.0,-0.046246846358731886,0.0,-0.03641384921850199,-0.062237645306576606,0.0,-0.09331117562442226,-0.05588868919597256,0.0,-0.02498432455830535,-0.13434213519248794,0.0,0.0,-0.046246846358731886,0.0,-0.03641384921850199,-0.062237645306576606,0.0,0.0,-0.08650678801956846,-0.06172079269338282,-0.048900994686702504,-0.08970410918393368,-0.03310667042012738,-0.048900994686702504,-0.13239939123303102,-0.10462286416065636,-0.0461052331324836,-0.04940884328924422,-0.06172079269338282,-0.048900994686702504,-0.03944404831039894,-0.06588288301774725
2025-05-22,0.0,-0.04145528333701476,0.0,-0.03801352268565206,-0.05819999278714383,0.0,-0.09405430955504068,-0.0509587338389903,0.0,-0.027004036180700575,-0.13000362757539563,0.0,0.0,-0.04145528333701476,0.0,-0.03801352268565206,-0.05819999278714383,0.0,0.0,-0.08191748702653456,-0.05790298821609996,-0.047150089211179136,-0.0860001672223657,-0.031326688719430895,-0.047150089211179136,-0.1311670113058222,-0.10412851625526176,-0.04347233919695115,-0.04832672280982331,-0.05790298821609996,-0.047150089211179136,-0.03699082996998915,-0.06490457663243443
2025-05-23,0.0,-0.050175774101249515,0.0,-0.03928746040440445,-0.06625834347696746,0.0,-0.08731530521774133,-0.05940422818018154,0.0,-0.02219376630794878,-0.1372355655334221,0.0,0.0,-0.050175774101249515,0.0,-0.03928746040440445,-0.06625834347696746,0.0,0.0,-0.09026986739650056,-0.06644102142791863,-0.051987095565301455,-0.0942835614272528,-0.03624402030405993,-0.051987095565301344,-0.13363260970478785,-0.10563663152166214,-0.0464669445962409,-0.05012975683555021,-0.06644102142791863,-0.051987095565301455,-0.04002747477511648,-0.06668138106082844
2025-05-26,0.0,-0.050175774101249515,0.0,-0.03958279501354678,-0.06632804084203903,0.0,-0.08762028424712764,-0.059473473643322006,0.0,-0.0224039643534385,-0.13728698315304644,0.0,0.0,-0.050175774101249515,0.0,-0.03958279501354678,-0.06632804084203903,0.0,0.0,-0.09026986739650056,-0.0613336752238105,-0.04883262801974175,-0.08932853713771272,-0.03303716842939819,-0.04883262801974175,-0.13150278101890578,-0.10437212318553568,-0.046811942861992195,-0.05050860083758246,-0.0613336752238105,-0.04883262801974175,-0.03982245730040512,-0.06671156905657871
2025-05-27,0.0,-0.04553698873689882,0.0,-0.03885290779188377,-0.06194069255618706,0.0,-0.09244947055501906,-0.05591950642162036,0.0,-0.027185048216224805,-0.13424475610274478,0.0,0.0,-0.04553698873689882,0.0,-0.03885290779188377,-0.06194069255618706,0.0,0.0,-0.085826894992173,-0.06071863157789459,-0.048483699078249454,-0.08873183660423611,-0.03268244503662687,-0.048483699078249454,-0.1311695493909778,-0.1042413787124693,-0.045120898340395454,-0.0494934433584191,-0.06071863157789459,-0.048483699078249454,-0.038347012811576486,-0.06586244226193383
2025-05-28,0.0,-0.042725189754857396,0.0,-0.034529954783689254,-0.058928078208613455,0.0,-0.08973814928758472,-0.05292598572682572,0.0,-0.023588790852733577,-0.13143418567175813,0.0,0.0,-0.042725189754857396,0.0,-0.034529954783689254,-0.058928078208613455,0.0,0.0,-0.08313378800349147,-0.059694223057644824,-0.04776680844532555,-0.08773798012821221,-0.03195364943581136,-0.04776680844532555,-0.13082612704026142,-0.10407679786000967,-0.043518037368685536,-0.04842107267656437,-0.059694223057644824,-0.04776680844532555,-0.036768055477807815,-0.06482866537038612
2025-05-29,0.0,-0.047224818344064,0.0,-0.04134996892098486,-0.06375508618064507,0.0,-0.09147375722510886,-0.057679605069818285,0.0,-0.027062883085274714,-0.13591858576069615,0.0,0.0,-0.047224818344064,0.0,-0.04134996892098486,-0.06375508618064507,0.0,0.0,-0.08744347773503303,-0.06203787284313922,-0.04987161303768428,-0.09001173270914342,-0.0340934072413096,-0.04987161303768439,-0.1335453627180031,-0.10656912199234903,-0.04411937430394919,-0.04909393239176996,-0.06203787284313922,-0.04987161303768428,-0.037863003948326424,-0.06588733190305274
2025-05-30,0.0,-0.04657656852092451,0.0,-0.043629913288495636,-0.06332282249332222,0.0,-0.08992663327158745,-0.05778311177352957,0.0,-0.028587868883152567,-0.13756752510542702,0.0,0.0,-0.04657656852092451,0.0,-0.043629913288495636,-0.06332282249332222,0.0,0.0,-0.08682259191059871,-0.059723675079828564,-0.047790454030980145,-0.0877665537708564,-0.03197768768936404,-0.04779045403098037,-0.13042752392079338,-0.10370486558280967,-0.04430043737468159,-0.04942477137823598,-0.059723675079828564,-0.047790454030980145,-0.03753547543428093,-0.06574809036759066
2025-06-02,0.0,-0.05410172228269594,0.0,-0.04535813985438619,-0.07128113921010737,0.0,-0.08750498864744871,-0.05027611919526742,0.0,-0.030030542380745318,-0.13063815783461707,0.0,0.0,-0.05410172228269594,0.0,-0.04535813985438619,-0.07128113921010737,0.0,0.0,-0.09403009298594811,-0.06157075901548614,-0.04966097965108285,-0.08955855012282499,-0.03387927599382212,-0.04966097965108296,-0.13388623192840632,-0.10726986245641223,-0.048716449266849704,-0.05381710520170535,-0.06157075901548614,-0.04966097965108285,-0.042235118420578366,-0.07030997324480115
2025-06-03,0.0,-0.0490195009900245,0.0,-0.046975031079090956,-0.06641028820540196,0.0,-0.0828879101419534,-0.05352927624419912,0.0,-0.026440252100519368,-0.1344585967986357,0.0,0.0,-0.0490195009900245,0.0,-0.046975031079090956,-0.06641028820540196,0.0,0.0,-0.08916240302349476,-0.059626925275401144,-0.04857626758284761,-0.08767268944057849,-0.032776550770231005,-0.04857626758284772,-0.12810375467532187,-0.10274965100619027,-0.04141630849374445,-0.04830585763472939,-0.059626925275401144,-0.04857626758284761,-0.03502609158882575,-0.06501702460352143
2025-06-04,0.0,-0.05429676932552818,0.0,-0.04462137925135967,-0.07117188803978602,0.0,-0.08500350834294379,-0.05029183597161058,0.0,-0.027136470534246504,-0.13026713078923402,0.0,0.0,-0.05429676932552818,0.0,-0.04462137925135967,-0.07117188803978602,0.0,0.0,-0.09421690667978888,-0.058143994163233126,-0.048289658190450835,-0.08623398538824756,-0.03248518182950533,-0.048289658190450946,-0.12519743295288044,-0.10214666785126869,-0.04028876530500358,-0.048201992074488054,-0.058143994163233126,-0.048289658190450835,-0.03352970712349446,-0.06482600185829723
2025-06-05,0.0,-0.05425381429102227,0.0,-0.04853028792187242,-0.07252412992163448,0.0,-0.084262712662454,-0.050173814828457064,0.0,-0.02874888248694174,-0.13044399707202214,0.0,0.0,-0.05425381429102227,0.0,-0.04853028792187242,-0.07252412992163448,0.0,0.0,-0.09417576486831303,-0.06264865950656295,-0.0498574986093101,-0.09060430322072477,-0.034079058423184816,-0.0498574986093101,-0.12723885581760364,-0.10297243526572841,-0.04585221888799629,-0.050171219221740726,-0.06264865950656295,-0.0498574986093101,-0.03854551242550852,-0.06657483307170264
2025-06-06,0.0,-0.050438053052106246,0.0,-0.047636916438298926,-0.06845122459432751,0.0,-0.08394277204911094,-0.05399186015415958,0.0,-0.02899484954359821,-0.1340655585305145,0.0,0.0,-0.050438053052106246,0.0,-0.047636916438298926,-0.06845122459432751,0.0,0.0,-0.09052107499706064,-0.056370524128234845,-0.047400336557848255,-0.08451340746989155,-0.03158109177199209,-0.04740033655784848,-0.12241612938596746,-0.10113439765078325,-0.040603390955760155,-0.04825684099376826,-0.056370524128234845,-0.047400336557848255,-0.033347359791599085,-0.06472734978500327
2025-06-09,0.0,-0.053524127858214254,0.0,-0.04934097238208557,-0.07243305508413533,0.0,-0.08493671758411903,-0.05106379099903624,0.0,-0.030329816566685985,-0.13128297016920942,0.0,0.0,-0.053524127858214254,0.0,-0.04934097238208557,-0.07243305508413533,0.0,0.0,-0.09347688004607213,-0.05479692876123632,-0.046734362745109004,-0.08298674314094634,-0.030904058536109003,-0.046734362745109115,-0.12244137913967945,-0.10129166837476278,-0.03941105963204916,-0.047871004977494414,-0.05479692876123632,-0.046734362745109004,-0.032060806104294404,-0.06430757481538185
2025-06-10,0.0,-0.05136157537032182,0.0,-0.049621191635485395,-0.07256711385668191,0.0,-0.08773486829148336,-0.053606735749128887,0.0,-0.035072956004898015,-0.13404481448956973,0.0,0.0,-0.05136157537032182,0.0,-0.049621191635485395,-0.07256711385668191,0.0,0.0,-0.09184077294851734,-0.050542767834772184,-0.04446326717018412,-0.07885945866093858,-0.028595248254565497,-0.04446326717018445,-0.11966190563438883,-0.09987107594424072,-0.03758513267258601,-0.04705166438504582,-0.050542767834772184,-0.04446326717018412,-0.030194051395110333,-0.06348664133692139
2025-06-11,0.0,-0.05447587929909958,0.0,-0.05070519473131585,-0.07405983144856743,0.0,-0.08790625454079803,-0.05063759072748575,0.0,-0.03462581624187511,-0.13104944161412135,0.0,0.0,-0.05447587929909958,0.0,-0.05070519473131585,-0.07405983144856743,0.0,0.0,-0.08876799597094909,-0.04825392321144184,-0.04311244191737207,-0.07663887672849334,-0.02722199066615938,-0.04311244191737229,-0.11972715063271577,-0.10005796081248408,-0.03556266702799771,-0.04597628294959233,-0.04825392321144184,-0.04311244191737207,-0.028710424803817136,-0.06276293423439849
2025-06-12,0.0,-0.06058463488085897,0.0,-0.04693800211373944,-0.06713417862851334,0.0,-0.09328317493226845,-0.0451585714969398,0.0,-0.03212493119878179,-0.12514542124935657,0.0,0.0,-0.06058463488085897,0.0,-0.04693800211373944,-0.06713417862851334,0.0,0.0,-0.08266428185780827,-0.0529972616344484,-0.04698464451331963,-0.08124074943502757,-0.03115849658182923,-0.04653970391318529,-0.13108218227290447,-0.10905504732569538,-0.05191586983858576,-0.05835847247690307,-0.0529972616344484,-0.04698464451331963,-0.04472555322100191,-0.07461165108990242
2025-06-13,0.0,-0.06083500617959292,0.0,-0.04151625560788241,-0.06549977755934966,0.0,-0.09221346916650475,-0.045367699631233105,0.0,-0.025556808041079404,-0.12497597138270511,0.0,0.0,-0.06083500617959292,0.0,-0.04151625560788241,-0.06549977755934966,0.0,0.0,-0.08288826366055468,-0.04814271561043726,-0.04576330250516869,-0.07653098579215623,-0.02991687248778674,-0.04337246177155474,-0.12904466350347754,-0.1085327548181173,-0.04612895643810422,-0.056921575212009135,-0.04814271561043726,-0.04576330250516869,-0.03950101269953232,-0.07334637885759288
2025-06-16,0.0,-0.05956489989076985,0.0,-0.043516639340669294,-0.06527806014030824,0.0,-0.09384279238903714,-0.04362123564886122,0.0,-0.02802687123225811,-0.12402161712313964,0.0,0.0,-0.05956489989076985,0.0,-0.043516639340669294,-0.06527806014030824,0.0,0.0,-0.08122678819620821,-0.04959687585510697,-0.04612775132860558,-0.0779417770417149,-0.03028737349176802,-0.043737823721781366,-0.12724435860700833,-0.10807207882840497,-0.047618603514575475,-0.05728977331065421,-0.04959687585510697,-0.04612775132860558,-0.04040486531867682,-0.0735643796867409
2025-06-17,0.0,-0.05565085477753706,0.0,-0.04184108871797221,-0.06741833177836143,0.0,-0.09655108754782238,-0.04827534695904512,0.0,-0.028630273201566747,-0.12805771216797635,0.0,0.0,-0.05565085477753706,0.0,-0.04184108871797221,-0.06741833177836143,0.0,0.0,-0.0853164470473502,-0.041897066503921,-0.04428448030852561,-0.07047160743988423,-0.02841349238794333,-0.041889934384831795,-0.12100716570563386,-0.10662239388216399,-0.04136111400015918,-0.05591561959200153,-0.041897066503921,-0.04428448030852561,-0.034087981702548564,-0.07220960924340702
2025-06-18,0.0,-0.060993394536057566,0.0,-0.04632823800541197,-0.07203227542938029,0.0,-0.09532862861905711,-0.05297910055044741,0.0,-0.03154499738056549,-0.13308183805639662,0.0,0.0,-0.060993394536057566,0.0,-0.04632823800541197,-0.07203227542938029,0.0,0.0,-0.08979886455915309,-0.036441541639455566,-0.04260473194987724,-0.06517878859907944,-0.02670584946719934,-0.040205977415459615,-0.12253787287903806,-0.1072721160335014,-0.04058936851878503,-0.055843197345768925,-0.036441541639455566,-0.04260473194987724,-0.033737335370949695,-0.07227027459013757
2025-06-19,0.0,-0.060993394536057566,0.0,-0.04632823800541197,-0.07241346060742837,0.0,-0.09533871398089722,-0.053602712481431,0.0,-0.03171202627961667,-0.13319294061784592,0.0,0.0,-0.060993394536057566,0.0,-0.04632823800541197,-0.07241346060742837,0.0,0.0,-0.09027308426878566,-0.03547946034209826,-0.04245478539679981,-0.06424540049371019,-0.02655341284266921,-0.040055655171185256,-0.12033627352772136,-0.10685613677812422,-0.03668930302854012,-0.05505828332265761,-0.03547946034209826,-0.04245478539679981,-0.030020628356914103,-0.07154826847310802
2025-06-20,0.0,-0.05470398157685252,0.0,-0.05015372409810548,-0.0700627474802783,0.0,-0.08880944521563727,-0.044390894773404854,0.0,-0.03357613865697262,-0.13952807323549232,0.0,0.0,-0.05470398157685252,0.0,-0.05015372409810548,-0.0700627474802783,0.0,0.0,-0.08407760884094284,-0.04017896741500693,-0.04406012889302846,-0.06880474907994794,-0.028185415304575523,-0.04166502085670132,-0.12395440908172461,-0.10819411379006416,-0.042198475966073956,-0.05698936812313904,-0.04017896741500693,-0.04406012889302846,-0.03507347429341634,-0.07329038612876371
2025-06-23,0.0,-0.054830464705236115,0.0,-0.051513925050436504,-0.07161458530497955,0.0,-0.08622131465868754,-0.04450382246660445,0.0,-0.028098263204443752,-0.13919726408611244,0.0,0.0,-0.054830464705236115,0.0,-0.051513925050436504,-0.07161458530497955,0.0,0.0,-0.08419569033370367,-0.03697727759356828,-0.04287353153207074,-0.06569854671989628,-0.026979112841006847,-0.04047545047520018,-0.12142939769448868,-0.10730978649703615,-0.036715357997784026,-0.055004378696015155,-0.03697727759356828,-0.04287353153207074,-0.030281638118372034,-0.07161949547226987
2025-06-24,0.0,-0.044852598190101345,0.0,-0.05559667468090712,-0.0632995421596686,0.0,-0.08593140684242051,-0.03471390298398436,0.0,-0.03378779273821442,-0.13044791479027917,0.0,0.0,-0.044852598190101345,0.0,-0.05559667468090712,-0.0632995421596686,0.0,0.0,-0.07452782354937526,-0.04217944695308529,-0.045418443054013435,-0.07074556615123495,-0.029566286164910083,-0.043026738274796195,-0.1229595586416492,-0.10819228401615943,-0.044208914377912745,-0.05867099362133665,-0.04217944695308529,-0.045418443054013435,-0.03668878468738046,-0.07470339001420268
2025-06-25,0.0,-0.04605869152207742,0.0,-0.06080034391228628,-0.0655094489773771,0.0,-0.08390045650934719,-0.03635204299958561,0.0,-0.0390312197377326,-0.13258840160234908,0.0,0.0,-0.04605869152207742,0.0,-0.06080034391228628,-0.0655094489773771,0.0,0.0,-0.07569644508237772,-0.04607119495728995,-0.047640439872501106,-0.07452124634187729,-0.03182518233675036,-0.04525430230791472,-0.12759468319869005,-0.11092837479157314,-0.04755113828136415,-0.06065548007100141,-0.04607119495728995,-0.047640439872501106,-0.04043123288871342,-0.0768501796255483
2025-06-26,0.0,-0.035211797423304714,0.0,-0.0588899882752818,-0.055654590287311345,0.0,-0.08474860263701722,-0.047526681107063484,0.0,-0.03953390929119205,-0.12513872012233063,0.0,0.0,-0.035211797423304714,0.0,-0.0588899882752818,-0.055654590287311345,0.0,0.0,-0.06518655030561471,-0.05100896551176959,-0.05081003674775675,-0.07931175241995403,-0.035047414784709296,-0.048431840610426824,-0.13541881820592894,-0.11605528513589713,-0.05664418156829665,-0.06643415051522661,-0.05100896551176959,-0.05081003674775675,-0.04970399903422695,-0.0825949768509513
2025-06-27,0.0,-0.03717317338205761,0.0,-0.06042017549380585,-0.057769916168425306,0.0,-0.0859434542085441,-0.049563726251925955,0.0,-0.04078162336036828,-0.12742998039264197,0.0,0.0,-0.03717317338205761,0.0,-0.06042017549380585,-0.057769916168425306,0.0,0.0,-0.06708698878657104,-0.04092225239596525,-0.044277491072721165,-0.06952586626831014,-0.02840638708613963,-0.041440460490405506,-0.12979076890692942,-0.11288289396140039,-0.0544733455654135,-0.06596618635573048,-0.04092225239596525,-0.044277491072721165,-0.046942532604792864,-0.08173819526910353
2025-06-30,0.0,-0.0336375987280646,0.0,-0.0587518770759724,-0.05431625659934092,0.0,-0.0906095744869877,-0.046356120054174,0.0,-0.038810800839961135,-0.1235758886223216,0.0,0.0,-0.0336375987280646,0.0,-0.0587518770759724,-0.05431625659934092,0.0,0.0,-0.06366125997881378,-0.044782426805627495,-0.04532803833891219,-0.07327091451789858,-0.029474380153542534,-0.04451962283012334,-0.13214815271224145,-0.11362678192658293,-0.053971562129684125,-0.06601499367144303,-0.044782426805627495,-0.04532803833891219,-0.04690200064709582,-0.08189681273096339
2025-07-01,0.0,-0.033886243054655374,0.0,-0.059299648479083644,-0.054338834530945235,0.0,-0.08984615182777334,-0.04658806339470911,0.0,-0.03896876171024666,-0.12365702618916252,0.0,0.0,-0.033886243054655374,0.0,-0.059299648479083644,-0.054338834530945235,0.0,0.0,-0.06390217923971131,-0.03844913684572249,-0.04323825084936439,-0.06712650912027984,-0.027482633006327917,-0.04003810907276939,-0.12549877637239304,-0.11138868304633742,-0.05666745179844512,-0.0668542709136305,-0.03844913684572249,-0.04323825084936439,-0.04815730548147723,-0.08223812372889572
2025-07-02,0.0,-0.035276289286997,0.0,-0.05410257995067935,-0.05371409759868595,0.0,-0.09855044568773086,-0.04817530947587112,0.0,-0.03302948790665383,-0.12415316311726243,0.0,0.0,-0.035276289286997,0.0,-0.05410257995067935,-0.05371409759868595,0.0,0.0,-0.06524903848842456,-0.04043528983706246,-0.043863844471796254,-0.06905342692094041,-0.028385917494632706,-0.04003810907276939,-0.12583803686267092,-0.1115449938207882,-0.05110677063200031,-0.0652741662401849,-0.04043528983706246,-0.043863844471796254,-0.04592861973885387,-0.08166236174113695
2025-07-03,0.0,-0.035956574491875615,0.0,-0.0535892859059095,-0.054442778274900405,0.0,-0.09466356537675547,-0.04892227312208197,0.0,-0.03318882083404251,-0.12464437197707101,0.0,0.0,-0.035956574491875615,0.0,-0.0535892859059095,-0.054442778274900405,0.0,0.0,-0.0659081880898087,-0.03386115018839431,-0.0417675772200895,-0.06267535495554732,-0.02532365861558683,-0.04003810907276939,-0.11843448962368042,-0.10915238013805162,-0.049593976956755936,-0.06486005278495866,-0.03386115018839431,-0.0417675772200895,-0.041099459184761544,-0.08022061515215084
2025-07-04,0.0,-0.035956574491875615,0.0,-0.054143382963480646,-0.05455997514675026,0.0,-0.09475239680865999,-0.04931270694904133,0.0,-0.03366317421027765,-0.1249617084444854,0.0,0.0,-0.035956574491875615,0.0,-0.054143382963480646,-0.05455997514675026,0.0,0.0,-0.0659081880898087,-0.031075627244112725,-0.040833388275762106,-0.059972907677372955,-0.02387806673932269,-0.04003810907276939,-0.11927698650922902,-0.10950338235149304,-0.04883038643756432,-0.06466732388524665,-0.031075627244112725,-0.040833388275762106,-0.04122766929724653,-0.08033271365920813
2025-07-07,0.0,-0.031080289464590627,0.0,-0.049859176692107376,-0.048927285430991896,0.0,-0.09093716443458022,-0.044952017430065716,0.0,-0.02910217796841119,-0.11872868494275857,0.0,0.0,-0.031080289464590627,0.0,-0.049859176692107376,-0.048927285430991896,0.0,0.0,-0.061183403089458466,-0.03204523337690102,-0.04122612647573454,-0.06091359619686065,-0.024588704423674113,-0.04003810907276939,-0.12173913334842479,-0.11048993621285452,-0.0494254964824582,-0.06495702383868529,-0.03204523337690102,-0.04122612647573454,-0.043439377316614625,-0.08119732346315645
2025-07-08,0.0,-0.027561738726725626,0.0,-0.05248592045458389,-0.045697920046088525,0.0,-0.0922959668508927,-0.04814130480984724,0.0,-0.030515737438164714,-0.12014687112385125,0.0,0.0,-0.027561738726725626,0.0,-0.05248592045458389,-0.045697920046088525,0.0,0.0,-0.05777416928622192,-0.03285513560211528,-0.04157979885560892,-0.06169934383128983,-0.025260062586210386,-0.04003810907276939,-0.12367636831138573,-0.11132769935011433,-0.04733199449309322,-0.06420353305236148,-0.03285513560211528,-0.04157979885560892,-0.04259371673247936,-0.08094139378758503
2025-07-09,0.0,-0.027928895093523365,0.0,-0.05152063657725259,-0.045994388868867864,0.0,-0.09204185815794486,-0.047976091110670915,0.0,-0.029784365352515718,-0.1201222381673478,0.0,0.0,-0.027928895093523365,0.0,-0.05152063657725259,-0.045994388868867864,0.0,0.0,-0.05812991856767746,-0.029226422610577396,-0.04008428023904809,-0.05817885387539512,-0.022525715596312335,-0.04003810907276939,-0.12263205008889966,-0.11093050388911274,-0.04570927942061265,-0.06359637699386811,-0.029226422610577396,-0.04008428023904809,-0.041440297785352964,-0.08053982678784699
2025-07-10,0.0,-0.028461373061686168,0.0,-0.05461161838810091,-0.046808474678843304,0.0,-0.09038835641788523,-0.0489435211666005,0.0,-0.0270449248761111,-0.1207567579670592,0.0,0.0,-0.028461373061686168,0.0,-0.05461161838810091,-0.046808474678843304,0.0,0.0,-0.059178829208746064,-0.04840611669447403,-0.048651431808464984,-0.07678653118053103,-0.03904125520013535,-0.04003810907276939,-0.1329238517294169,-0.1156765005990219,-0.04998839374398645,-0.06555621505479137,-0.04840611669447403,-0.048651431808464984,-0.05020169089306459,-0.08439066618304181
2025-07-11,0.0,-0.02655784809947992,0.0,-0.05793346313489112,-0.04519823781655774,0.0,-0.0966624009669409,-0.055367697257860726,0.0,-0.03258924624763593,-0.125512709780771,0.0,0.0,-0.02655784809947992,0.0,-0.05793346313489112,-0.04519823781655774,0.0,0.0,-0.061161576000194784,-0.042056948022773266,-0.045668884464451054,-0.07062672063912723,-0.03320905352294101,-0.04003810907276939,-0.1318780079725569,-0.1152224784756879,-0.052294508029557374,-0.06670385160718839,-0.042056948022773266,-0.045668884464451054,-0.05199844547665322,-0.08528214612264007
2025-07-14,0.0,-0.022137518135108114,0.0,-0.05483631287202051,-0.04011489790437561,0.0,-0.10122265464280944,-0.051152708083257115,0.0,-0.03218633734700105,-0.12151102936130287,0.0,0.0,-0.022137518135108114,0.0,-0.05483631287202051,-0.04011489790437561,0.0,0.0,-0.06560913622297515,-0.03858728884820817,-0.04394059607415668,-0.06726054086604538,-0.0297073473720304,-0.04003810907276939,-0.12675796870804845,-0.11261334307066306,-0.047119425959621375,-0.06415565271818247,-0.03858728884820817,-0.04394059607415668,-0.04597195327235393,-0.0823746930761643
2025-07-15,0.0,-0.01601304989645025,0.0,-0.056535675370910865,-0.046366352952025736,0.0,-0.10224206789232893,-0.045043779251144445,0.0,-0.03139730173026156,-0.11563128749112483,0.0,0.0,-0.01601304989645025,0.0,-0.056535675370910865,-0.046366352952025736,0.0,0.0,-0.07220802723333519,-0.04265592078220426,-0.04596358462865069,-0.07120782958556338,-0.03381355860266255,-0.04003810907276939,-0.1268593447503219,-0.11266485212772981,-0.045034901023863094,-0.06313202450545408,-0.04265592078220426,-0.04596358462865069,-0.04460705492361128,-0.08171828403741499
2025-07-16,0.0,-0.01636004659113499,0.0,-0.05647999377421331,-0.046784622292898925,0.0,-0.10105033205815517,-0.045416900583561626,0.0,-0.03277628057062176,-0.11604525179663427,0.0,0.0,-0.01636004659113499,0.0,-0.05647999377421331,-0.046784622292898925,0.0,0.0,-0.07256472495733723,-0.03326877872337175,-0.041286230083507625,-0.06210065042597068,-0.024339713641794103,-0.04003810907276939,-0.1198374360139719,-0.10909682079769567,-0.03894039956909934,-0.06014252088605754,-0.03326877872337175,-0.041286230083507625,-0.0382815337265936,-0.07867837753135931
2025-07-17,0.0,-0.012127545532653938,0.0,-0.05896049562815331,-0.04283808502501818,0.0,-0.10111766294382352,-0.04116108247049455,0.0,-0.03408846823784528,-0.11206681332217872,0.0,0.0,-0.012127545532653938,0.0,-0.05896049562815331,-0.04283808502501818,0.0,0.0,-0.06902100672299083,-0.033474698876807985,-0.04138833627510341,-0.06230042919976153,-0.024547535745235827,-0.04003810907276939,-0.11904200433963152,-0.10869425163802893,-0.034621129154335906,-0.05803052980776702,-0.033474698876807985,-0.04138833627510341,-0.034749442983943,-0.07698651463808714
2025-07-18,0.0,-0.019026095888776573,0.0,-0.05939525590806183,-0.05010662697489088,0.0,-0.1002415475408015,-0.04807145855365058,0.0,-0.03472552866955658,-0.11867510566036688,0.0,0.0,-0.019026095888776573,0.0,-0.05939525590806183,-0.05010662697489088,0.0,0.0,-0.06225110689717661,-0.03194291933780835,-0.04062871739568363,-0.06081433358011101,-0.023001608158781828,-0.04003810907276939,-0.1161664552393471,-0.10723958895524155,-0.03607579353672441,-0.05874022497459097,-0.03194291933780835,-0.04062871739568363,-0.033433721575858666,-0.07635744035586378
2025-07-21,0.0,-0.02430914983637167,0.0,-0.053282312238761564,-0.053913672798923895,0.0,-0.10079874402090927,-0.05445606291137517,0.0,-0.03515803253599048,-0.12393881763419257,0.0,0.0,-0.02430914983637167,0.0,-0.053282312238761564,-0.053913672798923895,0.0,0.0,-0.057116331116835006,-0.0386234120409118,-0.043938993711529206,-0.06729558671766944,-0.029743804211079028,-0.04003810907276939,-0.12258248999315735,-0.11048000784296319,-0.038046159211652664,-0.05970224353344933,-0.0386234120409118,-0.043938993711529206,-0.03713649095415139,-0.07812660790426729
2025-07-22,0.0,-0.030812929812405243,0.0,-0.05705432722307591,-0.060994893769483194,0.0,-0.1034232861585237,-0.04862397234818727,0.0,-0.04072802204336856,-0.11961311010770348,0.0,0.0,-0.030812929812405243,0.0,-0.05705432722307591,-0.060994893769483194,0.0,0.0,-0.05080590088415515,-0.0355255458391317,-0.04239862487203627,-0.06429011153307795,-0.026617325041888074,-0.04003810907276939,-0.11554645131006047,-0.10691346340840091,-0.03600511537750295,-0.058704696220509445,-0.0355255458391317,-0.04239862487203627,-0.032950317474703894,-0.07612262607862741
2025-07-23,0.0,-0.03250494447070995,0.0,-0.05379972911462383,-0.061497385431221185,0.0,-0.09958176311564315,-0.04656045378140017,0.0,-0.03810024952607116,-0.11808546749852078,0.0,0.0,-0.03250494447070995,0.0,-0.05379972911462383,-0.061497385431221185,0.0,0.0,-0.049178568265593636,-0.040085766001088374,-0.04466248633520764,-0.06871432731268767,-0.031219664979968864,-0.04003810907276939,-0.11963829780810731,-0.10897935653677271,-0.03908260310553591,-0.0602072066549767,-0.040085766001088374,-0.04466248633520764,-0.0363792309705393,-0.0777605437850184
2025-07-24,0.0,-0.030636929821881598,0.0,-0.05378201084845524,-0.05988977062986922,0.0,-0.10448289988751225,-0.044895946935588626,0.0,-0.04126107004692103,-0.11655704011302714,0.0,0.0,-0.030636929821881598,0.0,-0.05378201084845524,-0.05988977062986922,0.0,0.0,-0.051025801626910505,-0.03688333365881513,-0.043068904511338824,-0.06560740457680414,-0.027987653861119344,-0.04003810907276939,-0.1199035633710781,-0.10911359516392927,-0.04028966761077413,-0.060797470982998925,-0.03688333365881513,-0.043068904511338824,-0.03746180079104511,-0.07827858399059828
2025-07-25,0.0,-0.023463171840354735,0.0,-0.054169340842200486,-0.053710153338032085,0.0,-0.10873988119771949,-0.03797312163587108,0.0,-0.044113158904935834,-0.11027070822244167,0.0,0.0,-0.023463171840354735,0.0,-0.054169340842200486,-0.053710153338032085,0.0,0.0,-0.057947139626707944,-0.03108461097489079,-0.04018816417930693,-0.05998162347662317,-0.022135372161932843,-0.04003810907276939,-0.11907272259611312,-0.10869308172915437,-0.037150399380103005,-0.059261377975555196,-0.03108461097489079,-0.04018816417930693,-0.03554272518155088,-0.07735973573622978
2025-07-28,0.0,-0.01650789913351358,0.0,-0.05026648743436812,-0.05734783334645932,0.0,-0.10012488091621174,-0.030639125779842402,0.0,-0.03752401165452035,-0.10239603189843538,0.0,0.0,-0.01650789913351358,0.0,-0.05026648743436812,-0.05734783334645932,0.0,0.0,-0.06466482668009355,-0.03540416856198558,-0.04265584750860152,-0.0641723542218594,-0.0274979364751623,-0.04003810907276939,-0.12146076062009725,-0.11043167820793631,-0.03270999256072782,-0.05779871371904466,-0.03540416856198558,-0.04265584750860152,-0.03436926120063155,-0.07749114837391513
2025-07-29,0.0,-0.009980392691750328,0.0,-0.04953590377966455,-0.062430207068324695,0.0,-0.0972019259392729,-0.024623806957123184,0.0,-0.03127873204418785,-0.09532170948073515,0.0,0.0,-0.009980392691750328,0.0,-0.04953590377966455,-0.062430207068324695,0.0,0.0,-0.07089745731228181,-0.032702609713819775,-0.04201827058790464,-0.06155136688767082,-0.026916771864256783,-0.04003810907276939,-0.11412283537118195,-0.10862711442078377,-0.02604059255743807,-0.05624537525484319,-0.032702609713819775,-0.04201827058790464,-0.02891992252118014,-0.0762589117212974
2025-07-30,0.0,-0.0027737173638411328,0.0,-0.047393615065250416,-0.0685675544567158,0.0,-0.09607162936855684,-0.020570226959508275,0.0,-0.02847938000154837,-0.10183259584904025,0.0,0.0,-0.0027737173638411328,0.0,-0.047393615065250416,-0.0685675544567158,0.0,0.0,-0.07830788584535164,-0.03632074080266268,-0.04303643143738212,-0.06506159053640959,-0.028199518502523446,-0.04003810907276939,-0.11477009269260463,-0.10885926922201017,-0.025671365205604646,-0.056217868589505726,-0.03632074080266268,-0.04303643143738212,-0.02807963389150614,-0.07610845034460845
2025-07-31,0.0,-0.008933029832863482,0.0,-0.04778996565914251,-0.07423036029876717,0.0,-0.0965674164747401,-0.01587357493586483,0.0,-0.028223977982947734,-0.1043952070132187,0.0,0.0,-0.008933029832863482,0.0,-0.04778996565914251,-0.07423036029876717,0.0,0.0,-0.08398436211149218,-0.03055729671784535,-0.041352169807999495,-0.059470035883485206,-0.02597440164942888,-0.04003810907276939,-0.11403404119624028,-0.1086900203392106,-0.018674512359032613,-0.054255504942555155,-0.03055729671784535,-0.041352169807999495,-0.024131071404693727,-0.07505178318537731
2025-08-01,0.0,-0.019796740775698263,0.0,-0.04196064669008692,-0.08392032588437126,0.0,-0.10576544629455709,-0.026625286726484232,0.0,-0.028269425423188332,-0.11414888844338456,0.0,0.0,-0.019796740775698263,0.0,-0.04196064669008692,-0.08392032588437126,0.0,0.0,-0.09402538800448401,-0.0303573279696967,-0.04158909667990274,-0.05927603101977974,-0.026022495011696622,-0.04050727381089092,-0.11816932130490299,-0.11055368894013085,-0.019729155943108756,-0.05507572761146651,-0.0303573279696967,-0.04158909667990274,-0.0279518041999256,-0.07681939799463311
2025-08-04,0.0,-0.01895060233327983,0.0,-0.04209552932738947,-0.08319141480448411,0.0,-0.10450347024704487,-0.026788206373217438,0.0,-0.02889387019616807,-0.11397944568377227,0.0,0.0,-0.01895060233327983,0.0,-0.04209552932738947,-0.08319141480448411,0.0,0.0,-0.0932433257741756,-0.029576621536833936,-0.04126505479388254,-0.058518608439982134,-0.025782027240322414,-0.040270382223216106,-0.11591502439390633,-0.10947423120069277,-0.029910443304413392,-0.06066676805670679,-0.029576621536833936,-0.04126505479388254,-0.03363195021976362,-0.0799915699477356
2025-08-05,0.0,-0.018420303529885107,0.0,-0.04324882979952438,-0.08285734795542854,0.0,-0.10406766374530696,-0.027356142946752482,0.0,-0.029810411215942523,-0.11560652322909537,0.0,0.0,-0.018420303529885107,0.0,-0.04324882979952438,-0.08285734795542854,0.0,0.0,-0.09275318533837718,-0.02383768103533035,-0.03782182607760376,-0.053936825247027254,-0.023655518740332004,-0.038175498688976184,-0.11036822739368246,-0.10615354778686614,-0.02335758496237572,-0.05689318208600935,-0.02383768103533035,-0.03782182607760376,-0.02669595233503763,-0.0760689773853247
2025-08-06,0.0,-0.012402429451090824,0.0,-0.04464364125415621,-0.07734805305597059,0.0,-0.10681617405448796,-0.03399334278536914,0.0,-0.03174630413923463,-0.11089996201970975,0.0,0.0,-0.012402429451090824,0.0,-0.04464364125415621,-0.07734805305597059,0.0,0.0,-0.08719103169088982,-0.02301072103527857,-0.037352014195390915,-0.053835539611370664,-0.023358756687150484,-0.03788315001564602,-0.10542173287324919,-0.10284655734745174,-0.024397033087891096,-0.05778868602095533,-0.02301072103527857,-0.037352014195390915,-0.025680014222714598,-0.07559921041408668
2025-08-07,0.0,-0.01223679494557084,0.0,-0.05177232979591018,-0.0784702176630393,0.0,-0.10038074853026224,-0.03338842192878566,0.0,-0.037430170846337596,-0.11199499882686492,0.0,0.0,-0.01223679494557084,0.0,-0.05177232979591018,-0.0784702176630393,0.0,0.0,-0.08703794032391132,-0.019359432994828785,-0.0346646206454595,-0.0527854016907503,-0.02184160610560637,-0.036388562163185645,-0.10422115569828738,-0.10208602753992779,-0.026743327878280487,-0.0597375190668511,-0.019359432994828785,-0.0346646206454595,-0.02655814322850858,-0.07645031156206006
2025-08-08,0.0,-0.01159680783697481,0.0,-0.04969576479686266,-0.0778393033021656,0.0,-0.10130845783098608,-0.03340332111072941,0.0,-0.03661083451501801,-0.11173015933999375,0.0,0.0,-0.01159680783697481,0.0,-0.04969576479686266,-0.0778393033021656,0.0,0.0,-0.08644641803816489,-0.01137870223272408,-0.028087971815964563,-0.049801121684298844,-0.01829351454266237,-0.032893237036001666,-0.09891042023194263,-0.09773388502326064,-0.0255193252076632,-0.05892468036795251,-0.01137870223272408,-0.028087971815964563,-0.024114969860483226,-0.07468528187640755
2025-08-11,0.0,-0.01612132577049541,0.0,-0.05226138507407574,-0.08300905555090943,0.0,-0.09909798613485976,-0.0286020036990714,0.0,-0.03847674437542292,-0.10977553110546856,0.0,0.0,-0.01612132577049541,0.0,-0.05226138507407574,-0.08300905555090943,0.0,0.0,-0.0906283041324144,-0.01279426216260604,-0.02947702075168679,-0.050546893248321956,-0.018995473397734552,-0.033584756513685976,-0.1001806028467358,-0.09908391752850254,-0.02241906166012375,-0.05634770263049982,-0.01279426216260604,-0.02947702075168679,-0.022254424242783566,-0.0732590817317662
2025-08-12,0.0,-0.00982472092220743,0.0,-0.04901248455114304,-0.08055004729252968,0.0,-0.0992015038877645,-0.03477305072754089,0.0,-0.03501536130978378,-0.11493946591345106,0.0,0.0,-0.00982472092220743,0.0,-0.04901248455114304,-0.08055004729252968,0.0,0.0,-0.08480852738648592,-0.012266900319701457,-0.02895857077991193,-0.05036737099500743,-0.01873344880892891,-0.03332662869681724,-0.0960708528032479,-0.09496915858817545,-0.01933892712803953,-0.05337446950635116,-0.012266900319701457,-0.02895857077991193,-0.01826454152402568,-0.06947733352830265
2025-08-13,0.0,-0.005925042608192488,0.0,-0.04749257322644107,-0.07733613231482983,0.0,-0.09904727089633847,-0.03850032983037044,0.0,-0.03327919729364626,-0.11819153773322166,0.0,0.0,-0.005925042608192488,0.0,-0.04749257322644107,-0.07733613231482983,0.0,0.0,-0.08120416317508472,-0.011731812677975184,-0.02843252556734599,-0.05014529492964015,-0.01846765655950866,-0.033064789251152416,-0.09422527056926355,-0.093121326988434,-0.02491739586783759,-0.058759327819008056,-0.011731812677975184,-0.02843252556734599,-0.021166488451367593,-0.07222789873349689
2025-08-14,0.0,-0.014221957216164816,0.0,-0.05063443288156988,-0.08717665126363017,0.0,-0.09742212473013123,-0.031187420168750535,0.0,-0.036511083118596854,-0.11250713293409653,0.0,0.0,-0.014221957216164816,0.0,-0.05063443288156988,-0.08717665126363017,0.0,0.0,-0.08828279456084676,-0.00847728760809141,-0.025232998613844537,-0.04805515538702143,-0.016851485129724453,-0.03147265316668402,-0.0926525170080833,-0.09154665658066741,-0.02159514357438619,-0.05555238005007923,-0.00847728760809141,-0.025232998613844537,-0.01853495006677608,-0.06973363605467497
2025-08-15,0.0,-0.018465730977255124,0.0,-0.048886790418376624,-0.09010191469514706,0.0,-0.09570426921654229,-0.035355019814441,0.0,-0.03330056447650642,-0.11619460355813183,0.0,0.0,-0.018465730977255124,0.0,-0.048886790418376624,-0.09010191469514706,0.0,0.0,-0.08442124114764316,-0.00711180935061162,-0.023890595530318026,-0.04713884662300516,-0.01617451227567346,-0.030805748103720387,-0.09198348444348792,-0.09087680861001013,-0.02158756811162621,-0.05554506750688526,-0.00711180935061162,-0.023890595530318026,-0.01824296527878133,-0.06945688282023887
2025-08-18,0.0,-0.015168819448313942,0.0,-0.04975379305697081,-0.08771560237110954,0.0,-0.0974206220582795,-0.03218327880053873,0.0,-0.035010611036542016,-0.11330982716211546,0.0,0.0,-0.015168819448313942,0.0,-0.04975379305697081,-0.08771560237110954,0.0,0.0,-0.08746618813671425,-0.009029340837431898,-0.025775722713095583,-0.048802832601320234,-0.017124526772780868,-0.03174163419460074,-0.09489056190908807,-0.09378742917457616,-0.020817971404970992,-0.05480218098792711,-0.009029340837431898,-0.025775722713095583,-0.018667165850681733,-0.06985895472655101
2025-08-19,0.0,-0.010751191953274897,0.0,-0.04873626361382,-0.08375932356857407,0.0,-0.1029126263466672,-0.027770630059461565,0.0,-0.03536380334427902,-0.1092553918550464,0.0,0.0,-0.010751191953274897,0.0,-0.04873626361382,-0.08375932356857407,0.0,0.0,-0.09163150107947493,-0.011636078785041581,-0.028338409478446014,-0.05121690561587067,-0.01841724859564564,-0.0330151309434189,-0.09823809686215934,-0.09713904404907048,-0.021414254217200335,-0.05537776877158196,-0.011636078785041581,-0.028338409478446014,-0.020878372141308832,-0.0719548121756316
2025-08-20,0.0,-0.008194194016267198,0.0,-0.05623815302924173,-0.08345567519772312,0.0,-0.10140963355167132,-0.025314241347862754,0.0,-0.04232589795807329,-0.10738441939020749,0.0,0.0,-0.008194194016267198,0.0,-0.05623815302924173,-0.08345567519772312,0.0,0.0,-0.09417450149387352,-0.01171159599838334,-0.028412650528784278,-0.051289398605361414,-0.018454748140327215,-0.03305207280313649,-0.09915615774714437,-0.09805822385180396,-0.01736109198129776,-0.0514652785566887,-0.01171159599838334,-0.028412650528784278,-0.018800924370145244,-0.0699857356563015
2025-08-21,0.0,-0.00430670497768193,0.0,-0.05670969983436591,-0.07977515693213555,0.0,-0.10142351880271827,-0.021424797368754467,0.0,-0.043445464830032865,-0.10367255950653587,0.0,0.0,-0.00430670497768193,0.0,-0.05670969983436591,-0.07977515693213555,0.0,0.0,-0.09850402643343958,-0.01172857990733045,-0.028429347427190277,-0.05130570236285359,-0.018463182153676594,-0.03306038138769818,-0.09797388753383274,-0.09687451270669067,-0.014559015971871037,-0.04876045345219171,-0.01172857990733045,-0.028429347427190277,-0.016018238345773983,-0.06734821004082536
2025-08-22,0.0,-0.018440285850081506,0.0,-0.05656081791507295,-0.09332983177721077,0.0,-0.10600935765997244,-0.03486137556625757,0.0,-0.042651940008092804,-0.11639436103823564,0.0,0.0,-0.018440285850081506,0.0,-0.05656081791507295,-0.09332983177721077,0.0,0.0,-0.11180269517907171,-0.013082938652988929,-0.029760818907174635,-0.05260582335475761,-0.01913574686940589,-0.03372294386920194,-0.09307944787590272,-0.09197410778491899,-0.008081190583021591,-0.042507452221902886,-0.013082938652988929,-0.029760818907174635,-0.008521822610685237,-0.060242849122494224
2025-08-25,0.0,-0.020874664245757124,0.0,-0.056242686263461183,-0.09559143273927229,0.0,-0.10844345436595537,-0.03284443745507237,0.0,-0.04459071825003624,-0.11465069210046575,0.0,0.0,-0.020874664245757124,0.0,-0.056242686263461183,-0.09559143273927229,0.0,0.0,-0.11400552430783839,-0.009523294103326418,-0.026261328678348073,-0.04918873123085166,-0.017366840327325272,-0.031980344115365766,-0.09258093407453716,-0.09147498640300045,-0.014888689344617734,-0.04907868493909273,-0.009523294103326418,-0.026261328678348073,-0.013500778347601217,-0.06496207478411153
2025-08-26,0.0,-0.021180337615913092,0.0,-0.05527248703318288,-0.0957123735811154,0.0,-0.10797138503094617,-0.0325457660063978,0.0,-0.04387236283924567,-0.11415017661120264,0.0,0.0,-0.021180337615913092,0.0,-0.05527248703318288,-0.0957123735811154,0.0,0.0,-0.11428212313276387,-0.0024926940377254514,-0.019349538501238883,-0.04243968430346268,-0.013879377817743954,-0.028544746379624897,-0.08792567121090311,-0.08681404978033092,-0.00903766903415204,-0.04343073443045986,-0.0024926940377254514,-0.019349538501238883,-0.007453070933359784,-0.059229849488025565
2025-08-27,0.0,-0.0232154427982727,0.0,-0.054052455600342886,-0.09745664402877874,0.0,-0.10577004834822978,-0.03063090482321451,0.0,-0.04251649800951107,-0.1122086682227732,0.0,0.0,-0.0232154427982727,0.0,-0.054052455600342886,-0.09745664402877874,0.0,0.0,-0.11612365647193967,-0.004855525112066994,-0.021672440167870066,-0.04470789151955057,-0.015047307333254434,-0.0296953067047806,-0.08930611243902242,-0.08819617346787745,-0.0038291325541089938,-0.03840296923725528,-0.004855525112066994,-0.021672440167870066,-0.004564207840257795,-0.056491685591370744
2025-08-28,0.0,-0.015587568535181395,0.0,-0.053247626377944446,-0.091010632881245,0.0,-0.1086309860927197,-0.03902368357891528,0.0,-0.047356705632275786,-0.11873994708128499,0.0,0.0,-0.015587568535181395,0.0,-0.053247626377944446,-0.091010632881245,0.0,0.0,-0.10922131801578339,-0.006615592477372312,-0.02340276421034959,-0.046397473793179156,-0.015918328142030758,-0.030553373884053103,-0.09151058899429976,-0.09040333680350221,-0.010028031013617045,-0.044386724180768056,-0.006615592477372312,-0.02340276421034959,-0.009325593191737203,-0.06100469055121582
2025-08-29,0.0,-0.013186076572465955,0.0,-0.05194764396156015,-0.0887505664991769,0.0,-0.10968479429011802,-0.04156769354093792,0.0,-0.04760252357362149,-0.12089219854027444,0.0,0.0,-0.013186076572465955,0.0,-0.05194764396156015,-0.0887505664991769,0.0,0.0,-0.10704824728143658,-0.005641811518108941,-0.022445439144766266,-0.045462689659571454,-0.015435997240137,-0.03007821610103134,-0.09285417707014865,-0.09174856242275287,-0.011052231660646505,-0.045375378169027925,-0.005641811518108941,-0.022445439144766266,-0.011825285332958901,-0.06337398482140422
2025-09-01,0.0,-0.013190184445367903,0.0,-0.05196732368317081,-0.0887505664991769,0.0,-0.1097687295110259,-0.04159064128078249,0.0,-0.047782249214902595,-0.12092872945506006,0.0,0.0,-0.013190184445367903,0.0,-0.05196732368317081,-0.0887505664991769,0.0,0.0,-0.10705196442832798,-0.005035413651147458,-0.021849288776209286,-0.044880576095636004,-0.015135784742227987,-0.029782468297227416,-0.09183595178319837,-0.09072909613930213,-0.013128380509087267,-0.047379470672958335,-0.005035413651147458,-0.021849288776209286,-0.013323583050842802,-0.0647941229814114
2025-09-02,0.0,-0.020628865666438956,0.0,-0.05210731581683281,-0.09520480609139825,0.0,-0.1071329682737091,-0.033895587217353085,0.0,-0.04491385220439914,-0.11398303884590288,0.0,0.0,-0.020628865666438956,0.0,-0.05210731581683281,-0.09520480609139825,0.0,0.0,-0.11378310520023638,-0.010892306896798432,-0.02760720656785509,-0.05050291942263185,-0.018034503274208302,-0.032638077726048764,-0.09625381331728544,-0.09515234209152656,-0.007200932664255588,-0.041657745180016525,-0.010892306896798432,-0.02760720656785509,-0.010815854416325932,-0.062417211446199494
2025-09-03,0.0,-0.01769891394731793,0.0,-0.05598645969642235,-0.09402885199746847,0.0,-0.10504316512708589,-0.0365533995737769,0.0,-0.045358029826242596,-0.11685417975681756,0.0,0.0,-0.01769891394731793,0.0,-0.05598645969642235,-0.09402885199746847,0.0,0.0,-0.11113183988986997,-0.010800992465313186,-0.02751743525606387,-0.050415261843265724,-0.01798917574228398,-0.03259342429518941,-0.09484365014743446,-0.09374046023762672,-0.008660183639975338,-0.04306635032120831,-0.010800992465313186,-0.02751743525606387,-0.010580831503331778,-0.06219444863795709
2025-09-04,0.0,-0.024357129303324343,0.0,-0.05839790879263973,-0.10048819430512013,0.0,-0.10098065934732581,-0.029223483964518793,0.0,-0.039728865561188265,-0.1100773165093829,0.0,0.0,-0.024357129303324343,0.0,-0.05839790879263973,-0.10048819430512013,0.0,0.0,-0.11715674988655211,-0.008859014095827344,-0.025608274317718727,-0.04855105352173672,-0.017025242416035424,-0.0316438263729274,-0.09957917774320857,-0.09848175941779302,-0.007659076007817789,-0.042099987864710475,-0.008859014095827344,-0.025608274317718727,-0.012585995527448324,-0.06409501213327029
2025-09-05,0.0,-0.01141981036659756,0.0,-0.06066025020626009,-0.08865081221738946,0.0,-0.09918461948622292,-0.041863623016082596,0.0,-0.03924493568417797,-0.12226160896827876,0.0,0.0,-0.01141981036659756,0.0,-0.06066025020626009,-0.08865081221738946,0.0,0.0,-0.10544998192780264,-0.004540010525497351,-0.021362257452335442,-0.04440501228717153,-0.014883533240485414,-0.029533968224224605,-0.09428451773484825,-0.09318064636350532,-0.00931124606397915,-0.04369481649525764,-0.004540010525497351,-0.021362257452335442,-0.011525952213126356,-0.06309026658506578
2025-09-08,0.0,-0.010045768768337404,0.0,-0.06178273674884627,-0.08749558805554125,0.0,-0.10075940587598176,-0.041726300973643604,0.0,-0.04190036876665515,-0.12209203504664079,0.0,0.0,-0.010045768768337404,0.0,-0.06178273674884627,-0.08749558805554125,0.0,0.0,-0.10420663419592924,-0.0027798638574246803,-0.019631855447223456,-0.04271535388659875,-0.014012604481437485,-0.028675991725737093,-0.09091085463287651,-0.08980287149554544,-0.012506653593569061,-0.04677932186772327,-0.0027798638574246803,-0.019631855447223456,-0.01254809088761566,-0.06405908481066602
2025-09-09,0.0,-0.01191597554545154,0.0,-0.0617855876166703,-0.08922629865705678,0.0,-0.10241033861820759,-0.0413452924918607,0.0,-0.04382892875618061,-0.12177237669150187,0.0,0.0,-0.01191597554545154,0.0,-0.0617855876166703,-0.08922629865705678,0.0,0.0,-0.10589895366966529,-0.005563410516743583,-0.022368363039447337,-0.045387428368581784,-0.015388700802327349,-0.03003162304542073,-0.08966409766032002,-0.08855459499576879,-0.012592201975565098,-0.04686190114483546,-0.005563410516743583,-0.022368363039447337,-0.012667184283531863,-0.06417196563143124
2025-09-10,0.0,-0.010047084743968537,0.0,-0.06481022539698056,-0.08776305906586046,0.0,-0.10433221785412927,-0.044201435850394155,0.0,-0.04941168364098969,-0.12665743166568189,0.0,0.0,-0.010047084743968537,0.0,-0.06481022539698056,-0.08776305906586046,0.0,0.0,-0.1042078250007189,-0.005396034064611865,-0.022203815076694555,-0.04522675481021743,-0.01530583943754471,-0.02994999397659337,-0.0891023001718172,-0.08799211279757935,-0.006370474399914228,-0.040856109409226904,-0.005396034064611865,-0.022203815076694555,-0.007550304934754504,-0.05932201122209402
2025-09-11,0.0,-0.006772531826889527,0.0,-0.06547180303199696,-0.08497798575742599,0.0,-0.10527225937018103,-0.04791269413583854,0.0,-0.05138898074813014,-0.13076401053607611,0.0,0.0,-0.006772531826889527,0.0,-0.06547180303199696,-0.08497798575742599,0.0,0.0,-0.1012447357117886,-9.996190520600301e-05,-0.016997241073467673,-0.04014277347133377,-0.01268418724838416,-0.027367330421004032,-0.08230578268016442,-0.08118731182040517,-0.0007505436520438558,-0.035431228099356504,-9.996190520600301e-05,-0.016997241073467673,-0.000353928808385473,-0.05250103817459151
2025-09-12,0.0,-0.010858371680227519,0.0,-0.06576648732979351,-0.08860866265679024,0.0,-0.1029283767452076,-0.04373672422486963,0.0,-0.051758743468161894,-0.12696290550824807,0.0,0.0,-0.010858371680227519,0.0,-0.06576648732979351,-0.08860866265679024,0.0,0.0,-0.10494194525833944,0.0,-0.014266647903853347,-0.037476474152472905,-0.011312900245336599,-0.026016436896047712,-0.07694448374899088,-0.0758194786248636,-0.0038536950339614906,-0.038426679233668604,0.0,-0.014266647903853347,-0.0003770646166297853,-0.05252296709015902
2025-09-15,0.0,-0.0034106429651528103,0.0,-0.06517469484103677,-0.0830091508813613,0.0,-0.10419818985616058,-0.05127066724886453,0.0,-0.05308169341333735,-0.1345731690095121,0.0,0.0,-0.0034106429651528103,0.0,-0.06517469484103677,-0.0830091508813613,0.0,0.0,-0.09758540824599726,0.0,-0.005916826291732624,-0.02932325531169211,-0.007125479328918716,-0.021891290380632644,-0.07154353956299242,-0.0704119518555022,-0.0022906956316630644,-0.03691792643487657,0.0,-0.005916826291732624,0.0,-0.0486657529981358
2025-09-16,0.0,-0.010611193554974196,0.0,-0.061294529351246796,-0.08681842427413367,0.0,-0.10428719058036506,-0.058057677269990005,0.0,-0.047191920101792184,-0.14014639061501055,0.0,0.0,-0.010611193554974196,0.0,-0.061294529351246796,-0.08681842427413367,0.0,0.0,-0.09120881752444676,0.0,-0.005146564542295118,-0.02857112994906974,-0.0067408167144155096,-0.021512348383756597,-0.07465364369653371,-0.07352584653362615,-0.00609509411697462,-0.04059028667634135,0.0,-0.005146564542295118,-0.004125734219054822,-0.05259070525475018
2025-09-17,0.0,-0.00908226337003093,0.0,-0.06202194192337618,-0.08553951497511236,0.0,-0.10195902829561232,-0.05634305081473312,0.0,-0.04636931844094283,-0.13872530348358936,0.0,0.0,-0.00908226337003093,0.0,-0.06202194192337618,-0.08553951497511236,0.0,0.0,-0.09324420405042377,0.0,-0.004974827898282297,-0.028403436972301854,-0.006655085996355559,-0.021427892634041545,-0.077202922018895,-0.07607823187514828,-0.007867631244446782,-0.04230130483034944,0.0,-0.004974827898282297,-0.006729622432192772,-0.05506787328727292
2025-09-18,0.0,0.0,0.0,-0.05938826698949473,-0.07341075034729294,0.0,-0.10176611133640845,-0.04389900626694665,0.0,-0.04702426007008298,-0.12766619932211531,0.0,0.0,0.0,0.0,-0.05938826698949473,-0.07341075034729294,0.0,0.0,-0.0824460383601947,0.0,0.0,-0.018963165455594733,-0.0018292940705830762,-0.01667386882223243,-0.06623815772653663,-0.06510010390552845,-0.000801330185503546,-0.035480251998140755,0.0,0.0,0.0,-0.04592727469888025
2025-09-19,0.0,0.0,0.0,-0.05586617854553788,-0.07017793892119795,0.0,-0.10576130936261985,-0.041404392852743666,0.0,-0.049593354106350684,-0.12516368557509439,0.0,0.0,0.0,0.0,-0.05586617854553788,-0.07017793892119795,0.0,0.0,-0.08536574063192182,-0.0018633163436525546,-0.0018633163436524436,-0.020791147423126377,-0.002759247965639866,-0.01758999264791461,-0.0628341324209879,-0.06169192982902927,0.0,-0.02770377586184214,-0.0018633163436525546,-0.0018633163436524436,0.0,-0.03952259476341613
2025-09-22,0.0,0.0,0.0,-0.059777151437857556,-0.07031755803544393,0.0,-0.10341310807322357,-0.04080819273772163,0.0,-0.049477478823664156,-0.12482927804589594,0.0,0.0,0.0,0.0,-0.059777151437857556,-0.07031755803544393,0.0,0.0,-0.08622584481346274,-0.007677911392854342,-0.007677911392854453,-0.026495479344352924,-0.005663935887939453,-0.020451482691598022,-0.0676615336351356,-0.06652521460164829,-0.005047668493421309,-0.03261160487869674,-0.007677911392854342,-0.007677911392854453,-0.006051105919518629,-0.04533454527580705
2025-09-23,0.0,-0.001214860845335175,0.0,-0.06096041173494826,-0.07147517302385353,0.0,-0.10254967144666782,-0.04191736967569204,0.0,-0.04897343809605548,-0.12587659499745119,0.0,0.0,-0.001214860845335175,0.0,-0.06096041173494826,-0.07147517302385353,0.0,0.0,-0.0873041615716732,-0.004634767723466604,-0.004634767723466715,-0.023510043311873008,-0.004139275934539888,-0.018949497145005267,-0.06722699530826082,-0.06609014666649349,-0.004735276319127624,-0.03230786714718081,-0.004634767723466604,-0.004634767723466715,-0.006062687435655523,-0.04534566906037496
2025-09-24,0.0,0.0,0.0,-0.06369838184969112,-0.06372349096638286,0.0,-0.10443458963686258,-0.033733004788766396,0.0,-0.05211291254550465,-0.11872124865925904,0.0,0.0,0.0,0.0,-0.06369838184969112,-0.06372349096638286,0.0,0.0,-0.07981694971457398,0.0,0.0,-0.012852718302699073,0.0,-0.013595947941693609,-0.05276660794453647,-0.05161213521668262,0.0,-0.02246939574247231,0.0,0.0,0.0,-0.03150022996360469
2025-09-25,0.0,0.0,0.0,-0.06360181915682461,-0.05475340889241598,0.0,-0.10507329474673133,-0.02463490560377979,0.0,-0.05424917364113202,-0.1107623705807873,0.0,0.0,0.0,0.0,-0.06360181915682461,-0.05475340889241598,0.0,0.0,-0.07106124021119098,-0.0007011407679143877,-0.0007011407679146098,-0.013544847505832958,-0.0003505703839572494,-0.013941751988960749,-0.05513634402981171,-0.0539847594979459,0.0,-0.020481877002768045,-0.0007011407679143877,-0.0007011407679146098,0.0,-0.031464424406976166
2025-09-26,0.0,-0.0019288887454733672,0.0,-0.062338930522322866,-0.05662796953086302,0.0,-0.10269297874839334,-0.026121728859961557,0.0,-0.05029575549814358,-0.11202553912353352,0.0,0.0,-0.0019288887454733672,0.0,-0.062338930522322866,-0.05662796953086302,0.0,0.0,-0.0728606066105898,-0.0032444133095049787,-0.0032444133095049787,-0.01605543208187943,-0.001622652765554622,-0.015196539204720305,-0.05604487620419585,-0.05489439897664017,0.0,-0.014952628203685814,-0.0032444133095049787,-0.0032444133095049787,0.0,-0.02783008724444469
2025-09-29,0.0,-0.006603610852016106,0.0,-0.06311337811114914,-0.06125324143887201,0.0,-0.10722579345638528,-0.031105120345799264,0.0,-0.055091174774155816,-0.11650592817451244,0.0,0.0,-0.006603610852016106,0.0,-0.06311337811114914,-0.06125324143887201,0.0,0.0,-0.07726228713369354,-0.0034807776732915796,-0.0034807776732915796,-0.01628875852108158,-0.0017410272345061983,-0.015313304260554439,-0.05266762804871816,-0.05151303468576929,-0.003107851919935012,-0.018014009569350065,-0.0034807776732915796,-0.0034807776732915796,-0.0004322002986967277,-0.028250259371121467
2025-09-30,0.0,-0.007567328791596495,0.0,-0.06025416729922728,-0.06191355435135226,0.0,-0.10982877200593844,-0.03215769380068645,0.0,-0.05383930749006949,-0.11724371437755232,0.0,0.0,-0.007567328791596495,0.0,-0.06025416729922728,-0.06191355435135226,0.0,0.0,-0.07809865508195646,0.0,0.0,-0.01219941444392958,0.0,-0.01326660471231167,-0.04972524476167528,-0.048567065269596754,-0.0009256006100029079,-0.015864388651902428,0.0,0.0,0.0,-0.02535389563629331
2025-10-01,0.0,-0.008247447786200013,0.0,-0.059314928502244846,-0.06257931995241428,0.0,-0.11255853833572849,-0.0330398917307656,0.0,-0.05419508625149949,-0.11795039376428818,0.0,0.0,-0.008247447786200013,0.0,-0.059314928502244846,-0.06257931995241428,0.0,0.0,-0.07873108221319791,0.0,0.0,-0.009939154967955943,0.0,-0.013131265591008523,-0.0448550747579094,-0.04369095958145097,-0.0004962794715981378,-0.015441486992860187,0.0,0.0,0.0,-0.023328794167634448
2025-10-02,0.0,-0.0036722411911949138,0.0,-0.058663859325703394,-0.058135124533442606,0.0,-0.11431234345197205,-0.02842142967472283,0.0,-0.057040990855259266,-0.11392284206817516,0.0,0.0,-0.0036722411911949138,0.0,-0.058663859325703394,-0.058135124533442606,0.0,0.0,-0.07450522274657578,-0.0025647486519555507,-0.004075140916460329,-0.012478412185605858,-0.0017858384141459238,-0.017152894749773884,-0.04917624746782412,-0.05034445747409899,-0.003356876302331613,-0.021056069214460904,-0.0025647486519555507,-0.004075140916460329,-0.0038563474978476897,-0.03010687098016407
2025-10-03,0.0,-0.010692056873739308,0.0,-0.057840104481103105,-0.06496801126902418,0.0,-0.10769804206511635,-0.03534888477981557,0.0,-0.05062567682323782,-0.12003298348741431,0.0,0.0,-0.010692056873739308,0.0,-0.057840104481103105,-0.06496801126902418,0.0,0.0,-0.08099423859468058,-0.004492000326544843,-0.004706647957686161,-0.014386508607139081,-0.002318284085071287,-0.017776109304318943,-0.052579272858724324,-0.05142525537269893,-0.004647323413175419,-0.021651032784311575,-0.004492000326544843,-0.004706647957686161,-0.008302263300264068,-0.03148813929125027
2025-10-06,0.0,-0.00749023949865546,0.0,-0.05657115098325238,-0.06178753063573539,0.0,-0.0936151674443596,-0.031505195626302274,0.0,-0.03962372722969776,-0.11662063583934212,0.0,0.0,-0.00749023949865546,0.0,-0.05657115098325238,-0.06178753063573539,0.0,0.0,-0.07799485609248025,0.0,-0.0032287190165790625,-0.009425211863087868,-0.000987451473487555,-0.01631758744066203,-0.045094659170132334,-0.049220616804449,0.0,-0.018567116041102172,0.0,-0.0032287190165790625,0.0,-0.028377215738326078
2025-10-07,0.0,-0.0027853543003573122,0.0,-0.05761118233596507,-0.057230904111175485,0.0,-0.0913092543871471,-0.02670879871043208,0.0,-0.04055640912875713,-0.1123073508287693,0.0,0.0,-0.0027853543003573122,0.0,-0.05761118233596507,-0.057230904111175485,0.0,0.0,-0.07357103691949307,0.0,-0.0018531226819645807,-0.005633560610156296,0.0,-0.014960054426863545,-0.03892088120782711,-0.046993136177993056,0.0,-0.01789297803788592,0.0,-0.0018531226819645807,0.0,-0.02712593402106067
2025-10-08,0.0,0.0,0.0,-0.05830758370371092,-0.05125473344903708,0.0,-0.0909527021354416,-0.020460808593970037,0.0,-0.042358823896412656,-0.10674514073240415,0.0,0.0,0.0,0.0,-0.05830758370371092,-0.05125473344903708,0.0,0.0,-0.06771850794619227,0.0,-0.000602542669162931,-0.002694546224567218,0.0,-0.013725896112352864,-0.03365127582520033,-0.04474299955541028,0.0,-0.013626503599461492,0.0,-0.000602542669162931,0.0,-0.02365570052493171
2025-10-09,0.0,0.0,0.0,-0.05781844067216302,-0.04261980441909585,0.0,-0.09146697994459652,-0.0117116042564398,0.0,-0.04269198906115712,-0.09918471754518687,0.0,0.0,0.0,0.0,-0.05781844067216302,-0.04261980441909585,0.0,0.0,-0.05896937339675412,0.0,0.0,-0.0005758733631392454,0.0,-0.012722481348817594,-0.02647173769274269,-0.04107202703875856,0.0,-0.01371144595950946,0.0,0.0,0.0,-0.022122400537843534
2025-10-10,0.0,-0.001739740678168178,0.0,-0.05969418306665475,-0.04427771772928224,0.0,-0.08707638796600503,-0.012124859295118418,0.0,-0.04254407323591869,-0.10026216077104755,0.0,0.0,-0.001739740678168178,0.0,-0.05969418306665475,-0.04427771772928224,0.0,0.0,-0.060437325468102876,-0.005247875952332781,-0.0034309616966585743,-0.005820727203498244,-0.0020182998909415995,-0.016109792699281922,-0.032275447215196484,-0.044878288675127664,-0.0006721631174629872,-0.014405955025240003,-0.005247875952332781,-0.0034309616966585743,-0.004809298104811122,-0.025363257423893115
2025-10-13,0.0,-0.001739740678168178,0.0,-0.059860917984089435,-0.04434279050710077,0.0,-0.08786229950071966,-0.012149664779132374,0.0,-0.042680556578504336,-0.10027950471568492,0.0,0.0,-0.001739740678168178,0.0,-0.059860917984089435,-0.04434279050710077,0.0,0.0,-0.060437325468102876,-0.020203317663083697,-0.014069413185582968,-0.020767556473734072,-0.008070143187813184,-0.026612896687558174,-0.04976233638024574,-0.05719211371722421,-0.00045068841880624433,-0.014533023388184851,-0.020203317663083697,-0.014069413185582968,-0.016249799272729293,-0.033506751444380534
2025-10-14,0.0,0.0,0.0,-0.057996019772910024,-0.0414880047960039,0.0,-0.08904297744538348,-0.008701076983705147,0.0,-0.04072547075293287,-0.09717602861699082,0.0,0.0,0.0,0.0,-0.057996019772910024,-0.0414880047960039,0.0,0.0,-0.057323111377481806,-0.01916408987073215,-0.013407883715942481,-0.021207952252840445,-0.007672942101361935,-0.025959783514256873,-0.051976910494002326,-0.059124409705297976,0.0,-0.011633616949836778,-0.01916408987073215,-0.013407883715942481,-0.015977194362615577,-0.03359721953682926
2025-10-15,0.0,-0.005418613702005692,0.0,-0.057750921332312743,-0.04674802096022901,0.0,-0.0926288505449443,-0.014880809292891595,0.0,-0.04013013416233158,-0.10223390839698132,0.0,0.0,-0.005418613702005692,0.0,-0.057750921332312743,-0.04674802096022901,0.0,0.0,-0.06248883498336999,-0.019915774927771746,-0.01419957980982789,-0.02154331792118569,-0.008065123402382746,-0.0267414072693537,-0.051952819676674644,-0.05933303721918082,-0.005025108667573885,-0.01613602571152406,-0.019915774927771746,-0.01419957980982789,-0.01666437293649392,-0.03446886525311177
2025-10-16,0.0,-0.007176119913328338,0.0,-0.058979896921546704,-0.048995345666075774,0.0,-0.09261373788824856,-0.016455852538619697,0.0,-0.0396279636364778,-0.1038118946644997,0.0,0.0,-0.007176119913328338,0.0,-0.058979896921546704,-0.048995345666075774,0.0,0.0,-0.06410335565430447,-0.020544373148108197,-0.014933318936533935,-0.02189505842870132,-0.008417258234929337,-0.02746581141370541,-0.05490041629513953,-0.062267238584433615,-0.005634482324127332,-0.016972880406468493,-0.020544373148108197,-0.014933318936533935,-0.016870246764844832,-0.03495358465577458
2025-10-17,0.0,-0.00801507278641389,0.0,-0.061617030201215006,-0.05069881087293582,0.0,-0.09312153551563562,-0.017428276810618648,0.0,-0.04205848503246756,-0.1050227751649273,0.0,0.0,-0.00801507278641389,0.0,-0.061617030201215006,-0.05069881087293582,0.0,0.0,-0.06496224071750534,-0.015365490046452601,-0.009724767319999161,-0.019974094107499396,-0.005795755553013149,-0.022323525497966235,-0.05668586355862926,-0.064038768719058,-0.008188208132044128,-0.019497486982786194,-0.015365490046452601,-0.009724767319999161,-0.01913516447814012,-0.03717684228079576
2025-10-20,0.0,-0.010000442550902267,0.0,-0.058948702367855654,-0.05133562121050239,0.0,-0.09060828813070243,-0.019365359979387597,0.0,-0.040120932820020716,-0.10633506164850004,0.0,0.0,-0.010000442550902267,0.0,-0.058948702367855654,-0.05133562121050239,0.0,0.0,-0.06757493949929305,-0.00804013791015834,-0.0023574500891883066,-0.01695490498309482,-0.0020974816694804277,-0.015049938823215148,-0.04646300580724361,-0.0538955956671916,-0.0030336624717931526,-0.014401716782454832,-0.00804013791015834,-0.0023574500891883066,-0.01140217427633028,-0.029586089941553206
2025-10-21,0.0,-0.007237576912811572,0.0,-0.06035272162970473,-0.04926395535245831,0.0,-0.08841409646982368,-0.01636596121451106,0.0,-0.041513984764852574,-0.10379140291987432,0.0,0.0,-0.007237576912811572,0.0,-0.06035272162970473,-0.04926395535245831,0.0,0.0,-0.07110007469848323,0.0,0.0,-0.014879770319579766,0.0,-0.00613825082353936,-0.03801730788132429,-0.045515729910497904,0.0,-0.004218262953973428,0.0,0.0,0.0,-0.018343727069729754
2025-10-22,0.0,-0.008700398283345567,0.0,-0.06245277356532841,-0.05090601494527591,0.0,-0.09113989767825004,-0.01879595044874971,0.0,-0.04464739254666639,-0.10567459455688388,0.0,0.0,-0.008700398283345567,0.0,-0.06245277356532841,-0.05090601494527591,0.0,0.0,-0.0725046138729506,0.0,0.0,-0.014345150269401308,0.0,-0.004016785774582199,-0.04237908027699988,-0.049843503347059226,0.0,-0.0027102435775188116,0.0,0.0,-0.001309294754249346,-0.019629004478353584
2025-10-23,0.0,-0.007350583447774395,0.0,-0.06201690811762439,-0.04967163397676633,0.0,-0.09486003006131638,-0.017801639609877573,0.0,-0.04510156114516972,-0.10460139572696436,0.0,0.0,-0.007350583447774395,0.0,-0.06201690811762439,-0.04967163397676633,0.0,0.0,-0.0712155259825652,0.0,0.0,-0.012090051861363249,0.0,0.0,-0.03243078999094218,-0.03997275757364682,0.0,0.0,0.0,0.0,0.0,-0.012084520152115252
2025-10-24,0.0,-0.005403581080154596,0.0,-0.059970550790298116,-0.04762537197373684,0.0,-0.09854393132920647,-0.0167719499401342,0.0,-0.04465033850250477,-0.103315032387569,0.0,0.0,-0.005403581080154596,0.0,-0.059970550790298116,-0.04762537197373684,0.0,0.0,-0.06936991048842112,-0.0007274546205239263,-0.0007274546205240373,-0.012580628352539591,-0.00036372731026201865,-0.0007274546205240373,-0.03183054202493252,-0.039377188395112284,0.0,0.0,-0.0007274546205239263,-0.0007274546205240373,0.0,-0.009597336400965273
2025-10-27,0.0,-0.008457430535974031,0.0,-0.058074936392035426,-0.05016196370711534,0.0,-0.0980371992600867,-0.014256471471350785,0.0,-0.04218072195711564,-0.10083341248160793,0.0,0.0,-0.008457430535974031,0.0,-0.058074936392035426,-0.05016196370711534,0.0,0.0,-0.07218932077388895,-0.0013056558089505899,-0.001305655808950812,-0.013044005884634391,-0.0006529331348071876,-0.0013056558089505899,-0.028711711680285856,-0.036282668577415134,0.0,0.0,-0.0013056558089505899,-0.001305655808950812,0.0,-0.003914084533022777
2025-10-28,0.0,-0.014049365450144902,0.0,-0.05985854154008019,-0.05443041117745051,0.0,-0.09507905449803744,-0.020048977230627374,0.0,-0.04472645975557621,-0.10594591659991082,0.0,0.0,-0.014049365450144902,0.0,-0.05985854154008019,-0.05443041117745051,0.0,0.0,-0.07739604186405202,0.0,0.0,-0.012227061295201014,0.0,0.0,-0.029195718353249633,-0.036762902535621755,0.0,0.0,0.0,0.0,0.0,-0.0037386112749283607
2025-10-29,0.0,-0.015879296674117693,0.0,-0.05766044389043856,-0.05335424511249576,0.0,-0.09999176604226057,-0.022406114778109942,0.0,-0.044563718077479275,-0.10706081291757663,0.0,0.0,-0.015879296674117693,0.0,-0.05766044389043856,-0.05335424511249576,0.0,0.0,-0.07917037856112408,-0.003374437051176904,-0.003374437051177015,-0.014709478077532312,-0.0016872185255885075,-0.003374437051176904,-0.02503330401818582,-0.03263293321188754,-0.002248651593213302,-0.002248651593213302,-0.003374437051176904,-0.003374437051177015,0.0,-0.002220494418421426
2025-10-30,0.0,0.0,0.0,-0.054242797132703524,-0.04111791146824262,0.0,-0.09425323100423766,-0.0050622475783461685,0.0,-0.04181808801564657,-0.09089418883976053,0.0,0.0,0.0,0.0,-0.054242797132703524,-0.04111791146824262,0.0,0.0,-0.0634872215593606,-0.0029613855526738897,-0.0029613855526740007,-0.014541821485760664,-0.0014803431424493807,-0.0029613855526741117,-0.02960560930010525,-0.03716959848184964,0.0,0.0,-0.0029613855526738897,-0.0029613855526740007,0.0,0.0
2025-10-31,0.0,0.0,0.0,-0.05351690024827249,-0.03683289290000291,0.0,-0.09197987026194943,-0.00026081856276249926,0.0,-0.042401578062909784,-0.08687996689903688,0.0,0.0,0.0,0.0,-0.05351690024827249,-0.03683289290000291,0.0,0.0,-0.05907576138611337,-0.005032025010910934,-0.005032025010911045,-0.016430265256346055,-0.002517200778329731,-0.005032025010911156,-0.029532244473717162,-0.0370968055165094,-0.0036441581921097255,-0.0036441581921097255,-0.005032025010910934,-0.005032025010911045,-0.00290783308379583,-0.002907833083795719
2025-11-03,0.0,0.0,0.0,-0.054404593984446636,-0.034004974415793976,0.0,-0.09485835447152702,0.0,0.0,-0.04514188342665404,-0.08417612776355166,0.0,0.0,0.0,0.0,-0.054404593984446636,-0.034004974415793976,0.0,0.0,-0.055969970003950764,0.0,0.0,-0.011456133234016064,-0.0008398446975705909,0.0,-0.020845159814525727,-0.028477434577649174,0.0,0.0,0.0,0.0,0.0,0.0
2025-11-04,0.0,0.0,0.0,-0.05310952488675014,-0.025547305451520952,0.0,-0.09022588557528766,0.0,0.0,-0.045105606314448266,-0.07598679423589583,0.0,0.0,0.0,0.0,-0.05310952488675014,-0.025547305451520952,0.0,0.0,-0.04737984624344482,0.0,0.0,-0.009019012915090774,0.0,0.0,-0.024239062278274104,-0.03184488239392058,0.0,0.0,0.0,0.0,-0.001124280726585991,-0.001124280726585991
2025-11-05,0.0,0.0,0.0,-0.051097761335599734,-0.022981011721563638,0.0,-0.09223495091249923,0.0,0.0,-0.043049812392001785,-0.07385786559654406,0.0,0.0,0.0,0.0,-0.051097761335599734,-0.022981011721563638,0.0,0.0,-0.04566061025382462,0.0,0.0,-0.008126015629638328,0.0,0.0,-0.02221222821949409,-0.02983384701559544,0.0,0.0,0.0,0.0,0.0,0.0
2025-11-06,0.0,-0.0006829380158202003,0.0,-0.06374858304260744,-0.02642033628970064,0.0,-0.09847843504088871,-0.0011798583257561779,0.0,-0.05919043550905567,-0.0765706215230203,0.0,0.0,-0.0006829380158202003,0.0,-0.06374858304260744,-0.02642033628970064,0.0,0.0,-0.046289894437508305,0.0,0.0,0.0,0.0,0.0,-0.011078413056496261,-0.018786817244446086,0.0,0.0,0.0,0.0,0.0,0.0
2025-11-07,0.0,-0.0067465598394458315,0.0,-0.06892988463149008,-0.03368618000503143,0.0,-0.09881554160036166,-0.00785016201866473,0.0,-0.061823928308141096,-0.08272125729631474,0.0,0.0,-0.0067465598394458315,0.0,-0.06892988463149008,-0.03368618000503143,0.0,0.0,-0.051980397970721515,0.0,0.0,0.0,0.0,0.0,-0.009785413167445522,-0.017503895976280437,0.0,0.0,0.0,0.0,0.0,0.0
2025-11-10,0.0,-0.008928198122353237,0.0,-0.05881405039735599,-0.03238418640564367,0.0,-0.10130814060134541,-0.010412885037403785,0.0,-0.054056714111037185,-0.0825379438858812,0.0,0.0,-0.008928198122353237,0.0,-0.05881405039735599,-0.03238418640564367,0.0,0.0,-0.05408964146621453,0.0,0.0,0.0,0.0,0.0,-0.00086563626167524,-0.00865364657053036,0.0,0.0,0.0,0.0,0.0,0.0
2025-11-11,0.0,-0.008928198122353237,0.0,-0.059020875298590125,-0.032463689985416155,0.0,-0.10138094228540573,-0.010597554408324217,0.0,-0.054336536113934075,-0.08284362117871857,0.0,0.0,-0.008928198122353237,0.0,-0.059020875298590125,-0.032463689985416155,0.0,0.0,-0.05408964146621453,0.0,0.0,0.0,0.0,0.0,0.0,0.0,0.0,0.0,0.0,0.0,0.0,0.0
2025-11-12,0.0,-0.0018871459128937396,0.0,-0.059604418607786536,-0.025611437821195127,0.0,-0.09336160728396226,-0.0031450412694683516,0.0,-0.047494637274406726,-0.07566275952037971,0.0,0.0,-0.0018871459128937396,0.0,-0.059604418607786536,-0.025611437821195127,0.0,0.0,-0.04736943793778514,0.0,0.0,0.0,0.0,0.0,0.0,0.0,0.0,0.0,0.0,0.0,0.0,0.0
2025-11-13,0.0,0.0,0.0,-0.06353254600843605,-0.02008690425591242,0.0,-0.09187145387714635,0.0,0.0,-0.04544099972267901,-0.06932281871015922,0.0,0.0,0.0,0.0,-0.06353254600843605,-0.02008690425591242,0.0,0.0,-0.04149584437200726,-0.00435807089397211,-0.004358070893972221,-0.00435807089397211,-0.004358070893972221,-0.004358070893972221,-0.003911692525511157,-0.003911692525511157,-0.005033041546345207,-0.005033041546345318,-0.00435807089397211,-0.004358070893972221,-0.005862889209758859,-0.005862889209758859
2025-11-14,0.0,0.0,0.0,-0.06087059710684328,-0.014157730325123241,0.0,-0.0930467787838587,0.0,0.0,-0.04686960484562963,-0.069335658943111,0.0,0.0,0.0,0.0,-0.06087059710684328,-0.014157730325123241,0.0,0.0,-0.03637627351696959,-0.01737493244578381,-0.01737493244578392,-0.01737493244578381,-0.01737493244578392,-0.01737493244578392,-0.02006141001898798,-0.02006141001898787,-0.016141897829977325,-0.016141897829977436,-0.01737493244578381,-0.01737493244578392,-0.0208285594278127,-0.02082855942781281
2025-11-17,0.0,0.0,0.0,-0.06399613033408769,-0.012132869569330573,0.0,-0.09057221339351329,0.0,0.0,-0.043440778383810996,-0.06476221669436544,0.0,0.0,0.0,0.0,-0.06399613033408769,-0.012132869569330573,0.0,0.0,-0.03395368716881242,-0.00950486612514334,-0.009504866125143563,-0.009504866125143452,-0.009504866125143563,-0.009504866125143674,-0.010133908991118878,-0.010133908991118656,-0.004550873092158736,-0.004550873092158625,-0.00950486612514334,-0.009504866125143563,-0.008716910973156966,-0.008716910973157077
2025-11-18,0.0,0.0,0.0,-0.06123610847338978,-0.00920878978607298,0.0,-0.09173908791980911,0.0,0.0,-0.04226157446104106,-0.062685042705096,0.0,0.0,0.0,0.0,-0.06123610847338978,-0.00920878978607298,0.0,0.0,-0.03146820729470001,-0.015399523898331324,-0.015399523898331657,-0.015399523898331546,-0.015399523898331768,-0.015399523898331657,-0.01726095665244598,-0.017260956652445758,-0.004809153812654343,-0.004809153812654232,-0.015399523898331324,-0.015399523898331657,-0.015236571020342926,-0.015236571020342926
2025-11-19,0.0,0.0,0.0,-0.06523788754354631,0.0,0.0,-0.09580394843609508,0.0,0.0,-0.04681552158802438,-0.05500348432814295,0.0,0.0,0.0,0.0,-0.06523788754354631,0.0,0.0,0.0,-0.020933090861656733,-0.011505615890532339,-0.011505615890532783,-0.011505615890532561,-0.011505615890532672,-0.011505615890532672,-0.013372041643394228,-0.013372041643394006,-0.002422137693422477,-0.002422137693422366,-0.011505615890532339,-0.011505615890532783,-0.011335538538200352,-0.011335538538200463
2025-11-20,0.0,-0.004608471022402916,0.0,-0.06217591551119106,0.0,0.0,-0.09324651885002189,-0.0030840086609384976,0.0,-0.04295716088491186,-0.055484907199369604,0.0,0.0,-0.004608471022402916,0.0,-0.06217591551119106,0.0,0.0,0.0,-0.025445092341414455,-0.007451307448158806,-0.007451307448159139,-0.007451307448159028,-0.007451307448159028,-0.007451307448159028,-0.008812704275800387,-0.008812704275800165,0.0,0.0,-0.007451307448158806,-0.007451307448159139,-0.004778385317313227,-0.004778385317313449
2025-11-21,0.0,-0.004583061743648531,0.0,-0.06035405932914306,0.0,0.0,-0.0988455455153624,-0.005448925266501203,0.0,-0.0484251256080086,-0.05758097066750789,0.0,0.0,-0.004583061743648531,0.0,-0.06035405932914306,0.0,0.0,0.0,-0.02542021495740099,-0.011648203930045398,-0.01164820393004573,-0.01164820393004573,-0.01164820393004573,-0.01164820393004573,-0.015180368324206217,-0.015180368324205884,-0.0025824524175940278,-0.0025824524175940278,-0.011648203930045398,-0.01164820393004573,-0.012089421867701455,-0.012089421867701566
2025-11-24,0.0,-0.005151664099002473,0.0,-0.05923107962997787,0.0,0.0,-0.09795252238844265,-0.00568797913522423,0.0,-0.04728668892900978,-0.05709143966742258,0.0,0.0,-0.005151664099002473,0.0,-0.05923107962997787,0.0,0.0,0.0,-0.02597691470798602,-0.01422490029297896,-0.014224900292979292,-0.014224900292979181,-0.014224900292979181,-0.014224900292979181,-0.01769494325814891,-0.017694943258148577,-0.003687345669726727,-0.003687345669726727,-0.01422490029297896,-0.014224900292979292,-0.014750872083058586,-0.014750872083058919
2025-11-25,0.0,-0.002747236396890118,0.0,-0.05606354704294292,0.0,0.0,-0.10100671940253014,-0.003550265850700174,0.0,-0.048005695500296985,-0.05488718038895468,0.0,0.0,-0.002747236396890118,0.0,-0.05606354704294292,0.0,0.0,0.0,-0.02362281910943209,-0.01651777511058783,-0.016517775110588162,-0.016517775110588273,-0.01651777511058805,-0.016517775110588162,-0.01823324596604059,-0.018233245966040257,-0.008568881628343683,-0.008568881628343683,-0.01651777511058783,-0.016517775110588162,-0.016818345766373977,-0.0168183457663742
2025-11-26,0.0,0.0,0.0,-0.05305019151417911,0.0,0.0,-0.11143594873149076,0.0,0.0,-0.04540747855978233,-0.043178969517319254,0.0,0.0,0.0,0.0,-0.05305019151417911,0.0,0.0,0.0,-0.012378831849876426,-0.011011745438864295,-0.01101174543886474,-0.01101174543886474,-0.011011745438864518,-0.011011745438864518,-0.011095570661900145,-0.0110955706618997,-0.0009032792886126684,-0.0009032792886126684,-0.011011745438864295,-0.01101174543886474,-0.008516638906545748,-0.008516638906546081
2025-11-27,0.0,-2.598225259609066e-06,0.0,-0.05305019151417911,-6.213384488962248e-05,0.0,-0.11145273023462288,-1.0221798855791775e-05,0.0,-0.045434622814018666,-0.043225684472049775,0.0,0.0,-2.598225259609066e-06,0.0,-0.05305019151417911,-6.213384488962248e-05,0.0,0.0,-0.012381397912142433,-0.013696183959600927,-0.013696183959601371,-0.013696183959601482,-0.01369618395960115,-0.01369618395960126,-0.014303740020127131,-0.01430374002012702,-0.0033751810414266448,-0.0033751810414266448,-0.013696183959600927,-0.013696183959601371,-0.010760607384362353,-0.010760607384362686
2025-11-28,0.0,0.0,0.0,-0.056504355332367084,0.0,0.0,-0.11736772856568733,0.0,0.0,-0.05308133545634308,-0.03681476809350981,0.0,0.0,0.0,0.0,-0.056504355332367084,0.0,0.0,0.0,-0.004429204511108287,-0.005610361033550615,-0.005610361033550948,-0.00561036103355117,-0.005610361033550726,-0.005610361033551059,-0.0037595919895264673,-0.0037595919895263563,0.0,0.0,-0.005610361033550615,-0.005610361033550948,-0.0013517224427659347,-0.0013517224427661567
2025-12-01,0.0,0.0,0.0,-0.05497078300137348,0.0,0.0,-0.11256488004922305,0.0,0.0,-0.04759089342992773,-0.0344465538156884,0.0,0.0,0.0,0.0,-0.05497078300137348,0.0,0.0,0.0,-0.0036819603705861015,-0.010292303769452338,-0.010292303769452671,-0.010292303769452782,-0.010292303769452449,-0.010292303769452671,-0.012808661861382076,-0.012808661861381965,-0.006230648918118642,-0.00623064891811842,-0.010292303769452338,-0.010292303769452671,-0.008970224621984602,-0.008970224621984824
2025-12-02,0.0,-0.003703310108643665,0.0,-0.0551234940112324,-0.0037789442799268658,0.0,-0.1131413464130997,-0.004792624244897348,0.0,-0.048426965392649124,-0.03906232419282074,0.0,0.0,-0.003703310108643665,0.0,-0.0551234940112324,-0.0037789442799268658,0.0,0.0,-0.007371635038169844,-0.010061929044698603,-0.010061929044698936,-0.010061929044699047,-0.010061929044698936,-0.010061929044699047,-0.009870896121299877,-0.009870896121299766,0.0,0.0,-0.010061929044698603,-0.010061929044698936,-0.005107701272070497,-0.005107701272070719
2025-12-03,0.0,0.0,0.0,-0.05424964118899567,0.0,0.0,-0.12025644581816008,0.0,0.0,-0.0558155613818655,-0.028218753569887234,0.0,0.0,0.0,0.0,-0.05424964118899567,0.0,0.0,0.0,0.0,-0.0040934035837911775,-0.004093403583791511,-0.004093403583791733,-0.0040934035837914,-0.004093403583791733,-0.0096126623402919,-0.00961266234029201,-0.0018852939335283203,-0.0018852939335282093,-0.0040934035837911775,-0.004093403583791511,-0.004472468926212003,-0.004472468926212225
2025-12-04,0.0,0.0,0.0,-0.055284420566626635,0.0,0.0,-0.11916611944037303,0.0,0.0,-0.055497197067430504,-0.02752637608822739,0.0,0.0,0.0,0.0,-0.055284420566626635,0.0,0.0,0.0,0.0,0.0,0.0,0.0,0.0,0.0,0.0,0.0,0.0,0.0,0.0,0.0,0.0,0.0
2025-12-05,0.0,0.0,0.0,-0.05106672132749979,0.0,0.0,-0.12199819600124406,-0.00045844230239588946,0.0,-0.058051735891168965,-0.027798213613295708,0.0,0.0,0.0,0.0,-0.05106672132749979,0.0,0.0,0.0,0.0,0.0,0.0,0.0,0.0,0.0,0.0,0.0,0.0,0.0,0.0,0.0,0.0,0.0
2025-12-08,0.0,-0.0018130801405534802,0.0,-0.051619741118463125,-0.00204092916409615,0.0,-0.12407651884132065,-0.0032094843159236053,0.0,-0.06047151447551247,-0.030434737808158085,0.0,0.0,-0.0018130801405534802,0.0,-0.051619741118463125,-0.00204092916409615,0.0,0.0,-0.0018130801405534802,-0.025380315983276946,-0.025380315983277058,-0.02538031598327717,-0.02538031598327717,-0.02538031598327717,-0.019123323060325936,-0.019123323060325825,-0.006367321070941734,-0.006367321070941734,-0.025380315983276946,-0.025380315983277058,-0.012470210630741496,-0.012470210630741607
2025-12-09,0.0,0.0,0.0,-0.05457273106274152,0.0,0.0,-0.13276327867549542,-0.002466821094187055,0.0,-0.0705624055977705,-0.029884453675723455,0.0,0.0,0.0,0.0,-0.05457273106274152,0.0,0.0,0.0,0.0,-0.03230982013183059,-0.0323098201318307,-0.0323098201318307,-0.0323098201318307,-0.0323098201318307,-0.027266265082276364,-0.027266265082276253,-0.008028626478889689,-0.0080286264788898,-0.03230982013183059,-0.0323098201318307,-0.018956273108626354,-0.018956273108626576
2025-12-10,0.0,0.0,0.0,-0.0557416977169467,0.0,0.0,-0.13123713139328919,0.0,0.0,-0.06864987004664647,-0.02727727326233531,0.0,0.0,0.0,0.0,-0.0557416977169467,0.0,0.0,0.0,0.0,-0.029391848064326376,-0.029391848064326487,-0.029391848064326376,-0.029391848064326487,-0.029391848064326487,-0.024242575968459357,-0.024242575968459246,-0.004794912506146165,-0.004794912506146276,-0.029391848064326376,-0.029391848064326487,-0.015296564410564484,-0.015296564410564706
2025-12-11,0.0,-0.015141520999843894,0.0,-0.05621532564037046,-0.011975123807367871,0.0,-0.13396347775025497,0.0,0.0,-0.07160590160062441,-0.012579518726504868,0.0,0.0,-0.015141520999843894,0.0,-0.05621532564037046,-0.011975123807367871,0.0,0.0,0.0,-0.02582399149335224,-0.02582399149335235,-0.02582399149335235,-0.02582399149335224,-0.02582399149335235,-0.02313658556217968,-0.02313658556217968,-0.0062690999652038615,-0.0062690999652040835,-0.02582399149335224,-0.02582399149335235,-0.014923955244637632,-0.014923955244637965
2025-12-12,0.0,-0.007293207807471558,0.0,-0.05541200459345663,-0.0045051652718792745,0.0,-0.13374531804302658,-0.008170129533255355,0.0,-0.071442136393422,-0.020583181569671982,0.0,0.0,-0.007293207807471558,0.0,-0.05541200459345663,-0.0045051652718792745,0.0,0.0,0.0,-0.012530023111206101,-0.01253002311120599,-0.012530023111206101,-0.01253002311120599,-0.012530023111206101,-0.012722855003270528,-0.012722855003270528,0.0,0.0,-0.012530023111206101,-0.01253002311120599,-0.004396528587189086,-0.004396528587189419
2025-12-15,0.0,-0.009799621493366661,0.0,-0.05678985247869284,-0.007173964332452321,0.0,-0.13200754026830108,-0.00485777449205016,0.0,-0.06973253027014459,-0.01722693498533867,0.0,0.0,-0.009799621493366661,0.0,-0.05678985247869284,-0.007173964332452321,0.0,0.0,0.0,-0.017941535819615995,-0.017941535819615995,-0.017941535819615995,-0.017941535819615884,-0.017941535819615995,-0.01399008952751879,-0.0139900895275189,-0.0027500225315960636,-0.0027500225315960636,-0.017941535819615995,-0.017941535819615995,-0.003534183087755216,-0.003534183087755438
2025-12-16,0.0,-0.012494226379849205,0.0,-0.05938443294360107,-0.009789196024681757,0.0,-0.12906116031223613,-0.0023172631661506626,0.0,-0.06598289627846343,-0.014661833702863558,0.0,0.0,-0.012494226379849205,0.0,-0.05938443294360107,-0.009789196024681757,0.0,0.0,0.0,-0.02020913307342731,-0.0202091330734272,-0.0202091330734272,-0.0202091330734272,-0.02020913307342731,-0.016745114000851435,-0.016745114000851546,-0.0017751788432283089,-0.00177517884322842,-0.02020913307342731,-0.0202091330734272,-0.005182714738453886,-0.005182714738454219
2025-12-17,0.0,-0.0193404121169245,0.0,-0.05827603525296654,-0.00832192119766062,0.0,-0.12976328236783574,-0.008487612014848156,0.0,-0.06563992816830466,-0.020837739112776865,0.0,0.0,-0.0193404121169245,0.0,-0.05827603525296654,-0.00832192119766062,0.0,0.0,-0.005931159910423589,-0.028903261350824105,-0.028903261350824105,-0.028903261350823994,-0.028903261350824105,-0.028903261350824105,-0.019981490557808512,-0.019981490557808512,0.0,0.0,-0.028903261350824105,-0.028903261350824105,-0.003199974627400959,-0.003199974627401181
2025-12-18,0.0,-0.022380768750641766,0.0,-0.061292101258389575,-0.011946576912508222,0.0,-0.13172361378319397,-0.006548746155035978,0.0,-0.06867709874376937,-0.019044620290476377,0.0,0.0,-0.022380768750641766,0.0,-0.061292101258389575,-0.011946576912508222,0.0,0.0,-0.0037309253754191918,-0.038465412813610045,-0.03846541281360982,-0.03846541281360982,-0.038465412813609934,-0.038465412813609934,-0.0288988089717519,-0.0288988089717519,0.0,0.0,-0.038465412813610045,-0.03846541281360982,-0.006457705583652107,-0.006457705583652329
2025-12-19,0.0,-0.025326393706336714,0.0,-0.06014644380600476,-0.014534491119617243,0.0,-0.13989528898245907,-0.009970283161615079,0.0,-0.07397849440301396,-0.022367557828529394,0.0,0.0,-0.025326393706336714,0.0,-0.06014644380600476,-0.014534491119617243,0.0,0.0,-0.006644919265206606,-0.033544953688385726,-0.033544953688385504,-0.03354495368838539,-0.033544953688385504,-0.033544953688385615,-0.024082833300626327,-0.02408283330062644,0.0,0.0,-0.033544953688385726,-0.033544953688385504,-0.004569403185386123,-0.004569403185386456
2025-12-22,0.0,-0.018822100295829758,0.0,-0.05866324681877577,-0.007204459637848104,0.0,-0.14080734283496976,-0.0023555848293922432,0.0,-0.07576016417478726,-0.014934621907136236,0.0,0.0,-0.018822100295829758,0.0,-0.05866324681877577,-0.007204459637848104,0.0,0.0,0.0,-0.03183193020003949,-0.03183193020003927,-0.03183193020003927,-0.03183193020003927,-0.03183193020003927,-0.02117482773711643,-0.02117482773711654,0.0,0.0,-0.03183193020003949,-0.03183193020003927,0.0,0.0
2025-12-23,0.0,-0.026101455960212183,0.0,-0.05899519976313583,-0.012792767954115547,0.0,-0.1435769520881357,0.0,0.0,-0.07777093674627567,-0.007687657610231047,0.0,0.0,-0.026101455960212183,0.0,-0.05899519976313583,-0.012792767954115547,0.0,0.0,0.0,-0.041816409882188044,-0.04181640988218793,-0.04181640988218793,-0.04181640988218782,-0.041816409882188044,-0.024373030344350455,-0.024373030344350566,-0.001958967061053918,-0.001958967061053807,-0.041816409882188044,-0.04181640988218793,-0.004215581343210539,-0.004215581343210428
2025-12-24,0.0,-0.03020991960168029,0.0,-0.055701864032264625,-0.007976497903509516,0.0,-0.14455548523352413,0.0,0.0,-0.07475345609372375,-0.003035477963218347,0.0,0.0,-0.03020991960168029,0.0,-0.055701864032264625,-0.007976497903509516,0.0,0.0,0.0,-0.05199520533482416,-0.051995205334823935,-0.051995205334824046,-0.051995205334823824,-0.05199520533482416,-0.033461139696058906,-0.033461139696058906,-0.013186979640663954,-0.013186979640663843,-0.05199520533482416,-0.051995205334823935,-0.011365422689585847,-0.011365422689585847
2025-12-25,0.0,-0.03020991960168029,0.0,-0.05589621414945278,-0.008342493071466839,0.0,-0.14455548523352413,-8.648057375326701e-06,0.0,-0.07493363833585742,-0.0030403072849451984,0.0,0.0,-0.03020991960168029,0.0,-0.05589621414945278,-0.008342493071466839,0.0,0.0,0.0,-0.05199520533482416,-0.051995205334823935,-0.051995205334824046,-0.051995205334823824,-0.05199520533482416,-0.033461139696058906,-0.033461139696058906,-0.013186979640663954,-0.013186979640663843,-0.05199520533482416,-0.051995205334823935,-0.011365422689585847,-0.011365422689585847
2025-12-26,0.0,-0.02866487830827058,0.0,-0.05654608570657382,-0.006998198367449193,0.0,-0.14616337813212898,-0.0016835725317911887,0.0,-0.0760691686860745,-0.00481523349417512,0.0,0.0,-0.02866487830827058,0.0,-0.05654608570657382,-0.006998198367449193,0.0,0.0,-0.0015817474866796077,-0.05199520533482416,-0.051995205334823935,-0.051995205334824046,-0.051995205334823824,-0.05199520533482416,-0.033461139696058906,-0.033461139696058906,-0.013186979640663954,-0.013186979640663843,-0.05199520533482416,-0.051995205334823935,-0.011365422689585847,-0.011365422689585847
2025-12-29,0.0,-0.02673089077382429,0.0,-0.05645830654233197,-0.005000545618953911,0.0,-0.14172940778834708,-0.004403538464721968,0.0,-0.07313851567994234,-0.007384560163479992,0.0,0.0,-0.02673089077382429,0.0,-0.05645830654233197,-0.005000545618953911,0.0,0.0,-0.0043594698823272715,-0.06848683424990498,-0.06848683424990465,-0.06848683424990487,-0.06848683424990476,-0.06848683424990498,-0.040622020216496635,-0.040622020216496635,-0.01853831017161034,-0.01853831017161034,-0.06848683424990498,-0.06848683424990465,-0.01888675337332879,-0.01888675337332879
2025-12-30,0.0,-0.027329811756562017,0.0,-0.05834379787492128,-0.005943949772282631,0.0,-0.14401054180420692,-0.0042347436623206836,0.0,-0.07563918442269757,-0.0073683726802978855,0.0,0.0,-0.027329811756562017,0.0,-0.05834379787492128,-0.005943949772282631,0.0,0.0,-0.004110791473944664,-0.05455260088151859,-0.05455260088151814,-0.054552600881518365,-0.054552600881518254,-0.054552600881518365,-0.03032719130463679,-0.03032719130463668,-0.010680831212232067,-0.010680831212231956,-0.05455260088151859,-0.05455260088151814,-0.009529412224257183,-0.009529412224257405
2025-12-31,0.0,-0.019117379555897762,0.0,-0.057909242950171635,-0.0013435045001556345,0.0,-0.141116265281785,-0.01244619670857594,0.0,-0.07315014515574558,-0.015345734386996157,0.0,0.0,-0.019117379555897762,0.0,-0.057909242950171635,-0.0013435045001556345,0.0,0.0,-0.012012358891119068,-0.04557678553170863,-0.04557678553170841,-0.04557678553170841,-0.0455767855317083,-0.04557678553170852,-0.020846453336939574,-0.020846453336939352,-0.00856118658116356,-0.00856118658116356,-0.04557678553170863,-0.04557678553170841,-0.0033745828312979897,-0.003374582831298323
2026-01-01,0.0,-0.019117379555897762,0.0,-0.05794872996891376,-0.0017021311308702547,0.0,-0.14127375868278869,-0.01244929005983686,0.0,-0.0733585041638577,-0.015878137742210585,0.0,0.0,-0.019117379555897762,0.0,-0.05794872996891376,-0.0017021311308702547,0.0,0.0,-0.012012358891119068,-0.046073163054442756,-0.046073163054442645,-0.046073163054442756,-0.046073163054442534,-0.04607316305444287,-0.021143713964045463,-0.021143713964045352,-0.00952732880652396,-0.00952732880652385,-0.046073163054442756,-0.046073163054442645,-0.0038114323612594703,-0.0038114323612598033
2026-01-02,0.0,-0.02074115175666158,0.0,-0.06041944073286021,-0.006073503018080961,0.0,-0.13926378301768083,-0.010638679892254532,0.0,-0.07568998400908478,-0.018223493087435094,0.0,0.0,-0.02074115175666158,0.0,-0.06041944073286021,-0.006073503018080961,0.0,0.0,-0.010419732574384,-0.03970104490588233,-0.03970104490588211,-0.03970104490588222,-0.039701044905882,-0.03970104490588233,-0.0142145919005352,-0.01421459190053509,-0.006327994564435335,-0.006327994564435335,-0.03970104490588233,-0.03970104490588211,0.0,0.0
2026-01-05,0.0,-0.022672573542812158,0.0,-0.06365783582042595,-0.009587330781666625,0.0,-0.13931499087617294,-0.009185732602266405,0.0,-0.07978482027394307,-0.024067432213974227,0.0,0.0,-0.022672573542812158,0.0,-0.06365783582042595,-0.009587330781666625,0.0,0.0,-0.00849211290504892,-0.03737851347854837,-0.03737851347854815,-0.03737851347854826,-0.03737851347854804,-0.03737851347854837,-0.005820822835136963,-0.005820822835136741,0.0,0.0,-0.03737851347854837,-0.03737851347854815,0.0,0.0
2026-01-06,0.0,-0.018265129428968407,0.0,-0.06566136990743876,-0.011804056637842675,0.0,-0.13864172673360975,-0.00454588291229463,0.0,-0.08198311391465785,-0.024534215109345392,0.0,0.0,-0.018265129428968407,0.0,-0.06566136990743876,-0.011804056637842675,0.0,0.0,-0.012911380956195262,-0.031100658769838252,-0.03110065876983803,-0.031100658769838252,-0.03110065876983792,-0.031100658769838363,-0.0012122070465427903,-0.0012122070465425683,0.0,0.0,-0.031100658769838252,-0.03110065876983803,0.0,0.0
2026-01-07,0.0,-0.0157305845284037,0.0,-0.06956131637247154,-0.01698846929567055,0.0,-0.13862435366883952,-0.0018814392329593588,0.0,-0.08596996363011711,-0.02869661790123379,0.0,0.0,-0.0157305845284037,0.0,-0.06956131637247154,-0.01698846929567055,0.0,0.0,-0.015321714911986972,-0.030208823211071767,-0.030208823211071656,-0.030208823211071767,-0.030208823211071545,-0.030208823211071878,-0.0006676069675662921,-0.000667606967565959,0.0,0.0,-0.030208823211071767,-0.030208823211071656,0.0,0.0
2026-01-08,0.0,-0.008129354838381175,0.0,-0.06779458043049291,-0.013945134741792042,0.0,-0.13694194582485864,0.0,0.0,-0.08414150190519265,-0.020492573676776704,0.0,0.0,-0.008129354838381175,0.0,-0.06779458043049291,-0.013945134741792042,0.0,0.0,-0.023604926196784892,-0.025581958552678197,-0.025581958552677975,-0.025581958552678086,-0.025581958552678086,-0.025581958552678308,-0.0005937210628693679,-0.0005937210628690348,0.0,0.0,-0.025581958552678197,-0.025581958552677975,0.0,0.0
2026-01-09,0.0,-0.0035236309570252367,0.0,-0.06929875188316104,-0.010424853187090743,0.0,-0.138880321735383,0.0,0.0,-0.08631478279740956,-0.017075217722695823,0.0,0.0,-0.0035236309570252367,0.0,-0.06929875188316104,-0.010424853187090743,0.0,0.0,-0.01901582589524764,-0.02233286803892165,-0.02233286803892154,-0.02233286803892176,-0.02233286803892176,-0.02233286803892187,0.0,0.0,0.0,0.0,-0.02233286803892165,-0.02233286803892154,0.0,0.0
2026-01-12,0.0,-0.010488787664959087,0.0,-0.0718108314207564,-0.01901114095863199,0.0,-0.14009455726486397,-0.0068637207193743555,0.0,-0.0879242996613473,-0.02544875294935023,0.0,0.0,-0.010488787664959087,0.0,-0.0718108314207564,-0.01901114095863199,0.0,0.0,-0.025976303043142246,-0.016313062304356807,-0.016313062304356807,-0.016313062304356807,-0.016313062304356918,-0.01631306230435703,0.0,0.0,0.0,0.0,-0.016313062304356807,-0.016313062304356807,0.0,0.0
2026-01-13,0.0,-0.004397741653258014,0.0,-0.07049490137110492,-0.014325275522790726,0.0,-0.13918253388963653,-0.0008870935600462371,0.0,-0.0870671610004271,-0.020611494178440548,0.0,0.0,-0.004397741653258014,0.0,-0.07049490137110492,-0.014325275522790726,0.0,0.0,-0.01983924686743488,-0.012989080171957434,-0.012989080171957323,-0.012989080171957323,-0.012989080171957545,-0.012989080171957768,0.0,0.0,0.0,0.0,-0.012989080171957434,-0.012989080171957323,-0.0002368379810193666,-0.00023683798101925557
2026-01-14,0.0,-0.007685754599625505,0.0,-0.06806499838020952,-0.012738948272329464,0.0,-0.13810366676487762,-0.004363651587183437,0.0,-0.08451821998062925,-0.01789449272465271,0.0,0.0,-0.007685754599625505,0.0,-0.06806499838020952,-0.012738948272329464,0.0,0.0,-0.023161750434517847,-0.009598095955624997,-0.010807254477258277,-0.009598095955624886,-0.010807254477258388,-0.01080725447725861,0.0,0.0,0.0,0.0,-0.009598095955624997,-0.010807254477258277,0.0,0.0
2026-01-15,0.0,-0.0007170915191353489,0.0,-0.06992367173742509,-0.015200916593115177,0.0,-0.13943764285167648,0.0,0.0,-0.08643649975796852,-0.025775128962118976,0.0,0.0,-0.0007170915191353489,0.0,-0.06992367173742509,-0.015200916593115177,0.0,0.0,-0.016312446866352692,-0.015140757175542308,-0.012312411197190731,-0.015140757175542308,-0.012312411197190842,-0.012312411197191175,-0.002505621745429343,-0.0008391961857394659,0.0,0.0,-0.015140757175542308,-0.012312411197190731,0.0,0.0
2026-01-16,0.0,0.0,0.0,-0.06972090096667016,-0.014535967045583909,0.0,-0.14177381264973676,-0.0012160278218926734,0.0,-0.08622787231409057,-0.027056683639424817,0.0,0.0,0.0,0.0,-0.06972090096667016,-0.014535967045583909,0.0,0.0,-0.0161835277127923,-0.010824705897907738,-0.011026664920414708,-0.01082470589790796,-0.01102666492041493,-0.011026664920415263,0.0,0.0,0.0,0.0,-0.010824705897907738,-0.011026664920414708,0.0,0.0
2026-01-19,0.0,-0.000975741452863943,0.0,-0.06972675633674397,-0.01514297676635501,0.0,-0.1422278279826521,-0.0012317700617113791,0.0,-0.08641276604551629,-0.02707838236654303,0.0,0.0,-0.000975741452863943,0.0,-0.06972675633674397,-0.01514297676635501,0.0,0.0,-0.0161835277127923,-0.009417946089558815,-0.01058523214580298,-0.009417946089558926,-0.010585232145803092,-0.010585232145803314,-0.0012269219071294746,-0.0007035595122338867,0.0,0.0,-0.009417946089558815,-0.01058523214580298,0.0,0.0
2026-01-20,0.0,0.0,0.0,-0.07188864149452634,0.0,0.0,-0.13764679893879161,0.0,0.0,-0.08036274080416228,-0.0020154352809389486,0.0,0.0,0.0,0.0,-0.07188864149452634,0.0,0.0,0.0,0.0,-0.010486468309288566,-0.011213392454291649,-0.010486468309288899,-0.01121339245429176,-0.011213392454292093,-0.009997043040838927,-0.005084190994436355,-0.005153700041207521,-0.0028390920087718596,-0.010486468309288566,-0.011213392454291649,-0.007217539586786836,-0.003747509326746834
2026-01-21,0.0,-0.0015092858618001026,0.0,-0.06936954857767053,-0.0014059654938676225,0.0,-0.1397157528071068,-0.0015483982849717748,0.0,-0.08141564408030422,-0.003574544019460446,0.0,0.0,-0.0015092858618001026,0.0,-0.06936954857767053,-0.0014059654938676225,0.0,0.0,-0.0015060523552848926,-0.010425829386463636,-0.011301198934136947,-0.011638053785484437,-0.011301198934137169,-0.011301198934137502,-0.003818911188247287,-0.0018810650466044576,-0.004808952793312837,-0.0030390140381202357,-0.010425829386463636,-0.011301198934136947,-0.001939090973557156,-0.0011521972447041673
2026-01-22,0.0,0.0,0.0,-0.0740535496986019,0.0,0.0,-0.1456794275357789,0.0,0.0,-0.08619163950341546,0.0,0.0,0.0,0.0,0.0,-0.0740535496986019,0.0,0.0,0.0,0.0,-0.0034169334543768803,-0.007045636615164219,-0.01000905763232729,-0.007045636615164441,-0.007045636615164663,0.0,0.0,0.0,0.0,-0.0034169334543768803,-0.007045636615164219,0.0,0.0
2026-01-23,0.0,0.0,0.0,-0.07398471697108622,0.0,0.0,-0.14219660428833214,0.0,0.0,-0.0827092870452607,0.0,0.0,0.0,0.0,0.0,-0.07398471697108622,0.0,0.0,0.0,0.0,0.0,-0.0033148938071374534,-0.008347068421873827,-0.0033148938071376755,-0.0033148938071378975,0.0,0.0,-0.004984859359311478,-0.0038804860407164465,0.0,-0.0033148938071374534,0.0,-0.00025335269412185557
2026-01-26,0.0,0.0,0.0,-0.08092056928747304,0.0,0.0,-0.15062185756611757,0.0,0.0,-0.09341832351501556,0.0,0.0,0.0,0.0,0.0,-0.08092056928747304,0.0,0.0,0.0,0.0,-0.011483719554043037,-0.012307375304371093,-0.013023698617941393,-0.012307375304371315,-0.012307375304371537,-0.01001932085889945,-0.007977764415029065,-0.018279810432250465,-0.014585076027119337,-0.011483719554043037,-0.012307375304371093,-0.011618224171038749,-0.009574292366081982
2026-01-27,0.0,-0.014659481576356881,0.0,-0.08134291713623276,-0.014699590607769264,0.0,-0.1410444099537591,-0.014414489254511054,0.0,-0.08430186682024354,0.0,0.0,0.0,-0.014659481576356881,0.0,-0.08134291713623276,-0.014699590607769264,0.0,0.0,-0.014659481576356992,-0.010020998462991981,-0.011186097701330944,-0.012450900106712015,-0.011186097701331055,-0.011186097701331166,-0.012251381750467916,-0.010090021875397759,-0.025458167396457232,-0.021095023512743172,-0.010020998462991981,-0.011186097701330944,-0.014492849619649806,-0.012338899030221673
2026-01-28,0.0,-0.01345856655262645,0.0,-0.0788422085176681,-0.013477506282730256,0.0,-0.1449369634687887,-0.015254302644092887,0.0,-0.08826545766295513,-0.0011573541981138025,0.0,0.0,-0.01345856655262645,0.0,-0.0788422085176681,-0.013477506282730256,0.0,0.0,-0.01345856655262645,-0.003907775738571262,-0.005659158424247801,-0.0092178620830079,-0.005659158424247912,-0.005659158424248023,-0.004965786134561445,-0.0035467431678978256,-0.020167134723475977,-0.016561740883012877,-0.003907775738571262,-0.005659158424247801,-0.004840914245883066,-0.0037065851653990123
2026-01-29,0.0,-0.018316295589804632,0.0,-0.07336975118460998,-0.018933231706595555,0.0,-0.14051769386063617,-0.01336623541735349,0.0,-0.08362864229863542,0.0,0.0,0.0,-0.018316295589804632,0.0,-0.07336975118460998,-0.018933231706595555,0.0,0.0,-0.019005248351256165,-0.0035864754334561377,-0.005338423046533536,-0.009139497761554871,-0.005338423046533647,-0.005338423046533647,0.0,0.0,-0.007745949650582951,-0.004094850807011552,-0.0035864754334561377,-0.005338423046533536,0.0,0.0
2026-01-30,0.0,-0.011977241523834836,0.0,-0.07302264375383294,-0.021318629679628498,0.0,-0.1418546099556497,-0.013116375166442262,0.0,-0.08507495132798382,-0.007114956149434026,0.0,0.0,-0.011977241523834836,0.0,-0.07302264375383294,-0.021318629679628498,0.0,0.0,-0.025384647308681507,-0.0027478964307344755,-0.00450131847831714,-0.008677151299311348,-0.004501318478317362,-0.004501318478317473,-0.008590656564793075,-0.008590656564793075,-0.00902124925062553,-0.005374843000542029,-0.0027478964307344755,-0.00450131847831714,-0.008587332059821429,-0.008587332059821429
2026-02-02,0.0,0.0,0.0,-0.07898915977607002,-0.009464389056850209,0.0,-0.14783965507355334,-0.01447113465148786,0.0,-0.09283741100105003,-0.012571536538680816,0.0,0.0,0.0,0.0,-0.07898915977607002,-0.009464389056850209,0.0,0.0,-0.03948761331890338,-0.0022829733409841513,-0.004037212841238258,-0.008456119540539153,-0.00403721284123848,-0.004037212841238591,-0.005544079410659708,-0.005544079410659708,-0.002203242336305644,0.0,-0.0022829733409841513,-0.004037212841238258,-0.006975187699259755,-0.006975187699259755
2026-02-03,0.0,-0.0066684104896567176,0.0,-0.07562958395617647,-0.01610913996695129,0.0,-0.15606884712081215,-0.02231648046446366,0.0,-0.09643010301509147,-0.017391295996152967,0.0,0.0,-0.0066684104896567176,0.0,-0.07562958395617647,-0.01610913996695129,0.0,0.0,-0.0465069685883871,0.0,-0.0011388030457113452,-0.006140573901358692,-0.0011388030457113452,-0.0011388030457114562,0.0,0.0,0.0,0.0,0.0,-0.0011388030457113452,0.0,0.0
2026-02-04,0.0,-0.00021774349985836938,0.0,-0.07826670194227281,-0.01109075002656712,0.0,-0.15485491035003152,-0.02131163901380917,0.0,-0.09541319655444225,-0.01846994292156412,0.0,0.0,-0.00021774349985836938,0.0,-0.07826670194227281,-0.01109075002656712,0.0,0.0,-0.052603772006959315,0.0,0.0,-0.0005942856062095547,0.0,0.0,0.0,0.0,0.0,0.0,0.0,0.0,0.0,0.0
2026-02-05,0.0,0.0,0.0,-0.08123780724104324,-0.007920085251222897,0.0,-0.1601683652724435,-0.026963366711691306,0.0,-0.10120638878102783,-0.024078319596911202,0.0,0.0,0.0,0.0,-0.08123780724104324,-0.007920085251222897,0.0,0.0,-0.05664850185571313,-0.0005757323650555923,-0.0005757323650554813,-0.001169675821807603,-0.0005757323650554813,-0.0005757323650553703,-0.011167013064587672,-0.011167013064587672,0.0,0.0,-0.0005757323650555923,-0.0005757323650554813,-0.00653833275930249,-0.00653833275930249
2026-02-06,0.0,0.0,0.0,-0.0798282493261433,-0.0033195705326505287,0.0,-0.16062287567015232,-0.023022459337966428,0.0,-0.10189615608377733,-0.020461032231567144,0.0,0.0,0.0,0.0,-0.0798282493261433,-0.0033195705326505287,0.0,0.0,-0.05229341792757014,0.0,0.0,0.0,0.0,0.0,-0.004804300089986113,-0.004804300089986113,0.0,0.0,0.0,0.0,-0.002867689387844763,-0.002867689387844874
2026-02-09,0.0,0.0,0.0,-0.07860015581326807,0.0,0.0,-0.16612806293469762,-0.014033078089277562,0.0,-0.10779696873597677,-0.012032256661476892,0.0,0.0,0.0,0.0,-0.07860015581326807,0.0,0.0,0.0,-0.041480706319666494,0.0,0.0,0.0,0.0,0.0,-0.0018345991839630038,-0.0018345991839628928,-0.002563110864296503,-0.002563110864296614,0.0,0.0,-0.0006416302057949963,-0.0006416302057949963
2026-02-10,0.0,0.0,0.0,-0.08487142527050628,0.0,0.0,-0.16870705857369228,-0.01292532478474051,0.0,-0.11032906054388258,-0.013777094031226067,0.0,0.0,0.0,0.0,-0.08487142527050628,0.0,0.0,0.0,-0.038551703580023355,-0.002220582452253872,-0.002220582452253872,-0.0006934873726317514,-0.002220582452253872,-0.002220582452253872,-0.0018900889759784212,-0.0018900889759780881,-0.004751007334150903,-0.004751007334150903,-0.002220582452253872,-0.002220582452253872,-0.0020305009758291304,-0.0020305009758293524
2026-02-11,0.0,0.0,0.0,-0.08430620923334176,0.0,0.0,-0.17017785723867207,-0.01281616556184284,0.0,-0.10669164472138115,-0.01343799234345222,0.0,0.0,0.0,0.0,-0.08430620923334176,0.0,0.0,0.0,-0.03776466281237667,-0.004795610939386519,-0.00479561093938663,-0.0016698982983119892,-0.004795610939386519,-0.00479561093938663,-0.0006584886160162506,-0.0006584886160161396,-0.002895455723515128,-0.002895455723515239,-0.004795610939386519,-0.00479561093938663,0.0,0.0
2026-02-12,0.0,0.0,0.0,-0.09335700688086745,0.0,0.0,-0.16723889206699794,-0.008344074361580023,0.0,-0.10674333761852905,-0.009259398877736524,0.0,0.0,0.0,0.0,-0.09335700688086745,0.0,0.0,0.0,-0.03367190730673897,-0.01068805865850242,-0.01068805865850242,-0.004172390868847464,-0.01068805865850242,-0.01068805865850242,-0.00253014234381177,-0.002530142343811659,-0.0007791820855813647,-0.0007791820855813647,-0.01068805865850242,-0.01068805865850242,0.0,0.0
2026-02-13,0.0,0.0,0.0,-0.09555861970383395,0.0,0.0,-0.16561930843419115,-0.00743266555804345,0.0,-0.10977686479990978,-0.008715802620160806,0.0,0.0,0.0,0.0,-0.09555861970383395,0.0,0.0,0.0,-0.03366651845669921,-0.012723555748355042,-0.012723555748355042,-0.00528338433551967,-0.012723555748354931,-0.012723555748355042,-0.009981050726653895,-0.009981050726653673,-0.0037153664593067015,-0.0037153664593067015,-0.012723555748355042,-0.012723555748355042,-0.0066798253792011986,-0.0066798253792011986
2026-02-16,0.0,-0.0006759937004225947,0.0,-0.0966389967253296,-0.0006888668615021576,0.0,-0.16620500863246424,-0.007880298288161391,0.0,-0.11070806714411685,-0.008775904136379076,0.0,0.0,-0.0006759937004225947,0.0,-0.0966389967253296,-0.0006888668615021576,0.0,0.0,-0.03366651845669921,-0.016264111244965962,-0.01626411124496585,-0.0077958082513177596,-0.01626411124496585,-0.016264111244965962,-0.008539830905787249,-0.008539830905787027,0.0,0.0,-0.016264111244965962,-0.01626411124496585,-0.003451214646238432,-0.003451214646238321
2026-02-17,0.0,-0.007614407944863899,0.0,-0.0959405879335824,-0.007697233218371791,0.0,-0.16917603830902883,-0.006803552984867345,0.0,-0.11239623675992272,-0.0017817818746278524,0.0,0.0,-0.007614407944863899,0.0,-0.0959405879335824,-0.007697233218371791,0.0,0.0,-0.04026496982392791,-0.013112499310347858,-0.013112499310347636,-0.00713838602866379,-0.013112499310347747,-0.013112499310347636,-0.01066705298876569,-0.010667052988765469,0.0,0.0,-0.013112499310347858,-0.013112499310347636,-0.004142169576589083,-0.004142169576589083
2026-02-18,0.0,-0.010616503017963463,0.0,-0.09434078825621361,-0.009774829493950588,0.0,-0.16573694472154643,-0.0013358885372327656,0.0,-0.10840429847385347,0.0,0.0,0.0,-0.010616503017963463,0.0,-0.09434078825621361,-0.009774829493950588,0.0,0.0,-0.042465054230870325,-0.012290431543830138,-0.012290431543830027,-0.007006950904144271,-0.012290431543830138,-0.012290431543829916,-0.007509465270736149,-0.007509465270736038,0.0,0.0,-0.012290431543830138,-0.012290431543830027,0.0,0.0
2026-02-19,0.0,-0.003389612373200235,0.0,-0.09259645327562815,-0.014687647697146922,0.0,-0.1711865022005601,0.0,0.0,-0.10805254007015208,0.0,0.0,0.0,-0.003389612373200235,0.0,-0.09259645327562815,-0.014687647697146922,0.0,0.0,-0.049349458221628284,-0.011450027102439031,-0.012816441898864328,-0.006806363328285436,-0.012816441898864439,-0.012816441898864328,-0.008995479003654938,-0.011037055300497145,0.0,0.0,-0.011450027102439031,-0.012816441898864328,-6.297642893504651e-06,-0.0029178471434918585
2026-02-20,0.0,-0.006920798199281708,0.0,-0.09424189472854527,-0.013358452365402895,0.0,-0.16616941792755457,-0.002250130553834162,0.0,-0.10644506294707334,-0.003046011690547523,0.0,0.0,-0.006920798199281708,0.0,-0.09424189472854527,-0.013358452365402895,0.0,0.0,-0.04596810982022037,-0.007540122464680832,-0.011976885557981376,-0.005077834654964031,-0.011976885557981376,-0.011976885557981376,-0.001153376786141913,-0.009284000636554213,-0.00044310674668301964,-0.0004867900666477576,-0.007540122464680832,-0.011976885557981376,0.0,-0.0020809389241260856
2026-02-23,0.0,-0.00735268290488067,0.0,-0.09352573899598682,-0.01247198449648701,0.0,-0.16943747691396815,-0.004089328278222615,0.0,-0.10685484717106641,-0.003799551515457522,0.0,0.0,-0.00735268290488067,0.0,-0.09352573899598682,-0.01247198449648701,0.0,0.0,-0.04564819058061764,-0.005157473195732787,-0.011342671160162632,-0.003901765602765339,-0.011342671160162632,-0.01134267116016252,0.0,-0.00835364578940867,-0.002815816556570927,-0.0016337173947786887,-0.005157473195732787,-0.011342671160162632,0.0,-0.0018420601031895467
2026-02-24,0.0,-0.0065921329041382926,0.0,-0.09666681981880787,-0.016514220785249445,0.0,-0.1617126645136071,-0.0021680284058755994,0.0,-0.106746007502865,-0.002711989128393988,0.0,0.0,-0.0065921329041382926,0.0,-0.09666681981880787,-0.016514220785249445,0.0,0.0,-0.04639897890547118,-0.004041840976865996,-0.011035965338812681,-0.0033414173418916393,-0.01103596533881257,-0.011035965338812459,0.0,-0.00775190890717703,0.0,-0.0005722391919515957,-0.004041840976865996,-0.011035965338812681,0.0,-0.0011095089663596402
2026-02-25,0.0,-0.009264866875342448,0.0,-0.09994891116382676,-0.019481201979271612,0.0,-0.15674093235372666,-0.004385316090427582,0.0,-0.10926127664917584,-0.007078541821323614,0.0,0.0,-0.009264866875342448,0.0,-0.09994891116382676,-0.019481201979271612,0.0,0.0,-0.04382160052752404,-0.004856119397646852,-0.011556846431858059,-0.004049692596552634,-0.011556846431857837,-0.011556846431857726,0.0,-0.0045669971713682145,0.0,-0.0007300826566374319,-0.004856119397646852,-0.011556846431858059,0.0,0.0
2026-02-26,0.0,-0.006581398785173054,0.0,-0.09702164716253958,-0.01932685265795908,0.0,-0.16143278079702217,-0.002219591365504092,0.0,-0.1108095302792983,-0.005236960541925684,0.0,0.0,-0.006581398785173054,0.0,-0.09702164716253958,-0.01932685265795908,0.0,0.0,-0.046348887445714415,-0.005329559982808485,-0.011952228386533315,-0.004554687903178589,-0.011952228386533204,-0.011952228386533092,-0.003137244847200238,-0.006489364456010005,-0.0036954857202291524,-0.0031368547563754845,-0.005329559982808485,-0.011952228386533315,-0.003337207673953624,-0.002126619170734423
2026-02-27,0.0,-0.011444664530502191,0.0,-0.09326561404040845,-0.01145207452683561,0.0,-0.16063151355677918,-0.007584834371122451,0.0,-0.11612089931026637,-0.011860779930008003,0.0,0.0,-0.011444664530502191,0.0,-0.09326561404040845,-0.01145207452683561,0.0,0.0,-0.04176725067490661,0.0,-0.00862333582018704,0.0,-0.00862333582018704,-0.008623335820186706,-0.0019718101918949626,-0.005967784620215633,0.0,-0.0004301351080692184,0.0,-0.00862333582018704,-0.00167190377240245,-0.0013750757890713672
2026-03-02,0.0,0.0,0.0,-0.08927272314347423,-0.025923356906544237,0.0,-0.1626973544997008,0.0,0.0,-0.11308685221279358,0.0,0.0,0.0,0.0,0.0,-0.08927272314347423,-0.025923356906544237,0.0,0.0,-0.057509482840974235,0.0,-0.006454725473381884,0.0,-0.006454725473381773,-0.006454725473381551,0.0,-0.005152981862734163,0.0,0.0,0.0,-0.006454725473381884,0.0,-0.00025588988741132024
2026-03-03,0.0,0.0,0.0,-0.08162467694009556,-0.030571290457578892,0.0,-0.16935121001378073,0.0,0.0,-0.1085824673440049,0.0,0.0,0.0,0.0,0.0,-0.08162467694009556,-0.030571290457578892,0.0,0.0,-0.06518446746162909,0.0,-0.005315543774646381,0.0,-0.005315543774646381,-0.005315543774646159,0.0,-0.0036181642334695008,0.0,0.0,0.0,-0.005315543774646381,0.0,0.0
2026-03-04,0.0,-0.007197633692977878,0.0,-0.08514572041007651,-0.027501706587484964,0.0,-0.1672982580432132,-0.007734969594260344,0.0,-0.10840467491406047,-0.005713428546898602,0.0,0.0,-0.007197633692977878,0.0,-0.08514572041007651,-0.027501706587484964,0.0,0.0,-0.07176356635271053,-0.0049091634638593895,-0.007072905517284456,-0.0049091634638593895,-0.007072905517284456,-0.007072905517284234,-0.0076873443831841914,-0.006337114878562478,-0.012098553280742164,-0.0042514995934886946,-0.0049091634638593895,-0.007072905517284456,-0.009147157878696688,-0.003292377740433561
2026-03-05,0.0,0.0,0.0,-0.08240839295916158,-0.02904887297867631,0.0,-0.16459944393137127,-0.002116804141347295,0.0,-0.10558835776883524,0.0,0.0,0.0,0.0,0.0,-0.08240839295916158,-0.02904887297867631,0.0,0.0,-0.06416439754225856,-0.0020707838330944472,-0.006110085851714797,-0.0020707838330945583,-0.006110085851714797,-0.006110085851714464,-0.010268364281843523,-0.007599904372586952,-0.0024100115214196194,-0.0006634114082783027,-0.0020707838330944472,-0.006110085851714797,-0.007053023841038897,-0.0027682739191303707
2026-03-06,0.0,-0.00788475682156653,0.0,-0.07974955504177073,-0.024634870191515112,0.0,-0.16229589574778203,-0.005603744302349889,0.0,-0.10116702828262092,-0.005717457043522889,0.0,0.0,-0.00788475682156653,0.0,-0.07974955504177073,-0.024634870191515112,0.0,0.0,-0.07224522349417473,-0.0003656783101415595,-0.005473667414803818,-0.00036567831014178154,-0.005473667414803707,-0.005473667414803485,-0.012516029167863874,-0.008899109462111698,0.0,0.0,-0.0003656783101415595,-0.005473667414803818,-0.004386678569827329,-0.0018149614970098815
2026-03-09,0.0,-0.008614268245290213,0.0,-0.0797678475647634,-0.025374468006372997,0.0,-0.16165403621327112,-0.0050416400757562485,0.0,-0.1017049495100707,-0.006010069494169157,0.0,0.0,-0.008614268245290213,0.0,-0.0797678475647634,-0.025374468006372997,0.0,0.0,-0.07222772516427478,0.0,-2.2213999001818863e-05,0.0,-2.221399900170784e-05,-2.2213999001596818e-05,-0.005239621990971832,-0.005339199788386373,0.0,0.0,0.0,-2.2213999001818863e-05,0.0,0.0
2026-03-10,0.0,-0.0005296706704744913,0.0,-0.08589642635941819,-0.020715939488537005,0.0,-0.16424768218257302,-0.012674747925040641,0.0,-0.1082223285745515,-0.017355682520257765,0.0,0.0,-0.0005296706704744913,0.0,-0.08589642635941819,-0.020715939488537005,0.0,0.0,-0.06479165680790411,0.0,0.0,-0.00126463860947168,0.0,0.0,0.0,-0.00021132183621930256,-0.01108543251915406,-0.007247865101718709,0.0,0.0,0.0,0.0
2026-03-11,0.0,-0.009527500763784835,0.0,-0.08444634251829375,-0.028614383718365777,0.0,-0.16148973801103694,-0.0033110016295953004,0.0,-0.11008159885746338,-0.010188096338541341,0.0,0.0,-0.009527500763784835,0.0,-0.08444634251829375,-0.028614383718365777,0.0,0.0,-0.07305922630897843,0.0,0.0,0.0,0.0,0.0,0.0,0.0,-0.0019180195384425058,-0.0011229278684378174,0.0,0.0,0.0,0.0
2026-03-12,0.0,-0.01652705271086663,0.0,-0.08055741701397856,-0.03378602823216459,0.0,-0.16231430718092998,0.0,0.0,-0.10867231029413116,-0.0028168262162359126,0.0,0.0,-0.01652705271086663,0.0,-0.08055741701397856,-0.03378602823216459,0.0,0.0,-0.07950631482493875,0.0,0.0,0.0,0.0,0.0,0.0,-1.2211484734403477e-05,0.0,0.0,0.0,0.0,0.0,0.0
2026-03-13,0.0,-0.02992481558568083,0.0,-0.07911327294601334,-0.04433635849412587,0.0,-0.16408031982625393,0.0,0.0,-0.11306521222871146,0.0,0.0,0.0,-0.02992481558568083,0.0,-0.07911327294601334,-0.04433635849412587,0.0,0.0,-0.0919522656278573,-0.008912462727505677,-0.007918143057920823,-0.003907534830543291,-0.007918143057920712,-0.007918143057920823,-0.010990968503870158,-0.009815289109181835,0.0,0.0,-0.008912462727505677,-0.007918143057920823,-0.0032606904635216205,-0.0034106897537076186
2026-03-16,0.0,-0.02319586510217786,0.0,-0.0809140124732386,-0.038554108362500616,0.0,-0.16411643091539996,-0.0061770644597313185,0.0,-0.1106669377005961,-0.0058616358991705475,0.0,0.0,-0.02319586510217786,0.0,-0.0809140124732386,-0.038554108362500616,0.0,0.0,-0.0856236518030612,-0.014877178511271127,-0.013780877894910781,-0.007096293720887381,-0.01378087789491067,-0.013780877894910892,-0.013255134104491861,-0.012368482436460382,0.0,0.0,-0.014877178511271127,-0.013780877894910781,-0.004174750644112546,-0.004892991258752422
2026-03-17,0.0,-0.01888402002106271,0.0,-0.0838776336225805,-0.03483009392927394,0.0,-0.16398718236878151,-0.010376805254128874,0.0,-0.1118273755016117,-0.01026136635556707,0.0,0.0,-0.01888402002106271,0.0,-0.0838776336225805,-0.03483009392927394,0.0,0.0,-0.08157429237234104,-0.003844930600776175,-0.002736352672470299,-0.0011506914716095107,-0.002736352672470188,-0.002736352672470521,-0.006767378327947937,-0.005874897007612345,-0.004931887239876587,-0.004931887239876587,-0.003844930600776175,-0.002736352672470299,-0.0019189076011724149,-0.002638775246352698
2026-03-18,0.0,-0.02220572979386526,0.0,-0.08219917999448934,-0.037586879024530395,0.0,-0.1647012412338118,-0.0078125676382933,0.0,-0.11189379419004108,-0.007640246592148459,0.0,0.0,-0.02220572979386526,0.0,-0.08219917999448934,-0.037586879024530395,0.0,0.0,-0.08404063329598821,0.0,0.0,0.0,0.0,0.0,-0.007559287458664632,-0.006667517717964144,0.0,0.0,0.0,0.0,0.0,0.0
2026-03-19,0.0,-0.02240981466619818,0.0,-0.0814698471924925,-0.03672340718667533,0.0,-0.16502325444818233,-0.008012390711751749,0.0,-0.11179196478029152,-0.0076843432818065605,0.0,0.0,-0.02240981466619818,0.0,-0.0814698471924925,-0.03672340718667533,0.0,0.0,-0.08444419755939525,-0.01706669581778808,-0.01706669581778819,-0.012117961942222033,-0.01706669581778819,-0.01706669581778819,-0.02297026834157956,-0.022092346326241685,-0.001728324907453005,-0.001728324907453005,-0.01706669581778808,-0.01706669581778819,-0.011228661563897457,-0.011228661563897457
2026-03-20,0.0,-0.020776739288086654,0.0,-0.08297137265099352,-0.03609008804750147,0.0,-0.16453101721973362,-0.0054223324296504005,0.0,-0.11160223206378239,-0.006045064167717107,0.0,0.0,-0.020776739288086654,0.0,-0.08297137265099352,-0.03609008804750147,0.0,0.0,-0.08297172725795221,-0.007866656838046104,-0.007866656838046326,-0.005121233830523875,-0.007866656838046437,-0.007866656838046215,-0.015103547601347578,-0.014218556847871544,-0.006009772317804418,-0.006009772317804307,-0.007866656838046104,-0.007866656838046326,-0.008480578497402691,-0.008480578497402691
2026-03-23,0.0,-0.021940314156911334,0.0,-0.08938167278917275,-0.04298322228387397,0.0,-0.15621590882580128,0.0,0.0,-0.10291294596346101,0.0,0.0,0.0,-0.021940314156911334,0.0,-0.08938167278917275,-0.04298322228387397,0.0,0.0,-0.0840541724663375,-0.018291317789490447,-0.01829131778949078,-0.014177113349041148,-0.01829131778949078,-0.01829131778949067,-0.023266385277164625,-0.0223887293413213,-0.01850159056042322,-0.01850159056042311,-0.018291317789490447,-0.01829131778949078,-0.01985035633022947,-0.01985035633022958
2026-03-24,0.0,-0.019551659090224716,0.0,-0.08966538521661527,-0.04092864309626054,0.0,-0.15419610606804368,0.0,0.0,-0.10110965084883405,0.0,0.0,0.0,-0.019551659090224716,0.0,-0.08966538521661527,-0.04092864309626054,0.0,0.0,-0.08194998365368433,-0.01081229381305382,-0.010812293813054152,-0.007398870075040143,-0.010812293813054152,-0.010812293813054152,-0.028878907337837822,-0.0280062946023385,-0.011066715641721903,-0.011066715641721903,-0.01081229381305382,-0.010812293813054152,-0.020867026882897433,-0.020867026882897544
2026-03-25,0.0,-0.021700350444736505,0.0,-0.08719840588544636,-0.04182173602839301,0.0,-0.1537458414449383,0.0,0.0,-0.10014680985677193,0.0,0.0,0.0,-0.021700350444736505,0.0,-0.08719840588544636,-0.04182173602839301,0.0,0.0,-0.08396192660960022,-0.0039533057123980475,-0.003953305712398381,-0.00051621343033037,-0.003953305712398381,-0.0039533057123981585,-0.017772453798304055,-0.01688986122313474,-0.01040493872769932,-0.010404938727699209,-0.0039533057123980475,-0.003953305712398381,-0.013432989973308662,-0.013432989973308773
2026-03-26,0.0,-0.027258916120311172,0.0,-0.09009481954677989,-0.048535046169020934,0.0,-0.15231352447262514,0.0,0.0,-0.10004177335060094,0.0,0.0,0.0,-0.027258916120311172,0.0,-0.09009481954677989,-0.048535046169020934,0.0,0.0,-0.0891667304696262,0.0,0.0,0.0,0.0,0.0,-0.01637162842229123,-0.015487777118346924,0.0,0.0,0.0,0.0,-0.006130997744777211,-0.006130997744777322
2026-03-27,0.0,-0.03289902725025762,0.0,-0.08846490804813589,-0.051528291479731814,0.0,-0.15408269544976183,0.0,0.0,-0.10117083972000862,0.0,0.0,0.0,-0.03289902725025762,0.0,-0.08846490804813589,-0.051528291479731814,0.0,0.0,-0.09444789001571485,0.0,0.0,0.0,0.0,0.0,-0.01818257901903786,-0.017300354966901965,0.0,0.0,0.0,0.0,-0.0044610849185031665,-0.0044610849185033885
2026-03-30,0.0,-0.041092879530394644,0.0,-0.08488273368121724,-0.05900769246323223,0.0,-0.16028434832212157,0.0,0.0,-0.1068515788055725,0.0,0.0,0.0,-0.041092879530394644,0.0,-0.08488273368121724,-0.05900769246323223,0.0,0.0,-0.10212026387351447,0.0,0.0,0.0,0.0,0.0,-0.010067455954543725,-0.009177939959322923,0.0,0.0,0.0,0.0,0.0,0.0
2026-03-31,0.0,-0.04150336759835471,0.0,-0.08998058650949703,-0.0616985617345559,0.0,-0.15351926894193824,0.0,0.0,-0.09966975580788151,0.0,0.0,0.0,-0.04150336759835471,0.0,-0.08998058650949703,-0.0616985617345559,0.0,0.0,-0.10250462739556487,0.0,0.0,0.0,0.0,0.0,-0.00014381438280042236,0.0,0.0,0.0,0.0,0.0,0.0,0.0
2026-04-01,0.0,-0.055631732472921636,0.0,-0.09280134211364599,-0.07586170807289716,0.0,-0.15963272796257144,-0.016151269253961598,0.0,-0.10277509889648118,-0.014777504526240826,0.0,0.0,-0.055631732472921636,0.0,-0.09280134211364599,-0.07586170807289716,0.0,0.0,-0.1163262580732175,-0.0007235809374640523,-0.0007235809374640523,-0.0016985353334699749,-0.0007235809374640523,-0.0007235809374639413,0.0,0.0,-0.01693815133840537,-0.01693815133840537,-0.0007235809374640523,-0.0007235809374640523,-0.0048730385778388285,-0.0048730385778387175
2026-04-02,0.0,-0.04838159504684747,0.0,-0.09383623158969545,-0.07009135615751683,0.0,-0.1568812827084548,-0.008991811381377834,0.0,-0.10426746096299355,-0.010763457247682018,0.0,0.0,-0.04838159504684747,0.0,-0.09383623158969545,-0.07009135615751683,0.0,0.0,-0.12357846736649503,0.0,0.0,0.0,0.0,0.0,0.0,0.0,-0.003293279312807429,-0.003293279312807318,0.0,0.0,0.0,0.0
2026-04-03,0.0,-0.0535527809641787,0.0,-0.09395027381059107,-0.07464492227476272,0.0,-0.15656535569567587,-0.006807163272143368,0.0,-0.10231321219809819,-0.013079778633270256,0.0,0.0,-0.0535527809641787,0.0,-0.09395027381059107,-0.07464492227476272,0.0,0.0,-0.12780142050229848,0.0,-0.0014624315940090504,0.0,-0.0014624315940089394,-0.0014624315940089394,0.0,-0.00205048637151628,-0.003293279312807429,-0.006798525979293313,0.0,-0.0014624315940090504,0.0,-0.0031272551841784457
2026-04-06,0.0,-0.05776492044807302,0.0,-0.09433517863763863,-0.07107289674172179,0.0,-0.15544290119907134,-0.010273213193660813,0.0,-0.10118352674255027,-0.013104354925763673,0.0,0.0,-0.05776492044807302,0.0,-0.09433517863763863,-0.07107289674172179,0.0,0.0,-0.12390565603442771,0.0,-0.0016084608827932056,0.0,-0.0016084608827930946,-0.0016084608827933167,0.0,-0.0022551145592318855,-0.003293279312807429,-0.007147817910781562,0.0,-0.0016084608827932056,0.0,-0.0034390027300976733
2026-04-07,0.0,-0.057955057552974254,0.0,-0.09595091324365213,-0.07207456191247552,0.0,-0.15344599531441028,-0.009371527731227736,0.0,-0.09940621198934485,-0.012554160815417048,0.0,0.0,-0.057955057552974254,0.0,-0.09595091324365213,-0.07207456191247552,0.0,0.0,-0.12372737104202824,-0.0057606803981278265,-0.0036236785507336444,-0.0028803401990638022,-0.0036236785507335334,-0.0036236785507338665,-0.0024785967322966673,-0.0032634281323502545,-0.006900659339740933,-0.008664851524049166,-0.0057606803981278265,-0.0036236785507336444,0.0,-0.0032794226558438
2026-04-08,0.0,-0.07550013407821632,0.0,-0.08749694350982906,-0.08638431396330959,0.0,-0.1647616469759522,-0.029879808017651666,0.0,-0.10344229981669195,0.0,0.0,0.0,-0.07550013407821632,0.0,-0.08749694350982906,-0.08638431396330959,0.0,0.0,-0.10786522507396024,-0.007697383936784097,-0.004545738275050781,-0.0038514973116055007,-0.004545738275050892,-0.004545738275051114,0.0,-0.0003936351332648469,-0.016142672808385106,-0.01270372529516206,-0.007697383936784097,-0.004545738275050781,0.0,-0.0016173656047486773
2026-04-09,0.0,-0.07861156801054825,0.0,-0.08905521205763367,-0.08922715154317984,0.0,-0.16237439649655727,-0.03236718156602081,0.0,-0.1035311270046616,-0.0022807177181087823,0.0,0.0,-0.07861156801054825,0.0,-0.08905521205763367,-0.08922715154317984,0.0,0.0,-0.11149343687347535,-0.007070725391150279,-0.004392708437303217,-0.0035369536624076936,-0.004392708437303217,-0.00439270843730355,-0.0025105978028665543,-0.0017906675891676826,-0.00833902134597686,-0.00933124960825138,-0.007070725391150279,-0.004392708437303217,0.0,-0.0005885715528821667
2026-04-10,0.0,-0.07731557455012938,0.0,-0.08642374378617135,-0.0872561020043846,0.0,-0.16635504127977885,-0.03201341199821828,0.0,-0.10290560154277373,-0.0012526172556580617,0.0,0.0,-0.07731557455012938,0.0,-0.08642374378617135,-0.0872561020043846,0.0,0.0,-0.11279339154902557,0.0,0.0,0.0,0.0,0.0,0.0,0.0,-0.008350228134505477,-0.009685808390689998,0.0,0.0,0.0,0.0
2026-04-13,0.0,-0.0780306265334264,0.0,-0.08783052610634201,-0.08769333036443283,0.0,-0.166708560616338,-0.03234971133333586,0.0,-0.1049598211626549,-0.0020049653571238,0.0,0.0,-0.0780306265334264,0.0,-0.08783052610634201,-0.08769333036443283,0.0,0.0,-0.11265879958984693,0.0,0.0,0.0,0.0,0.0,0.0,0.0,0.0,-0.003335297263019621,0.0,0.0,0.0,0.0
2026-04-14,0.0,-0.06885440762114892,0.0,-0.08751867182537487,-0.09437064855267208,0.0,-0.16588054877749236,-0.04096295726758059,0.0,-0.10302616177137713,-0.005507697946846468,0.0,0.0,-0.06885440762114892,0.0,-0.08751867182537487,-0.09437064855267208,0.0,0.0,-0.10410991623830212,-0.003382430887495347,-0.0025139447806477033,-0.00169121544374784,-0.0025139447806477033,-0.0025139447806477033,-0.0012306261638909133,-0.0010664869518752784,-0.010208558346711083,-0.010807963991673941,-0.003382430887495347,-0.0025139447806477033,-0.001774447224484721,-0.0015548385755572713
2026-04-15,0.0,-0.06708414323923473,0.0,-0.08815196645846046,-0.09618650367347625,0.0,-0.1631609871755212,-0.040984404247232153,0.0,-0.10098291828666772,-0.004717242072481587,0.0,0.0,-0.06708414323923473,0.0,-0.08815196645846046,-0.09618650367347625,0.0,0.0,-0.1024609052053066,-0.0017996853155617387,-0.0014321235497899432,-0.0008984997335551581,-0.0014321235497901652,-0.0014321235497901652,-0.0020567614174431537,-0.0019116769492426577,-0.0036938015849210526,-0.006109966956622359,-0.0017996853155617387,-0.0014321235497899432,0.0,-0.0003481590352264474
2026-04-16,0.0,-0.06760708779336877,0.0,-0.0917145736396171,-0.09810713359721857,0.0,-0.1607438227824196,-0.038993001129986604,0.0,-0.10256853408528888,-0.006175301120448062,0.0,0.0,-0.06760708779336877,0.0,-0.0917145736396171,-0.09810713359721857,0.0,0.0,-0.10237638227499424,0.0,0.0,0.0,0.0,0.0,0.0,0.0,-0.0042864196961138745,-0.00696200484083942,0.0,0.0,0.0,0.0
2026-04-17,0.0,-0.07194140709112407,0.0,-0.09487805584947528,-0.1030217011295772,0.0,-0.16333264290535143,-0.04306648014257852,0.0,-0.10589290145357166,-0.011774491952873944,0.0,0.0,-0.07194140709112407,0.0,-0.09487805584947528,-0.1030217011295772,0.0,0.0,-0.09833759246719598,0.0,0.0,0.0,0.0,0.0,0.0,0.0,-0.0033925412368599472,-0.006486623502695021,0.0,0.0,0.0,0.0
2026-04-20,0.0,-0.07188977257879847,0.0,-0.09841640593972278,-0.10457268558605193,0.0,-0.16017854137812682,-0.03982016435087743,0.0,-0.1068692138127686,-0.01269687024407229,0.0,0.0,-0.07188977257879847,0.0,-0.09841640593972278,-0.10457268558605193,0.0,0.0,-0.09839655902752564,-0.006596937641569656,-0.006596937641569656,-0.0032984688207847723,-0.006596937641569545,-0.006596937641569545,-0.0010374289160213213,-0.0010374289160213213,-0.006630564016993579,-0.00971459346938408,-0.006596937641569656,-0.006596937641569656,-0.002964108869653592,-0.002964108869653592
2026-04-21,0.0,-0.06924868549140428,0.0,-0.09772357390655872,-0.10175219154547266,0.0,-0.15678297320549206,-0.035823469823316745,0.0,-0.1044383525939453,-0.009263062017746848,0.0,0.0,-0.06924868549140428,0.0,-0.09772357390655872,-0.10175219154547266,0.0,0.0,-0.10144153918622723,-0.002642565755340165,-0.002642565755340165,-0.0013147178826209416,-0.002642565755340054,-0.002642565755340054,0.0,0.0,-0.004324695354593344,-0.007415883640958909,-0.002642565755340165,-0.002642565755340165,0.0,0.0
2026-04-22,0.0,-0.06724946140159727,0.0,-0.09758087269645499,-0.10006377473151074,0.0,-0.15554083097741567,-0.03297417451466511,0.0,-0.10379475957164852,-0.007360388817884367,0.0,0.0,-0.06724946140159727,0.0,-0.09758087269645499,-0.10006377473151074,0.0,0.0,-0.10004066159926517,0.0,0.0,0.0,0.0,0.0,0.0,0.0,0.0,0.0,0.0,0.0,0.0,0.0
2026-04-23,0.0,-0.06528879697763235,0.0,-0.09728837030410231,-0.09842240041863293,0.0,-0.156031956803232,-0.03306269999293343,0.0,-0.1043866206054177,-0.007804061676417451,0.0,0.0,-0.06528879697763235,0.0,-0.09728837030410231,-0.09842240041863293,0.0,0.0,-0.10206267725624307,0.0,0.0,0.0,0.0,0.0,0.0,0.0,0.0,0.0,0.0,0.0,0.0,0.0
2026-04-24,0.0,-0.06563319727443295,0.0,-0.09628632783604363,-0.0983840439279573,0.0,-0.15588618979561142,-0.03273371038428596,0.0,-0.10416963051926897,-0.0075014488284004255,0.0,0.0,-0.06563319727443295,0.0,-0.09628632783604363,-0.0983840439279573,0.0,0.0,-0.1023588710264337,-0.008409135608054119,-0.008409135608054008,-0.004204567804027004,-0.008409135608054008,-0.00840913560805423,-0.011363850409102594,-0.011363850409102594,-0.00794869850628721,-0.00794869850628721,-0.008409135608054119,-0.008409135608054008,-0.011807402786351062,-0.011807402786351062
2026-04-27,0.0,-0.07017509872952876,0.0,-0.09823039987295823,-0.1031838259738781,0.0,-0.15227886496064313,-0.036060818653935844,0.0,-0.10152951174694469,-0.010124831425196934,0.0,0.0,-0.07017509872952876,0.0,-0.09823039987295823,-0.1031838259738781,0.0,0.0,-0.10694515503524193,-0.005439763214707516,-0.005439763214707294,-0.0027135862046772097,-0.005439763214707405,-0.005439763214707627,-0.007053123983877696,-0.007053123983877585,-0.009082116592528888,-0.009082116592529,-0.005439763214707516,-0.005439763214707294,-0.009202335762433456,-0.009202335762433456
2026-04-28,0.0,-0.06487982464080821,0.0,-0.09481123404322533,-0.09773000784919517,0.0,-0.1548502571716326,-0.030946335864228014,0.0,-0.10218658831189065,-0.004510705754900424,0.0,0.0,-0.06487982464080821,0.0,-0.09481123404322533,-0.09773000784919517,0.0,0.0,-0.10171788388109482,-0.0077728469510724985,-0.007772846951072276,-0.0038833256666348515,-0.0077728469510724985,-0.0077728469510724985,-0.010024010629068103,-0.010024010629068103,-0.00040615714681346837,-0.00040615714681346837,-0.0077728469510724985,-0.007772846951072276,-0.008079697806601227,-0.008079697806601338
2026-04-29,0.0,-0.061904978686794565,0.0,-0.0989464627552965,-0.09488425679684209,0.0,-0.15265422768279302,-0.026818854139995407,0.0,-0.1007892567251103,-0.0003465676947979057,0.0,0.0,-0.061904978686794565,0.0,-0.0989464627552965,-0.09488425679684209,0.0,0.0,-0.09886593603395077,-0.003159762028453361,-0.003159762028453028,-0.0015677415801599315,-0.003159762028453361,-0.003159762028453472,-0.006004899195055979,-0.006004899195055979,0.0,0.0,-0.003159762028453361,-0.003159762028453028,-0.001082191989170922,-0.001082191989170922
2026-04-30,0.0,-0.050327750625876466,0.0,-0.11591556504974732,-0.08431377734683854,0.0,-0.1662584983740385,-0.04062276922143038,0.0,-0.11685014845113739,-0.014559793799032272,0.0,0.0,-0.050327750625876466,0.0,-0.11591556504974732,-0.08431377734683854,0.0,0.0,-0.0877448509253308,-0.0027991199795437405,-0.0027991199795434074,-0.0013871325709837734,-0.0027991199795437405,-0.0027991199795438515,-0.010278407449475613,-0.010278407449475502,-0.004946983140084016,-0.004946983140084016,-0.0027991199795437405,-0.0027991199795434074,-0.007928251070013603,-0.007928251070013603
2026-05-01,0.0,-0.05524522002300469,0.0,-0.1169359334660599,-0.0891035969791184,0.0,-0.16413098252627645,-0.04539712128217199,0.0,-0.11592336520275892,-0.01954142908682166,0.0,0.0,-0.05524522002300469,0.0,-0.1169359334660599,-0.0891035969791184,0.0,0.0,-0.09246857195740654,-0.0030457055657682197,-0.0030457055657679977,-0.0026076693152805586,-0.0030457055657682197,-0.0030457055657684418,-0.010722028802609418,-0.010722028802609307,-0.005317089635605732,-0.005317089635605843,-0.0030457055657682197,-0.0030457055657679977,-0.008198714830153997,-0.008198714830153997
2026-05-04,0.0,-0.04766765478139379,0.0,-0.12112654104381204,-0.08192202689392214,0.0,-0.1665396451728849,-0.037992495278151295,0.0,-0.11934520924456127,-0.011855933653317718,0.0,0.0,-0.04766765478139379,0.0,-0.12112654104381204,-0.08192202689392214,0.0,0.0,-0.08518956289542268,-0.0028259717462566503,-0.0028259717462565392,-0.0023878389503415587,-0.0028259717462567613,-0.0028259717462568723,-0.0079804117757033,-0.007980411775703189,0.0,0.0,-0.0028259717462566503,-0.0028259717462565392,-0.0003229576784864463,-0.0003229576784864463
2026-05-05,0.0,-0.05011270418510272,0.0,-0.12392518210474157,-0.08415963381089209,0.0,-0.16167971321587493,-0.04027885074538229,0.0,-0.11913782391095551,-0.014342748476837142,0.0,0.0,-0.05011270418510272,0.0,-0.12392518210474157,-0.08415963381089209,0.0,0.0,-0.08753827731741959,0.0,0.0,0.0,0.0,0.0,-0.0026021644958544865,-0.0026021644958542645,0.0,0.0,0.0,0.0,0.0,0.0
2026-05-06,0.0,-0.05363041861219531,0.0,-0.12251500165221718,-0.08750451929891423,0.0,-0.16906952308687162,-0.04401610762293251,0.0,-0.12356985464441173,-0.018078391207653866,0.0,0.0,-0.05363041861219531,0.0,-0.12251500165221718,-0.08750451929891423,0.0,0.0,-0.09091739374543406,-0.008501195001235584,-0.008501195001235584,-0.008501195001235362,-0.008501195001235473,-0.008501195001235362,-0.005532339652522089,-0.005532339652521978,-0.013688828329829428,-0.013688828329829317,-0.008501195001235584,-0.008501195001235584,-0.005028008500714609,-0.005028008500714609
2026-05-07,0.0,-0.05383214462430519,0.0,-0.12058908105104804,-0.08746404382503303,0.0,-0.1700966206070159,-0.04441649597775177,0.0,-0.1235085764670355,-0.018308926605172027,0.0,0.0,-0.05383214462430519,0.0,-0.12058908105104804,-0.08746404382503303,0.0,0.0,-0.09111117174976235,-0.007733955091405398,-0.007733955091405398,-0.007733955091405287,-0.007733955091405398,-0.007733955091405287,-0.0012905588287751568,-0.0012905588287752678,-0.012789036333814341,-0.012789036333814452,-0.007733955091405398,-0.007733955091405398,-0.002255874908040356,-0.002255874908040356
2026-05-08,0.0,-0.05376753471152451,0.0,-0.11944121885751968,-0.08763462090855578,0.0,-0.17098749406829294,-0.04443412726669105,0.0,-0.12365951096817962,-0.018308289209248763,0.0,0.0,-0.05376753471152451,0.0,-0.11944121885751968,-0.08763462090855578,0.0,0.0,-0.0910491074684755,0.0,0.0,0.0,0.0,0.0,0.0,0.0,-0.006972251771658167,-0.006972251771658167,0.0,0.0,0.0,0.0
2026-05-11,0.0,-0.05547876680378305,0.0,-0.11897597285853034,-0.08927324491191546,0.0,-0.17099748139209514,-0.04618218302414001,0.0,-0.12374862571385858,-0.020080875742291004,0.0,0.0,-0.05547876680378305,0.0,-0.11897597285853034,-0.08927324491191546,0.0,0.0,-0.09269291699165938,0.0,0.0,0.0,0.0,0.0,0.0,0.0,0.0,0.0,0.0,0.0,0.0,0.0
2026-05-12,0.0,-0.04750762989019286,0.0,-0.12001634477529888,-0.08097411461752846,0.0,-0.17007463491530872,-0.037664443056260044,0.0,-0.1185661949348582,-0.010805815812768516,0.0,0.0,-0.04750762989019286,0.0,-0.12001634477529888,-0.08097411461752846,0.0,0.0,-0.08503584298723932,0.0,0.0,0.0,0.0,0.0,0.0,0.0,0.0,0.0,0.0,0.0,0.0,0.0
2026-05-13,0.0,-0.04781888092905495,0.0,-0.12241177783260537,-0.08142948228578606,0.0,-0.17026267045539067,-0.03816962849760819,0.0,-0.11602008701724054,-0.010540026870968777,0.0,0.0,-0.04781888092905495,0.0,-0.12241177783260537,-0.08142948228578606,0.0,0.0,-0.0853348307306887,0.0,0.0,0.0,0.0,0.0,0.0,0.0,0.0,0.0,0.0,0.0,0.0,0.0
2026-05-14,0.0,-0.043268345363913885,0.0,-0.12201304037637184,-0.07677861876900038,0.0,-0.1694432540392502,-0.03322954282195889,0.0,-0.11468345195551877,-0.005589956764038506,0.0,0.0,-0.043268345363913885,0.0,-0.12201304037637184,-0.07677861876900038,0.0,0.0,-0.08096358633233636,-0.01780568190361287,-0.01780568190361287,-0.01780568190361298,-0.01780568190361287,-0.01780568190361298,-0.016252776599929852,-0.016252776599929963,-0.004551391095824475,-0.004551391095824475,-0.01780568190361287,-0.01780568190361287,-0.01369176909141534,-0.01369176909141534
2026-05-15,0.0,-0.032728638733564575,0.0,-0.1265353034433666,-0.06612999119614182,0.0,-0.17748460007995515,-0.021880379123020655,0.0,-0.11561146550925316,0.0,0.0,0.0,-0.032728638733564575,0.0,-0.1265353034433666,-0.06612999119614182,0.0,0.0,-0.0708391442949815,-0.019200975950043553,-0.019200975950043553,-0.019200975950043553,-0.019200975950043664,-0.019200975950043664,-0.021067219043563457,-0.02106721904356368,0.0,0.0,-0.019200975950043553,-0.019200975950043553,-0.012957166092133154,-0.012957166092133154
2026-05-18,0.0,-0.036536585443808556,0.0,-0.12922687290222568,-0.06986244282720677,0.0,-0.18146178524447432,-0.02607853696093143,0.0,-0.11857778122028395,-0.004297553364334905,0.0,0.0,-0.036536585443808556,0.0,-0.12922687290222568,-0.06986244282720677,0.0,0.0,-0.07449705785001215,-0.021437634275947248,-0.02143763427594736,-0.02143763427594736,-0.02143763427594747,-0.021437634275947248,-0.023164653915975775,-0.023164653915975886,0.0,0.0,-0.021437634275947248,-0.02143763427594736,-0.009654791643374572,-0.00965479164337446
2026-05-19,0.0,-0.031575367611488936,0.0,-0.1285775449359402,-0.06498000790590797,0.0,-0.18409312566341962,-0.02116983403744188,0.0,-0.12109623039860551,0.0,0.0,0.0,-0.031575367611488936,0.0,-0.1285775449359402,-0.06498000790590797,0.0,0.0,-0.07040792140313323,-0.009660658236508968,-0.009660658236508968,-0.009660658236508968,-0.009660658236508968,-0.009660658236508857,-0.013132241515837473,-0.013132241515837584,0.0,0.0,-0.009660658236508968,-0.009660658236508968,0.0,0.0
2026-05-20,0.0,-0.03562651495824376,0.0,-0.13134044200573114,-0.06936981784955454,0.0,-0.18452405412303274,-0.025370240019335633,0.0,-0.11932377624081769,-0.0038416227595136077,0.0,0.0,-0.03562651495824376,0.0,-0.13134044200573114,-0.06936981784955454,0.0,0.0,-0.06651476890522412,-0.012963199913940904,-0.012963199913940904,-0.012963199913940904,-0.012963199913940904,-0.012963199913940793,-0.010086947205458108,-0.01008694720545833,-3.642367769041144e-05,-3.642367769041144e-05,-0.012963199913940904,-0.012963199913940904,0.0,0.0
2026-05-21,0.0,-0.031239331181149077,0.0,-0.13093988081999663,-0.06627538887167461,0.0,-0.18262522731135955,-0.020842846588446373,0.0,-0.1169806691297981,0.0,0.0,0.0,-0.031239331181149077,0.0,-0.13093988081999663,-0.06627538887167461,0.0,0.0,-0.07084849229172008,-0.006182391008059063,-0.006182391008058952,-0.006182391008058952,-0.006182391008058952,-0.006182391008058952,-0.004122629730266114,-0.004122629730266225,0.0,0.0,-0.006182391008059063,-0.006182391008058952,0.0,0.0
2026-05-22,0.0,-0.03168020355252266,0.0,-0.12871460016569714,-0.06645735934784802,0.0,-0.18527449089419157,-0.021763676787404762,0.0,-0.11928023160380408,-0.001033840547899012,0.0,0.0,-0.03168020355252266,0.0,-0.12871460016569714,-0.06645735934784802,0.0,0.0,-0.07041669948300877,-0.000249192860887093,-0.000249192860886982,-0.000249192860886982,-0.000249192860887093,-0.000249192860887093,0.0,0.0,0.0,0.0,-0.000249192860887093,-0.000249192860886982,0.0,0.0
2026-05-25,0.0,-0.03240753915894845,0.0,-0.12871460016569714,-0.06664731042648031,0.0,-0.18587499497945392,-0.02202108866877972,0.0,-0.1194462222485857,-0.0011028267547004145,0.0,0.0,-0.03240753915894845,0.0,-0.12871460016569714,-0.06664731042648031,0.0,0.0,-0.07041669948300877,0.0,0.0,0.0,0.0,0.0,0.0,0.0,0.0,0.0,0.0,0.0,0.0,0.0
2026-05-26,0.0,-0.03145794980501426,0.0,-0.127783819858853,-0.06626650371988418,0.0,-0.18621042201204585,-0.02272749161915477,0.0,-0.11943416815620056,-0.0018450143031306654,0.0,0.0,-0.03145794980501426,0.0,-0.127783819858853,-0.06626650371988418,0.0,0.0,-0.06953082462358295,-0.009452799772659115,-0.009452799772659226,-0.009452799772659115,-0.009452799772659115,-0.009452799772659115,-0.00827930280389233,-0.008279302803892108,-0.0022631705833018323,-0.0022631705833018323,-0.009452799772659115,-0.009452799772659226,-0.0037184351673341665,-0.0037184351673340554
2026-05-27,0.0,-0.03180376101531435,0.0,-0.12404023684324528,-0.0633836692516101,0.0,-0.18801506915515076,-0.023456803370721313,0.0,-0.11760435730750396,-0.0008122457178916243,0.0,0.0,-0.03180376101531435,0.0,-0.12404023684324528,-0.0633836692516101,0.0,0.0,-0.06987558609696654,-0.01853175346244773,-0.01853175346244773,-0.01853175346244762,-0.01853175346244762,-0.01853175346244762,-0.014946605049674377,-0.014946605049674266,-0.0024696557180602374,-0.0024696557180603484,-0.01853175346244773,-0.01853175346244773,-0.007848948678926493,-0.007848948678926382
2026-05-28,0.0,-0.027557171454611784,0.0,-0.1254782504821652,-0.0675897456914849,0.0,-0.18657610970840754,-0.018796541277519174,0.0,-0.11847482289653499,-0.005042244277041363,0.0,0.0,-0.027557171454611784,0.0,-0.1254782504821652,-0.0675897456914849,0.0,0.0,-0.06587446669980357,-0.021456346703084272,-0.021456346703084384,-0.02145634670308416,-0.021456346703084384,-0.02145634670308416,-0.01674420262048515,-0.016744202620484927,0.0,0.0,-0.021456346703084272,-0.021456346703084384,-0.006755402478318739,-0.006755402478318517
2026-05-29,0.0,-0.02252548067353244,0.0,-0.12364685572581113,-0.0660569246104582,0.0,-0.18810318565377404,-0.01399798313004641,0.0,-0.1174485387819788,-0.005343946944197597,0.0,0.0,-0.02252548067353244,0.0,-0.12364685572581113,-0.0660569246104582,0.0,0.0,-0.06109712111618015,-0.012669843108781498,-0.012669843108781609,-0.012669843108781387,-0.012669843108781498,-0.012669843108781387,-0.007547825411192921,-0.007547825411192699,0.0,0.0,-0.012669843108781498,-0.012669843108781609,0.0,0.0
2026-06-01,0.0,-0.0318214285260392,0.0,-0.1230464183272083,-0.06174185884480554,0.0,-0.1904281915793431,-0.023876844789032625,0.0,-0.11899636439117622,-0.004377313889166179,0.0,0.0,-0.0318214285260392,0.0,-0.1230464183272083,-0.06174185884480554,0.0,0.0,-0.06997904290476864,-0.006209065906357836,-0.006209065906358058,-0.006209065906357725,-0.006209065906357836,-0.006209065906357836,-0.0020975027816073633,-0.00209750278160703,0.0,0.0,-0.006209065906357836,-0.006209065906358058,0.0,0.0
2026-06-02,0.0,-0.029524532906259893,0.0,-0.12431365996494914,-0.06049808444451277,0.0,-0.1915792699949732,-0.021925778301931542,0.0,-0.1199569570490977,-0.00254954245733352,0.0,0.0,-0.029524532906259893,0.0,-0.12431365996494914,-0.06049808444451277,0.0,0.0,-0.06783508150011086,0.0,0.0,0.0,0.0,0.0,0.0,0.0,0.0,0.0,0.0,0.0,0.0,0.0
2026-06-03,0.0,-0.038867678208789114,0.0,-0.12557105244928068,-0.06978597370987849,0.0,-0.1920762612498248,-0.031613144887372435,0.0,-0.12655522932740104,-0.013583100498688161,0.0,0.0,-0.038867678208789114,0.0,-0.12557105244928068,-0.06978597370987849,0.0,0.0,-0.07651252569812694,0.0,0.0,0.0,0.0,0.0,0.0,0.0,0.0,0.0,0.0,0.0,0.0,0.0
2026-06-04,0.0,-0.03731414222696061,0.0,-0.1267226706414869,-0.06845615292462692,0.0,-0.19177067106473145,-0.03005629006205901,0.0,-0.126901091708435,-0.012182580504512597,0.0,0.0,-0.03731414222696061,0.0,-0.1267226706414869,-0.06845615292462692,0.0,0.0,-0.07503647949696857,-0.007427105788008648,-0.007427105788008648,-0.007427105788008648,-0.007427105788008537,-0.002559261221509068,-0.008300397431039941,-0.008300397431040052,-0.0022021941452322613,-0.0022021941452321503,-0.007427105788008648,-0.007427105788008648,-0.006901757239961781,-0.006901757239961781
2026-06-05,0.0,-0.051278095159868364,0.0,-0.12568666858023603,-0.08213104388072134,0.0,-0.19119922999489047,-0.04342157637126043,0.0,-0.12436706107570861,-0.02561907203710534,0.0,0.0,-0.051278095159868364,0.0,-0.12568666858023603,-0.08213104388072134,0.0,0.0,-0.08765747347419861,-0.0008100800705950206,-0.0008100800705950206,-0.0008100800705950206,-0.0008100800705949096,-4.45498558125923e-05,-0.0047150410447284186,-0.0047150410447284186,-0.0027379329219032744,-0.0027379329219031634,-0.0008100800705950206,-0.0008100800705950206,-0.006556209928129109,-0.006556209928129109
2026-06-08,0.0,-0.05134147442387271,0.0,-0.1279319242979,-0.08240123119629772,0.0,-0.18947628430489927,-0.043581564098227665,0.0,-0.1226497575363793,-0.02566740175291926,0.0,0.0,-0.05134147442387271,0.0,-0.1279319242979,-0.08240123119629772,0.0,0.0,-0.0882864329455264,-0.024363667334235672,-0.024363667334235672,-0.02436366733423556,-0.02436366733423545,-0.011386520827111335,-0.02412392872317093,-0.02412392872317093,0.0,0.0,-0.024363667334235672,-0.024363667334235672,-0.012502711999109684,-0.012502711999109684
2026-06-09,0.0,-0.05215560499027827,0.0,-0.13011837281212213,-0.0839128366353703,0.0,-0.18874121213218287,-0.044339430149993975,0.0,-0.12620615088150455,-0.02790792151165955,0.0,0.0,-0.05215560499027827,0.0,-0.13011837281212213,-0.0839128366353703,0.0,0.0,-0.0890635762697195,-0.02905821483391202,-0.02905821483391202,-0.030477295835445006,-0.0290582148339118,-0.01414666134842224,-0.03115237343908528,-0.03115237343908528,-0.006316704660517813,-0.006316704660517813,-0.02905821483391202,-0.02905821483391202,-0.022052268886599946,-0.022052268886599835
2026-06-10,0.0,-0.05145523700504617,0.0,-0.12964817343342783,-0.0832059970215242,0.0,-0.19154883102594134,-0.044224920868497386,0.0,-0.12907609944338772,-0.02786681493961518,0.0,0.0,-0.05145523700504617,0.0,-0.12964817343342783,-0.0832059970215242,0.0,0.0,-0.0884706322946176,-0.03425966243973211,-0.03425966243973211,-0.03191677605321264,-0.034259662439732,-0.017590887109039666,-0.0367900543009263,-0.0367900543009263,-0.0021220474078159635,-0.0021220474078158524,-0.03425966243973211,-0.03425966243973211,-0.022775519174154546,-0.022775519174154546
2026-06-11,0.0,-0.059622461693857765,0.0,-0.13209174887716635,-0.09111798597535292,0.0,-0.18855392635274926,-0.05177929127253311,0.0,-0.1236653632996535,-0.03593144356256783,0.0,0.0,-0.059622461693857765,0.0,-0.13209174887716635,-0.09111798597535292,0.0,0.0,-0.09626813163743009,-0.025236256351452546,-0.025236256351452546,-0.02911786405558603,-0.025236256351452324,-0.011308374633279827,-0.02445686598061325,-0.024456865980613363,0.0,0.0,-0.025236256351452546,-0.025236256351452546,-0.011577222221460404,-0.011577222221460515
2026-06-12,0.0,-0.05141384420975037,0.0,-0.13606333997117226,-0.08622016279606337,0.0,-0.1889741018401282,-0.04341171996551163,0.0,-0.1281965346735332,-0.02777946719301616,0.0,0.0,-0.05141384420975037,0.0,-0.13606333997117226,-0.08622016279606337,0.0,0.0,-0.08827459467260479,-0.020767452224423444,-0.020767452224423555,-0.02747867709006535,-0.02076745222442311,-0.007939372864521621,-0.0142843296632309,-0.01428432966323101,-0.004465170398425089,-0.004465170398425089,-0.020767452224423444,-0.020767452224423555,-0.007039227947614246,-0.007039227947614246
2026-06-15,0.0,-0.04995652063541922,0.0,-0.13352664331243724,-0.08431272314573057,0.0,-0.19047014062639844,-0.04212791667608784,0.0,-0.12846174482257977,-0.026269038325316907,0.0,0.0,-0.04995652063541922,0.0,-0.13352664331243724,-0.08431272314573057,0.0,0.0,-0.08685630967069335,-0.013256585166363744,-0.013256585166363744,-0.024076921423168862,-0.01325658516636341,-0.0016157985374833927,-0.005973983344513156,-0.005973983344513156,-0.0066929002330754495,-0.0066929002330754495,-0.013256585166363744,-0.013256585166363744,-0.003121183261845295,-0.003121183261845295
2026-06-16,0.0,-0.04859319397290918,0.0,-0.13346081860350778,-0.08305640423560257,0.0,-0.1912498644871048,-0.041025721181518926,0.0,-0.12952446439894882,-0.025095438867698494,0.0,0.0,-0.04859319397290918,0.0,-0.13346081860350778,-0.08305640423560257,0.0,0.0,-0.08556243123089757,-0.01822940164975695,-0.01822940164975695,-0.02692392855830028,-0.018229401649756616,-0.006415135910264991,-0.00877361109835384,-0.00877361109835384,-0.006524359758615206,-0.006524359758614984,-0.01822940164975695,-0.01822940164975695,-0.0038357235135209056,-0.0038357235135207945
2026-06-17,0.0,-0.05263346576301353,0.0,-0.13273090628903694,-0.08489523418710132,0.0,-0.19247543481506013,-0.045072004352238126,0.0,-0.12893450262185202,-0.029187704250190905,0.0,0.0,-0.05263346576301353,0.0,-0.13273090628903694,-0.08489523418710132,0.0,0.0,-0.08935480553732766,-0.017042904239811363,-0.017042904239811363,-0.026330470620383184,-0.01704290423981103,-0.005214360627541548,-0.010039959585051883,-0.010039959585052105,-0.0037766736815069146,-0.0037766736815066926,-0.017042904239811363,-0.017042904239811363,-0.003834857125474378,-0.003834857125474267
2026-06-18,0.0,-0.07435295898713601,0.0,-0.12650816916578655,-0.10388677007653035,0.0,-0.18886565842667835,-0.06694468405209031,0.0,-0.12326481326715077,-0.051347290254582956,0.0,0.0,-0.07435295898713601,0.0,-0.12650816916578655,-0.10388677007653035,0.0,0.0,-0.10981492189468645,-0.014697904647817728,-0.014697904647817617,-0.02484610280178723,-0.014697904647817395,-0.0028411421742524645,-0.005962046770075724,-0.005962046770076057,0.0,0.0,-0.014697904647817728,-0.014697904647817617,0.0,0.0
2026-06-19,0.0,-0.07435295898713601,0.0,-0.12654276259051145,-0.10390233903437451,0.0,-0.18896879668887123,-0.067331483746356,0.0,-0.1233195277727821,-0.05179453656021338,0.0,0.0,-0.07435295898713601,0.0,-0.12654276259051145,-0.10390233903437451,0.0,0.0,-0.10981492189468645,-0.02080253320933889,-0.02080253320933878,-0.02967029965364254,-0.02080253320933867,-0.009019231587206633,-0.012344396914577893,-0.012344396914578226,-0.0002703915638545551,-0.0002703915638545551,-0.02080253320933889,-0.02080253320933878,-0.0031591387939245985,-0.0031591387939247095
2026-06-22,0.0,-0.07089379536141882,0.0,-0.12613425413779467,-0.10035217487402415,0.0,-0.18286281028656537,-0.0608111338318591,0.0,-0.11789878843140944,-0.045133808376765616,0.0,0.0,-0.07089379536141882,0.0,-0.12613425413779467,-0.10035217487402415,0.0,0.0,-0.10648828041483183,-0.015842891692436578,-0.015842891692436578,-0.025633918605338146,-0.015842891692436356,-0.003999907571203498,-0.0037488886261528576,-0.0037488886261533017,0.0,0.0,-0.015842891692436578,-0.015842891692436578,0.0,0.0
2026-06-23,0.0,-0.06416381977349772,0.0,-0.13015339885188626,-0.09356810929273962,0.0,-0.18039151388120134,-0.06223327572291726,0.0,-0.11575876531429174,-0.044776338019015594,0.0,0.0,-0.06416381977349772,0.0,-0.13015339885188626,-0.09356810929273962,0.0,0.0,-0.10001613327997472,-0.01976796419133786,-0.01976796419133786,-0.029370213550428792,-0.01976796419133775,-0.007972212946732782,-0.002703825481793487,-0.00270382548179382,0.0,0.0,-0.01976796419133786,-0.01976796419133786,0.0,0.0
2026-06-24,0.0,-0.058994984861135524,0.0,-0.13185951991193956,-0.08833830921990282,0.0,-0.17861469678967878,-0.06464485573118772,0.0,-0.11406453739666322,-0.04648063532422009,0.0,0.0,-0.058994984861135524,0.0,-0.13185951991193956,-0.08833830921990282,0.0,0.0,-0.09504531880501033,-0.01792803502986373,-0.01792803502986362,-0.02754830814044007,-0.01792803502986351,-0.006110142755478276,-0.0022480438216573306,-0.0022480438216575527,0.0,0.0,-0.01792803502986373,-0.01792803502986362,0.0,0.0
2026-06-25,0.0,-0.06390876681243851,0.0,-0.13274573464225148,-0.09327145917624335,0.0,-0.17947080808170457,-0.06122770358141871,0.0,-0.11507122499911215,-0.043622803760818174,0.0,0.0,-0.06390876681243851,0.0,-0.13274573464225148,-0.09327145917624335,0.0,0.0,-0.09977085151489373,-0.02005817468978266,-0.02005817468978255,-0.02965758117752182,-0.02005817468978255,-0.008265915731414997,-0.0020774130369726196,-0.0020774130369729527,0.0,0.0,-0.02005817468978266,-0.02005817468978255,0.0,0.0
2026-06-26,0.0,-0.06439568669924434,0.0,-0.13221865414425882,-0.09348276963907454,0.0,-0.17895348659412336,-0.06119918686733328,0.0,-0.11457806665893178,-0.04358686885808738,0.0,0.0,-0.06439568669924434,0.0,-0.13221865414425882,-0.09348276963907454,0.0,0.0,-0.10023911727739543,-0.018808175977016117,-0.018808175977015784,-0.02841982731995285,-0.018808175977015895,-0.007000874994583461,-0.0005477366484114565,-0.0005477366484116786,-0.007579185301065272,-0.007579185301065383,-0.018808175977016117,-0.018808175977015784,-0.0036388990656682774,-0.0036388990656681663
2026-06-29,0.0,-0.06544816138229892,0.0,-0.12907635991012667,-0.09358691559786292,0.0,-0.1769606167321468,-0.061392756682786875,0.0,-0.1116720891998717,-0.04360564456041627,0.0,0.0,-0.06544816138229892,0.0,-0.12907635991012667,-0.09358691559786292,0.0,0.0,-0.10125127117237631,-0.011641327218243291,-0.011641327218242958,-0.021323184253696392,-0.01164132721824307,0.0,0.0,0.0,-0.003384542572876237,-0.003384542572876348,-0.011641327218243291,-0.011641327218242958,0.0,0.0
2026-06-30,0.0,-0.06544529348770156,0.0,-0.12646629147550026,-0.09316971219165138,0.0,-0.17918257668753812,-0.06221039239357862,0.0,-0.11346118260943949,-0.04427501523131583,0.0,0.0,-0.06544529348770156,0.0,-0.12646629147550026,-0.09316971219165138,0.0,0.0,-0.1012485131481371,-0.009454783456948834,-0.009454783456948501,-0.0191580596438512,-0.009454783456948612,0.0,0.0,0.0,0.0,0.0,-0.009454783456948834,-0.009454783456948501,0.0,0.0
2026-07-01,0.0,-0.06609154178527676,0.0,-0.12822898098485724,-0.09394990534870384,0.0,-0.17620257951794505,-0.06185090533022264,0.0,-0.1102069626493718,-0.04389182973418171,0.0,0.0,-0.06609154178527676,0.0,-0.12822898098485724,-0.09394990534870384,0.0,0.0,-0.10187000337687802,-0.006301372436954278,-0.006301372436953834,-0.016035539104721774,-0.006301372436954056,0.0,0.0,0.0,0.0,0.0,-0.006301372436954278,-0.006301372436953834,0.0,0.0
2026-07-02,0.0,-0.056908438403283634,0.0,-0.13491980132659998,-0.08567884307196005,0.0,-0.1756441643327381,-0.052017568782072976,0.0,-0.11135223438816844,-0.034770191787932614,0.0,0.0,-0.056908438403283634,0.0,-0.13491980132659998,-0.08567884307196005,0.0,0.0,-0.09303870889944543,-0.013684725650874863,-0.013684725650874308,-0.0233465657713795,-0.013684725650874419,-0.007430173504443194,-0.005720527769405681,-0.00572052776940557,-0.005520424102363752,-0.005520424102363752,-0.013684725650874863,-0.013684725650874308,-0.007050339367826619,-0.00705033936782673
2026-07-03,0.0,-0.05691876296969722,0.0,-0.13513555829857604,-0.08568102938428013,0.0,-0.17567149567922669,-0.05203934910784436,0.0,-0.11143979853784891,-0.0348017575803663,0.0,0.0,-0.05691876296969722,0.0,-0.13513555829857604,-0.08568102938428013,0.0,0.0,-0.09304863792698193,-0.022781724067704068,-0.0227817240677034,-0.03235445095376355,-0.022781724067703624,-0.016584859004149077,-0.01016846487664691,-0.010168464876646799,-0.017354889433358944,-0.017354889433358833,-0.022781724067704068,-0.0227817240677034,-0.01655943608487631,-0.01655943608487631
2026-07-06,0.0,-0.06120652060874987,0.0,-0.12760180118724085,-0.08955714891456912,0.0,-0.17411930422300947,-0.05602984807980538,0.0,-0.10864227582917263,-0.03872216416806362,0.0,0.0,-0.06120652060874987,0.0,-0.12760180118724085,-0.08955714891456912,0.0,0.0,-0.09717212960329102,-0.019650536883358716,-0.01965053688335827,-0.02925393654793973,-0.019650536883358383,-0.013433815923789671,-0.005276064671996261,-0.00527606467199615,-0.011934370055882604,-0.011934370055882493,-0.019650536883358716,-0.01965053688335827,-0.00989982689779878,-0.009899826897798891
2026-07-07,0.0,-0.06119867316127969,0.0,-0.12469121671130423,-0.08935870551640013,0.0,-0.17361749897657497,-0.055602073845716915,0.0,-0.10703761210731322,-0.03795391978317442,0.0,0.0,-0.06119867316127969,0.0,-0.12469121671130423,-0.08935870551640013,0.0,0.0,-0.09648795162517787,-0.022303431317241107,-0.022303431317240552,-0.03188084350850262,-0.022303431317240663,-0.016103533240787726,-0.00667482175441847,-0.00667482175441847,-0.014586245595733294,-0.014586245595733072,-0.022303431317241107,-0.022303431317240552,-0.010040088808519698,-0.010040088808519698
2026-07-08,0.0,-0.05752174956346545,0.0,-0.12423428675412351,-0.08542764458757213,0.0,-0.1710305856150678,-0.05498405153917996,0.0,-0.10403639306586476,-0.03861678558487258,0.0,0.0,-0.05752174956346545,0.0,-0.12423428675412351,-0.08542764458757213,0.0,0.0,-0.10072503452122117,-0.027669415341657566,-0.027669415341657122,-0.03719426292089156,-0.027669415341657233,-0.0215035447488805,-0.01169457330836332,-0.01169457330836321,-0.01138748324861416,-0.011387483248613939,-0.027669415341657566,-0.027669415341657122,-0.010796521127589331,-0.01079652112758922
2026-07-09,0.0,-0.06601738204286889,0.0,-0.12525359877415432,-0.09471737315499618,0.0,-0.17470594984489052,-0.06337599673706895,0.0,-0.1055991429972104,-0.03953615231896401,0.0,0.0,-0.06601738204286889,0.0,-0.12525359877415432,-0.09471737315499618,0.0,0.0,-0.10892173386831339,-0.02335699893131904,-0.023356998931318484,-0.03292409048565237,-0.023356998931318707,-0.01851159435230476,-0.009816559680416725,-0.009816559680416725,-0.010228737605342153,-0.010228737605341931,-0.02335699893131904,-0.023356998931318484,-0.009567935089195956,-0.009567935089195845
2026-07-10,0.0,-0.0633832382458619,0.0,-0.12363408216795013,-0.09213377999812156,0.0,-0.17556089924097973,-0.06120913903340053,0.0,-0.10427614248630324,-0.03670643564816978,0.0,0.0,-0.0633832382458619,0.0,-0.12363408216795013,-0.09213377999812156,0.0,0.0,-0.10640859471320518,-0.022728405159176512,-0.022728405159175846,-0.03230165435162535,-0.02272840515917607,-0.018488859619464337,0.0,0.0,-0.007876254932664528,-0.007876254932664417,-0.022728405159176512,-0.022728405159175846,-0.0015353790589912597,-0.0015353790589912597
2026-07-13,0.0,-0.06946366273557292,0.0,-0.12486917982747281,-0.09790512681465213,0.0,-0.17383949932968168,-0.06486483998011261,0.0,-0.1050911494222091,-0.042777243425425326,0.0,0.0,-0.06946366273557292,0.0,-0.12486917982747281,-0.09790512681465213,0.0,0.0,-0.11220970279323272,-0.02823946159615165,-0.028239461596150872,-0.03775872506256128,-0.028239461596151094,-0.02042291948349162,-0.009402251655134086,-0.009402251655134197,-0.012850160585038628,-0.012850160585038517,-0.02823946159615165,-0.028239461596150872,-0.008809234449207892,-0.008809234449207892
2026-07-14,0.0,-0.07678967912442625,0.0,-0.12091094432953275,-0.10202336608966756,0.0,-0.1798427684852869,-0.07476740508619395,0.0,-0.10634188718524296,-0.049391220345918474,0.0,0.0,-0.07678967912442625,0.0,-0.12091094432953275,-0.10202336608966756,0.0,0.0,-0.11919918402759477,-0.028342191421618868,-0.02834219142161809,-0.03786044855752224,-0.028342191421618312,-0.020599272040882743,-0.009492601491672525,-0.009492601491672636,-0.008678284408775827,-0.008678284408775827,-0.028342191421618868,-0.02834219142161809,-0.006390734643603513,-0.006390734643603402
2026-07-15,0.0,-0.07223880530928506,0.0,-0.12308297940901114,-0.09798235932523514,0.0,-0.17468158971623615,-0.06827775959844928,0.0,-0.10105250970110691,-0.04375365590293945,0.0,0.0,-0.07223880530928506,0.0,-0.12308297940901114,-0.09798235932523514,0.0,0.0,-0.11485736366540245,-0.022511005019056785,-0.022511005019056007,-0.03208638384028706,-0.02251100501905623,-0.017942292292544293,-0.0030495387017624997,-0.0030495387017624997,-0.008106903678496313,-0.008106903678496313,-0.022511005019056785,-0.022511005019056007,-0.00135125234870348,-0.001351252348703258
2026-07-16,0.0,-0.07209493810075207,0.0,-0.12341427220740397,-0.09795920977020611,0.0,-0.1756840019367767,-0.06828842703967863,0.0,-0.10264329644151327,-0.04378617440944177,0.0,0.0,-0.07209493810075207,0.0,-0.12341427220740397,-0.09795920977020611,0.0,0.0,-0.11472010528364229,-0.030599850947379048,-0.03059985094737816,-0.04009599228932503,-0.03059985094737827,-0.02254722301290557,-0.012357402731486888,-0.012357402731486888,-0.018779001667517226,-0.018779001667517337,-0.030599850947379048,-0.03059985094737816,-0.014901298998154955,-0.014901298998154733
2026-07-17,0.0,-0.07230843259946729,0.0,-0.120208259877158,-0.09776284439674576,0.0,-0.1793295627363175,-0.06900042668751205,0.0,-0.10354603927049588,-0.044204727608167516,0.0,0.0,-0.07230843259946729,0.0,-0.120208259877158,-0.09776284439674576,0.0,0.0,-0.11492379248732909,-0.031902728234709965,-0.03190272823470919,-0.041386106728534156,-0.03190272823470941,-0.02350292303104773,-0.013798008514752769,-0.013798008514752769,-0.014067630137126641,-0.014067630137126641,-0.031902728234709965,-0.03190272823470919,-0.013765183098707112,-0.01376518309870689
2026-07-20,0.0,-0.07628107632178871,0.0,-0.12323801447922555,-0.10201005120792794,0.0,-0.17847605914293374,-0.07312046085331614,0.0,-0.105770697158032,-0.04880590014431185,0.0,0.0,-0.07628107632178871,0.0,-0.12323801447922555,-0.10201005120792794,0.0,0.0,-0.11871394490771114,-0.031964350200126224,-0.031964350200125446,-0.0414471250516939,-0.03196435020012556,-0.023680938522592343,-0.01479822037918821,-0.014798220379187987,-0.015529950024122163,-0.015529950024122274,-0.031964350200126224,-0.031964350200125446,-0.014322068430026258,-0.014322068430026036
2026-07-21,0.0,-0.07916126213779462,0.0,-0.12477973799699105,-0.10498923719179665,0.0,-0.17981107549512,-0.07635531177772203,0.0,-0.10946803773227498,-0.052384555463649174,0.0,0.0,-0.07916126213779462,0.0,-0.12477973799699105,-0.10498923719179665,0.0,0.0,-0.12146182365161895,-0.028867946962256807,-0.02886794696225614,-0.0383810538524848,-0.02886794696225603,-0.0213951731716574,-0.009685179035901936,-0.009685179035901825,-0.013052943110609894,-0.013052943110610005,-0.028867946962256807,-0.02886794696225614,-0.008983312180897207,-0.008983312180896985
2026-07-22,0.0,-0.07967768847267354,0.0,-0.12430816514875875,-0.10539907825554362,0.0,-0.18001462086977327,-0.07686242678805921,0.0,-0.1091542105968244,-0.05253702939523264,0.0,0.0,-0.07967768847267354,0.0,-0.12430816514875875,-0.10539907825554362,0.0,0.0,-0.1219545269142076,-0.027315381032916752,-0.027315381032916086,-0.036843696694798034,-0.027315381032916086,-0.02020013347986771,-0.008975598458283551,-0.00897559845828333,-0.01086001531100833,-0.010860015311008442,-0.027315381032916752,-0.027315381032916086,-0.0071689327654206325,-0.0071689327654204105
2026-07-23,0.0,-0.07303494247553288,0.0,-0.12231805339934487,-0.09756896886490973,0.0,-0.17982366182575038,-0.07094351726742854,0.0,-0.10725110196570298,-0.05130834430319142,0.0,0.0,-0.07303494247553288,0.0,-0.12231805339934487,-0.09756896886490973,0.0,0.0,-0.1156169286852039,-0.030074281824338467,-0.030074281824337912,-0.03957557158583247,-0.0300742818243378,-0.022905745409203426,-0.008833165221113992,-0.00883316522111377,-0.0095530839156035,-0.00955308391560361,-0.030074281824338467,-0.030074281824337912,-0.004620590824672921,-0.00462059082467281
2026-07-24,0.0,-0.07642035590090401,0.0,-0.12384745024045352,-0.10143436368279135,0.0,-0.18037008057377546,-0.07438211127157224,0.0,-0.10851900533776937,-0.055142779977644496,0.0,0.0,-0.07642035590090401,0.0,-0.12384745024045352,-0.10143436368279135,0.0,0.0,-0.11884682640194844,-0.03872569060158004,-0.0387256906015796,-0.04814223207761548,-0.03872569060157938,-0.031621095102434604,-0.03204591442554072,-0.0320459144255405,-0.021035612451110963,-0.021035612451111074,-0.03872569060158004,-0.0387256906015796,-0.026724226041761612,-0.02672422604176139
2026-07-27,0.0,-0.07304938381390824,0.0,-0.12666194294914723,-0.09842009937054874,0.0,-0.1798717201038168,-0.07099657930677195,0.0,-0.11141842953687886,-0.053174477452378466,0.0,0.0,-0.07304938381390824,0.0,-0.12666194294914723,-0.09842009937054874,0.0,0.0,-0.11563070663193742,-0.0327883941700734,-0.032788394170072954,-0.042263096774057596,-0.03278839417007262,-0.025639917242815335,-0.023142516301270066,-0.023142516301269733,-0.01531442903215452,-0.01531442903215452,-0.0327883941700734,-0.032788394170072954,-0.01827075253866539,-0.01827075253866528
2026-07-28,0.0,-0.07171120512100149,0.0,-0.1261849568515928,-0.09675387816999359,0.0,-0.18126410511109747,-0.0697443417770901,0.0,-0.11217582225049227,-0.05189395480785686,0.0,0.0,-0.07171120512100149,0.0,-0.1261849568515928,-0.09675387816999359,0.0,0.0,-0.11360052065141102,-0.044726121726263446,-0.04472612172626311,-0.054083883613572525,-0.04472612172626267,-0.03766587427173407,-0.032289888539239975,-0.03228988853923975,-0.016226543795730963,-0.016226543795731185,-0.044726121726263446,-0.04472612172626311,-0.023412688055223452,-0.02341268805522334
2026-07-29,0.0,-0.0680073315753198,0.0,-0.13005924863220808,-0.09375559729441252,0.0,-0.18159599843857355,-0.06615833834844764,0.0,-0.11460394710148603,-0.04917171825007027,0.0,0.0,-0.0680073315753198,0.0,-0.13005924863220808,-0.09375559729441252,0.0,0.0,-0.1170795365273607,-0.04924652644276839,-0.04924652644276817,-0.058560006923526586,-0.04924652644276761,-0.04221968843930746,-0.03515584113541437,-0.035155841135414256,-0.018492494065182496,-0.01849249406518272,-0.04924652644276839,-0.04924652644276817,-0.026208377761660517,-0.026208377761660517
2026-07-30,0.0,-0.09603373779846625,0.0,-0.12467638045084972,-0.12090145195637136,0.0,-0.18491762360071873,-0.07733830322939306,0.0,-0.12144622875659206,-0.06041273734784469,0.0,0.0,-0.09603373779846625,0.0,-0.12467638045084972,-0.12090145195637136,0.0,0.0,-0.0916858216533889,-0.056773170868104184,-0.05677317086810374,-0.06601292113604618,-0.056773170868103406,-0.04980196086133981,-0.04361016153364772,-0.043610161533647496,-0.03449333489793305,-0.03449333489793327,-0.056773170868104184,-0.05677317086810374,-0.04104068816938644,-0.04104068816938633
2026-07-31,0.0,-0.0970854389239133,0.0,-0.1259978625998488,-0.1219220451744647,0.0,-0.18439028295628157,-0.07808823295341938,0.0,-0.12209873468844623,-0.061460498834129074,0.0,0.0,-0.0970854389239133,0.0,-0.1259978625998488,-0.1219220451744647,0.0,0.0,-0.09220624282596357,-0.04317698259163327,-0.04317698259163283,-0.052549919682076895,-0.043176982591632385,-0.03610528574454641,-0.031444149363024976,-0.031444149363024754,-0.029253196017187455,-0.029253196017187566,-0.04317698259163327,-0.04317698259163283,-0.03007525887865936,-0.03007525887865925
2026-08-03,0.0,-0.09546686416556249,0.0,-0.12443415874034292,-0.1201832638499083,0.0,-0.17658437580535113,-0.06977731071927595,0.0,-0.1135840554152241,-0.05198676475790087,0.0,0.0,-0.09546686416556249,0.0,-0.12443415874034292,-0.1201832638499083,0.0,0.0,-0.09382929336834056,-0.054566904905634206,-0.05456690490563387,-0.06382826752162252,-0.05456690490563332,-0.04757938880697332,-0.04163341133684195,-0.04163341133684162,-0.03987616136204519,-0.039876161362045304,-0.054566904905634206,-0.05456690490563387,-0.042662858943674054,-0.04266285894367394
2026-08-04,0.0,-0.09667353808965518,0.0,-0.11902226545393102,-0.11989873486899016,0.0,-0.1776396863421339,-0.07167083551704345,0.0,-0.11289460032840215,-0.051912017142627054,0.0,0.0,-0.09667353808965518,0.0,-0.11902226545393102,-0.11989873486899016,0.0,0.0,-0.09339068956105712,-0.05628185216658266,-0.056281852166582325,-0.06552641534056558,-0.05628185216658166,-0.049307010916788796,-0.040308167337944734,-0.04030816733794462,-0.03646016305937194,-0.03646016305937194,-0.05628185216658266,-0.056281852166582325,-0.0398740952617509,-0.039874095261750786
2026-08-05,0.0,-0.0934764728264652,0.0,-0.1214785492572189,-0.1193650456380363,0.0,-0.1798565989690517,-0.06932355625802522,0.0,-0.11617249917117001,-0.05183145399910272,0.0,0.0,-0.0934764728264652,0.0,-0.1214785492572189,-0.1193650456380363,0.0,0.0,-0.0902445354339837,-0.06352974908511311,-0.06352974908511277,-0.07270331262737784,-0.06352974908511211,-0.056608475662236146,-0.044528581712614534,-0.0445285817126142,-0.0411354897353281,-0.04113548973532821,-0.06352974908511311,-0.06352974908511277,-0.04549879094014375,-0.04549879094014364
2026-08-06,0.0,-0.09711592248080947,0.0,-0.1200157186550258,-0.12069314742251658,0.0,-0.18095949480954643,-0.07342166488316904,0.0,-0.11636768505517114,-0.054997141638631675,0.0,0.0,-0.09711592248080947,0.0,-0.1200157186550258,-0.12069314742251658,0.0,0.0,-0.09389064210423936,-0.06458809858974035,-0.06458809858974002,-0.07375129465218266,-0.06458809858973924,-0.05767464722665794,-0.04437947657925201,-0.044379476579251786,-0.03904448771701807,-0.03904448771701807,-0.06458809858974035,-0.06458809858974002,-0.0436288991851006,-0.04362889918510049
2026-08-07,0.0,-0.08881007505206495,0.0,-0.12503998267385907,-0.11622868262120756,0.0,-0.18403010156491006,-0.06516085326463594,0.0,-0.12152827625336837,-0.049286656108938565,0.0,0.0,-0.08881007505206495,0.0,-0.12503998267385907,-0.11622868262120756,0.0,0.0,-0.08540638252169064,-0.06476619073497591,-0.06476619073497569,-0.07392764222559778,-0.06476619073497503,-0.057854055617049704,-0.0407281030178569,-0.040728103017856676,-0.03847580250430904,-0.03847580250430904,-0.06476619073497591,-0.06476619073497569,-0.03926536613906029,-0.039265366139060176
2026-08-10,0.0,-0.08936655663196003,0.0,-0.12347950687033682,-0.11662617136576647,0.0,-0.1878563962440336,-0.06630239937817273,0.0,-0.12454267982500267,-0.05039096544572097,0.0,0.0,-0.08936655663196003,0.0,-0.12347950687033682,-0.11662617136576647,0.0,0.0,-0.08600550798613871,-0.06169405188799404,-0.06169405188799393,-0.07088559772586911,-0.06169405188799304,-0.05475921117644944,-0.03778068750856267,-0.03778068750856245,-0.0373016800590249,-0.0373016800590249,-0.06169405188799404,-0.06169405188799393,-0.037083709692196765,-0.037083709692196654
2026-08-11,0.0,-0.09087187790927553,0.0,-0.12370855668097003,-0.11819428640326057,0.0,-0.1882488392414461,-0.06824075546472497,0.0,-0.12480353429203728,-0.052255236753313006,0.0,0.0,-0.09087187790927553,0.0,-0.12370855668097003,-0.11819428640326057,0.0,0.0,-0.08750637792627236,-0.06703390982677238,-0.06703390982677238,-0.07617314698099187,-0.06703390982677138,-0.06013853498912758,-0.041095380345278154,-0.04109538034527793,-0.037700223529230636,-0.037700223529230636,-0.06703390982677238,-0.06703390982677238,-0.038946621529795444,-0.038946621529795444
2026-08-12,0.0,-0.0913429987230896,0.0,-0.12487632461017739,-0.11874520224167517,0.0,-0.18793115274714267,-0.06869617185734633,0.0,-0.12452968663013086,-0.05278050333695772,0.0,0.0,-0.0913429987230896,0.0,-0.12487632461017739,-0.11874520224167517,0.0,0.0,-0.08789021146278464,-0.07191690531110739,-0.07191690531110717,-0.08100830915795976,-0.07191690531110628,-0.06505761976389834,-0.04265579306699785,-0.042655793066997516,-0.03606972551939158,-0.03606972551939169,-0.07191690531110739,-0.07191690531110717,-0.0398847511082524,-0.03988475110825229
2026-08-13,0.0,-0.09375985470980874,0.0,-0.12439440939427004,-0.12120036435237924,0.0,-0.18632226708151167,-0.07104406378339301,0.0,-0.12302154167217838,-0.055127012334801107,0.0,0.0,-0.09375985470980874,0.0,-0.12439440939427004,-0.12120036435237924,0.0,0.0,-0.09027850284448558,-0.07372989007501585,-0.07372989007501574,-0.08280353411485186,-0.07372989007501474,-0.06688400395320271,-0.042966172313556594,-0.04296617231355637,-0.034205253275787606,-0.034205253275787606,-0.07372989007501585,-0.07372989007501574,-0.03966978306778679,-0.03966978306778679
2026-08-14,0.0,-0.08630478177081069,0.0,-0.12415687639708861,-0.11356054690383532,0.0,-0.1926705564296276,-0.06383273881858431,0.0,-0.12880521376980736,-0.047703616697090334,0.0,0.0,-0.08630478177081069,0.0,-0.12415687639708861,-0.11356054690383532,0.0,0.0,-0.08275027912162702,-0.0777678834272224,-0.0777678834272224,-0.08680197171121518,-0.07776788342722141,-0.07095184134588262,-0.04848553420918311,-0.048485534209183,-0.04259002274046331,-0.04259002274046331,-0.0777678834272224,-0.0777678834272224,-0.04784818495549459,-0.04784818495549459
2026-08-17,0.0,-0.08444696076894076,0.0,-0.12346013615498508,-0.11165462236459722,0.0,-0.1952265436426105,-0.06222806792777191,0.0,-0.13159702855178756,-0.04610357816347055,0.0,0.0,-0.08444696076894076,0.0,-0.12346013615498508,-0.11165462236459722,0.0,0.0,-0.08087704591546874,-0.08234331337523537,-0.08234331337523537,-0.09133258123132859,-0.08234331337523437,-0.07556108742597933,-0.05387605700798581,-0.05387605700798559,-0.04569307730792016,-0.04569307730792027,-0.08234331337523537,-0.08234331337523537,-0.05364392990013711,-0.05364392990013711
2026-08-18,0.0,-0.0875906762781603,0.0,-0.12377177326748146,-0.11488912771011761,0.0,-0.19363014654284816,-0.06540362713273074,0.0,-0.12986340236074123,-0.04928810297605157,0.0,0.0,-0.0875906762781603,0.0,-0.12377177326748146,-0.11488912771011761,0.0,0.0,-0.08409097790108533,-0.08258256001088493,-0.08258256001088504,-0.09156948423223676,-0.08258256001088404,-0.07580210228798656,-0.052485428901954845,-0.05248542890195462,-0.0423681335742071,-0.04236813357420721,-0.08258256001088493,-0.08258256001088504,-0.05131479590345933,-0.05131479590345922
2026-08-19,0.0,-0.07631921610144043,0.0,-0.1261978733586263,-0.10347014067403348,0.0,-0.19732744110818623,-0.05322573359197791,0.0,-0.13513933659122923,-0.037473861664366614,0.0,0.0,-0.07631921610144043,0.0,-0.1261978733586263,-0.10347014067403348,0.0,0.0,-0.07263251213971589,-0.092428440909324,-0.09242844090932412,-0.10131891592263809,-0.092428440909323,-0.08572075221856579,-0.06028131430135153,-0.06028131430135131,-0.05027359383043728,-0.0502735938304375,-0.092428440909324,-0.09242844090932412,-0.05982453143778088,-0.05982453143778088
2026-08-20,0.0,-0.07468153113832698,0.0,-0.1280107600975069,-0.10181776351602323,0.0,-0.20126710040518103,-0.05304607629284441,0.0,-0.13931959588832277,-0.037279074003392476,0.0,0.0,-0.07468153113832698,0.0,-0.1280107600975069,-0.10181776351602323,0.0,0.0,-0.07095000706636356,-0.08762699217578818,-0.08762699217578829,-0.09656450167312247,-0.08762699217578718,-0.08088381689111157,-0.059519686471797284,-0.05951968647179706,-0.055227002233747546,-0.05522700223374777,-0.08762699217578818,-0.08762699217578829,-0.06327123340643848,-0.06327123340643848
2026-08-21,0.0,-0.0719905792419524,0.0,-0.1304143815128106,-0.09919946139877633,0.0,-0.20494600942521524,-0.05093586065889455,0.0,-0.14309875268043992,-0.03509290165417889,0.0,0.0,-0.0719905792419524,0.0,-0.1304143815128106,-0.09919946139877633,0.0,0.0,-0.06758162462958428,-0.09105912131863658,-0.09105912131863658,-0.09996301004184982,-0.09105912131863558,-0.0843413122473523,-0.05813780844541827,-0.05813780844541805,-0.06172610618794705,-0.06172610618794727,-0.09105912131863658,-0.09105912131863658,-0.06485500809187272,-0.06485500809187283
2026-08-24,0.0,-0.06735605567864955,0.0,-0.1329583916534035,-0.09667053857353025,0.0,-0.20191579683467642,-0.0523467386020291,0.0,-0.1402363522548945,-0.037463815873905904,0.0,0.0,-0.06735605567864955,0.0,-0.1329583916534035,-0.09667053857353025,0.0,0.0,-0.07290333628276413,-0.0870856686231053,-0.0870856686231054,-0.09602848086871452,-0.0870856686231043,-0.08033849251905967,-0.05306848744521864,-0.053068487445218415,-0.05619147930089696,-0.056191479300897074,-0.0870856686231053,-0.0870856686231054,-0.058207714083732154,-0.058207714083732265
2026-08-25,0.0,-0.06683177470409774,0.0,-0.1313351483119889,-0.09660927109463646,0.0,-0.20347441924742005,-0.0530618739490093,0.0,-0.14136380394841996,-0.03826604675120271,0.0,0.0,-0.06683177470409774,0.0,-0.1313351483119889,-0.09660927109463646,0.0,0.0,-0.07167913094988976,-0.08867284801509523,-0.08867284801509534,-0.0976001124192315,-0.08867284801509412,-0.08193740245191028,-0.05385588159763699,-0.05385588159763688,-0.05559543425887725,-0.055595434258877474,-0.08867284801509523,-0.08867284801509534,-0.05820406926742483,-0.05820406926742494
2026-08-26,0.0,-0.06162634530375333,0.0,-0.1308344033758413,-0.09141969501062763,0.0,-0.19937363828264332,-0.04825278041381298,0.0,-0.13717161401679312,-0.031773710537564726,0.0,0.0,-0.06162634530375333,0.0,-0.1308344033758413,-0.09141969501062763,0.0,0.0,-0.0775348321453102,-0.0862633536482933,-0.0862633536482933,-0.09521422120443257,-0.08626335364829218,-0.07951009997074765,-0.0513915554788551,-0.0513915554788551,-0.05528919316147518,-0.05528919316147529,-0.0862633536482933,-0.0862633536482933,-0.05629157689627662,-0.05629157689627673
2026-08-27,0.0,-0.06435789848155948,0.0,-0.13134263799951162,-0.09435300248174738,0.0,-0.2017626314093609,-0.05163564237089191,0.0,-0.14001668061187045,-0.03556847220340931,0.0,0.0,-0.06435789848155948,0.0,-0.13134263799951162,-0.09435300248174738,0.0,0.0,-0.08093589773078269,-0.08699050125845353,-0.08699050125845365,-0.09593424575350262,-0.08699050125845254,-0.08024262179052533,-0.0480739837983718,-0.04807398379837158,-0.04747239526836533,-0.04747239526836555,-0.08699050125845353,-0.08699050125845365,-0.04972273225894208,-0.04972273225894219
2026-08-28,0.0,-0.056216676752622874,0.0,-0.13213420036726453,-0.08705418470540327,0.0,-0.19778582027484937,-0.047542273168164284,0.0,-0.1369843066969999,-0.029114373639655966,0.0,0.0,-0.056216676752622874,0.0,-0.13213420036726453,-0.08705418470540327,0.0,0.0,-0.08976834353236574,-0.09346740520133778,-0.0934674052013379,-0.10234770263032245,-0.09346740520133678,-0.08676739529795652,-0.05158648031057533,-0.05158648031057511,-0.05009825212806163,-0.05009825212806174,-0.09346740520133778,-0.0934674052013379,-0.05320187850936242,-0.05320187850936253
2026-08-31,0.0,-0.05844098936514397,0.0,-0.13517393483208195,-0.08926287471628258,0.0,-0.1986279152702316,-0.0497351231265758,0.0,-0.13856235377588721,-0.03141932298756023,0.0,0.0,-0.05844098936514397,0.0,-0.13517393483208195,-0.08926287471628258,0.0,0.0,-0.09189976016501356,-0.09807337566662622,-0.09807337566662633,-0.1069085534960339,-0.09807337566662522,-0.0914074076144803,-0.057181392900040984,-0.05718139290004076,-0.04950825866823094,-0.04950825866823105,-0.09807337566662622,-0.09807337566662633,-0.05547757164595446,-0.05547757164595468
2026-09-01,0.0,-0.0550391099658889,0.0,-0.13578019548476705,-0.08596738824925088,0.0,-0.19718199299206818,-0.04620273211659032,0.0,-0.1375888134854829,-0.02793702995545444,0.0,0.0,-0.0550391099658889,0.0,-0.13578019548476705,-0.08596738824925088,0.0,0.0,-0.08861754365894825,-0.09819886664425492,-0.09819886664425503,-0.10703281517731711,-0.09819886664425403,-0.09153382607204497,-0.05847066926558919,-0.05847066926558886,-0.045864496655776854,-0.045864496655777076,-0.09819886664425492,-0.09819886664425503,-0.05455746456772492,-0.054557464567725256
2026-09-02,0.0,-0.05577075680894694,0.0,-0.1297347185829707,-0.08650529700655474,0.0,-0.1915482960464272,-0.04668009555119301,0.0,-0.13061537340090024,-0.0282650462596149,0.0,0.0,-0.05577075680894694,0.0,-0.1297347185829707,-0.08650529700655474,0.0,0.0,-0.08929229681344442,-0.09735646881997206,-0.09735646881997195,-0.1061986693930338,-0.09735646881997106,-0.09068520224574328,-0.05425961591126094,-0.05425961591126072,-0.04391967400341412,-0.043919674003414344,-0.09735646881997206,-0.09735646881997195,-0.04857431275621982,-0.04857431275622004
2026-09-03,0.0,-0.0660829236363033,0.0,-0.12515409824405865,-0.09628109702933418,0.0,-0.18124862468514136,-0.05323850910710093,0.0,-0.11931905098087903,-0.034614448967129174,0.0,0.0,-0.0660829236363033,0.0,-0.12515409824405865,-0.09628109702933418,0.0,0.0,-0.09901892253573719,-0.08722788581948115,-0.08722788581948115,-0.09616930492047526,-0.08722788581948016,-0.08048176081567149,-0.04501166956918967,-0.04501166956918956,-0.04324279087619143,-0.04324279087619165,-0.08722788581948115,-0.08722788581948115,-0.04165973288054592,-0.04165973288054625
2026-09-04,0.0,-0.06931692965545655,0.0,-0.1293782829806457,-0.10076337712885997,0.0,-0.182271428484995,-0.05657546694437854,0.0,-0.12120408219208456,-0.03910477657186773,0.0,0.0,-0.06931692965545655,0.0,-0.1293782829806457,-0.10076337712885997,0.0,0.0,-0.10213887643893349,-0.09783950806306585,-0.09783950806306607,-0.10667697683478583,-0.09783950806306496,-0.0911718115399649,-0.053319643647369186,-0.053319643647369075,-0.05222874631246499,-0.05222874631246521,-0.09783950806306585,-0.09783950806306607,-0.05117439870391838,-0.05117439870391871
2026-09-07,0.0,-0.06931692965545655,0.0,-0.13042302904106895,-0.10086573969592805,0.0,-0.18252708637683157,-0.05659222362851957,0.0,-0.12164197733877735,-0.03916157900198447,0.0,0.0,-0.06931692965545655,0.0,-0.13042302904106895,-0.10086573969592805,0.0,0.0,-0.10213887643893349,-0.10151976337877833,-0.10151976337877855,-0.11032118075862818,-0.10151976337877755,-0.09487926692239734,-0.0579233718500638,-0.0579233718500638,-0.052407968802967386,-0.0524079688029675,-0.10151976337877833,-0.10151976337877855,-0.05367445460750442,-0.05367445460750475
2026-09-08,0.0,-0.07262018804995107,0.0,-0.12530868117070249,-0.10327199901485429,0.0,-0.17949460446826637,-0.05962113147802639,0.0,-0.1143424876939646,-0.04178271490813523,0.0,0.0,-0.07262018804995107,0.0,-0.12530868117070249,-0.10327199901485429,0.0,0.0,-0.10532564042766202,-0.10260266859998379,-0.10260266859998401,-0.11139347795480858,-0.10260266859998313,-0.09597017569002586,-0.057606316806768865,-0.057606316806768865,-0.05163854741267837,-0.05163854741267859,-0.10260266859998379,-0.10260266859998401,-0.05269154177619306,-0.05269154177619351
2026-09-09,0.0,-0.07260363071423082,0.0,-0.12479790678335845,-0.10323357087959961,0.0,-0.1782646546790655,-0.05954765097165893,0.0,-0.11283975724248796,-0.04131067347554673,0.0,0.0,-0.07260363071423082,0.0,-0.12479790678335845,-0.10323357087959961,0.0,0.0,-0.10530966701144051,-0.10197812932508377,-0.10197812932508388,-0.11077505660059772,-0.10197812932508299,-0.09534102056418914,-0.059847919640003244,-0.059847919640003244,-0.05422085870260518,-0.05422085870260529,-0.10197812932508377,-0.10197812932508388,-0.05445684778115045,-0.054456847781150786
2026-09-10,0.0,-0.06812675674816782,0.0,-0.12335424262802996,-0.09975495756529484,0.0,-0.1753612964225506,-0.053635079155914256,0.0,-0.10970705814004778,-0.0354258235416085,0.0,0.0,-0.06812675674816782,0.0,-0.12335424262802996,-0.09975495756529484,0.0,0.0,-0.10099067678018758,-0.10273036761488197,-0.10273036761488197,-0.11151992604366145,-0.10273036761488108,-0.09609881850404312,-0.06176091746469459,-0.06176091746469459,-0.04786776373873869,-0.0478677637387388,-0.10273036761488197,-0.10273036761488197,-0.05290042350481072,-0.05290042350481117
2026-09-11,0.0,-0.06427439865537543,0.0,-0.1258764584330626,-0.09668445218598498,0.0,-0.17462960529971783,-0.04946581661387228,0.0,-0.11346307376843734,-0.03220313959879684,0.0,0.0,-0.06427439865537543,0.0,-0.1258764584330626,-0.09668445218598498,0.0,0.0,-0.0972741779249181,-0.1006261522685572,-0.10062615226855731,-0.10943632336833964,-0.10062615226855631,-0.0939790513025065,-0.05818305406300661,-0.05818305406300661,-0.045013316148778126,-0.04501331614877835,-0.1006261522685572,-0.10062615226855731,-0.048528517371302704,-0.04852851737130304
2026-09-14,0.0,-0.056877162085680166,0.0,-0.12356379472089785,-0.08887005550499127,0.0,-0.1753825560380411,-0.042046933660940256,0.0,-0.11385095092701336,-0.024562942140886057,0.0,0.0,-0.056877162085680166,0.0,-0.12356379472089785,-0.08887005550499127,0.0,0.0,-0.09013781609633698,-0.10576814209398278,-0.10576814209398289,-0.1145279428052225,-0.10576814209398178,-0.09915904459625846,-0.060861665045938595,-0.060861665045938707,-0.03788422885310039,-0.0378842288531005,-0.10576814209398278,-0.10576814209398289,-0.04657282682815689,-0.04657282682815722
2026-09-15,0.0,-0.05384834174538777,0.0,-0.1234090523949547,-0.0859298058535618,0.0,-0.17396897406311773,-0.03857922974283645,0.0,-0.11286613905224474,-0.02098906650395227,0.0,0.0,-0.05384834174538777,0.0,-0.1234090523949547,-0.0859298058535618,0.0,0.0,-0.08721581168854986,-0.09619736113350874,-0.09619736113350885,-0.10505091620288665,-0.09619736113350763,-0.08951752781493683,-0.05409418172832914,-0.05409418172832914,-0.030377778769745123,-0.030377778769745234,-0.09619736113350874,-0.09619736113350885,-0.03940308617919097,-0.039403086179191305
2026-09-16,0.0,-0.05247880801171678,0.0,-0.12338717692704115,-0.08459965472206543,0.0,-0.17362240715392974,-0.037174522433077284,0.0,-0.11405111799009571,-0.01975356969692288,0.0,0.0,-0.05247880801171678,0.0,-0.12338717692704115,-0.08459965472206543,0.0,0.0,-0.08589457663437272,-0.08932861119436974,-0.08932861119436974,-0.09824945181175204,-0.08932861119436875,-0.08259801225205732,-0.04731414687675928,-0.04731414687675917,-0.02328745656455966,-0.02328745656455966,-0.08932861119436974,-0.08932861119436974,-0.032147703257841775,-0.03214770325784222
2026-09-17,0.0,-0.042051230216141655,0.0,-0.12177887196417125,-0.07454586243595651,0.0,-0.17856626647643759,-0.026533803058721328,0.0,-0.11565099869729056,-0.009051738391453013,0.0,0.0,-0.042051230216141655,0.0,-0.12177887196417125,-0.07454586243595651,0.0,0.0,-0.07583474314874838,-0.07684268826354002,-0.07684268826354002,-0.08588583966151342,-0.07684268826353902,-0.07001980824080145,-0.03178116036269196,-0.03178116036269196,-0.006918643435861127,-0.006918643435861238,-0.07684268826354002,-0.07684268826354002,-0.014626590622718205,-0.01462659062271865
2026-09-18,0.0,-0.03992634411760243,0.0,-0.12216910034804584,-0.07236203879903469,0.0,-0.17701518548730844,-0.024107020948743174,0.0,-0.11525992213507041,-0.006647450201848426,0.0,0.0,-0.03992634411760243,0.0,-0.12216910034804584,-0.07236203879903469,0.0,0.0,-0.07378479437384755,-0.07375957173370751,-0.0737595717337074,-0.08283292501515449,-0.0737595717337064,-0.06691390498338556,-0.02798339600765798,-0.02798339600765798,-0.002164234706565349,-0.002164234706565571,-0.07375957173370751,-0.0737595717337074,-0.009718834374915608,-0.009718834374915941
2026-09-21,0.0,-0.0404398804217595,0.0,-0.12425663501831896,-0.0734590803772176,0.0,-0.17577420872895944,-0.024627124943436995,0.0,-0.11527415660631146,-0.0073407523843341815,0.0,0.0,-0.0404398804217595,0.0,-0.12425663501831896,-0.0734590803772176,0.0,0.0,-0.07504160664386017,-0.0823104020826898,-0.0823104020826897,-0.09129999233432473,-0.0823104020826888,-0.07552793289233317,-0.03710846872633189,-0.03710846872633189,-0.011009059527246956,-0.011009059527247289,-0.0823104020826898,-0.0823104020826897,-0.01837421516098392,-0.018374215160984475
2026-09-22,0.0,-0.035037307508104854,0.0,-0.12117058171172101,-0.06822369589872324,0.0,-0.18086378692974892,-0.021237467783321917,0.0,-0.12151212032904535,-0.0029895777445901883,0.0,0.0,-0.035037307508104854,0.0,-0.12117058171172101,-0.06822369589872324,0.0,0.0,-0.08019498679622183,-0.09150539438440952,-0.0928387746214211,-0.10040491146386621,-0.09283877462142032,-0.08613411862904641,-0.04192685895531889,-0.04401340726568792,-0.012663437036255054,-0.015612675002404042,-0.09150539438440952,-0.0928387746214211,-0.02003875578473502,-0.02300299730846289
2026-09-23,0.0,-0.02586662340085988,0.0,-0.125303052305487,-0.06195264885254337,0.0,-0.18251579103056292,-0.012907486887419828,0.0,-0.12639618727284319,0.0,0.0,0.0,-0.02586662340085988,0.0,-0.125303052305487,-0.06195264885254337,0.0,0.0,-0.08964461458831097,-0.08671748219074182,-0.09177536163216837,-0.09566390115170564,-0.0917753616321676,-0.08506284615674775,-0.03423669437018628,-0.04230221170098447,0.0,-0.012241644690953013,-0.08671748219074182,-0.09177536163216837,-0.00808261120834719,-0.020318028954598333
2026-09-24,0.0,-0.020367789757879673,0.0,-0.1250348133644389,-0.05635872222408722,0.0,-0.18351518786538334,-0.0069154321857918255,0.0,-0.12841619625648382,0.0,0.0,0.0,-0.020367789757879673,0.0,-0.1250348133644389,-0.05635872222408722,0.0,0.0,-0.08437091077333758,-0.09253263628072783,-0.09378678284476605,-0.10142209060720331,-0.09378678284476538,-0.08708913340077284,-0.039084797439033925,-0.04407221575203757,0.0,-0.01064236889643766,-0.09253263628072783,-0.09378678284476605,-0.007914252151711487,-0.02055982437179038
