,base_carry,pm_timed,vix_timed,pm_timed_level_misspecified,pm_timed_prob_index_D12,base_carry__coarse12,pm_timed__coarse12,base_carry__previous,pm_timed__previous,base_carry__primary_cap20,pm_timed__primary_cap20,base_carry__previous_cap20,pm_timed__previous_cap20,base_carry_gross,pm_timed_gross,vix_timed_gross
2024-01-01,-0.001955188589042727,-0.001955188589042727,-0.001955188589042727,-0.001955188589042727,-0.001955188589042727,-0.0021935834141158135,-0.0021935834141158135,-0.0031144464188379716,-0.0031144464188379716,-0.001955188589042727,-0.001955188589042727,-0.003720777466627091,-0.003720777466627091,0.0,0.0,0.0
2024-01-02,0.0048647802861445846,0.0048647802861445846,0.0033983888443625395,0.0048647802861445846,0.0048647802861445846,0.00775077379570025,0.00775077379570025,0.0067328301114966075,0.0067328301114966075,0.0048647802861445846,0.0048647802861445846,0.007301917441866314,0.007301917441866314,0.0048647802861445846,0.0048647802861445846,0.0048647802861445846
2024-01-03,-0.009494838169748237,-0.009494838169748237,-0.0025203486866152637,-0.009494838169748237,-0.009494838169748237,-0.005748337520606377,-0.005748337520606377,-0.001138156550802192,-0.001138156550802192,-0.009494838169748237,-0.009494838169748237,-0.0031294301969176457,-0.0031294301969176457,-0.009494838169748237,-0.009494838169748237,-0.002373709542437059
2024-01-04,0.0034615307935903115,0.0034615307935903115,0.0009783583637386468,0.0034615307935903115,0.0034615307935903115,0.0013162551414443915,0.0013162551414443915,-0.0018678982665515892,-0.0018678982665515892,0.0034615307935903115,0.0034615307935903115,0.001003158345464709,0.001003158345464709,0.0034615307935903115,0.0034615307935903115,0.0011249975079168513
2024-01-05,0.004677441407500497,0.004677441407500497,0.001724337418821994,0.004677441407500497,0.004677441407500497,0.004225232532926145,0.004225232532926145,0.003970710025054199,0.003970710025054199,0.004677441407500497,0.004677441407500497,0.004877471798719043,0.004877471798719043,0.004677441407500497,0.004677441407500497,0.0018709765630001984
2024-01-08,0.006061130661551452,0.006061130661551452,0.002732397920058735,0.006061130661551452,0.006061130661551452,0.005185158652708283,0.005185158652708283,-0.0010087119115916958,-0.0010087119115916958,0.006061130661551452,0.006061130661551452,0.0018851477749806571,0.0018851477749806571,0.006061130661551452,0.006061130661551452,0.0028790370642369396
2024-01-09,0.0011766979561358055,0.0011766979561358055,0.0005005447316964883,0.0011766979561358055,0.0011766979561358055,0.0019111116670450794,0.0019111116670450794,-0.0008480737751965087,-0.0008480737751965087,0.0011766979561358055,0.0011766979561358055,-0.0009183858411425044,-0.0009183858411425044,0.0011766979561358055,0.0011766979561358055,0.0006471838758746928
2024-01-10,0.0005133166031876587,0.0005133166031876587,0.00017418373281408218,0.0005133166031876587,0.0005133166031876587,-0.00422417676141157,-0.00422417676141157,0.0001300851796878351,0.0001300851796878351,0.0005133166031876587,0.0005133166031876587,0.001010855370984613,0.001010855370984613,0.0005133166031876587,0.0005133166031876587,0.00032082287699228664
2024-01-11,-0.0010316834582394124,-0.0010316834582394124,-0.0008688175649457932,-0.0010316834582394124,-0.0010316834582394124,-0.001492586288478245,-0.001492586288478245,-0.0017409505967087048,-0.0017409505967087048,-0.0010316834582394124,-0.0010316834582394124,-0.0006778846052993834,-0.0006778846052993834,-0.0010316834582394124,-0.0010316834582394124,-0.0007221784207675885
2024-01-12,0.0019304371557114378,0.0019304371557114378,0.0013494496514981599,0.0019304371557114378,0.0019304371557114378,0.0079983587386514,0.0079983587386514,0.0007422496341704988,0.0007422496341704988,0.0019304371557114378,0.0019304371557114378,0.0014084395209085678,0.0014084395209085678,0.0019304371557114378,0.0019304371557114378,0.0014960887956763642
2024-01-15,0.005466870979936149,0.005466870979936149,0.004500201188767521,0.005466870979936149,0.005466870979936149,0.003115260319283033,0.003115260319283033,0.0024873929435852912,0.0024873929435852912,0.005466870979936149,0.005466870979936149,0.0026341289695159978,0.0026341289695159978,0.005466870979936149,0.005466870979936149,0.004646840332945726
2024-01-16,0.00844236700987596,0.00844236700987596,0.007662550339957059,0.00844236700987596,0.00844236700987596,0.006618342139822187,0.006618342139822187,0.011244898634582137,0.011244898634582137,0.00844236700987596,0.00844236700987596,0.011206397430324751,0.011206397430324751,0.00844236700987596,0.00844236700987596,0.007809189484135263
2024-01-17,-0.003122370604751721,-0.003122370604751721,-0.003122370604751721,-0.003122370604751721,-0.003122370604751721,-0.007814000848821438,-0.007814000848821438,0.0017355714237775196,0.0017355714237775196,-0.003122370604751721,-0.003122370604751721,-0.0015538857956595245,-0.0015538857956595245,-0.003122370604751721,-0.003122370604751721,-0.003122370604751721
2024-01-18,-0.002334455904555772,-0.002334455904555772,-0.002334455904555772,-0.002334455904555772,-0.002334455904555772,0.0021114550437222,0.0021114550437222,-0.002659220186253242,-0.002659220186253242,-0.002334455904555772,-0.002334455904555772,-0.0035425321952136943,-0.0035425321952136943,-0.002334455904555772,-0.002334455904555772,-0.002334455904555772
2024-01-19,-0.0002691273259857606,-0.0002691273259857606,-0.0002691273259857606,-0.0002691273259857606,-0.0002691273259857606,-0.003718665530423207,-0.003718665530423207,-0.005727660302254519,-0.005727660302254519,-0.0002691273259857606,-0.0002691273259857606,-0.0048280435188892915,-0.0048280435188892915,-0.0002691273259857606,-0.0002691273259857606,-0.0002691273259857606
2024-01-22,-0.0008602238752406398,-0.0008602238752406398,-0.0008602238752406398,-0.0008602238752406398,-0.0008602238752406398,0.0012705006447378095,0.0012705006447378095,0.0015653876089426614,0.0015653876089426614,-0.0008602238752406398,-0.0008602238752406398,-0.0004906641610850251,-0.0004906641610850251,-0.0008602238752406398,-0.0008602238752406398,-0.0008602238752406398
2024-01-23,-0.006691358612156921,-0.006691358612156921,-0.006691358612156921,-0.006691358612156921,-0.006691358612156921,-0.005930693828917211,-0.005930693828917211,0.0004845277834819054,0.0004845277834819054,-0.006691358612156921,-0.006691358612156921,-0.0022744746676151414,-0.0022744746676151414,-0.006691358612156921,-0.006691358612156921,-0.006691358612156921
2024-01-24,0.00674575082631594,0.00674575082631594,0.00674575082631594,0.00674575082631594,0.00674575082631594,0.0028161648380303434,0.0028161648380303434,0.0027379485594117734,0.0027379485594117734,0.00674575082631594,0.00674575082631594,0.004449784879725393,0.004449784879725393,0.00674575082631594,0.00674575082631594,0.00674575082631594
2024-01-25,0.0010035354547802563,0.0010035354547802563,0.0010035354547802563,0.0010035354547802563,0.0010035354547802563,0.0007657003012946091,0.0007657003012946091,0.004965092978182275,0.004965092978182275,0.0010035354547802563,0.0010035354547802563,0.006901997536011246,0.006901997536011246,0.0010035354547802563,0.0010035354547802563,0.0010035354547802563
2024-01-26,0.0023043596064715333,0.0023043596064715333,0.0023043596064715333,0.0023043596064715333,0.0023043596064715333,0.0046402616731230535,0.0046402616731230535,-0.003825578873210905,-0.003825578873210905,0.0023043596064715333,0.0023043596064715333,-0.005187110392660164,-0.005187110392660164,0.0023043596064715333,0.0023043596064715333,0.0023043596064715333
2024-01-29,0.0008977509005621981,0.0008977509005621981,0.0008977509005621981,0.0008977509005621981,0.0008977509005621981,0.0020247194099920606,0.0020247194099920606,0.000138370584231502,0.000138370584231502,0.0008977509005621981,0.0008977509005621981,-0.002742335006041998,-0.002742335006041998,0.0008977509005621981,0.0008977509005621981,0.0008977509005621981
2024-01-30,-0.011949963600487267,-0.011949963600487267,-0.011949963600487267,-0.011949963600487267,-0.011949963600487267,-0.010666352946699017,-0.010666352946699017,-0.004355727191827366,-0.004355727191827366,-0.011949963600487267,-0.011949963600487267,-0.00512998575269844,-0.00512998575269844,-0.011949963600487267,-0.011949963600487267,-0.011949963600487267
2024-01-31,0.0007184346169292061,0.0007184346169292061,0.0007184346169292061,0.0007184346169292061,0.0007184346169292061,-0.0007637649041188903,-0.0007637649041188903,-0.0007812049311283727,-0.0007812049311283727,0.0007184346169292061,0.0007184346169292061,-0.0002957249762391902,-0.0002957249762391902,0.0007184346169292061,0.0007184346169292061,0.0007184346169292061
2024-02-01,0.0017280478982886688,0.0017280478982886688,0.0017280478982886688,0.0017280478982886688,0.0017280478982886688,0.0005385409697475311,0.0005385409697475311,0.002460801514397848,0.002460801514397848,0.0017280478982886688,0.0017280478982886688,0.0040972864946683596,0.0040972864946683596,0.0019626601478312236,0.0019626601478312236,0.0019626601478312236
2024-02-02,0.0012363602785168994,0.0012363602785168994,0.0012363602785168994,0.0012363602785168994,0.0012363602785168994,-1.999579756094532e-05,-1.999579756094532e-05,-0.01569994650774485,-0.01569994650774485,0.0012363602785168994,0.0012363602785168994,-0.01229183316135647,-0.01229183316135647,0.0012363602785168994,0.0012363602785168994,0.0012363602785168994
2024-02-05,-0.009230250345634159,-0.009230250345634159,-0.009230250345634159,-0.009230250345634159,-0.009230250345634159,-8.897692618342092e-05,-8.897692618342092e-05,0.006358093656004,0.006358093656004,-0.009230250345634159,-0.009230250345634159,-0.0005270235279841683,-0.0005270235279841683,-0.009230250345634159,-0.009230250345634159,-0.009230250345634159
2024-02-06,0.0011725896230638444,0.0011725896230638444,0.0011725896230638444,0.0011725896230638444,0.0011725896230638444,0.00774388981777404,0.00774388981777404,-0.0008995993513846645,-0.0008995993513846645,0.0011725896230638444,0.0011725896230638444,-0.0006989357591804923,-0.0006989357591804923,0.0011725896230638444,0.0011725896230638444,0.0011725896230638444
2024-02-07,0.0015538525271077304,0.0015538525271077304,0.0015538525271077304,0.0015538525271077304,0.0015538525271077304,-0.001270943169804372,-0.001270943169804372,-0.0065425137366868225,-0.0065425137366868225,0.0015538525271077304,0.0015538525271077304,-0.006338425127211317,-0.006338425127211317,0.0015538525271077304,0.0015538525271077304,0.0015538525271077304
2024-02-08,0.0005553976761057157,0.0005553976761057157,0.0005553976761057157,0.0005553976761057157,0.0005553976761057157,-0.0005914836543842164,-0.0005914836543842164,0.002147930369580911,0.002147930369580911,0.0005553976761057157,0.0005553976761057157,0.0015312965320221537,0.0015312965320221537,0.0005553976761057157,0.0005553976761057157,0.0005553976761057157
2024-02-09,0.00021250967163337906,0.00021250967163337906,0.00021250967163337906,0.00021250967163337906,0.00021250967163337906,-0.004460112548831083,-0.004460112548831083,-0.006751163710445838,-0.006751163710445838,0.00021250967163337906,0.00021250967163337906,-0.006718787838293436,-0.006718787838293436,0.00021250967163337906,0.00021250967163337906,0.00021250967163337906
2024-02-12,0.00307363249065192,0.00307363249065192,0.00307363249065192,0.00307363249065192,0.00307363249065192,0.004198610230954709,0.004198610230954709,-0.0015195198626170763,-0.0015195198626170763,0.00307363249065192,0.00307363249065192,0.0003186028592342316,0.0003186028592342316,0.00307363249065192,0.00307363249065192,0.00307363249065192
2024-02-13,0.0007006947094201449,0.0007006947094201449,0.0007006947094201449,0.0007006947094201449,0.0007006947094201449,-0.001434090424298545,-0.001434090424298545,0.0015263998227484522,0.0015263998227484522,0.0007006947094201449,0.0007006947094201449,0.0024764834228925585,0.0024764834228925585,0.0007006947094201449,0.0007006947094201449,0.0007006947094201449
2024-02-14,0.003736314715864027,0.003736314715864027,0.003736314715864027,0.003736314715864027,0.003736314715864027,0.00769964341478838,0.00769964341478838,0.00484543273728604,0.00484543273728604,0.003736314715864027,0.003736314715864027,0.002366784300268749,0.002366784300268749,0.003736314715864027,0.003736314715864027,0.003736314715864027
2024-02-15,-0.005746543702853378,-0.005746543702853378,-0.007388894331792339,-0.005746543702853378,-0.005746543702853378,-0.002843923881464116,-0.002843923881464116,-0.0016700415017726795,-0.0016700415017726795,-0.005746543702853378,-0.005746543702853378,-0.0026807896749196963,-0.0026807896749196963,-0.005746543702853378,-0.005746543702853378,-0.005746543702853378
2024-02-16,0.0016784489201962752,0.0016784489201962752,0.0002553771671551727,0.0016784489201962752,0.0016784489201962752,0.0005137953026970812,0.0005137953026970812,-0.001270137965418831,-0.001270137965418831,0.0016784489201962752,0.0016784489201962752,0.0003242246951036432,0.0003242246951036432,0.0016784489201962752,0.0016784489201962752,0.0004196122300490688
2024-02-19,0.005656972658780546,0.005656972658780546,0.0016742810512097811,0.005656972658780546,0.005656972658780546,0.0007976452856449459,0.0007976452856449459,0.0007091197618772241,0.0007091197618772241,0.005656972658780546,0.005656972658780546,0.0027288036190279735,0.0027288036190279735,0.005656972658780546,0.005656972658780546,0.0018385161141036774
2024-02-20,-2.9566492771124653e-06,-2.9566492771124653e-06,-0.000165417722604741,-2.9566492771124653e-06,-2.9566492771124653e-06,-0.0004922455338796113,-0.0004922455338796113,-0.0007259798965618063,-0.0007259798965618063,-2.9566492771124653e-06,-2.9566492771124653e-06,0.0004875995642005269,0.0004875995642005269,-2.9566492771124653e-06,-2.9566492771124653e-06,-1.182659710844997e-06
2024-02-21,0.006625166822148953,0.006625166822148953,0.0029827191776268564,0.006625166822148953,0.006625166822148953,0.0006908303070816959,0.0006908303070816959,-0.0038898071488133665,-0.0038898071488133665,0.006625166822148953,0.006625166822148953,-0.0008520896978532031,-0.0008520896978532031,0.006625166822148953,0.006625166822148953,0.0031469542405207526
2024-02-22,-0.0069652815322232345,-0.0069652815322232345,-0.003995139905616675,-0.0069652815322232345,-0.0069652815322232345,-0.006248222954831191,-0.006248222954831191,-0.0038192400144865003,-0.0038192400144865003,-0.0069652815322232345,-0.0069652815322232345,-0.0034464397293381705,-0.0034464397293381705,-0.0069652815322232345,-0.0069652815322232345,-0.003830904842722779
2024-02-23,-0.004754399749294624,-0.004754399749294624,-0.003135734906203036,-0.004754399749294624,-0.004754399749294624,-0.0032704203143206515,-0.0032704203143206515,-0.004959714452099566,-0.004959714452099566,-0.004754399749294624,-0.004754399749294624,-0.007270040565668777,-0.007270040565668777,-0.004754399749294624,-0.004754399749294624,-0.0029714998433091402
2024-02-26,-0.002654973149432223,-0.002654973149432223,-0.002022716267496452,-0.002654973149432223,-0.002654973149432223,-0.00365024865815841,-0.00365024865815841,-0.002035896641837179,-0.002035896641837179,-0.002654973149432223,-0.002654973149432223,-0.0031875483169973443,-0.0031875483169973443,-0.002654973149432223,-0.002654973149432223,-0.0018584812046025558
2024-02-27,0.004369708041962055,0.004369708041962055,0.003222288669626697,0.004369708041962055,0.004369708041962055,0.004817386825408375,0.004817386825408375,0.002550802629268048,0.002550802629268048,0.004369708041962055,0.004369708041962055,0.0035454437533560153,0.0035454437533560153,0.004369708041962055,0.004369708041962055,0.003386523732520593
2024-02-28,0.009522683102778911,0.009522683102778911,0.007930045574468178,0.009522683102778911,0.009522683102778911,0.004163922237362296,0.004163922237362296,0.004268873593843702,0.004268873593843702,0.009522683102778911,0.009522683102778911,0.0038569349167267945,0.0038569349167267945,0.009522683102778911,0.009522683102778911,0.008094280637362073
2024-02-29,-0.00940487448981213,-0.00940487448981213,-0.008863743965970117,-0.00940487448981213,-0.00940487448981213,-0.0023368022784551862,-0.0023368022784551862,-0.000895602863806248,-0.000895602863806248,-0.00940487448981213,-0.00940487448981213,-0.0035152153660611787,-0.0035152153660611787,-0.00940487448981213,-0.00940487448981213,-0.008699508903076221
2024-03-01,0.0058156003590186175,0.0058156003590186175,0.0058156003590186175,0.0058156003590186175,0.0058156003590186175,0.005465813664259531,0.005465813664259531,-0.003447787500997547,-0.003447787500997547,0.0058156003590186175,0.0058156003590186175,-0.0006266389803969063,-0.0006266389803969063,0.006014655579543866,0.006014655579543866,0.006014655579543866
2024-03-04,-0.0003833298213897101,-0.0003833298213897101,-0.0003833298213897101,-0.0003833298213897101,-0.0003833298213897101,-0.0013931010355186235,-0.0013931010355186235,-0.008356992450507849,-0.008356992450507849,-0.0003833298213897101,-0.0003833298213897101,-0.006726454079012109,-0.006726454079012109,-0.0003833298213897101,-0.0003833298213897101,-0.0003833298213897101
2024-03-05,0.0030139455554876807,0.0030139455554876807,0.0030139455554876807,0.0030139455554876807,0.0030139455554876807,0.005311233953856532,0.005311233953856532,-0.0022964435913355305,-0.0022964435913355305,0.0030139455554876807,0.0030139455554876807,-0.0007578207822016266,-0.0007578207822016266,0.0030139455554876807,0.0030139455554876807,0.0030139455554876807
2024-03-06,0.0015727698800142805,0.0015727698800142805,0.0015727698800142805,0.0015727698800142805,0.0015727698800142805,-0.0007421578985312093,-0.0007421578985312093,-0.005137712708896578,-0.005137712708896578,0.0015727698800142805,0.0015727698800142805,-0.0012456892541715405,-0.0012456892541715405,0.0015727698800142805,0.0015727698800142805,0.0015727698800142805
2024-03-07,-0.0045788235196591795,-0.0045788235196591795,-0.0045788235196591795,-0.0045788235196591795,-0.0045788235196591795,-0.003645655732987512,-0.003645655732987512,-0.011940790459498396,-0.011940790459498396,-0.0045788235196591795,-0.0045788235196591795,-0.013500055075997285,-0.013500055075997285,-0.0045788235196591795,-0.0045788235196591795,-0.0045788235196591795
2024-03-08,-0.013398631489247657,-0.013398631489247657,-0.013398631489247657,-0.013398631489247657,-0.013398631489247657,-0.009793096909072995,-0.009793096909072995,-0.015443156258058352,-0.015443156258058352,-0.013398631489247657,-0.013398631489247657,-0.014805340853530264,-0.014805340853530264,-0.013398631489247657,-0.013398631489247657,-0.013398631489247657
2024-03-11,-0.013344064762369491,-0.013344064762369491,-0.013344064762369491,-0.013344064762369491,-0.013344064762369491,-0.009445625106189334,-0.009445625106189334,-0.013622920189638305,-0.013622920189638305,-0.013344064762369491,-0.013344064762369491,-0.018949462146536908,-0.018949462146536908,-0.013344064762369491,-0.013344064762369491,-0.013344064762369491
2024-03-12,0.0036942405925060656,0.0036942405925060656,0.0036942405925060656,0.0036942405925060656,0.0036942405925060656,0.0028800990123464187,0.0028800990123464187,0.0025758585033738195,0.0025758585033738195,0.0036942405925060656,0.0036942405925060656,0.001339443204409805,0.001339443204409805,0.0036942405925060656,0.0036942405925060656,0.0036942405925060656
2024-03-13,0.003481724097014702,0.003481724097014702,0.003481724097014702,0.003481724097014702,0.003481724097014702,0.0034987101195185473,0.0034987101195185473,0.00588728650479476,0.00588728650479476,0.003481724097014702,0.003481724097014702,0.008122691077848757,0.008122691077848757,0.003481724097014702,0.003481724097014702,0.003481724097014702
2024-03-14,0.008151378169527042,0.008151378169527042,0.008151378169527042,0.008151378169527042,0.008151378169527042,0.011597818269394305,0.011597818269394305,0.009551950159600194,0.009551950159600194,0.008151378169527042,0.008151378169527042,0.01301303505565173,0.01301303505565173,0.008151378169527042,0.008151378169527042,0.008151378169527042
2024-03-15,0.0016443759307355355,0.0016443759307355355,0.0016443759307355355,0.0016443759307355355,0.0016443759307355355,0.003898144160017712,0.003898144160017712,0.004879449932941043,0.004879449932941043,0.0016443759307355355,0.0016443759307355355,0.005029544018719677,0.005029544018719677,0.0016443759307355355,0.0016443759307355355,0.0016443759307355355
2024-03-18,0.005452576546533466,0.005452576546533466,0.005452576546533466,0.005452576546533466,0.005452576546533466,0.004867240454795014,0.004867240454795014,0.008058951396628631,0.008058951396628631,0.005452576546533466,0.005452576546533466,0.008681332210797036,0.008681332210797036,0.005452576546533466,0.005452576546533466,0.005452576546533466
2024-03-19,-0.007576276656432633,-0.007576276656432633,-0.007576276656432633,-0.007576276656432633,-0.007576276656432633,-0.007956819856596794,-0.007956819856596794,0.003320681209855644,0.003320681209855644,-0.007576276656432633,-0.007576276656432633,-0.0003128554089441033,-0.0003128554089441033,-0.007576276656432633,-0.007576276656432633,-0.007576276656432633
2024-03-20,0.008570831863576508,0.008570831863576508,0.008570831863576508,0.008570831863576508,0.008570831863576508,0.009524655194376553,0.009524655194376553,0.002824952262708866,0.002824952262708866,0.008570831863576508,0.008570831863576508,0.004291135897668038,0.004291135897668038,0.008570831863576508,0.008570831863576508,0.008570831863576508
2024-03-21,0.0008876130412181944,0.0008876130412181944,0.0008876130412181944,0.0008876130412181944,0.0008876130412181944,-0.0037978815340955884,-0.0037978815340955884,0.009883121053938841,0.009883121053938841,0.0008876130412181944,0.0008876130412181944,0.00931368149924304,0.00931368149924304,0.0008876130412181944,0.0008876130412181944,0.0008876130412181944
2024-03-22,0.006634684156211778,0.006634684156211778,0.006634684156211778,0.006634684156211778,0.006634684156211778,0.012439995806323058,0.012439995806323058,0.019918230943274978,0.019918230943274978,0.006634684156211778,0.006634684156211778,0.013652129513979592,0.013652129513979592,0.006634684156211778,0.006634684156211778,0.006634684156211778
2024-03-25,0.000865991320362554,0.000865991320362554,0.000865991320362554,0.000865991320362554,0.000865991320362554,-0.0009441913906358072,-0.0009441913906358072,-0.008493535345842145,-0.008493535345842145,0.000865991320362554,0.000865991320362554,-0.006051746906091283,-0.006051746906091283,0.000865991320362554,0.000865991320362554,0.000865991320362554
2024-03-26,0.002374564562584405,0.002374564562584405,0.002374564562584405,0.002374564562584405,0.002374564562584405,0.0029124901353195687,0.0029124901353195687,0.002160349704357016,0.002160349704357016,0.002374564562584405,0.002374564562584405,0.004383092511750396,0.004383092511750396,0.002374564562584405,0.002374564562584405,0.002374564562584405
2024-03-27,0.007112632544674072,0.007112632544674072,0.007112632544674072,0.007112632544674072,0.007112632544674072,0.014059438015072347,0.014059438015072347,0.011670177124261473,0.011670177124261473,0.007112632544674072,0.007112632544674072,0.011899242948866264,0.011899242948866264,0.007112632544674072,0.007112632544674072,0.007112632544674072
2024-03-28,-0.003160834750760439,-0.003160834750760439,-0.003160834750760439,-0.003160834750760439,-0.003160834750760439,-0.0014422609607526368,-0.0014422609607526368,-0.003637536806883125,-0.003637536806883125,-0.003160834750760439,-0.003160834750760439,-0.004225751487190638,-0.004225751487190638,-0.003160834750760439,-0.003160834750760439,-0.003160834750760439
2024-03-29,0.0,0.0,0.0,0.0,0.0,0.0,0.0,0.0,0.0,0.0,0.0,0.0,0.0,0.0,0.0,0.0
2024-04-01,-5.954551819326692e-05,-5.954551819326692e-05,-5.954551819326692e-05,-0.0011646552704586315,-0.0011646552704586315,-0.00019986376125348426,-0.00019986376125348426,-0.0008634664554210468,-0.0008634664554210468,-5.954551819326692e-05,-5.954551819326692e-05,-0.0009479806815329559,-0.0009479806815329559,0.0,0.0,0.0
2024-04-02,-0.0060283242716720085,-0.0060283242716720085,-0.0060283242716720085,-0.0030141621358360043,-0.0030141621358360043,-0.003575240965497944,-0.003575240965497944,0.004182538170956514,0.004182538170956514,-0.0060283242716720085,-0.0060283242716720085,0.000689178870138361,0.000689178870138361,-0.0060283242716720085,-0.0060283242716720085,-0.0060283242716720085
2024-04-03,-0.010022929854166312,-0.010022929854166312,-0.010022929854166312,-0.005011464927083156,-0.005011464927083156,-0.006123723334184127,-0.006123723334184127,0.010710512951875726,0.010710512951875726,-0.010022929854166312,-0.010022929854166312,0.008775976120637845,0.008775976120637845,-0.010022929854166312,-0.010022929854166312,-0.010022929854166312
2024-04-04,0.004192250692034428,0.004192250692034428,0.004192250692034428,0.002096125346017214,0.002096125346017214,-0.0009897080522548345,-0.0009897080522548345,0.0024078385461654725,0.0024078385461654725,0.004192250692034428,0.004192250692034428,0.003982876753839559,0.003982876753839559,0.004192250692034428,0.004192250692034428,0.004192250692034428
2024-04-05,0.004377451932881611,0.004377451932881611,0.004377451932881611,0.0021887259664408053,0.0021887259664408053,0.003286421905693375,0.003286421905693375,0.0011220128607959145,0.0011220128607959145,0.004377451932881611,0.004377451932881611,0.0018756907487872745,0.0018756907487872745,0.004377451932881611,0.004377451932881611,0.004377451932881611
2024-04-08,7.560352693332037e-05,7.560352693332037e-05,-0.0017606976560445274,3.7801763466660185e-05,3.7801763466660185e-05,0.0039496897327139825,0.0039496897327139825,-0.004890558268547304,-0.004890558268547304,7.560352693332037e-05,7.560352693332037e-05,-0.004430064376763701,-0.004430064376763701,7.560352693332037e-05,7.560352693332037e-05,7.560352693332037e-05
2024-04-09,0.009647950400945696,0.009647950400945696,0.002228357481938639,0.004823975200472848,0.004823975200472848,0.005926168440525515,0.005926168440525515,0.0019984620672154818,0.0019984620672154818,0.009647950400945696,0.009647950400945696,0.004360162387907026,0.004360162387907026,0.009647950400945696,0.009647950400945696,0.002411987600236424
2024-04-10,0.0009085393805209258,0.0009085393805209258,0.00011164518037151601,0.0004542696902604629,0.0004542696902604629,0.00015871097957668068,0.00015871097957668068,-0.0013830284913265599,-0.0013830284913265599,0.0009085393805209258,0.0009085393805209258,-0.000960090151548944,-0.000960090151548944,0.0009085393805209258,0.0009085393805209258,0.0002952752986693009
2024-04-11,-0.0010739191146595974,-0.0010739191146595974,-0.0006131977641616224,-0.0005369595573297987,-0.0005369595573297987,0.0033864073947770072,0.0033864073947770072,0.012380713273986915,0.012380713273986915,-0.0010739191146595974,-0.0010739191146595974,0.008628133561971656,0.008628133561971656,-0.0010739191146595974,-0.0010739191146595974,-0.00042956764586383773
2024-04-12,0.0013485415000418412,0.0013485415000418412,0.0004569270942220896,0.0006742707500209206,0.0006742707500209206,0.003381199287399942,0.003381199287399942,0.006132061137886145,0.006132061137886145,0.0013485415000418412,0.0013485415000418412,0.003752438315040122,0.003752438315040122,0.0013485415000418412,0.0013485415000418412,0.0006405572125198745
2024-04-15,0.0012061744755217853,0.0012061744755217853,0.0004797658432391972,0.0006030872377608927,0.0006030872377608927,0.0036427409073809596,0.0036427409073809596,-0.0018437351044474793,-0.0018437351044474793,0.0012061744755217853,0.0012061744755217853,-0.002781080384258976,-0.002781080384258976,0.0012061744755217853,0.0012061744755217853,0.0006633959615369819
2024-04-16,-0.01656751463271823,-0.01656751463271823,-0.011272847236937819,-0.008283757316359115,-0.008283757316359115,-0.012172867398591563,-0.012172867398591563,0.006352605263691997,0.006352605263691997,-0.01656751463271823,-0.01656751463271823,0.0035649972415186058,0.0035649972415186058,-0.01656751463271823,-0.01656751463271823,-0.010354696645448896
2024-04-17,-0.017251597782732823,-0.017251597782732823,-0.004312899445683206,-0.008625798891366412,-0.008625798891366412,-0.01602696900548196,-0.01602696900548196,-0.0020226081213567306,-0.0020226081213567306,-0.017251597782732823,-0.017251597782732823,-0.0028667215056466903,-0.0028667215056466903,-0.017251597782732823,-0.017251597782732823,-0.004312899445683206
2024-04-18,-0.0018323572257684159,-0.0018323572257684159,-0.0006417194247398887,-0.0009161786128842079,-0.0009161786128842079,-0.005753913953576361,-0.005753913953576361,-0.007383293350990915,-0.007383293350990915,-0.0018323572257684159,-0.0018323572257684159,-0.007482310689806821,-0.007482310689806821,-0.0018323572257684159,-0.0018323572257684159,-0.00045808930644210396
2024-04-19,-0.0024188375395189816,-0.0024188375395189816,-0.0009697523186414541,-0.0012094187697594908,-0.0012094187697594908,-0.01639610942443319,-0.01639610942443319,0.0012648975424333587,0.0012648975424333587,-0.0024188375395189816,-0.0024188375395189816,0.00014454847794749537,0.00014454847794749537,-0.0024188375395189816,-0.0024188375395189816,-0.0007861222003436692
2024-04-22,0.015356056627373485,0.015356056627373485,0.0059587925326516095,0.007678028313686742,0.007678028313686742,0.01829469143882249,0.01829469143882249,0.009944796692797403,0.009944796692797403,0.015356056627373485,0.015356056627373485,0.011508606505318882,0.011508606505318882,0.015356056627373485,0.015356056627373485,0.006142422650949394
2024-04-23,0.007350969156403218,0.007350969156403218,0.0033080802309937434,0.003675484578201609,0.003675484578201609,0.0012979538433040031,0.0012979538433040031,0.00020652540041270716,0.00020652540041270716,0.007350969156403218,0.007350969156403218,0.002044294202018384,0.002044294202018384,0.007350969156403218,0.007350969156403218,0.0034917103492915283
2024-04-24,0.007962983322636742,0.007962983322636742,0.004196010709152424,0.003981491661318371,0.003981491661318371,0.012901804661333074,0.012901804661333074,0.005260556474795381,0.005260556474795381,0.007962983322636742,0.007962983322636742,0.00610499070616979,0.00610499070616979,0.007962983322636742,0.007962983322636742,0.004379640827450209
2024-04-25,-0.0011873678722218923,-0.0011873678722218923,-0.0009257350384364673,-0.0005936839361109462,-0.0005936839361109462,-0.008365496543957232,-0.008365496543957232,0.002271563162143979,0.002271563162143979,-0.0011873678722218923,-0.0011873678722218923,0.002433041059412919,0.002433041059412919,-0.0011873678722218923,-0.0011873678722218923,-0.0007421049201386826
2024-04-26,-0.0019566611176078923,-0.0019566611176078923,-0.0015532929006233096,-0.0009783305588039462,-0.0009783305588039462,-0.00848617693720234,-0.00848617693720234,0.005210701916883648,0.005210701916883648,-0.0019566611176078923,-0.0019566611176078923,0.004542615481281372,0.004542615481281372,-0.0019566611176078923,-0.0019566611176078923,-0.0013696627823255245
2024-04-29,0.012799554145493558,0.012799554145493558,0.009736024344459724,0.006399777072746779,0.006399777072746779,0.01417952648915983,0.01417952648915983,0.012296435309370872,0.012296435309370872,0.012799554145493558,0.012799554145493558,0.013450914885046792,0.013450914885046792,0.012799554145493558,0.012799554145493558,0.009919654462757508
2024-04-30,-0.0016695839674961133,-0.0016695839674961133,-0.0016027764906694818,-0.0008347919837480566,-0.0008347919837480566,0.0036491718254955726,0.0036491718254955726,0.002436194942996757,0.002436194942996757,-0.0016695839674961133,-0.0016695839674961133,0.0018512764038569576,0.0018512764038569576,-0.0016695839674961133,-0.0016695839674961133,-0.0014191463723716969
2024-05-01,-0.0003311158393853715,-0.0003311158393853715,-0.00014748572108758663,-0.000893084949266527,-0.000893084949266527,-0.0006060658712140221,-0.0006060658712140221,-0.00026735970673241564,-0.00026735970673241564,-0.0003311158393853715,-0.0003311158393853715,-0.00025046732686535714,-0.00025046732686535714,0.0,0.0,0.0
2024-05-02,-0.0081916953711402,-0.0081916953711402,-0.0081916953711402,-0.0081916953711402,-0.0081916953711402,-0.00122456828200077,-0.00122456828200077,-0.00331647040157359,-0.00331647040157359,-0.0081916953711402,-0.0081916953711402,-0.0039099982892998745,-0.0039099982892998745,-0.0081916953711402,-0.0081916953711402,-0.0081916953711402
2024-05-03,-0.004928913068110973,-0.004928913068110973,-0.004928913068110973,-0.004928913068110973,-0.004928913068110973,-0.0056560032432307,-0.0056560032432307,-0.007808442588155318,-0.007808442588155318,-0.004928913068110973,-0.004928913068110973,-0.007580103425702251,-0.007580103425702251,-0.004928913068110973,-0.004928913068110973,-0.004928913068110973
2024-05-06,0.0046466019652633625,0.0046466019652633625,0.0046466019652633625,0.0046466019652633625,0.0046466019652633625,0.0004727553595338897,0.0004727553595338897,0.003181853893512064,0.003181853893512064,0.0046466019652633625,0.0046466019652633625,0.0035111270463230215,0.0035111270463230215,0.0046466019652633625,0.0046466019652633625,0.0046466019652633625
2024-05-07,0.0031403368988283486,0.0031403368988283486,0.0031403368988283486,0.0031403368988283486,0.0031403368988283486,0.003624096973761119,0.003624096973761119,0.004808922315685445,0.004808922315685445,0.0031403368988283486,0.0031403368988283486,0.004710301351563272,0.004710301351563272,0.0031403368988283486,0.0031403368988283486,0.0031403368988283486
2024-05-08,0.00219884024748553,0.00219884024748553,0.00219884024748553,0.00219884024748553,0.00219884024748553,-0.0003858976811082046,-0.0003858976811082046,0.004223701707670661,0.004223701707670661,0.00219884024748553,0.00219884024748553,0.003511981012522189,0.003511981012522189,0.00219884024748553,0.00219884024748553,0.00219884024748553
2024-05-09,-0.005775593830703694,-0.005775593830703694,-0.005775593830703694,-0.005775593830703694,-0.005775593830703694,-0.004113258023011111,-0.004113258023011111,0.0001847937271125459,0.0001847937271125459,-0.005775593830703694,-0.005775593830703694,-0.0013308933094327395,-0.0013308933094327395,-0.005775593830703694,-0.005775593830703694,-0.005775593830703694
2024-05-10,-0.0015931151416146172,-0.0015931151416146172,-0.0015931151416146172,-0.0015931151416146172,-0.0015931151416146172,0.0031279557526212674,0.0031279557526212674,-0.0006719144432111928,-0.0006719144432111928,-0.0015931151416146172,-0.0015931151416146172,-0.00019819788765161475,-0.00019819788765161475,-0.0015931151416146172,-0.0015931151416146172,-0.0015931151416146172
2024-05-13,-0.0002605926178839026,-0.0002605926178839026,-0.0002605926178839026,-0.0002605926178839026,-0.0002605926178839026,-0.0011743204228356543,-0.0011743204228356543,0.004663525097288735,0.004663525097288735,-0.0002605926178839026,-0.0002605926178839026,0.004664386787530433,0.004664386787530433,-0.0002605926178839026,-0.0002605926178839026,-0.0002605926178839026
2024-05-14,0.0019929000468598647,0.0019929000468598647,0.0019929000468598647,0.0019929000468598647,0.0019929000468598647,-0.002889916747739891,-0.002889916747739891,0.0021641205422290376,0.0021641205422290376,0.0019929000468598647,0.0019929000468598647,0.0026455807105476552,0.0026455807105476552,0.0019929000468598647,0.0019929000468598647,0.0019929000468598647
2024-05-15,-0.010770648346037581,-0.010770648346037581,-0.010770648346037581,-0.010770648346037581,-0.010770648346037581,-0.01015786269429971,-0.01015786269429971,-0.01194889762909305,-0.01194889762909305,-0.010770648346037581,-0.010770648346037581,-0.012617661037138909,-0.012617661037138909,-0.010770648346037581,-0.010770648346037581,-0.010770648346037581
2024-05-16,-0.0036067999350136784,-0.0036067999350136784,-0.0036067999350136784,-0.0036067999350136784,-0.0036067999350136784,0.0002112311854027835,0.0002112311854027835,-0.004411352492456345,-0.004411352492456345,-0.0036067999350136784,-0.0036067999350136784,-0.004680586112777686,-0.004680586112777686,-0.0036067999350136784,-0.0036067999350136784,-0.0036067999350136784
2024-05-17,0.007429148390085581,0.007429148390085581,0.007429148390085581,0.007429148390085581,0.007429148390085581,0.007236796544544228,0.007236796544544228,0.005585452734530043,0.005585452734530043,0.007429148390085581,0.007429148390085581,0.005178786804416479,0.005178786804416479,0.007429148390085581,0.007429148390085581,0.007429148390085581
2024-05-20,0.005501982095998434,0.005501982095998434,0.005501982095998434,0.005501982095998434,0.005501982095998434,0.0036481264974333886,0.0036481264974333886,0.008512042352656433,0.008512042352656433,0.005501982095998434,0.005501982095998434,0.00922753188449323,0.00922753188449323,0.005501982095998434,0.005501982095998434,0.005501982095998434
2024-05-21,0.0068246179855622775,0.0068246179855622775,0.0068246179855622775,0.0068246179855622775,0.0068246179855622775,0.005729666002272043,0.005729666002272043,0.007576510519199017,0.007576510519199017,0.0068246179855622775,0.0068246179855622775,0.008138437211703986,0.008138437211703986,0.0068246179855622775,0.0068246179855622775,0.0068246179855622775
2024-05-22,-0.004665535898394294,-0.004665535898394294,-0.004665535898394294,-0.004665535898394294,-0.004665535898394294,-0.0026879200050394605,-0.0026879200050394605,0.0007598310759604227,0.0007598310759604227,-0.004665535898394294,-0.004665535898394294,-0.0016209497830588664,-0.0016209497830588664,-0.004665535898394294,-0.004665535898394294,-0.004665535898394294
2024-05-23,-0.004614453819053067,-0.004614453819053067,-0.004614453819053067,-0.004614453819053067,-0.004614453819053067,-0.0036648794514103343,-0.0036648794514103343,-0.0026004540567318947,-0.0026004540567318947,-0.004614453819053067,-0.004614453819053067,-0.002209835840239864,-0.002209835840239864,-0.004614453819053067,-0.004614453819053067,-0.004614453819053067
2024-05-24,0.0034627623131686844,0.0034627623131686844,0.0034627623131686844,0.0034627623131686844,0.0034627623131686844,0.00015541992207785023,0.00015541992207785023,0.0052130943866600405,0.0052130943866600405,0.0034627623131686844,0.0034627623131686844,0.005649129797401767,0.005649129797401767,0.0034627623131686844,0.0034627623131686844,0.0034627623131686844
2024-05-27,-0.0073919786352772375,-0.0073919786352772375,-0.0073919786352772375,-0.0073919786352772375,-0.0073919786352772375,-0.004138648687935657,-0.004138648687935657,0.002363673215969495,0.002363673215969495,-0.0073919786352772375,-0.0073919786352772375,0.0013489821491516453,0.0013489821491516453,-0.0073919786352772375,-0.0073919786352772375,-0.0073919786352772375
2024-05-28,-0.0018037192865322368,-0.0018037192865322368,-0.0018037192865322368,-0.0018037192865322368,-0.0018037192865322368,-0.002424908760999979,-0.002424908760999979,0.002540979103583219,0.002540979103583219,-0.0018037192865322368,-0.0018037192865322368,0.003509472271567096,0.003509472271567096,-0.0018037192865322368,-0.0018037192865322368,-0.0018037192865322368
2024-05-29,0.0050572468210939425,0.0050572468210939425,0.0050572468210939425,0.0050572468210939425,0.0050572468210939425,0.00029723735493821304,0.00029723735493821304,0.006160142550241264,0.006160142550241264,0.0050572468210939425,0.0050572468210939425,0.004613052196053624,0.004613052196053624,0.0050572468210939425,0.0050572468210939425,0.0050572468210939425
2024-05-30,0.0007480935359579074,0.0007480935359579074,0.0007480935359579074,0.0007480935359579074,0.0007480935359579074,-0.0015006545119402694,-0.0015006545119402694,0.003996483086176234,0.003996483086176234,0.0007480935359579074,0.0007480935359579074,0.0023664318492798574,0.0023664318492798574,0.0007480935359579074,0.0007480935359579074,0.0007480935359579074
2024-05-31,0.00652479880334034,0.00652479880334034,0.00652479880334034,0.00652479880334034,0.00652479880334034,0.0006089963424111451,0.0006089963424111451,0.0064045096406247105,0.0064045096406247105,0.00652479880334034,0.00652479880334034,0.006739954001799109,0.006739954001799109,0.00652479880334034,0.00652479880334034,0.00652479880334034
2024-06-03,-0.015525278202311992,-0.01742866298199271,-0.015525278202311992,-0.01742866298199271,-0.01742866298199271,-0.024628017556377755,-0.02632786956205594,-0.008676713617914214,-0.012521014218308231,-0.015525278202311992,-0.01742866298199271,-0.011674918764257502,-0.01564807061069922,-0.015311377244074286,-0.015311377244074286,-0.015311377244074286
2024-06-04,-0.004411790199505716,0.0,-0.004411790199505716,0.0,0.0,-0.018138715236088725,0.0,-0.004293664274219853,0.0,-0.004411790199505716,0.0,-0.0034909579964449424,0.0,-0.004411790199505716,0.0,-0.004411790199505716
2024-06-05,-0.002567177861741053,0.0,-0.002567177861741053,0.0,0.0,0.01129171285411378,0.0,0.005781960152459804,0.0,-0.002567177861741053,0.0,0.006050384171339017,0.0,-0.002567177861741053,0.0,-0.002567177861741053
2024-06-06,-0.010887830077661665,0.0,-0.010887830077661665,0.0,0.0,-0.004860069336607004,0.0,-0.00013327985742806955,0.0,-0.010887830077661665,0.0,-0.0029878232037981295,0.0,-0.010887830077661665,0.0,-0.010887830077661665
2024-06-07,0.012543417294875967,0.0,0.012543417294875967,0.0,0.0,-0.007410971882945609,0.0,0.0025048370725648606,0.0,0.012543417294875967,0.0,0.005426858014211481,0.0,0.012543417294875967,0.0,0.012543417294875967
2024-06-10,-0.008875124123449938,0.0,-0.008875124123449938,0.0,0.0,-0.008729466772515975,0.0,-0.0009144420611777587,0.0,-0.008875124123449938,0.0,-0.006362115050078589,0.0,-0.008875124123449938,0.0,-0.008875124123449938
2024-06-11,-0.005111572920290177,0.0,-0.005111572920290177,0.0,0.0,0.0014764304264314593,0.0,0.004111813625674178,0.0,-0.005111572920290177,0.0,0.0018406803101185952,0.0,-0.005111572920290177,0.0,-0.005111572920290177
2024-06-12,-0.007048128551502398,0.0,-0.007048128551502398,0.0,0.0,-0.024660978311126656,0.0,-0.0029521590619316393,0.0,-0.007048128551502398,0.0,-0.0040325418528991816,0.0,-0.007048128551502398,0.0,-0.007048128551502398
2024-06-13,-0.005913599485893081,0.0,-0.005913599485893081,0.0,0.0,0.0014772542835547304,0.0,-0.0012801395475574562,0.0,-0.005913599485893081,0.0,-0.003468951969874659,0.0,-0.005913599485893081,0.0,-0.005913599485893081
2024-06-14,0.01810592110494868,0.0,0.01810592110494868,0.0,0.0,0.02669411010235251,0.0,0.01501636816702449,0.0,0.01810592110494868,0.0,0.017861649790959326,0.0,0.01810592110494868,0.0,0.01810592110494868
2024-06-17,-0.010309831275565395,0.0,-0.010309831275565395,0.0,0.0,-0.008991041229208404,0.0,-0.012501586031510473,0.0,-0.010309831275565395,0.0,-0.011650393660467315,0.0,-0.010309831275565395,0.0,-0.010309831275565395
2024-06-18,-0.005689495563443277,0.0,-0.005689495563443277,0.0,0.0,-0.00010917671390722554,0.0,0.005643517974170871,0.0,-0.005689495563443277,0.0,0.00289341751737336,0.0,-0.005689495563443277,0.0,-0.005689495563443277
2024-06-19,-0.003597330722198902,0.0,-0.003597330722198902,0.0,0.0,-0.010408515622638686,0.0,-0.0035438006838329162,0.0,-0.003597330722198902,0.0,-0.00531060571017331,0.0,-0.003597330722198902,0.0,-0.003597330722198902
2024-06-20,0.01445889302049055,0.0,0.01445889302049055,0.0,0.0,0.01168334573553649,0.0,0.0029234375920486493,0.0,0.01445889302049055,0.0,0.005454563027672173,0.0,0.01445889302049055,0.0,0.01445889302049055
2024-06-21,-0.006092433028443582,0.0,-0.006092433028443582,0.0,0.0,0.004090457298489784,0.0,-0.0024766287463982395,0.0,-0.006092433028443582,0.0,-0.003937916776738278,0.0,-0.006092433028443582,0.0,-0.006092433028443582
2024-06-24,0.0008206275364107356,0.0,0.0008206275364107356,0.0,0.0,0.001964583825843925,0.0,-0.003180359010725545,0.0,0.0008206275364107356,0.0,-0.0016234005043357326,0.0,0.0008206275364107356,0.0,0.0008206275364107356
2024-06-25,0.0067484574608205426,0.0,0.0067484574608205426,0.0,0.0,0.006166101680783376,0.0,0.00022101283535969226,0.0,0.0067484574608205426,0.0,-1.8751168585988496e-05,0.0,0.0067484574608205426,0.0,0.0067484574608205426
2024-06-26,-0.012171408648016318,0.0,-0.012171408648016318,0.0,0.0,-0.011997151810405596,0.0,0.0010399954185098198,0.0,-0.012171408648016318,0.0,-0.0019985300782839437,0.0,-0.012171408648016318,0.0,-0.012171408648016318
2024-06-27,-0.01107104606767002,0.0,-0.01107104606767002,0.0,0.0,-0.011538201389960166,0.0,-0.004426002239143708,0.0,-0.01107104606767002,0.0,-0.0068182350636817705,0.0,-0.01107104606767002,0.0,-0.01107104606767002
2024-06-28,-0.006407050129474599,0.0,-0.006407050129474599,0.0,0.0,-0.0015461146656441252,0.0,-0.002471417150359902,0.0,-0.006407050129474599,0.0,-0.0019936827071022098,0.0,-0.006407050129474599,0.0,-0.006407050129474599
2024-07-01,-0.01344135020124309,-0.0018287661475547335,-0.01344135020124309,0.0,-0.0018287661475547335,-0.016256404068239343,-0.001927117494789981,0.0011531958494414053,-0.0032826401692905706,-0.01344135020124309,-0.0018287661475547335,-0.00287669635607277,-0.002943380411421741,-0.012938929652641692,0.0,-0.012938929652641692
2024-07-02,-0.0050192423979051265,-0.0050192423979051265,-0.0050192423979051265,0.0,-0.0050192423979051265,4.745873566043058e-05,4.745873566043058e-05,0.007177465315264742,0.007177465315264742,-0.0050192423979051265,-0.0050192423979051265,0.00481729314804861,0.00481729314804861,-0.0050192423979051265,-0.0050192423979051265,-0.0050192423979051265
2024-07-03,-0.0004900762947364411,-0.0004900762947364411,-0.0004900762947364411,0.0,-0.0004900762947364411,-0.002286792483944437,-0.002286792483944437,0.0007603886446513959,0.0007603886446513959,-0.0004900762947364411,-0.0004900762947364411,-0.0005679556671605818,-0.0005679556671605818,-0.0004900762947364411,-0.0004900762947364411,-0.0004900762947364411
2024-07-04,0.020026681206385656,0.020026681206385656,0.020026681206385656,0.0,0.020026681206385656,0.013516890214943369,0.013516890214943369,0.005997315927675838,0.005997315927675838,0.020026681206385656,0.020026681206385656,0.010065340702849293,0.010065340702849293,0.020026681206385656,0.020026681206385656,0.020026681206385656
2024-07-05,0.0013817989100937057,0.0013817989100937057,0.0013817989100937057,0.0,0.0013817989100937057,0.00026399643994973963,0.00026399643994973963,-0.002998495045324851,-0.002998495045324851,0.0013817989100937057,0.0013817989100937057,-0.0014146982178443767,-0.0014146982178443767,0.0013817989100937057,0.0013817989100937057,0.0013817989100937057
2024-07-08,0.005248569414727077,0.005248569414727077,0.005248569414727077,0.0,0.005248569414727077,0.003218366543005156,0.003218366543005156,0.0019488159225994766,0.0019488159225994766,0.005248569414727077,0.005248569414727077,0.002221393355246488,0.002221393355246488,0.005248569414727077,0.005248569414727077,0.005248569414727077
2024-07-09,0.0013350428121915979,0.0013350428121915979,0.0013350428121915979,0.0,0.0013350428121915979,0.0006988683292437221,0.0006988683292437221,-0.0007674362802569907,-0.0007674362802569907,0.0013350428121915979,0.0013350428121915979,0.0006732770891259212,0.0006732770891259212,0.0013350428121915979,0.0013350428121915979,0.0013350428121915979
2024-07-10,0.011711524457421999,0.011711524457421999,0.011711524457421999,0.0,0.011711524457421999,0.010403907052216412,0.010403907052216412,0.013325133884476028,0.013325133884476028,0.011711524457421999,0.011711524457421999,0.014059623220978477,0.014059623220978477,0.011711524457421999,0.011711524457421999,0.011711524457421999
2024-07-11,-0.005570535651908371,-0.005570535651908371,-0.005570535651908371,0.0,-0.005570535651908371,-0.0058635423463691185,-0.0058635423463691185,-0.00608064542470044,-0.00608064542470044,-0.005570535651908371,-0.005570535651908371,-0.006584820295838127,-0.006584820295838127,-0.005570535651908371,-0.005570535651908371,-0.005570535651908371
2024-07-12,-0.004676137105818547,-0.004676137105818547,-0.004676137105818547,0.0,-0.004676137105818547,-0.001082315443761402,-0.001082315443761402,-0.007207269820286228,-0.007207269820286228,-0.004676137105818547,-0.004676137105818547,-0.005139466780553347,-0.005139466780553347,-0.004676137105818547,-0.004676137105818547,-0.004676137105818547
2024-07-15,0.003002896785284692,0.003002896785284692,0.003002896785284692,0.0,0.003002896785284692,-0.0006872213304528695,-0.0006872213304528695,0.0017730863040943136,0.0017730863040943136,0.003002896785284692,0.003002896785284692,0.0007675010476184186,0.0007675010476184186,0.003002896785284692,0.003002896785284692,0.003002896785284692
2024-07-16,0.0014722039676646822,0.0014722039676646822,0.0014722039676646822,0.0,0.0014722039676646822,0.0042715318227771575,0.0042715318227771575,0.0030367559645048613,0.0030367559645048613,0.0014722039676646822,0.0014722039676646822,0.0031604225153360178,0.0031604225153360178,0.0014722039676646822,0.0014722039676646822,0.0014722039676646822
2024-07-17,-0.0033858910464823703,-0.0033858910464823703,-0.0033858910464823703,0.0,-0.0033858910464823703,-0.0015933790680226112,-0.0015933790680226112,-0.0028267339787681213,-0.0028267339787681213,-0.0033858910464823703,-0.0033858910464823703,-0.003363567614641119,-0.003363567614641119,-0.0033858910464823703,-0.0033858910464823703,-0.0033858910464823703
2024-07-18,-0.007166486465635629,-0.007166486465635629,-0.007166486465635629,0.0,-0.007166486465635629,-0.0035680006430108087,-0.0035680006430108087,-0.0007332203425868477,-0.0007332203425868477,-0.007166486465635629,-0.007166486465635629,-0.0024169104429298993,-0.0024169104429298993,-0.007166486465635629,-0.007166486465635629,-0.007166486465635629
2024-07-19,-0.002819062802938927,-0.002819062802938927,-0.004190637413604977,0.0,-0.002819062802938927,-0.00510552966852227,-0.00510552966852227,0.0020702937667945336,0.0020702937667945336,-0.002819062802938927,-0.002819062802938927,-0.0009712446704039476,-0.0009712446704039476,-0.002819062802938927,-0.002819062802938927,-0.002819062802938927
2024-07-22,-0.01009758535154924,-0.01009758535154924,-0.00252439633788731,0.0,-0.01009758535154924,-0.009755086944420349,-0.009755086944420349,-0.004270797175106098,-0.004270797175106098,-0.01009758535154924,-0.01009758535154924,-0.0072489540821347506,-0.0072489540821347506,-0.01009758535154924,-0.01009758535154924,-0.00252439633788731
2024-07-23,0.002702270543864717,0.002702270543864717,0.0005384101748995742,0.0,0.002702270543864717,0.004085572172650759,0.004085572172650759,0.010642389647349983,0.010642389647349983,0.002702270543864717,0.002702270543864717,0.009731614770290749,0.009731614770290749,0.002702270543864717,0.002702270543864717,0.0006755676359661792
2024-07-24,-0.00562660693498367,-0.00562660693498367,-0.0019658047149362975,0.0,-0.00562660693498367,-0.007696549566775877,-0.007696549566775877,-2.485838007827549e-05,-2.485838007827549e-05,-0.00562660693498367,-0.00562660693498367,-0.00303366516653281,-0.00303366516653281,-0.00562660693498367,-0.00562660693498367,-0.0018286472538696927
2024-07-25,-0.014513662872540958,-0.014513662872540958,-0.005942622610082988,0.0,-0.014513662872540958,-0.0138350266092708,-0.0138350266092708,-0.016159103305929682,-0.016159103305929682,-0.014513662872540958,-0.014513662872540958,-0.016688879715763213,-0.016688879715763213,-0.014513662872540958,-0.014513662872540958,-0.0058054651490163835
2024-07-26,0.01198728544547047,0.01198728544547047,0.005282488203398657,0.0,0.01198728544547047,0.008492387559291218,0.008492387559291218,0.010383573014598703,0.010383573014598703,0.01198728544547047,0.01198728544547047,0.010196162292856846,0.010196162292856846,0.01198728544547047,0.01198728544547047,0.005693960586598473
2024-07-29,-0.004995223365824625,-0.004995223365824625,-0.0013859633025227612,0.0,-0.004995223365824625,-0.001254535207258411,-0.001254535207258411,0.0025766627323902756,0.0025766627323902756,-0.004995223365824625,-0.004995223365824625,0.0012344443216489825,0.0012344443216489825,-0.004995223365824625,-0.004995223365824625,-0.0012488058414561562
2024-07-30,0.006412644179126145,0.006412644179126145,0.001946951897149392,0.0,0.006412644179126145,-0.000877629078607069,-0.000877629078607069,-0.0006985310888888437,-0.0006985310888888437,0.006412644179126145,0.006412644179126145,-0.00045064240263429007,-0.00045064240263429007,0.006412644179126145,0.006412644179126145,0.002084109358215997
2024-07-31,-0.007949690395317304,-0.007949690395317304,-0.003317033619193527,0.0,-0.007949690395317304,-0.007303915951824605,-0.007303915951824605,-0.00684010064888635,-0.00684010064888635,-0.007949690395317304,-0.007949690395317304,-0.006835932210966268,-0.006835932210966268,-0.007949690395317304,-0.007949690395317304,-0.0031798761581269216
2024-08-01,-0.010972457039322312,-0.010972457039322312,-0.00511215662313632,0.0,-0.010972457039322312,0.000240972767228613,0.000240972767228613,0.005464733315954735,0.005464733315954735,-0.010972457039322312,-0.010972457039322312,0.00411972957304553,0.00411972957304553,-0.010741317593850719,-0.010741317593850719,-0.005102125857079092
2024-08-02,-0.015458785686557812,-0.015458785686557812,-0.008622154130263033,0.0,-0.015458785686557812,-0.022227481907752537,-0.022227481907752537,-0.02416982296392305,-0.02416982296392305,-0.015458785686557812,-0.015458785686557812,-0.0258628778872063,-0.0258628778872063,-0.015458785686557812,-0.015458785686557812,-0.008502332127606798
2024-08-05,-0.00611919165469548,-0.00611919165469548,-0.004423604797465852,0.0,-0.00611919165469548,-0.021526166867132674,-0.021526166867132674,-0.026269407446422945,-0.026269407446422945,-0.00611919165469548,-0.00611919165469548,-0.02662834677780152,-0.02662834677780152,-0.00611919165469548,-0.00611919165469548,-0.003824494784184675
2024-08-06,0.02653147153256224,0.02653147153256224,0.00663286788314056,0.0,0.02653147153256224,0.027812068700838587,0.027812068700838587,0.02111403949185186,0.02111403949185186,0.02653147153256224,0.02653147153256224,0.024622116731603257,0.024622116731603257,0.02653147153256224,0.02653147153256224,0.00663286788314056
2024-08-07,0.007727075943158938,0.007727075943158938,0.0019317689857897345,0.0,0.007727075943158938,0.006179098914003162,0.006179098914003162,0.007337979270586452,0.007337979270586452,0.007727075943158938,0.007727075943158938,0.007181001054626639,0.007181001054626639,0.007727075943158938,0.007727075943158938,0.0019317689857897345
2024-08-08,-0.0011509032099960037,-0.0011509032099960037,-0.0005273698078114718,0.0,-0.0011509032099960037,-3.155141217133672e-05,-3.155141217133672e-05,0.0010006569083680673,0.0010006569083680673,-0.0011509032099960037,-0.0011509032099960037,0.00050152703973245,0.00050152703973245,-0.0011509032099960037,-0.0011509032099960037,-0.0002877258024990009
2024-08-09,0.007368253021933436,0.007368253021933436,0.002274860229472132,0.0,0.007368253021933436,0.01445433088487761,0.01445433088487761,0.009527482905876232,0.009527482905876232,0.007368253021933436,0.007368253021933436,0.012551592650708715,0.012551592650708715,0.007368253021933436,0.007368253021933436,0.0023946822321283673
2024-08-12,0.010052507448948693,0.010052507448948693,0.003901180976923242,0.0,0.010052507448948693,0.00504779758451516,0.00504779758451516,0.0042401220068574,0.0042401220068574,0.010052507448948693,0.010052507448948693,0.0044328631509779216,0.0044328631509779216,0.010052507448948693,0.010052507448948693,0.0040210029795794775
2024-08-13,0.0001018302327179028,0.0001018302327179028,-7.145264211523172e-05,0.0,0.0001018302327179028,-0.004375584833902729,-0.004375584833902729,-0.0028401149074668464,-0.0028401149074668464,0.0001018302327179028,0.0001018302327179028,-0.003380131932909787,-0.003380131932909787,0.0001018302327179028,0.0001018302327179028,4.836936054100383e-05
2024-08-14,-0.0020580109774739177,-0.0020580109774739177,-0.0012517280402668906,0.0,-0.0020580109774739177,-0.003478549726261599,-0.003478549726261599,-0.008571659398878058,-0.008571659398878058,-0.0020580109774739177,-0.0020580109774739177,-0.006732872123779205,-0.006732872123779205,-0.0020580109774739177,-0.0020580109774739177,-0.0011319060376106553
2024-08-15,-0.002117565973055716,-0.002117565973055716,-0.0014433007358160576,0.0,-0.002117565973055716,-0.0003692519496024014,-0.0003692519496024014,-0.00022542886897186296,-0.00022542886897186296,-0.002117565973055716,-0.002117565973055716,-0.00015911073509482254,-0.00015911073509482254,-0.002117565973055716,-0.002117565973055716,-0.0013234787331598222
2024-08-16,-0.0003035712690956432,-0.0003035712690956432,-0.00033232189102318585,0.0,-0.0003035712690956432,0.0026320603109682306,0.0026320603109682306,0.0025039893444030567,0.0025039893444030567,-0.0003035712690956432,-0.0003035712690956432,0.0032958903358196656,0.0032958903358196656,-0.0003035712690956432,-0.0003035712690956432,-0.00021249988836695031
2024-08-19,-0.008961283572970023,-0.008961283572970023,-0.007064816771708002,0.0,-0.008961283572970023,-0.008274234689884637,-0.008274234689884637,-0.012662425691368297,-0.012662425691368297,-0.008961283572970023,-0.008961283572970023,-0.011006227230204318,-0.011006227230204318,-0.008961283572970023,-0.008961283572970023,-0.006944994769051767
2024-08-20,-0.0006850506939914014,-0.0006850506939914014,-0.0007021150925489268,0.0,-0.0006850506939914014,-0.004305805528579575,-0.004305805528579575,-0.007939762020264442,-0.007939762020264442,-0.0006850506939914014,-0.0006850506939914014,-0.007005928686276987,-0.007005928686276987,-0.0006850506939914014,-0.0006850506939914014,-0.0005822930898926912
2024-08-21,-0.0020612470910191766,-0.0020612470910191766,-0.002026475561848974,0.0,-0.0020612470910191766,-0.004664065762647915,-0.004664065762647915,-0.005888239675677353,-0.005888239675677353,-0.0020612470910191766,-0.0020612470910191766,-0.006614166283153519,-0.006614166283153519,-0.0020612470910191766,-0.0020612470910191766,-0.0019066535591927385
2024-08-22,-0.006053550657245079,-0.006053550657245079,-0.006053550657245079,0.0,-0.006053550657245079,-0.013336630881817316,-0.013336630881817316,-0.010569323837680092,-0.010569323837680092,-0.006053550657245079,-0.006053550657245079,-0.01266502324194917,-0.01266502324194917,-0.006053550657245079,-0.006053550657245079,-0.006053550657245079
2024-08-23,-0.006572503396537813,-0.006572503396537813,-0.006572503396537813,0.0,-0.006572503396537813,-0.0031743336664220804,-0.0031743336664220804,-0.002618023176448517,-0.002618023176448517,-0.006572503396537813,-0.006572503396537813,-0.00282569737252967,-0.00282569737252967,-0.006572503396537813,-0.006572503396537813,-0.006572503396537813
2024-08-26,0.004541831666751299,0.004541831666751299,0.004541831666751299,0.0,0.004541831666751299,0.005666947278313386,0.005666947278313386,0.0004751881896369707,0.0004751881896369707,0.004541831666751299,0.004541831666751299,0.0027429299710180636,0.0027429299710180636,0.004541831666751299,0.004541831666751299,0.004541831666751299
2024-08-27,0.00465500630980905,0.00465500630980905,0.00465500630980905,0.0,0.00465500630980905,-0.002137977663439208,-0.002137977663439208,0.0001061135269295162,0.0001061135269295162,0.00465500630980905,0.00465500630980905,-0.0010640121334718634,-0.0010640121334718634,0.00465500630980905,0.00465500630980905,0.00465500630980905
2024-08-28,-0.004278143607041048,-0.004278143607041048,-0.004278143607041048,0.0,-0.004278143607041048,-0.004343237156935152,-0.004343237156935152,0.0027687640547341737,0.0027687640547341737,-0.004278143607041048,-0.004278143607041048,-0.0002854373436919674,-0.0002854373436919674,-0.004278143607041048,-0.004278143607041048,-0.004278143607041048
2024-08-29,-0.010662859099432003,-0.010662859099432003,-0.010662859099432003,0.0,-0.010662859099432003,-0.007642304963527148,-0.007642304963527148,-0.005230519891935256,-0.005230519891935256,-0.010662859099432003,-0.010662859099432003,-0.005912621966536233,-0.005912621966536233,-0.010662859099432003,-0.010662859099432003,-0.010662859099432003
2024-08-30,-0.0008620472582278535,-0.0008620472582278535,-0.0008620472582278535,0.0,-0.0008620472582278535,3.516558596726731e-05,3.516558596726731e-05,0.002065163247676811,0.002065163247676811,-0.0008620472582278535,-0.0008620472582278535,0.001188936419941309,0.001188936419941309,-0.0008620472582278535,-0.0008620472582278535,-0.0008620472582278535
2024-09-02,0.0011010326883931644,0.0011010326883931644,0.0011010326883931644,-0.0006977964118140927,0.0011010326883931644,0.00030992232011293233,0.00030992232011293233,0.006382063705836057,0.006382063705836057,0.0011010326883931644,0.0011010326883931644,0.003914337721683272,0.003914337721683272,0.0013030665668481182,0.0013030665668481182,0.0013030665668481182
2024-09-03,0.001599987818401837,0.001599987818401837,0.001599987818401837,0.0007999939092009185,0.001599987818401837,-0.0004875561605370887,-0.0004875561605370887,0.0032986956165363956,0.0032986956165363956,0.001599987818401837,0.001599987818401837,0.001593208340749257,0.001593208340749257,0.001599987818401837,0.001599987818401837,0.001599987818401837
2024-09-04,-0.004911061863525015,-0.004911061863525015,-0.004911061863525015,-0.0024555309317625075,-0.004911061863525015,-0.003938504978341889,-0.003938504978341889,-0.003816207156353458,-0.003816207156353458,-0.004911061863525015,-0.004911061863525015,-0.003913423635873922,-0.003913423635873922,-0.004911061863525015,-0.004911061863525015,-0.004911061863525015
2024-09-05,0.0006810781253361558,0.0006810781253361558,0.0006810781253361558,0.0003405390626680779,0.0006810781253361558,-0.00481781344590175,-0.00481781344590175,-0.0054616733504489106,-0.0054616733504489106,0.0006810781253361558,0.0006810781253361558,-0.00542218631634621,-0.00542218631634621,0.0006810781253361558,0.0006810781253361558,0.0006810781253361558
2024-09-06,0.005219969135791546,0.005219969135791546,0.005219969135791546,0.002609984567895773,0.005219969135791546,0.005674535653822738,0.005674535653822738,0.004898822743191998,0.004898822743191998,0.005219969135791546,0.005219969135791546,0.005470232510438379,0.005470232510438379,0.005219969135791546,0.005219969135791546,0.005219969135791546
2024-09-09,0.002412609996617016,0.002412609996617016,0.002412609996617016,0.001206304998308508,0.002412609996617016,0.0035690973650721967,0.0035690973650721967,0.007979607066777188,0.007979607066777188,0.002412609996617016,0.002412609996617016,0.005731493482350794,0.005731493482350794,0.002412609996617016,0.002412609996617016,0.002412609996617016
2024-09-10,0.003202391783850328,0.003202391783850328,0.003202391783850328,0.001601195891925164,0.003202391783850328,0.002754854956435979,0.002754854956435979,0.0035047548543381823,0.0035047548543381823,0.003202391783850328,0.003202391783850328,0.003398700109156229,0.003398700109156229,0.003202391783850328,0.003202391783850328,0.003202391783850328
2024-09-11,-0.008854257211759012,-0.008854257211759012,-0.008854257211759012,-0.004427128605879506,-0.008854257211759012,-0.005305910438976733,-0.005305910438976733,-0.0017761669987110427,-0.0017761669987110427,-0.008854257211759012,-0.008854257211759012,-0.0033735284552773356,-0.0033735284552773356,-0.008854257211759012,-0.008854257211759012,-0.008854257211759012
2024-09-12,-0.0010903531421409282,-0.0010903531421409282,-0.0010903531421409282,-0.0005451765710704641,-0.0010903531421409282,0.0037663250683089835,0.0037663250683089835,0.007966741401994543,0.007966741401994543,-0.0010903531421409282,-0.0010903531421409282,0.006163716100170979,0.006163716100170979,-0.0010903531421409282,-0.0010903531421409282,-0.0010903531421409282
2024-09-13,0.0005488520453768055,0.0005488520453768055,0.0005488520453768055,0.00027442602268840273,0.0005488520453768055,0.0023974022504766497,0.0023974022504766497,-0.0016579126790748355,-0.0016579126790748355,0.0005488520453768055,0.0005488520453768055,0.0006528014320566935,0.0006528014320566935,0.0005488520453768055,0.0005488520453768055,0.0005488520453768055
2024-09-16,0.0011952738068616072,0.0011952738068616072,0.0011952738068616072,0.0005976369034308036,0.0011952738068616072,0.00167048742065791,0.00167048742065791,-0.0032936953504719294,-0.0032936953504719294,0.0011952738068616072,0.0011952738068616072,-0.00047907382732687584,-0.00047907382732687584,0.0011952738068616072,0.0011952738068616072,0.0011952738068616072
2024-09-17,0.006388701541567207,0.006388701541567207,0.006388701541567207,0.0031943507707836035,0.006388701541567207,0.0016410316728425764,0.0016410316728425764,0.00010801813896479733,0.00010801813896479733,0.006388701541567207,0.006388701541567207,0.0008705944581787353,0.0008705944581787353,0.006388701541567207,0.006388701541567207,0.006388701541567207
2024-09-18,0.006393729810464379,0.006393729810464379,0.006393729810464379,0.0031968649052321893,0.006393729810464379,0.008021346705933715,0.008021346705933715,0.006274878007679343,0.006274878007679343,0.006393729810464379,0.006393729810464379,0.006733548550768706,0.006733548550768706,0.006393729810464379,0.006393729810464379,0.006393729810464379
2024-09-19,0.01201821183764684,0.01201821183764684,0.01201821183764684,0.00600910591882342,0.01201821183764684,0.004329316819961382,0.004329316819961382,0.005110720284550023,0.005110720284550023,0.01201821183764684,0.01201821183764684,0.004594380576317306,0.004594380576317306,0.01201821183764684,0.01201821183764684,0.01201821183764684
2024-09-20,0.00104712674638073,4.321286595908736e-07,0.00104712674638073,0.00017466516728331866,0.00104712674638073,-0.0017827743754775054,-0.002847867229443025,-0.0009419336767775613,-0.0028561501393354885,0.00104712674638073,4.321286595908736e-07,-0.0019597282160026576,-0.0034996008350224664,0.00104712674638073,0.00104712674638073,0.00104712674638073
2024-09-23,-0.018110867455679622,-0.004632386325692019,-0.018110867455679622,-0.00456260668451061,-0.018110867455679622,-0.01009518737984148,-0.0026303061303569217,-0.0038999925221335136,-0.001166419776789171,-0.018110867455679622,-0.004632386325692019,-0.006719823260853458,-0.0018339430771153456,-0.018110867455679622,-0.0045277168639199054,-0.018110867455679622
2024-09-24,0.006697821869600415,0.002072122645848021,0.006697821869600415,0.0018070111935494099,0.006697821869600415,0.0034589133409709386,0.0010176375504190032,0.0036680399045743045,0.001000691322730856,0.006697821869600415,0.002072122645848021,0.004052455650162067,0.0011630608244006908,0.006697821869600415,0.002176792107620135,0.006697821869600415
2024-09-25,0.004908319693633641,0.0018586584156813427,0.004908319693633641,0.001437606087499388,0.004908319693633641,0.00023035527351346254,-1.4367175991166877e-05,-0.002815005553437854,-0.001317423867630934,0.004908319693633641,0.0018586584156813427,-0.0016612195103994458,-0.0008184750660617591,0.004908319693633641,0.0019633278774534566,0.004908319693633641
2024-09-26,0.003506116362528135,0.00156073581042875,0.003506116362528135,0.0011045979972309397,0.003506116362528135,0.0012812753696297293,0.0005020965151775696,0.0038292850494308062,0.00162748875222384,0.003506116362528135,0.00156073581042875,0.0032251899457428432,0.0013779779623258694,0.003506116362528135,0.001665405272200864,0.003506116362528135
2024-09-27,-0.010744703799521693,-0.006014256551509046,-0.010744703799521693,-0.003795536150423297,-0.010744703799521693,-0.005952249508286081,-0.0033802465149538967,-0.005526812266155617,-0.0032311683926413816,-0.010744703799521693,-0.006014256551509046,-0.005198247765935957,-0.003013023533166758,-0.010744703799521693,-0.005909587089736932,-0.010744703799521693
2024-09-30,0.005104851266826215,0.0030858625799942705,0.005104851266826215,0.0018794294044691263,0.005104851266826215,0.001198153593713947,0.0006423367106746651,0.0008515288552797368,0.00034078388829404264,0.005104851266826215,0.0030858625799942705,0.0008176154273673186,0.00035702238020259377,0.005104851266826215,0.0031905320417663845,0.005104851266826215
2024-10-01,-0.0008556340307025973,-0.0015205124852455721,-0.0008556340307025973,-0.0008688642772831843,-0.0021721606932079605,0.0018052971681064803,0.00046140999180434056,0.010328649624651177,0.005888102990013537,-0.0008556340307025973,-0.0015205124852455721,0.0069846251327578815,0.0037403593000588328,-0.0007765678695797751,-0.0005435975087058425,-0.0007765678695797751
2024-10-02,0.004076402499061202,0.0,0.004076402499061202,0.0,0.0,0.008098573033173658,0.0,0.008690286278190861,0.0,0.004076402499061202,0.0,0.009033672037102106,0.0,0.004076402499061202,0.0,0.004076402499061202
2024-10-03,0.0010736975350686727,0.0,0.0010736975350686727,0.0,0.0,0.002703800071573842,0.0,0.012140508417993214,0.0,0.0010736975350686727,0.0,0.006587806785710096,0.0,0.0010736975350686727,0.0,0.0010736975350686727
2024-10-04,-0.00032847542439206094,0.0,-0.00032847542439206094,0.0,0.0,0.005412459528300785,0.0,0.004209697483483474,0.0,-0.00032847542439206094,0.0,0.004647675255025641,0.0,-0.00032847542439206094,0.0,-0.00032847542439206094
2024-10-07,0.008540393169719891,0.0,0.008540393169719891,0.0,0.0,0.007445559132655063,0.0,0.010861720067073359,0.0,0.008540393169719891,0.0,0.009392425743874907,0.0,0.008540393169719891,0.0,0.008540393169719891
2024-10-08,-0.007728610555653271,0.0,-0.007728610555653271,0.0,0.0,-0.005076844162685055,0.0,-0.0030194764636884324,0.0,-0.007728610555653271,0.0,-0.004512955892296797,0.0,-0.007728610555653271,0.0,-0.007728610555653271
2024-10-09,-0.004467232418297953,0.0,-0.004467232418297953,0.0,0.0,-0.004832545717133079,0.0,0.0014533782449546505,0.0,-0.004467232418297953,0.0,-0.0015373125758242926,0.0,-0.004467232418297953,0.0,-0.004467232418297953
2024-10-10,-0.0012561198445337563,0.0,-0.0012561198445337563,0.0,0.0,-0.0018616579589363492,0.0,0.004793999940020095,0.0,-0.0012561198445337563,0.0,0.0003992604044272233,0.0,-0.0012561198445337563,0.0,-0.0012561198445337563
2024-10-11,0.0021292389065181525,0.0,0.0021292389065181525,0.0,0.0,0.0006788321572719427,0.0,-0.0020603160409788574,0.0,0.0021292389065181525,0.0,-0.00034890030433699427,0.0,0.0021292389065181525,0.0,0.0021292389065181525
2024-10-14,-0.002972036040009448,0.0,-0.002972036040009448,0.0,0.0,0.0013998555402712914,0.0,0.005492461803116348,0.0,-0.002972036040009448,0.0,0.002779235687433728,0.0,-0.002972036040009448,0.0,-0.002972036040009448
2024-10-15,0.004918963260941352,0.0,0.004918963260941352,0.0,0.0,0.0006671506765926616,0.0,0.0035884173277800284,0.0,0.004918963260941352,0.0,0.0018456717840866935,0.0,0.004918963260941352,0.0,0.004918963260941352
2024-10-16,-0.004849667502403505,0.0,-0.004849667502403505,0.0,0.0,-0.007503736615317668,0.0,0.0011635136482560458,0.0,-0.004849667502403505,0.0,-0.0038459916628720775,0.0,-0.004849667502403505,0.0,-0.004849667502403505
2024-10-17,-0.0006676610697203839,0.0,-0.0006676610697203839,0.0,0.0,-0.003692137572443977,0.0,0.005192935476737736,0.0,-0.0006676610697203839,0.0,-0.0007667744661275702,0.0,-0.0006676610697203839,0.0,-0.0006676610697203839
2024-10-18,0.004340444525115333,0.0,0.004340444525115333,0.0,0.0,0.008222648624569187,0.0,0.003430967299238646,0.0,0.004340444525115333,0.0,0.006489247159516965,0.0,0.004340444525115333,0.0,0.004340444525115333
2024-10-21,-0.0031037990322967217,0.0,-0.0031037990322967217,0.0,0.0,-0.0058855905748727445,0.0,0.0016660560817207061,0.0,-0.0031037990322967217,0.0,-0.0031932061369578427,0.0,-0.0031037990322967217,0.0,-0.0031037990322967217
2024-10-22,0.0017652496663203413,0.0,0.0017652496663203413,0.0,0.0,0.003757011117755589,0.0,0.006379376469003605,0.0,0.0017652496663203413,0.0,0.005287115002616947,0.0,0.0017652496663203413,0.0,0.0017652496663203413
2024-10-23,0.0006953591622798107,0.0,0.0006953591622798107,0.0,0.0,0.0016108173939507863,0.0,0.008092815309624092,0.0,0.0006953591622798107,0.0,0.00392834082644784,0.0,0.0006953591622798107,0.0,0.0006953591622798107
2024-10-24,0.0004494620242441907,0.0,0.0004494620242441907,0.0,0.0,0.0048681095507081,0.0,0.0027344019778977706,0.0,0.0004494620242441907,0.0,0.004262442032039241,0.0,0.0004494620242441907,0.0,0.0004494620242441907
2024-10-25,0.007174780564729406,0.0,0.007174780564729406,0.0,0.0,0.0033691696941228044,0.0,0.0027905304301191294,0.0,0.007174780564729406,0.0,0.0025911505954760057,0.0,0.007174780564729406,0.0,0.007174780564729406
2024-10-28,-0.0045619081909054095,0.0,-0.0045619081909054095,0.0,0.0,-0.005765146048034405,0.0,-5.714496854001064e-05,0.0,-0.0045619081909054095,0.0,-0.002501648522555153,0.0,-0.0045619081909054095,0.0,-0.0045619081909054095
2024-10-29,-0.0005133795410985644,0.0,-0.0005133795410985644,0.0,0.0,0.00039466615266982655,0.0,0.0068639309442791166,0.0,-0.0005133795410985644,0.0,0.003543399636184933,0.0,-0.0005133795410985644,0.0,-0.0005133795410985644
2024-10-30,-0.011389211027881093,0.0,-0.011389211027881093,0.0,0.0,-0.012071212157701891,0.0,-0.009834956594070176,0.0,-0.011389211027881093,0.0,-0.011548807552396324,0.0,-0.011389211027881093,0.0,-0.011389211027881093
2024-10-31,0.0025276520070291724,0.0,0.0025276520070291724,0.0,0.0,0.0020674113705800817,0.0,-0.001902742962641583,0.0,0.0025276520070291724,0.0,-0.0004180444721642847,0.0,0.0025276520070291724,0.0,0.0025276520070291724
2024-11-01,-0.002687671860320481,0.0,-0.002687671860320481,0.0,0.0,0.00016593944611462298,0.0,-0.001397134859685022,0.0,-0.002687671860320481,0.0,-0.0005102965519548056,0.0,-0.0024939374045951294,0.0,-0.0024939374045951294
2024-11-04,-0.006265877572969016,0.0,-0.006265877572969016,0.0,0.0,-0.00902463534235922,0.0,-0.006410024355537659,0.0,-0.006265877572969016,0.0,-0.009088093417491097,0.0,-0.006265877572969016,0.0,-0.006265877572969016
2024-11-05,0.006744624320242948,0.0,0.006744624320242948,0.0,0.0,0.004883915023422823,0.0,0.008454184875471076,0.0,0.006744624320242948,0.0,0.00678390068298956,0.0,0.006744624320242948,0.0,0.006744624320242948
2024-11-06,0.009803891049824251,0.0,0.009803891049824251,0.0,0.0,0.002591200022913639,0.0,0.027450975059751373,0.0,0.009803891049824251,0.0,0.014463935333949001,0.0,0.009803891049824251,0.0,0.009803891049824251
2024-11-07,0.011604114348818306,0.0,0.011604114348818306,0.0,0.0,0.018600216904592074,0.0,-0.0037890226577788535,0.0,0.011604114348818306,0.0,0.011440897776936179,0.0,0.011604114348818306,0.0,0.011604114348818306
2024-11-08,-0.012816299567368735,0.0,-0.012816299567368735,0.0,0.0,-0.010609146152868535,0.0,-0.006600557511033272,0.0,-0.012816299567368735,0.0,-0.010712670579344438,0.0,-0.012816299567368735,0.0,-0.012816299567368735
2024-11-11,-0.0006265754238121814,0.0,-0.0006265754238121814,0.0,0.0,-0.004772439095460745,0.0,0.0176857453473242,0.0,-0.0006265754238121814,0.0,0.005676282674894539,0.0,-0.0006265754238121814,0.0,-0.0006265754238121814
2024-11-12,0.010475234354207465,0.0,0.010475234354207465,0.0,0.0,0.01135627693779619,0.0,0.011217801660967055,0.0,0.010475234354207465,0.0,0.012949196171828103,0.0,0.010475234354207465,0.0,0.010475234354207465
2024-11-13,-0.0009594973685448935,0.0,-0.0009594973685448935,0.0,0.0,-0.00441594851062808,0.0,-0.004231431725580999,0.0,-0.0009594973685448935,0.0,-0.005227185766404638,0.0,-0.0009594973685448935,0.0,-0.0009594973685448935
2024-11-14,-0.005302183631354146,0.0,-0.005302183631354146,0.0,0.0,-0.001858066007303637,0.0,0.010140642549848483,0.0,-0.005302183631354146,0.0,0.004084656446590697,0.0,-0.005302183631354146,0.0,-0.005302183631354146
2024-11-15,-0.003718310690489521,0.0,-0.003718310690489521,0.0,0.0,-0.0010204646340733273,0.0,-0.00836653754873162,0.0,-0.003718310690489521,0.0,-0.0039040211627129106,0.0,-0.003718310690489521,0.0,-0.003718310690489521
2024-11-18,0.003085703490169194,0.0,0.003085703490169194,0.0,0.0,0.004217158649622743,0.0,0.0034953142892727575,0.0,0.003085703490169194,0.0,0.004326674009059334,0.0,0.003085703490169194,0.0,0.003085703490169194
2024-11-19,-0.002882155513870724,0.0,-0.002882155513870724,0.0,0.0,-0.0012092417082485427,0.0,-0.002171235765088931,0.0,-0.002882155513870724,0.0,-0.0017349801860794714,0.0,-0.002882155513870724,0.0,-0.002882155513870724
2024-11-20,0.003940662050981033,0.0,0.003940662050981033,0.0,0.0,0.00645252772644821,0.0,0.0102819263980477,0.0,0.003940662050981033,0.0,0.008924375559383337,0.0,0.003940662050981033,0.0,0.003940662050981033
2024-11-21,-0.0049543454529279215,0.0,-0.0049543454529279215,0.0,0.0,-0.004567488002965694,0.0,0.005162336358345146,0.0,-0.0049543454529279215,0.0,-0.0003982106869634593,0.0,-0.0049543454529279215,0.0,-0.0049543454529279215
2024-11-22,0.006372300656878373,0.0,0.006372300656878373,0.0,0.0,0.007108048116576064,0.0,0.014417781787161433,0.0,0.006372300656878373,0.0,0.012087197332833812,0.0,0.006372300656878373,0.0,0.006372300656878373
2024-11-25,-0.002684776620803136,0.0,-0.002684776620803136,0.0,0.0,-0.004981102921909703,0.0,-0.012911559072253033,0.0,-0.002684776620803136,0.0,-0.009618614353632472,0.0,-0.002684776620803136,0.0,-0.002684776620803136
2024-11-26,-0.0013928782798077217,0.0,-0.0013928782798077217,0.0,0.0,-0.006452429781118264,0.0,-0.006621667542129,0.0,-0.0013928782798077217,0.0,-0.0070575008197585,0.0,-0.0013928782798077217,0.0,-0.0013928782798077217
2024-11-27,-0.004353326597008421,0.0,-0.004353326597008421,0.0,0.0,-0.008285251365484698,0.0,-0.004195467294616313,0.0,-0.004353326597008421,0.0,-0.007715801452872846,0.0,-0.004353326597008421,0.0,-0.004353326597008421
2024-11-28,-0.01616017056685261,0.0,-0.01616017056685261,0.0,0.0,-0.0015555732387071688,0.0,0.0029152639790242544,0.0,-0.01616017056685261,0.0,-9.965950230227225e-05,0.0,-0.01616017056685261,0.0,-0.01616017056685261
2024-11-29,-0.015278524723811438,0.0,-0.015278524723811438,0.0,0.0,-0.012733631914237873,0.0,-0.009526597059512894,0.0,-0.015278524723811438,0.0,-0.013014931659797255,0.0,-0.015278524723811438,0.0,-0.015278524723811438
2024-12-02,0.012005569033214916,-0.001322857309506828,0.012005569033214916,0.0,-0.001322857309506828,0.006581879505598267,-0.0016511561301654403,0.009259502598144414,-0.002419640149537181,0.012005569033214916,-0.001322857309506828,0.009026415841764215,-0.0022931503168722423,0.012192972841938803,0.0,0.012192972841938803
2024-12-03,-0.005258532011385763,-0.005258532011385763,-0.005258532011385763,0.0,-0.005258532011385763,-9.689901621684152e-05,-9.689901621684152e-05,-0.00018978438020450305,-0.00018978438020450305,-0.005258532011385763,-0.005258532011385763,-0.0005570293642162261,-0.0005570293642162261,-0.005258532011385763,-0.005258532011385763,-0.005258532011385763
2024-12-04,0.00934024312587567,0.00934024312587567,0.00934024312587567,0.0,0.00934024312587567,0.006759052643879141,0.006759052643879141,0.006730840458066519,0.006730840458066519,0.00934024312587567,0.00934024312587567,0.007017840060448333,0.007017840060448333,0.00934024312587567,0.00934024312587567,0.00934024312587567
2024-12-05,0.006088537666371459,0.006088537666371459,0.006088537666371459,0.0,0.006088537666371459,0.0014263929086662465,0.0014263929086662465,-0.0014157884600731266,-0.0014157884600731266,0.006088537666371459,0.006088537666371459,-0.00034365330117864563,-0.00034365330117864563,0.006088537666371459,0.006088537666371459,0.006088537666371459
2024-12-06,0.00014617898417790406,0.00014617898417790406,0.00014617898417790406,0.0,0.00014617898417790406,-2.035763146675815e-05,-2.035763146675815e-05,-0.0036621863435995516,-0.0036621863435995516,0.00014617898417790406,0.00014617898417790406,-0.002427017372446691,-0.002427017372446691,0.00014617898417790406,0.00014617898417790406,0.00014617898417790406
2024-12-09,0.001956850400146422,0.001956850400146422,0.001956850400146422,0.0,0.001956850400146422,0.0016907988368753428,0.0016907988368753428,0.004200787757586177,0.004200787757586177,0.001956850400146422,0.001956850400146422,0.0025139172490488667,0.0025139172490488667,0.001956850400146422,0.001956850400146422,0.001956850400146422
2024-12-10,-0.0020864894947130773,-0.0020864894947130773,-0.0020864894947130773,0.0,-0.003078632476843198,0.0008234612212981386,0.0008234612212981386,0.004011082616683933,0.004011082616683933,-0.0020864894947130773,-0.0020864894947130773,0.002792676644344703,0.002792676644344703,-0.0020864894947130773,-0.0020864894947130773,-0.0020864894947130773
2024-12-11,0.0021988216777376903,0.0021988216777376903,0.0021988216777376903,0.0,0.0004504911212214105,0.0010754718702390132,0.0010754718702390132,0.00238742968246235,0.00238742968246235,0.0021988216777376903,0.0021988216777376903,0.0023901202582559795,0.0023901202582559795,0.0021988216777376903,0.0021988216777376903,0.0021988216777376903
2024-12-12,0.014713297282168235,0.014713297282168235,0.014713297282168235,0.0,0.0046826073184916646,0.011997429421460376,0.011997429421460376,0.006392288155931768,0.006392288155931768,0.014713297282168235,0.014713297282168235,0.010633709225512716,0.010633709225512716,0.014713297282168235,0.014713297282168235,0.014713297282168235
2024-12-13,-0.01277921076309995,-0.01277921076309995,-0.01277921076309995,0.0,-0.005210898603452993,-0.010849906389027036,-0.010849906389027036,-0.0066217275807875075,-0.0066217275807875075,-0.01277921076309995,-0.01277921076309995,-0.01100056809177559,-0.01100056809177559,-0.01277921076309995,-0.01277921076309995,-0.01277921076309995
2024-12-16,0.0017592485047190432,0.0017592485047190432,0.0017592485047190432,0.0,0.0007364287415285334,0.0026650155344254862,0.0026650155344254862,0.004414109323177983,0.004414109323177983,0.0017592485047190432,0.0017592485047190432,0.003984206652277166,0.003984206652277166,0.0017592485047190432,0.0017592485047190432,0.0017592485047190432
2024-12-17,-0.012521813064401628,-0.012521813064401628,-0.012521813064401628,0.0,-0.006986211483633907,-0.007621562602920624,-0.007621562602920624,-0.0014899340939759855,-0.0014899340939759855,-0.012521813064401628,-0.012521813064401628,-0.005511039309851687,-0.005511039309851687,-0.012521813064401628,-0.012521813064401628,-0.012521813064401628
2024-12-18,0.0011965838315140093,0.0011965838315140093,0.0011965838315140093,0.0,0.0006486505964832438,0.00025478918332265215,0.00025478918332265215,0.0019465431336955568,0.0019465431336955568,0.0011965838315140093,0.0011965838315140093,0.001622582002556491,0.001622582002556491,0.0011965838315140093,0.0011965838315140093,0.0011965838315140093
2024-12-19,-0.009695832285101675,-0.009695832285101675,-0.009695832285101675,0.0,-0.006985511195997195,-0.0068741159800136935,-0.0068741159800136935,0.00555813263694078,0.00555813263694078,-0.009695832285101675,-0.009695832285101675,-0.0013790398927080528,-0.0013790398927080528,-0.009695832285101675,-0.009695832285101675,-0.009695832285101675
2024-12-20,0.02130922283671187,0.02130922283671187,0.020317079854581747,0.0,0.01641543340023869,0.01712129539859689,0.01712129539859689,0.005105866311612856,0.005105866311612856,0.02130922283671187,0.02130922283671187,0.013757254686594686,0.013757254686594686,0.02130922283671187,0.02130922283671187,0.02130922283671187
2024-12-23,-0.004088272032587885,-0.004088272032587885,-0.0011212823063599833,0.0,-0.0035742455259127146,-0.0011470317755608236,-0.0011470317755608236,0.0028329892481989984,0.0028329892481989984,-0.004088272032587885,-0.004088272032587885,0.0001967493946420267,0.0001967493946420267,-0.004088272032587885,-0.004088272032587885,-0.0010220680081469713
2024-12-24,-0.0022614117744872895,-0.0022614117744872895,-0.0008341731249213812,0.0,-0.002191020189613755,-0.0006495001756061088,-0.0006495001756061088,0.0005118056778012946,0.0005118056778012946,-0.0022614117744872895,-0.0022614117744872895,-0.0006632349797863841,-0.0006632349797863841,-0.0022614117744872895,-0.0022614117744872895,-0.000734958826708369
2024-12-25,0.0,0.0,-9.921429821301197e-05,0.0,0.0,0.0,0.0,0.0,0.0,0.0,0.0,0.0,0.0,0.0,0.0,0.0
2024-12-26,0.0,0.0,-9.92142982130122e-05,0.0,0.0,0.0,0.0,0.0,0.0,0.0,0.0,0.0,0.0,0.0,0.0,0.0
2024-12-27,0.007510833235199341,0.007510833235199341,0.004031743981146626,0.0,0.007510833235199341,0.0016526906910295687,0.0016526906910295687,0.004845163814377119,0.004845163814377119,0.007510833235199341,0.007510833235199341,0.0025292084622356367,0.0025292084622356367,0.007510833235199341,0.007510833235199341,0.0041309582793596375
2024-12-30,-0.0009482329676152753,-0.0009482329676152753,-0.000691859902972559,0.0,-0.0009482329676152753,-0.004069296635008849,-0.004069296635008849,-0.0033978772543684587,-0.0033978772543684587,-0.0009482329676152753,-0.0009482329676152753,-0.004093135283374883,-0.004093135283374883,-0.0009482329676152753,-0.0009482329676152753,-0.0005926456047595471
2024-12-31,0.0023872092068565787,0.0013950662247264579,0.0015718321465865927,0.0,0.0013950662247264579,-0.0025006654055724368,-0.003739032503196517,0.0032271239040197763,0.0014123937918668907,0.0023872092068565787,0.0013950662247264579,-0.00011018438667491956,-0.0018300471243291013,0.0023872092068565787,0.0023872092068565787,0.001671046444799605
2025-01-01,-0.00017267231629160374,-4.309579541824088e-05,-4.755717063485121e-05,0.0,-4.309579541824088e-05,-9.223891550445972e-05,-0.00015014594679324498,-0.000507126871750255,-0.00034628924453412147,-0.00017267231629160374,-4.309579541824088e-05,-0.0002539145448333624,-0.00025450850083626094,0.0,0.0,0.0
2025-01-02,-0.005802872527553703,-0.001972197445946095,-0.0050187055229117886,0.0,-0.001972197445946095,-0.0024317151236539305,-0.0009202154873416671,0.005685327496810387,0.0016282239098668182,-0.005802872527553703,-0.001972197445946095,0.0019674368465385627,0.0004483871104971124,-0.005802872527553703,-0.001885933571454953,-0.004932441648420646
2025-01-03,0.005784282095252669,0.002227448963609926,0.005264197063617579,0.0,0.002227448963609926,0.008209772819646237,0.0031540010557043552,0.004893392099288352,0.0017378493131187831,0.005784282095252669,0.002227448963609926,0.008203507186841994,0.003090373010108877,0.005784282095252669,0.002313712838101068,0.0053504609381087205
2025-01-06,0.0007356015878214319,0.0002631468797240386,0.0007356015878214319,0.0,0.0002631468797240386,-0.00036069977723254647,-0.00030124046633960044,-0.011178827781881716,-0.0055294507229903716,0.0007356015878214319,0.0002631468797240386,-0.005310239915649379,-0.002713393824561374,0.0007356015878214319,0.0003494107542151804,0.0007356015878214319
2025-01-07,0.0007126693927724005,0.0003057042915336785,0.0007126693927724005,0.0,0.0003057042915336785,0.002008503692224161,0.0009747689585691496,0.0029119481760991246,0.0013820639702579612,0.0007126693927724005,0.0003057042915336785,0.003256931391591963,0.0016002824007476596,0.0007126693927724005,0.00039196816602482033,0.0007126693927724005
2025-01-08,-0.0007526644366374112,-0.0005566791473895237,-0.0007526644366374112,0.0,-0.0005566791473895237,0.00375754117559466,0.0022185551625925237,0.014779793723511556,0.009017863550598165,-0.0007526644366374112,-0.0005566791473895237,0.009294799292126437,0.005618219692951103,-0.0007526644366374112,-0.0004704152728983819,-0.0007526644366374112
2025-01-09,0.0012259487604035018,0.0007719002577913096,0.0012259487604035018,0.0,0.0007719002577913096,-0.001348131454578658,-0.0010736000903592002,-0.0001469570564584723,-0.0003223774661174887,0.0012259487604035018,0.0007719002577913096,-0.0012629008398488443,-0.0010750604525221117,0.0012259487604035018,0.0008581641322824514,0.0012259487604035018
2025-01-10,0.00833346638741909,0.006372172575758653,0.00833346638741909,0.0,0.006372172575758653,0.005321839614067984,0.003994517628748549,0.0027073242270635226,0.0018786687493776723,0.00833346638741909,0.006372172575758653,0.004426626296213055,0.0032396055149371984,0.00833346638741909,0.006458436450249795,0.00833346638741909
2025-01-13,-0.0024343969244580653,-0.002155501260280497,-0.0024343969244580653,0.0,-0.002155501260280497,-0.0028454278883346456,-0.0025485217772385884,0.00943722219604366,0.007802131340040554,-0.0024343969244580653,-0.002155501260280497,0.004198300640580137,0.0033775256798651947,-0.0024343969244580653,-0.002069237385789355,-0.0024343969244580653
2025-01-14,-0.0020103184028242805,-0.0019458083971036013,-0.0020103184028242805,0.0,-0.0019458083971036013,-0.0007919290215567991,-0.0008624424170941787,-0.0027297090897929394,-0.0027444884346550275,-0.0020103184028242805,-0.0019458083971036013,-0.0011240132389613096,-0.0012307421106671308,-0.0020103184028242805,-0.0018595445226124597,-0.0020103184028242805
2025-01-15,0.002052972392509952,0.002052972392509952,0.002052972392509952,0.0,0.002052972392509952,0.00206348315620507,0.00206348315620507,-0.0033391082389452337,-0.0033391082389452337,0.002052972392509952,0.002052972392509952,-0.0009667537164598262,-0.0009667537164598262,0.002052972392509952,0.002052972392509952,0.002052972392509952
2025-01-16,0.0022405707000054693,0.0022405707000054693,0.0022405707000054693,0.0,0.0022405707000054693,0.0003086614848807117,0.0003086614848807117,0.006218692336403805,0.006218692336403805,0.0022405707000054693,0.0022405707000054693,0.003248539851396249,0.003248539851396249,0.0022405707000054693,0.0022405707000054693,0.0022405707000054693
2025-01-17,-0.003599273360023741,-0.003599273360023741,-0.003599273360023741,0.0,-0.003599273360023741,-0.00837378216773408,-0.00837378216773408,-0.00742297397757963,-0.00742297397757963,-0.003599273360023741,-0.003599273360023741,-0.009033220061294133,-0.009033220061294133,-0.003599273360023741,-0.003599273360023741,-0.003599273360023741
2025-01-20,-0.0032412102089693215,-0.0032412102089693215,-0.0032412102089693215,0.0,-0.0032412102089693215,-0.0049499289316305975,-0.0049499289316305975,-0.004953114899867248,-0.004953114899867248,-0.0032412102089693215,-0.0032412102089693215,-0.005805232046418749,-0.005805232046418749,-0.0032412102089693215,-0.0032412102089693215,-0.0032412102089693215
2025-01-21,-0.0012497068494862636,-0.0012497068494862636,-0.0012497068494862636,0.0,-0.0012497068494862636,-0.0003997037652612792,-0.0003997037652612792,-0.00573042161750169,-0.00573042161750169,-0.0012497068494862636,-0.0012497068494862636,-0.002750439345267866,-0.002750439345267866,-0.0012497068494862636,-0.0012497068494862636,-0.0012497068494862636
2025-01-22,0.0006947224757794614,0.0006947224757794614,0.0006947224757794614,0.0,0.0006947224757794614,-0.0012018519369180855,-0.0012018519369180855,-0.01046305136236155,-0.01046305136236155,0.0006947224757794614,0.0006947224757794614,-0.005527838716842917,-0.005527838716842917,0.0006947224757794614,0.0006947224757794614,0.0006947224757794614
2025-01-23,0.007291820365604272,0.007291820365604272,0.007291820365604272,0.0,0.007291820365604272,0.007222123640187767,0.007222123640187767,0.00707521727140994,0.00707521727140994,0.007291820365604272,0.007291820365604272,0.008828719600029195,0.008828719600029195,0.007291820365604272,0.007291820365604272,0.007291820365604272
2025-01-24,0.0032631927490568676,0.0032631927490568676,0.0032631927490568676,0.0,0.0032631927490568676,0.004824112237645744,0.004824112237645744,-0.0037414992023686194,-0.0037414992023686194,0.0032631927490568676,0.0032631927490568676,0.0008814749803101512,0.0008814749803101512,0.0032631927490568676,0.0032631927490568676,0.0032631927490568676
2025-01-27,-0.0020973270434950383,-0.0020973270434950383,-0.0020973270434950383,0.0,-0.0020973270434950383,-0.008683681648719813,-0.008683681648719813,-0.006875092923677198,-0.006875092923677198,-0.0020973270434950383,-0.0020973270434950383,-0.009823976176283578,-0.009823976176283578,-0.0020973270434950383,-0.0020973270434950383,-0.0020973270434950383
2025-01-28,0.007535197646494345,0.007535197646494345,0.007535197646494345,0.0,0.007535197646494345,0.005500449190790572,0.005500449190790572,0.013512978859319716,0.013512978859319716,0.007535197646494345,0.007535197646494345,0.010222422557932926,0.010222422557932926,0.007535197646494345,0.007535197646494345,0.007535197646494345
2025-01-29,0.00611021246101852,0.00611021246101852,0.00611021246101852,0.0,0.00611021246101852,0.010013770795931243,0.010013770795931243,0.008361968275679598,0.008361968275679598,0.00611021246101852,0.00611021246101852,0.011229023155823449,0.011229023155823449,0.00611021246101852,0.00611021246101852,0.00611021246101852
2025-01-30,-0.007982152634201514,-0.007982152634201514,-0.007982152634201514,0.0,-0.007982152634201514,-0.007884603320786908,-0.007884603320786908,-0.003425732893415829,-0.003425732893415829,-0.007982152634201514,-0.007982152634201514,-0.006725509283715115,-0.006725509283715115,-0.007982152634201514,-0.007982152634201514,-0.007982152634201514
2025-01-31,0.010415729576447994,0.010415729576447994,0.010415729576447994,0.0,0.010415729576447994,0.0060347944215475265,0.0060347944215475265,0.005816583003092228,0.005816583003092228,0.010415729576447994,0.010415729576447994,0.006649698874119618,0.006649698874119618,0.010415729576447994,0.010415729576447994,0.010415729576447994
2025-02-03,0.004371063884824457,0.004371063884824457,0.004371063884824457,-0.0006377742234230402,0.004371063884824457,0.0036173687003832103,0.0036173687003832103,0.014058771264657295,0.014058771264657295,0.004371063884824457,0.004371063884824457,0.009578049460222084,0.009578049460222084,0.004496427338455313,0.004496427338455313,0.004496427338455313
2025-02-04,0.00010712766193742137,0.00010712766193742137,0.00010712766193742137,5.3563830968710686e-05,0.00010712766193742137,0.008934107980949658,0.008934107980949658,-0.0023846845723354488,-0.0023846845723354488,0.00010712766193742137,0.00010712766193742137,0.004189870152594924,0.004189870152594924,0.00010712766193742137,0.00010712766193742137,0.00010712766193742137
2025-02-05,-0.0003458939726115268,-0.0003458939726115268,-0.0003458939726115268,-0.0001729469863057634,-0.0003458939726115268,-0.010529594668041948,-0.010529594668041948,-0.010665038624118928,-0.010665038624118928,-0.0003458939726115268,-0.0003458939726115268,-0.012183312016290635,-0.012183312016290635,-0.0003458939726115268,-0.0003458939726115268,-0.0003458939726115268
2025-02-06,0.000388544494980024,0.000388544494980024,0.000388544494980024,0.000194272247490012,0.000388544494980024,0.0034129504900013187,0.0034129504900013187,0.00938483470895348,0.00938483470895348,0.000388544494980024,0.000388544494980024,0.00695429377510119,0.00695429377510119,0.000388544494980024,0.000388544494980024,0.000388544494980024
2025-02-07,0.0025296034746523357,0.0025296034746523357,0.0025296034746523357,0.0012648017373261679,0.0025296034746523357,0.0030562091101720918,0.0030562091101720918,-0.0028674442402173254,-0.0028674442402173254,0.0025296034746523357,0.0025296034746523357,0.0006487682047901331,0.0006487682047901331,0.0025296034746523357,0.0025296034746523357,0.0025296034746523357
2025-02-10,0.000673754982405436,0.000673754982405436,0.000673754982405436,0.000336877491202718,0.000673754982405436,-0.0009403307297060799,-0.0009403307297060799,0.0035596433039179233,0.0035596433039179233,0.000673754982405436,0.000673754982405436,0.0015915666389530645,0.0015915666389530645,0.000673754982405436,0.000673754982405436,0.000673754982405436
2025-02-11,-0.001066359137094254,-0.001066359137094254,-0.001066359137094254,-0.000533179568547127,-0.001066359137094254,-0.0011819106548123788,-0.0011819106548123788,0.000986360139437052,0.000986360139437052,-0.001066359137094254,-0.001066359137094254,-0.0004595560373780146,-0.0004595560373780146,-0.001066359137094254,-0.001066359137094254,-0.001066359137094254
2025-02-12,0.0033759563594861243,0.0033759563594861243,0.0033759563594861243,0.0016879781797430621,0.0033759563594861243,0.0013110798645937557,0.0013110798645937557,-0.0034377885101625296,-0.0034377885101625296,0.0033759563594861243,0.0033759563594861243,-0.0012936657226435622,-0.0012936657226435622,0.0033759563594861243,0.0033759563594861243,0.0033759563594861243
2025-02-13,-0.0020138191027755693,-0.0020138191027755693,-0.0020138191027755693,-0.0010069095513877847,-0.0020138191027755693,-0.004365396978302579,-0.004365396978302579,-0.0020449656127284306,-0.0020449656127284306,-0.0020138191027755693,-0.0020138191027755693,-0.004071482738433817,-0.004071482738433817,-0.0020138191027755693,-0.0020138191027755693,-0.0020138191027755693
2025-02-14,0.0006046972933134382,0.0006046972933134382,0.0006046972933134382,0.0003023486466567191,0.0006046972933134382,0.0033963457610165764,0.0033963457610165764,-0.009420677485881105,-0.009420677485881105,0.0006046972933134382,0.0006046972933134382,-0.002465249464649347,-0.002465249464649347,0.0006046972933134382,0.0006046972933134382,0.0006046972933134382
2025-02-17,0.005163404877348948,0.005163404877348948,0.005163404877348948,0.002581702438674474,0.005163404877348948,0.0022987671295213543,0.0022987671295213543,0.0030342801900183364,0.0030342801900183364,0.005163404877348948,0.005163404877348948,0.002945260866418965,0.002945260866418965,0.005163404877348948,0.005163404877348948,0.005163404877348948
2025-02-18,-0.00018922024299408854,-0.00018922024299408854,-0.00018922024299408854,-9.461012149704427e-05,-0.00018922024299408854,0.00390719338633132,0.00390719338633132,0.004161322871130946,0.004161322871130946,-0.00018922024299408854,-0.00018922024299408854,0.005243433820187391,0.005243433820187391,-0.00018922024299408854,-0.00018922024299408854,-0.00018922024299408854
2025-02-19,-0.0025807334315848924,-0.0025807334315848924,-0.0025807334315848924,-0.0012903667157924462,-0.0025807334315848924,-0.001110250024446013,-0.001110250024446013,0.0021886021220628668,0.0021886021220628668,-0.0025807334315848924,-0.0025807334315848924,0.0003315490061125457,0.0003315490061125457,-0.0025807334315848924,-0.0025807334315848924,-0.0025807334315848924
2025-02-20,0.0011459751580073854,0.0011459751580073854,0.0011459751580073854,0.0005729875790036927,0.0011459751580073854,-0.0025003507014495913,-0.0025003507014495913,-0.002763976182282397,-0.002763976182282397,0.0011459751580073854,0.0011459751580073854,-0.002607594716234578,-0.002607594716234578,0.0011459751580073854,0.0011459751580073854,0.0011459751580073854
2025-02-21,-0.0023778328153073796,-0.0023778328153073796,-0.0023778328153073796,-0.0011889164076536898,-0.0023778328153073796,-0.0010372734740319973,-0.0010372734740319973,-0.003084733755723593,-0.003084733755723593,-0.0023778328153073796,-0.0023778328153073796,-0.00217515805080064,-0.00217515805080064,-0.0023778328153073796,-0.0023778328153073796,-0.0023778328153073796
2025-02-24,-0.003308867778747997,-0.003308867778747997,-0.003308867778747997,-0.0016544338893739986,-0.003308867778747997,-0.0073187787601166066,-0.0073187787601166066,-0.003647611008643633,-0.003647611008643633,-0.003308867778747997,-0.003308867778747997,-0.005827952400046916,-0.005827952400046916,-0.003308867778747997,-0.003308867778747997,-0.003308867778747997
2025-02-25,-0.0056511606492742564,-0.0056511606492742564,-0.0056511606492742564,-0.0028255803246371282,-0.0056511606492742564,-0.006163727662959646,-0.006163727662959646,-0.004908094548423581,-0.004908094548423581,-0.0056511606492742564,-0.0056511606492742564,-0.008149426627687383,-0.008149426627687383,-0.0056511606492742564,-0.0056511606492742564,-0.0056511606492742564
2025-02-26,0.005270586552873291,0.005270586552873291,0.005270586552873291,0.0026352932764366456,0.005270586552873291,0.004500820186600596,0.004500820186600596,0.005213231576313261,0.005213231576313261,0.005270586552873291,0.005270586552873291,0.005494797599636549,0.005494797599636549,0.005270586552873291,0.005270586552873291,0.005270586552873291
2025-02-27,-0.0018180365146193925,-0.0018180365146193925,-0.0018180365146193925,-0.0009090182573096963,-0.0018180365146193925,0.0012924634234327877,0.0012924634234327877,0.005170482839931898,0.005170482839931898,-0.0018180365146193925,-0.0018180365146193925,0.0032206853942241907,0.0032206853942241907,-0.0018180365146193925,-0.0018180365146193925,-0.0018180365146193925
2025-02-28,0.004796645915298775,0.004796645915298775,0.004796645915298775,0.0023983229576493873,0.004796645915298775,0.00905149941722313,0.00905149941722313,0.012914176247828136,0.012914176247828136,0.004796645915298775,0.004796645915298775,0.01143055714206169,0.01143055714206169,0.004796645915298775,0.004796645915298775,0.004796645915298775
2025-03-03,-0.006533408559760243,-0.006533408559760243,-0.006533408559760243,-0.0032667042798801213,-0.006533408559760243,-0.006809831774539541,-0.006809831774539541,5.1439587635520966e-05,5.1439587635520966e-05,-0.006533408559760243,-0.006533408559760243,-0.004753322169300784,-0.004753322169300784,-0.0062117506992662285,-0.0062117506992662285,-0.0062117506992662285
2025-03-04,-0.0011199420377459547,-0.0011199420377459547,-0.0011199420377459547,-0.0005599710188729773,-0.0011199420377459547,-0.014870117857065317,-0.014870117857065317,-0.011576328995312744,-0.011576328995312744,-0.0011199420377459547,-0.0011199420377459547,-0.01606731843471674,-0.01606731843471674,-0.0011199420377459547,-0.0011199420377459547,-0.0011199420377459547
2025-03-05,-0.0024914660728063438,-0.0024914660728063438,-0.0036893708033114143,-0.0012457330364031719,-0.0024914660728063438,-0.0027683867457189847,-0.0027683867457189847,-0.008995671897104785,-0.008995671897104785,-0.0024914660728063438,-0.0024914660728063438,-0.006962699885009284,-0.006962699885009284,-0.0024914660728063438,-0.0024914660728063438,-0.0024914660728063438
2025-03-06,0.01724338110890844,0.01724338110890844,0.0041910548041766025,0.00862169055445422,0.01724338110890844,0.013538492274130842,0.013538492274130842,0.00045415779850918646,0.00045415779850918646,0.01724338110890844,0.01724338110890844,0.007019236537336495,0.007019236537336495,0.01724338110890844,0.01724338110890844,0.00431084527722711
2025-03-07,-0.0029451523959275415,-0.0029451523959275415,-0.0010769650017269582,-0.0014725761979637708,-0.0029451523959275415,-0.0013639165115087054,-0.0013639165115087054,-0.004437493677182202,-0.004437493677182202,-0.0029451523959275415,-0.0029451523959275415,-0.0038785749333487126,-0.0038785749333487126,-0.0029451523959275415,-0.0029451523959275415,-0.0009571745286764511
2025-03-10,0.0011375949033756933,0.0011375949033756933,0.00033524748829977014,0.0005687974516878466,0.0011375949033756933,0.007159479056005211,0.007159479056005211,0.004131438591703687,0.004131438591703687,0.0011375949033756933,0.0011375949033756933,0.005002064899736333,0.005002064899736333,0.0011375949033756933,0.0011375949033756933,0.0004550379613502771
2025-03-11,-0.005954337645259399,-0.005954337645259399,-0.003067891327599229,-0.0029771688226296997,-0.005954337645259399,-0.010427993144690978,-0.010427993144690978,-0.00695178501709392,-0.00695178501709392,-0.005954337645259399,-0.005954337645259399,-0.010464765932929753,-0.010464765932929753,-0.005954337645259399,-0.005954337645259399,-0.0028283103814982146
2025-03-12,-0.0014195486189624252,-0.0014195486189624252,-0.0012599136326313623,-0.0007097743094812126,-0.0014195486189624252,0.0029450126308458455,0.0029450126308458455,0.0037355145380873383,0.0037355145380873383,-0.0014195486189624252,-0.0014195486189624252,0.004619364260999317,0.004619364260999317,-0.0014195486189624252,-0.0014195486189624252,-0.000780751740429334
2025-03-13,0.005767049050385168,0.004569144319880097,0.001321971789545785,0.0024842229483575604,0.004569144319880097,0.008739638079089807,0.007159930295057609,0.01056029200122441,0.008494336193514251,0.005767049050385168,0.004569144319880097,0.011512759636662219,0.00950511252855462,0.005767049050385168,0.005767049050385168,0.001441762262596292
2025-03-14,0.007375524003279568,0.001724090527769385,0.0022772548280153527,0.0018039508431363896,0.001724090527769385,0.004286983572225096,0.0009137751146530541,-0.006481584592143902,-0.0018269917288069916,0.007375524003279568,0.001724090527769385,-0.0012079352481622712,-0.0005027485228513277,0.007375524003279568,0.001843881000819892,0.0023970453010658597
2025-03-17,0.004063520658212723,0.0012008537408686282,0.0015056177902345823,0.0010775380233249967,0.0012008537408686282,0.005498363356049812,0.001628997312312969,0.0026449977149503477,0.0006530286765878468,0.004063520658212723,0.0012008537408686282,0.00485103636875746,0.0013758221090354147,0.004063520658212723,0.0013206442139191352,0.0016254082632850893
2025-03-18,0.006016237178987022,0.002286704398544302,0.0027379221869683287,0.0017649409960126042,0.002286704398544302,-0.0027468060622606967,-0.0012566932033074981,0.0007842613147715021,0.00010710894513758548,0.006016237178987022,0.002286704398544302,-0.001578500264180435,-0.000832164816482934,0.006016237178987022,0.002406494871594809,0.0028577126600188357
2025-03-19,0.0039083269865813,0.0017366648455756106,0.0020297893695692083,0.0012302761129554204,0.0017366648455756106,0.00873160364356705,0.0039895409522911285,-0.030715650976597886,-0.01479652979465501,0.0039083269865813,0.0017366648455756106,-0.011104795841092346,-0.005475542735329625,0.0039083269865813,0.0018564553186261178,0.0021495798426197153
2025-03-20,0.009940446675832939,0.00534745519865761,0.00609298869934508,0.0034392261788580266,0.00534745519865761,0.0025632833571488205,0.0012518350680286317,0.010039984132719736,0.0053153956922248405,0.009940446675832939,0.00534745519865761,0.0063983054423516605,0.003318303282482654,0.009940446675832939,0.005467245671708117,0.006212779172395587
2025-03-21,-0.01123426948193838,-0.0071412088992619934,-0.00798377911040737,-0.004252781213410394,-0.0071412088992619934,-0.007758246351680659,-0.005006874748203632,-0.002318789711420054,-0.0016558391504085496,-0.01123426948193838,-0.0071412088992619934,-0.00571632022466618,-0.003773464851227122,-0.01123426948193838,-0.007021418426211486,-0.007863988637356864
2025-03-24,-0.003534402857730568,-0.0025938724734619043,-0.002858952687791697,-0.0014536913007757294,-0.0025938724734619043,-0.0017548737305258459,-0.001386382389771312,0.00044698948988918376,0.00010629706215141248,-0.003534402857730568,-0.0025938724734619043,-0.0005945473049052672,-0.0006169478242444469,-0.003534402857730568,-0.0024740820004113973,-0.00273916221474119
2025-03-25,0.0031479255271103703,0.0023198518104600298,0.0025559462249933073,0.0012979381913384048,0.0023198518104600298,0.005318744344788351,0.003964056088807753,0.0013555534835887713,0.0008439583690102815,0.0031479255271103703,0.0023198518104600298,0.00355875904282598,0.002557273547379376,0.0031479255271103703,0.0024396422835105368,0.0026757366980438143
2025-03-26,0.0007418274663069882,0.000510762873310433,0.000566399933283457,0.00029389220215464233,0.000510762873310433,0.0012888634858498555,0.0009375631845691574,0.004900548931511184,0.003958871011013491,0.0007418274663069882,0.000510762873310433,0.003892434495587984,0.0031078046104390258,0.0007418274663069882,0.00063055334636094,0.000686190406333964
2025-03-27,-0.005009573973041913,-0.004753646398114277,-0.005009573973041913,-0.002419477794878411,-0.004753646398114277,-0.007108327104800879,-0.006733173350344033,0.0017526797176654941,0.0014146331580695655,-0.005009573973041913,-0.004753646398114277,-0.003425062457259673,-0.0033689474837759583,-0.005009573973041913,-0.00463385592506377,-0.005009573973041913
2025-03-28,0.0018049744153528383,0.0018049744153528383,0.0018049744153528383,0.0009024872076764191,0.0018049744153528383,-0.0025758541860823264,-0.0025758541860823264,-0.000620700747677182,-0.000620700747677182,0.0018049744153528383,0.0018049744153528383,-0.0020712541555376615,-0.0020712541555376615,0.0018049744153528383,0.0018049744153528383,0.0018049744153528383
2025-03-31,0.001578788733895078,0.001578788733895078,0.001578788733895078,0.000789394366947539,0.001578788733895078,-4.067681669174105e-05,-4.067681669174105e-05,0.004111052765824264,0.004111052765824264,0.001578788733895078,0.001578788733895078,0.0012806634361052704,0.0012806634361052704,0.001578788733895078,0.001578788733895078,0.001578788733895078
2025-04-01,0.007767817152536285,0.007767817152536285,0.007767817152536285,0.0038839085762681423,0.007767817152536285,0.0019468733859796476,0.0019468733859796476,0.0029747154812446467,0.0029747154812446467,0.007767817152536285,0.007767817152536285,0.0035239521420634473,0.0035239521420634473,0.007791636220330589,0.007791636220330589,0.007791636220330589
2025-04-02,0.0018033992675464908,0.0018033992675464908,0.0018033992675464908,0.0009016996337732454,0.0018033992675464908,0.0030803224006546483,0.0030803224006546483,0.001994402013971562,0.001994402013971562,0.0018033992675464908,0.0018033992675464908,0.0024270772702270622,0.0024270772702270622,0.0018033992675464908,0.0018033992675464908,0.0018033992675464908
2025-04-03,0.002796424887410173,0.002796424887410173,0.002796424887410173,0.0013982124437050866,0.002796424887410173,0.0005420772124175481,0.0005420772124175481,-0.011504590628134656,-0.011504590628134656,0.002796424887410173,0.002796424887410173,-0.011676556972372666,-0.011676556972372666,0.002796424887410173,0.002796424887410173,0.002796424887410173
2025-04-04,-0.019558089156243942,-0.019558089156243942,-0.019558089156243942,-0.009779044578121971,-0.019558089156243942,-0.014313230965779085,-0.014313230965779085,-0.005882809243825457,-0.005882809243825457,-0.019558089156243942,-0.019558089156243942,-0.005777708161986059,-0.005777708161986059,-0.019558089156243942,-0.019558089156243942,-0.019558089156243942
2025-04-07,-0.009723833638004395,-0.009723833638004395,-0.012155371700705993,-0.004861916819002198,-0.009723833638004395,-0.006222776256869922,-0.006222776256869922,0.0027548622741011197,0.0027548622741011197,-0.009723833638004395,-0.009723833638004395,0.0019200371047424104,0.0019200371047424104,-0.009723833638004395,-0.009723833638004395,-0.009723833638004395
2025-04-08,0.009073654604140884,0.009073654604140884,0.002268413651035221,0.004536827302070442,0.009073654604140884,0.008705795834269135,0.008705795834269135,0.007753538171033999,0.007753538171033999,0.009073654604140884,0.009073654604140884,0.0073246770762576624,0.0073246770762576624,0.009073654604140884,0.009073654604140884,0.002268413651035221
2025-04-09,-0.02650174840050086,-0.02650174840050086,-0.006868590906395375,-0.01325087420025043,-0.02650174840050086,-0.029200622171376558,-0.029200622171376558,-0.02377525420782075,-0.02377525420782075,-0.02650174840050086,-0.02650174840050086,-0.0247673944330632,-0.0247673944330632,-0.02650174840050086,-0.02650174840050086,-0.006625437100125215
2025-04-10,0.015735671221636036,0.015735671221636036,0.004870939340761552,0.007867835610818018,0.015735671221636036,0.016790775160195753,0.016790775160195753,0.009993994478026905,0.009993994478026905,0.015735671221636036,0.015735671221636036,0.011123491316253285,0.011123491316253285,0.015735671221636036,0.015735671221636036,0.005114093147031712
2025-04-11,-0.009670795545361363,-0.009670795545361363,-0.004111472024414705,-0.0048353977726806815,-0.009670795545361363,-0.01217510215627851,-0.01217510215627851,-0.02173581699694159,-0.02173581699694159,-0.009670795545361363,-0.009670795545361363,-0.021270184277717652,-0.021270184277717652,-0.009670795545361363,-0.009670795545361363,-0.0038683182181445458
2025-04-14,-0.007235207772546874,-0.007235207772546874,-0.003679877498229925,-0.003617603886273437,-0.007235207772546874,-0.0028728399014153715,-0.0028728399014153715,-0.003943276893345453,-0.003943276893345453,-0.007235207772546874,-0.007235207772546874,-0.0037256119033929522,-0.0037256119033929522,-0.007235207772546874,-0.007235207772546874,-0.003436723691959765
2025-04-15,0.0029964191057971616,0.0029964191057971616,0.0014048767019182796,0.0014982095528985808,0.0029964191057971616,0.007158305867488855,0.007158305867488855,0.0068057455891385125,0.0068057455891385125,0.0029964191057971616,0.0029964191057971616,0.006852348084335333,0.006852348084335333,0.0029964191057971616,0.0029964191057971616,0.001648030508188439
2025-04-16,-0.008118558900753973,-0.008118558900753973,-0.005317253119241392,-0.004059279450376986,-0.008118558900753973,-0.004903860401409154,-0.004903860401409154,-0.005435963821543208,-0.005435963821543208,-0.008118558900753973,-0.008118558900753973,-0.005355119520120979,-0.005355119520120979,-0.008118558900753973,-0.008118558900753973,-0.005074099312971232
2025-04-17,-0.001906097931719669,-0.001906097931719669,-0.001577422358473928,-0.0009530489658598345,-0.001906097931719669,-0.000962330018234194,-0.000962330018234194,0.00041648191716935176,0.00041648191716935176,-0.001906097931719669,-0.001906097931719669,0.00032067550996045286,0.00032067550996045286,-0.001906097931719669,-0.001906097931719669,-0.0013342685522037682
2025-04-18,0.0,0.0,-0.0002431538062701595,0.0,0.0,0.0,0.0,0.0,0.0,0.0,0.0,0.0,0.0,0.0,0.0,0.0
2025-04-21,0.0,0.0,-0.00024315380627016036,0.0,0.0,0.0,0.0,0.0,0.0,0.0,0.0,0.0,0.0,0.0,0.0,0.0
2025-04-22,0.017105030554054226,0.014673492491352629,0.01557899945623,0.007742002589459914,0.014673492491352629,0.014834418885896266,0.011742074886360525,0.006315687035414054,0.0023223236264703047,0.017105030554054226,0.014673492491352629,0.006388853949507547,0.0024484097488341417,0.017105030554054226,0.017105030554054226,0.01582215326250016
2025-04-23,0.011376757868459444,0.0026010356608447012,0.011376757868459444,0.002763138198358141,0.0026010356608447012,0.013246354680575926,0.003002354270190407,0.011576969576881077,0.0024949060533258943,0.011376757868459444,0.0026010356608447012,0.012122266689654746,0.0026365222523463457,0.011376757868459444,0.002844189467114861,0.011376757868459444
2025-04-24,0.01063260092718335,0.003212441495064429,0.01063260092718335,0.002842913986218701,0.003212441495064429,0.00695331819673342,0.0019505940139847879,0.007403893996876202,0.0020069292080903906,0.01063260092718335,0.003212441495064429,0.006992905029315662,0.0018786497144602495,0.01063260092718335,0.003455595301334589,0.01063260092718335
2025-04-25,0.002747562315398384,0.0009774480230242738,0.002747562315398384,0.0007837430602411551,0.0009774480230242738,0.0013454018300790628,0.00038354353205483825,0.0005763666222377529,3.087847844791383e-05,0.002747562315398384,0.0009774480230242738,0.0004765791134015444,-6.390564673052347e-06,0.002747562315398384,0.0010990249261593537,0.002747562315398384
2025-04-28,0.0015841795023498815,0.0006309083604811138,0.0015841795023498815,0.00047433270388535186,0.0006309083604811138,0.004624081281535394,0.0020418214087525245,0.0049641479966151345,0.0021583021279450018,0.0015841795023498815,0.0006309083604811138,0.004864397873542592,0.002113566779899061,0.0015841795023498815,0.0007524852636161938,0.0015841795023498815
2025-04-29,0.0010837906415635092,0.0004745079497248503,0.0010837906415635092,0.00033880109016886837,0.0004745079497248503,-0.0027572208652004195,-0.0016710886758370181,-0.0031375452408412487,-0.0019253180529098738,0.0010837906415635092,0.0004745079497248503,-0.002965177438918691,-0.0018278698014389508,0.0010837906415635092,0.00059608485285993,0.0010837906415635092
2025-04-30,-0.0006894463843059037,-0.0005524808933262701,-0.0006894463843059037,-0.000299068028493074,-0.0005524808933262701,0.001314098931223983,0.0006666946320382028,0.00038578574929833565,4.144792286427278e-05,-0.0006894463843059037,-0.0005524808933262701,0.0009652361516328482,0.00040625038473685976,-0.0006894463843059037,-0.00043090399019119017,-0.0006894463843059037
2025-05-01,-0.00039677023707716287,-0.00018592003059972128,-0.00039677023707716287,-0.00030038758194059824,-0.00018592003059972128,-0.0004268888986230109,-0.0001860761510851019,-0.00035949457897715086,-0.00016903398180053277,-0.00039677023707716287,-0.00018592003059972128,-0.0004159824054560322,-0.0001652759141065869,0.0,0.0,0.0
2025-05-02,-0.01639934093624007,-0.012801308360940346,-0.01639934093624007,-0.012801308360940346,-0.012801308360940346,-0.014493468448356566,-0.0113550385800564,-0.011743042216363256,-0.009273563794705423,-0.01639934093624007,-0.012801308360940346,-0.01201662280634739,-0.009478706204543696,-0.01639934093624007,-0.012709489225586054,-0.01639934093624007
2025-05-05,-0.009075404241017597,-0.007805912740219251,-0.009075404241017597,-0.007805912740219251,-0.007805912740219251,-0.005140008708861915,-0.004491607935112689,-0.0055369528877964955,-0.0048791160316509225,-0.009075404241017597,-0.007805912740219251,-0.004958392147581257,-0.004380456855068537,-0.009075404241017597,-0.0077140936048649585,-0.009075404241017597
2025-05-06,-0.0013108770413117156,-0.00130438039856763,-0.0013108770413117156,-0.00130438039856763,-0.00130438039856763,-0.002286841693506882,-0.0022379290990739266,0.0012685426314575686,0.001000695857074349,-0.0013108770413117156,-0.00130438039856763,0.00038326259519821894,0.00018869437093388446,-0.0013108770413117156,-0.0012125612632133374,-0.0013108770413117156
2025-05-07,0.0044726156431182575,0.0044726156431182575,0.0044726156431182575,0.0044726156431182575,0.0044726156431182575,0.004281939412075617,0.004281939412075617,0.0022106461081519424,0.0022106461081519424,0.0044726156431182575,0.0044726156431182575,0.0023138265250615825,0.0023138265250615825,0.0044726156431182575,0.0044726156431182575,0.0044726156431182575
2025-05-08,-0.0012557824111175775,-0.0012557824111175775,-0.0012557824111175775,-0.0012557824111175775,-0.0012557824111175775,0.0026364862228698887,0.0026364862228698887,0.0058764439081037635,0.0058764439081037635,-0.0012557824111175775,-0.0012557824111175775,0.005311435473027527,0.005311435473027527,-0.0012557824111175775,-0.0012557824111175775,-0.0012557824111175775
2025-05-09,0.010628801518161575,0.010628801518161575,0.010628801518161575,0.010628801518161575,0.010628801518161575,0.007031471764684447,0.007031471764684447,0.005888916232875402,0.005888916232875402,0.010628801518161575,0.010628801518161575,0.006689384585688484,0.006689384585688484,0.010628801518161575,0.010628801518161575,0.010628801518161575
2025-05-12,0.00661980429064757,0.00661980429064757,0.00661980429064757,0.00661980429064757,0.00661980429064757,0.009181778952555255,0.009181778952555255,0.014984273478769773,0.014984273478769773,0.00661980429064757,0.00661980429064757,0.014109067795305238,0.014109067795305238,0.00661980429064757,0.00661980429064757,0.00661980429064757
2025-05-13,0.0034130325778528826,0.0034130325778528826,0.0034130325778528826,0.0034130325778528826,0.0034130325778528826,0.0024139133823549226,0.0024139133823549226,0.002426147047037784,0.002426147047037784,0.0034130325778528826,0.0034130325778528826,0.0021901017486299587,0.0021901017486299587,0.0034130325778528826,0.0034130325778528826,0.0034130325778528826
2025-05-14,-0.00558642935359441,-0.00558642935359441,-0.00558642935359441,-0.00558642935359441,-0.00558642935359441,-0.0045457863777200605,-0.0045457863777200605,-0.008772823654789177,-0.008772823654789177,-0.00558642935359441,-0.00558642935359441,-0.007655068491628384,-0.007655068491628384,-0.00558642935359441,-0.00558642935359441,-0.00558642935359441
2025-05-15,-0.0013549803876865872,-0.0013549803876865872,-0.0013549803876865872,-0.0013549803876865872,-0.0013549803876865872,0.000882815181964593,0.000882815181964593,0.0034036119210175027,0.0034036119210175027,-0.0013549803876865872,-0.0013549803876865872,0.0029646830877908792,0.0029646830877908792,-0.0013549803876865872,-0.0013549803876865872,-0.0013549803876865872
2025-05-16,-0.006693010179035517,-0.007611201532578445,-0.006693010179035517,-0.007611201532578445,-0.007611201532578445,-0.006310809443427733,-0.007536814769228345,-0.005723836988684955,-0.007450897758923966,-0.006693010179035517,-0.007611201532578445,-0.006099478701829189,-0.007757713998073868,-0.006693010179035517,-0.006693010179035517,-0.006693010179035517
2025-05-19,-0.0013441408379176586,-0.00042785434483370735,-0.0013441408379176586,-0.00042785434483370735,-0.00042785434483370735,-0.001969094065533924,-0.0006148740489635423,-0.004288235067229395,-0.0012447648438312499,-0.0013441408379176586,-0.00042785434483370735,-0.004005572505489559,-0.0011672166559968575,-0.0013441408379176586,-0.00033603520947941465,-0.0013441408379176586
2025-05-20,0.005624781858549621,0.001736234968674334,0.005624781858549621,0.001736234968674334,0.001736234968674334,0.006953755566071914,0.0021373700263933107,0.006858551375623623,0.002056323120053777,0.005624781858549621,0.001736234968674334,0.007163127960606055,0.0021621930575725,0.005624781858549621,0.0018280541040286268,0.005624781858549621
2025-05-21,-0.011083519801439411,-0.004525227055930058,-0.011083519801439411,-0.004525227055930058,-0.004525227055930058,-0.011716118053169439,-0.004809047753847837,-0.012927610667082319,-0.005343750343856828,-0.011083519801439411,-0.004525227055930058,-0.01286897425323518,-0.00531341323091854,-0.011083519801439411,-0.004433407920575765,-0.011083519801439411
2025-05-22,0.004068942855764863,0.0018409287211340172,0.004068942855764863,0.0018409287211340172,0.0018409287211340172,0.0014204461301154866,0.0005521113792247951,0.002760151357343566,0.0011383658177142929,0.004068942855764863,0.0018409287211340172,0.0025539567331757506,0.0010473059186340138,0.004068942855764863,0.00193274785648831,0.004068942855764863
2025-05-23,-0.009062796192986167,-0.005076357041496685,-0.009062796192986167,-0.005076357041496685,-0.005076357041496685,-0.002837827788596447,-0.0016834058163081077,-0.003130704444841259,-0.0018945935216865936,-0.009062796192986167,-0.005076357041496685,-0.0031532875279189484,-0.00190013166997989,-0.009062796192986167,-0.004984537906142392,-0.009062796192986167
2025-05-26,0.005470834003353631,0.0033274521167417264,0.005470834003353631,0.0033274521167417264,0.0033274521167417264,0.002458343550022479,0.0014138641861839879,-0.000361810493927021,-0.00039883763572828943,0.005470834003353631,0.0033274521167417264,0.0002135659816549086,-3.234479109015054e-05,0.005470834003353631,0.0034192712520960187,0.005470834003353631
2025-05-27,0.0006552313955254174,0.0003668428415134994,0.0006552313955254174,0.0003668428415134994,0.0003668428415134994,0.0003836876165464313,0.0001459807990024403,0.001774093274599201,0.0010691592151955396,0.0006552313955254174,0.0003668428415134994,0.0015366371563745032,0.0009098224798376841,0.0006552313955254174,0.00045866197686779213,0.0006552313955254174
2025-05-28,0.0010906300866699607,0.0007534191818149266,0.0010906300866699607,0.0007534191818149266,0.0007534191818149266,0.0003952696990254511,0.00018373348416466344,0.0016786009547430322,0.0011282096629019493,0.0010906300866699607,0.0007534191818149266,0.0016419200634784285,0.0011066645195713144,0.0010906300866699607,0.0008452383171692194,0.0010906300866699607
2025-05-29,-0.002492433677388774,-0.002210387761134751,-0.002492433677388774,-0.002210387761134751,-0.002210387761134751,-0.0031285290116718416,-0.0027818501925011264,-0.0006286965763674943,-0.0007070981669362716,-0.002492433677388774,-0.002210387761134751,-0.0011367443498375507,-0.0011320562269863863,-0.002492433677388774,-0.002118568625780458,-0.002492433677388774
2025-05-30,0.0024672614131292393,0.0021903976717902542,0.0024672614131292393,0.0021903976717902542,0.0021903976717902542,0.003598386647211043,0.0032059071160901536,-0.00018942017011860544,-0.0003479197343836116,0.0024672614131292393,0.0021903976717902542,0.0003404177527623225,0.0001490628916806811,0.0024672614131292393,0.0022822168071445466,0.0024672614131292393
2025-06-02,-0.001964405448381676,-0.001964405448381676,-0.001964405448381676,-0.001964405448381676,-0.001964405448381676,-0.003977481006767627,-0.003977481006767627,-0.0046207114294760905,-0.0046207114294760905,-0.001964405448381676,-0.001964405448381676,-0.0048829259326914655,-0.0048829259326914655,-0.0019486943469334136,-0.0019486943469334136,-0.0019486943469334136
2025-06-03,0.002071369534527371,0.0011413948548982472,0.002071369534527371,0.0011413948548982472,0.0011413948548982472,0.006676348380835936,0.005063357066290704,0.007673990333880108,0.005824716973086636,0.002071369534527371,0.0011413948548982472,0.007526927506325423,0.005693240207978913,0.002071369534527371,0.002071369534527371,0.002071369534527371
2025-06-04,0.001576960412868444,0.0003012426352541986,0.001576960412868444,0.0003012426352541986,0.0003012426352541986,0.00333333437094819,0.0006720344612825243,0.0011762595157123333,0.00010913754284873616,0.001576960412868444,0.0003012426352541986,0.0015506994047072616,0.0002043061213421645,0.001576960412868444,0.000394240103217111,0.001576960412868444
2025-06-05,-0.00478275374942035,-0.0016473924365245263,-0.00478275374942035,-0.0016473924365245263,-0.0016473924365245263,-0.0023335812463536982,-0.0009197130365194755,-0.005797007872644986,-0.0020689548946889675,-0.00478275374942035,-0.0016473924365245263,-0.00518981839274698,-0.0018700597074774192,-0.00478275374942035,-0.001554394968561614,-0.00478275374942035
2025-06-06,0.0066977397984230806,0.00258609845140632,0.0066977397984230806,0.00258609845140632,0.00258609845140632,0.0055258262398402164,0.0020490313644815636,0.0055010639191750395,0.0020154982315906686,0.0066977397984230806,0.00258609845140632,0.005406550909157348,0.0019792516338282885,0.0066977397984230806,0.0026790959193692325,0.0066977397984230806
2025-06-09,0.001667598784517291,0.0006991119546828007,0.001667598784517291,0.0006991119546828007,0.0006991119546828007,-2.877189811412509e-05,-0.00017496578305873284,0.0012427929309639727,0.0004053993061285398,0.001667598784517291,0.0006991119546828007,0.0013309369196231873,0.00044882630698636286,0.001667598784517291,0.0007921094226457131,0.001667598784517291
2025-06-10,0.004500790418390076,0.0023824372621516297,0.004500790418390076,0.0023824372621516297,0.0023824372621516297,0.003167279585910322,0.0015807046407961547,0.0019008411222844017,0.0008605352811770741,0.004500790418390076,0.0023824372621516297,0.001928586755197752,0.0008773539855241133,0.004500790418390076,0.002475434730114542,0.004500790418390076
2025-06-11,0.0024106874388755747,0.0014136821813343218,0.0024106874388755747,0.0014136821813343218,0.0014136821813343218,-7.411356925760178e-05,-0.0002076201122405244,0.002101448879530047,0.0011284782136269321,0.0024106874388755747,0.0014136821813343218,0.0015298179944425805,0.0007727675166919619,0.0024106874388755747,0.0015066796492972342,0.0024106874388755747
2025-06-12,-0.00498382766022193,-0.004046664169932825,-0.00498382766022193,-0.004046664169932825,-0.003581676830118263,-0.01289944549391754,-0.009997406634469417,-0.016956210892618888,-0.012978911641309305,-0.00498382766022193,-0.004046664169932825,-0.016488520855327687,-0.012642176977737285,-0.00498382766022193,-0.0034886793621553506,-0.00498382766022193
2025-06-13,0.0051262217386928745,0.0012815554346732186,0.0051262217386928745,0.0012815554346732186,0.003321839571746591,0.0023448923797610363,0.0005862230949402591,0.00610379734918281,0.0015259493372957024,0.0051262217386928745,0.0012815554346732186,0.005469151340838052,0.001367287835209513,0.0051262217386928745,0.0012815554346732186,0.0051262217386928745
2025-06-16,-0.0015277082694201984,-0.0003819270673550496,-0.0015277082694201984,-0.0003819270673550496,-0.0003819270673550496,0.002067046174504322,0.0005167615436260805,-0.0015616860229959706,-0.00039042150574899266,-0.0015277082694201984,-0.0003819270673550496,-0.0009410240209464797,-0.00023525600523661993,-0.0015277082694201984,-0.0003819270673550496,-0.0015277082694201984
2025-06-17,0.008101624621776854,0.001932408687481301,0.008101624621776854,0.001932408687481301,0.001932408687481301,0.00714655122872593,0.0016253386757269592,0.006570360926314177,0.0014576628954991971,0.008101624621776854,0.001932408687481301,0.006582863322067698,0.0014623471006822734,0.008101624621776854,0.0020254061554442135,0.008101624621776854
2025-06-18,0.00569409055513318,0.0017575819624553709,0.00569409055513318,0.0017575819624553709,0.0017575819624553709,-0.0017414330511955093,-0.0007272648730930638,0.000805042954802672,7.671162423152143e-05,0.00569409055513318,0.0017575819624553709,0.0003630209842682445,-6.538690994747088e-05,0.00569409055513318,0.0018505794304182832,0.00569409055513318
2025-06-19,0.0009984669731345037,0.00015661927532071356,0.0009984669731345037,0.00015661927532071356,0.00015661927532071356,0.002509053420391266,0.0004659642236432932,0.004065063865535437,0.0008313386303045122,0.0009984669731345037,0.00015661927532071356,0.00384647689504019,0.0007782504939253966,0.0009984669731345037,0.0002496167432836259,0.0009984669731345037
2025-06-20,-0.0048723763566253285,-0.0016765197838661439,-0.0048723763566253285,-0.0016765197838661439,-0.0016765197838661439,-0.004113089405781246,-0.0014980531883334286,-0.005718999025811737,-0.0020436020194681617,-0.0048723763566253285,-0.0016765197838661439,-0.005209230303468159,-0.0018763685784618023,-0.0048723763566253285,-0.0015835223159032315,-0.0048723763566253285
2025-06-23,0.0033357154227136466,0.0012412887011225464,0.0033357154227136466,0.0012412887011225464,0.0012412887011225464,0.0028822830836797058,0.000991614102017359,0.005724691212848661,0.0021049491490601176,0.0033357154227136466,0.0012412887011225464,0.004966011449975901,0.0018030358501557094,0.0033357154227136466,0.0013342861690854588,0.0033357154227136466
2025-06-24,-0.005401917564850068,-0.0026589083112666945,-0.005401917564850068,-0.0026589083112666945,-0.0026589083112666945,-0.0017416482444838656,-0.0009885820475843598,-0.007779171444645044,-0.0038800337722857433,-0.005401917564850068,-0.0026589083112666945,-0.006607224139363578,-0.003321800196032351,-0.005401917564850068,-0.002565910843303782,-0.005401917564850068
2025-06-25,-0.004063128517993008,-0.002327718152859067,-0.004063128517993008,-0.002327718152859067,-0.002327718152859067,-0.005284961033110536,-0.0030680276996653184,-0.0034968142659294495,-0.002108175182340545,-0.004063128517993008,-0.002327718152859067,-0.003884983525410818,-0.0023201096688106005,-0.004063128517993008,-0.0022347206848961545,-0.004063128517993008
2025-06-26,-0.0051762464120775065,-0.003328151475511354,-0.0051762464120775065,-0.003328151475511354,-0.003328151475511354,-0.008968463232120439,-0.005766588651529797,-0.009547014703261403,-0.006151811525617723,-0.0051762464120775065,-0.003328151475511354,-0.00966347224225388,-0.006223038881243326,-0.0051762464120775065,-0.0032351540075484415,-0.0051762464120775065
2025-06-27,0.01062888135844613,0.006882232143134816,0.01062888135844613,0.006882232143134816,0.007347219482949378,0.0065095671956691675,0.003588902248241278,0.002301184728464363,0.0005012652934489714,0.01062888135844613,0.006882232143134816,0.002905901347188447,0.0009339185640240076,0.01062888135844613,0.00744021695091229,0.01062888135844613
2025-06-30,-0.004024881631656796,-0.0010992178758771115,-0.004024881631656796,-0.0010992178758771115,-0.00321228073249693,-0.0027089850590885363,-0.0008385453962266574,0.0005306920046895818,-5.225433490695173e-05,-0.004024881631656796,-0.0010992178758771115,4.252834596407836e-05,-0.00017273664334363132,-0.004024881631656796,-0.001006220407914199,-0.004024881631656796
2025-07-01,0.006630206706442455,0.0021890110671225213,0.006630206706442455,0.0020522355170076276,0.004690325269293334,0.007661879571529697,0.002525007338455099,-0.002849691997451915,-0.0008985981964384174,0.006630206706442455,0.0021890110671225213,-0.0013170784486315327,-0.0003717566855937482,0.006757995968085891,0.0021963486896279145,0.006757995968085891
2025-07-02,-0.002065572469899913,-0.0006538656284986973,-0.002065572469899913,-0.0009288106505461352,0.0,-0.00038794741632331396,-0.00017590455069435706,0.005894719923579586,0.0016933096559233933,-0.002065572469899913,-0.0006538656284986973,0.002341443345058924,0.0006273544398009987,-0.002065572469899913,-0.000619671740969974,-0.002065572469899913
2025-07-03,0.006851168638279567,0.002192435919912136,0.006851168638279567,0.003151723440596624,0.0,0.008469308378986804,0.00269300489737335,0.0015942717562143316,0.00044303199961917566,0.006851168638279567,0.002192435919912136,0.005061634437426011,0.0015699526284467758,0.006851168638279567,0.0022266298074408593,0.006851168638279567
2025-07-04,0.0028831497096144065,0.000974908510836319,0.0028831497096144065,0.0014831506777017536,0.0,-0.0009556826754587199,-0.0003940092622079144,0.000803436111175395,0.0002060963177609061,0.0028831497096144065,0.000974908510836319,-0.00013370532920533608,-0.00012187542893854588,0.0028831497096144065,0.0010091023983650423,0.0028831497096144065
2025-07-07,-0.0010007036256406017,-0.00040945774714394893,-0.0010007036256406017,-0.0007280214286115459,0.0,-0.0027955972553016612,-0.001107869296535485,-0.0006256613293869297,-0.00030972931967058055,-0.0010007036256406017,-0.00040945774714394893,-0.0023068125232058,-0.0009401332599188538,-0.0010007036256406017,-0.0003752638596152255,-0.0010007036256406017
2025-07-08,-0.0008367149510918989,-0.00036887986796548303,-0.0008367149510918989,-0.0006882821283504997,0.0,-0.002205762588906774,-0.0009418253613600719,0.0022023544515639244,0.0008058354594750879,-0.0008367149510918989,-0.00036887986796548303,0.0008840637635313889,0.0002785469416958772,-0.0008367149510918989,-0.0003346859804367597,-0.0008367149510918989
2025-07-09,0.0037519849663857022,0.0015603997231852004,0.0037519849663857022,0.00280520668636275,0.0,0.0011917038234763818,0.0004469537991800999,0.0017033374303538822,0.0006488120867499179,0.0037519849663857022,0.0015603997231852004,0.0012047330034118432,0.00043693296273335496,0.0037519849663857022,0.0015945936107139237,0.0037519849663857022
2025-07-10,-0.019757124143689634,-0.008924899752189058,-0.019757124143689634,-0.01689613718472236,0.0,-0.011730314107735548,-0.005338161674278359,-0.004484078311875182,-0.0020929415614943134,-0.019757124143689634,-0.008924899752189058,-0.009140164235435098,-0.004188152469662473,-0.019757124143689634,-0.008890705864660335,-0.019757124143689634
2025-07-11,0.006672141113019531,0.0031350731411555538,0.006672141113019531,0.006069148866956897,0.0,0.0012061729052817811,0.0005134118042114842,-0.00242745906511532,-0.0012281493770802592,0.006672141113019531,0.0031350731411555538,-0.001891722238669852,-0.0009736466270848586,0.006672141113019531,0.003169267028684277,0.006672141113019531
2025-07-14,0.00362198897669707,0.001810994488348535,0.00362198897669707,0.00362198897669707,0.0,0.005897833843087992,0.002948916921543996,0.005460643748276858,0.002730321874138429,0.00362198897669707,0.001810994488348535,0.006357048862994225,0.0031785244314971126,0.00362198897669707,0.001810994488348535,0.00362198897669707
2025-07-15,-0.0042319306649501905,-0.0021159653324750952,-0.0042319306649501905,-0.0042319306649501905,0.0,-0.00011609157443264834,-5.804578721632417e-05,0.0021876035597194186,0.0010938017798597093,-0.0042319306649501905,-0.0021159653324750952,0.0014306689970217553,0.0007153344985108776,-0.0042319306649501905,-0.0021159653324750952,-0.0042319306649501905
2025-07-16,0.009805400443383367,0.0049027002216916835,0.009805400443383367,0.009805400443383367,0.0,0.008042127799377505,0.004021063899688752,0.006381910146557187,0.0031909550732785934,0.009805400443383367,0.0049027002216916835,0.0066208581815640054,0.0033104290907820027,0.009805400443383367,0.0049027002216916835,0.009805400443383367
2025-07-17,-0.00021300662366556858,-0.00010650331183278429,-0.00021300662366556858,-0.00021300662366556858,0.0,0.0009037326817652225,0.00045186634088261124,0.00449427945241574,0.00224713972620787,-0.00021300662366556858,-0.00010650331183278429,0.0036726868272968583,0.0018363434136484291,-0.00021300662366556858,-0.00010650331183278429,-0.00021300662366556858
2025-07-18,0.0015848312891752572,0.0007924156445876286,0.0015848312891752572,0.0015848312891752572,0.0,0.003264116012851284,0.001632058006425642,-0.001506832629467349,-0.0007534163147336745,0.0015848312891752572,0.0007924156445876286,0.0013630879552680281,0.0006815439776340141,0.0015848312891752572,0.0007924156445876286,0.0015848312891752572
2025-07-21,-0.006900928505717536,-0.003450464252858768,-0.006900928505717536,-0.006900928505717536,0.0,-0.007259324781056697,-0.0036296623905283485,-0.0020441085115579104,-0.0010220542557789552,-0.006900928505717536,-0.003450464252858768,-0.0038308489142923454,-0.0019154244571461727,-0.006900928505717536,-0.003450464252858768,-0.006900928505717536
2025-07-22,0.0032223233232217536,0.0016111616616108768,0.0032223233232217536,0.0032223233232217536,0.0,0.008019031536129196,0.004009515768064598,0.0021217689951496745,0.0010608844975748372,0.0032223233232217536,0.0016111616616108768,0.004347629170821716,0.002173814585410858,0.0032223233232217536,0.0016111616616108768,0.0032223233232217536
2025-07-23,-0.004728191754880866,-0.002364095877440433,-0.004728191754880866,-0.004728191754880866,0.0,-0.004626411985239654,-0.002313205992619827,-0.003192431595981056,-0.001596215797990528,-0.004728191754880866,-0.002364095877440433,-0.0035457469846649796,-0.0017728734923324898,-0.004728191754880866,-0.002364095877440433,-0.004728191754880866
2025-07-24,0.003336165074802656,0.001668082537401328,0.003336165074802656,0.003336165074802656,0.0,-0.00030131429196689273,-0.00015065714598344636,-0.0012561584472706433,-0.0006280792236353217,0.003336165074802656,0.001668082537401328,-0.0011234396925629965,-0.0005617198462814982,0.003336165074802656,0.001668082537401328,0.003336165074802656
2025-07-25,0.006020789470867884,0.003010394735433942,0.006020789470867884,0.006020789470867884,0.0,0.0009440337903734858,0.0004720168951867429,0.0032710580731749508,0.0016355290365874754,0.006020789470867884,0.003010394735433942,0.001993765661530585,0.0009968828307652924,0.006020789470867884,0.003010394735433942,0.006020789470867884
2025-07-28,-0.004458137042741074,-0.0025710073966577706,-0.004458137042741074,-0.0054839536686027745,0.0,-0.0027108231124614085,-0.0019506148142043281,0.004611734601661831,0.0015548040893260944,-0.004458137042741074,-0.0025710073966577706,0.0012167091394901645,-0.00014243106742170032,-0.004458137042741074,-0.002229068521370537,-0.004458137042741074
2025-07-29,0.0028007158647350974,0.000665985078655051,0.0028007158647350974,0.0005975973035976043,0.0,0.008352416056105254,0.002028583688228951,0.006894933217542271,0.0016486269832350856,0.0028007158647350974,0.000665985078655051,0.005643294543654468,0.0013357450721969387,0.0028007158647350974,0.0007001789661837743,0.0028007158647350974
2025-07-30,-0.0037404536858849985,-0.0010628186511470981,-0.0037404536858849985,-0.0013182291104987945,0.0,-0.0007306400337046921,-0.00026044633506615273,0.00037909932283838616,2.9145992630074118e-05,-0.0037404536858849985,-0.0010628186511470981,0.0008653134269377368,0.0001628826286911993,-0.0037404536858849985,-0.0010286247636183748,-0.0037404536858849985
2025-07-31,0.005980666315904544,0.0017600060072426398,0.005980666315904544,0.0022896848637756475,0.0,0.000831480602144516,0.00018992385484599165,0.007181204161210592,0.0020792549272126955,0.005980666315904544,0.0017600060072426398,0.0040626399286416166,0.0011437134148758066,0.005980666315904544,0.0017941998947713631,0.005980666315904544
2025-08-01,0.00020627185853431434,-0.0002471469338805999,0.00020627185853431434,-4.9375870972097634e-05,-0.0004887326700732809,-0.004667538371616738,-0.0020909320477142416,-0.0010747133314671757,-0.000867277233119526,0.00020627185853431434,-0.0002471469338805999,-0.003915211032214733,-0.0019110419125334377,0.00023489541473761116,7.634100978972367e-05,0.00023489541473761116
2025-08-04,0.0008051485927573522,0.00033810329671512596,0.0008051485927573522,0.00024689253103126727,0.00024689253103126727,0.0025563829490856584,0.001213628890260743,-0.010386198286964052,-0.005916919068136115,0.0008051485927573522,0.00033810329671512596,-0.005843481881227875,-0.003436133673315625,0.0008051485927573522,0.0004428317260165432,0.0008051485927573522
2025-08-05,0.005913852271976548,0.003591429240683925,0.004866567978962374,0.0021827851255574,0.0021827851255574,0.0062740541387678395,0.0037289021049935313,0.0067549004077093865,0.004017302744512479,0.005913852271976548,0.003591429240683925,0.007177387421183089,0.004263648499599137,0.005913852271976548,0.0036961576699853426,0.005913852271976548
2025-08-06,0.0008471541914553966,0.00048827950471736035,0.0001070601185624318,0.00030395220014835304,0.00030395220014835304,0.005560159464563409,0.003699729893458016,-0.0010643077850304638,-0.000949525459827212,0.0008471541914553966,0.00048827950471736035,0.0010438034391827148,0.0005084437687876058,0.0008471541914553966,0.0005930079340187778,0.00021178854786384915
2025-08-07,0.0037372856786300084,0.00279166797163684,0.0011098894162533356,0.0015534369369839482,0.0015534369369839482,0.001342059402826537,0.0008477143054541988,-0.0024049688961233708,-0.0020683609048014985,0.0037372856786300084,0.00279166797163684,-0.0009012737279462657,-0.0009207057777986505,0.0037372856786300084,0.0028963964009382573,0.001214617845554753
2025-08-08,0.008138283312587667,0.006812812386398101,0.00315058489573365,0.003627318014230645,0.003627318014230645,0.005928623454469462,0.004846948204562675,0.001257636043685157,0.0008644806268264965,0.008138283312587667,0.006812812386398101,0.0025098297869873927,0.0019111366802989885,0.008138283312587667,0.006917540815699518,0.0032553133250350676
2025-08-11,-0.0014318525537319322,-0.001429192041503455,-0.0007848583923240854,-0.0007150394394564737,-0.0007150394394564737,-0.0014096074833316792,-0.0014962686538181717,0.003181452057220151,0.0027383331426227534,-0.0014318525537319322,-0.001429192041503455,0.0019065213219159535,0.0015413135841319623,-0.0014318525537319322,-0.0013244636122020379,-0.0006801299630226679
2025-08-12,0.0005341964928809248,0.0005341964928809248,0.0001890796417830914,0.0002670982464404624,0.0002670982464404624,0.004567305457617159,0.004567305457617159,0.0031507718811650313,0.0031507718811650313,0.0005341964928809248,0.0005341964928809248,0.0040806962646372106,0.0040806962646372106,0.0005341964928809248,0.0005341964928809248,0.0002938080710845086
2025-08-13,0.0005417330267655073,0.0005417330267655073,0.0002338547124270254,0.00027086651338275366,0.00027086651338275366,0.002041733292601159,0.002041733292601159,-0.00568847779739123,-0.00568847779739123,0.0005417330267655073,0.0005417330267655073,-0.0029559357383777828,-0.0029559357383777828,0.0005417330267655073,0.0005417330267655073,0.0003385831417284427
2025-08-14,0.0032931598038208184,0.0032931598038208184,0.002200483433373155,0.0016465799019104092,0.0016465799019104092,0.001736362817462138,0.001736362817462138,0.0034071495885296403,0.0034071495885296403,0.0032931598038208184,0.0032931598038208184,0.0026884432884076983,0.0026884432884076983,0.0032931598038208184,0.0032931598038208184,0.0023052118626745726
2025-08-15,0.0013771527776561987,0.0013771527776561987,0.0009625649733821368,0.0006885763888280994,0.0006885763888280994,0.0007373498875969085,0.0007373498875969085,7.742666760398881e-06,7.742666760398881e-06,0.0013771527776561987,0.0013771527776561987,0.0002974989155390081,0.0002974989155390081,0.0013771527776561987,0.0013771527776561987,0.001067293402683554
2025-08-18,-0.0019312662844404613,-0.0019312662844404613,-0.0017463047710758095,-0.0009656331422202306,-0.0009656331422202306,-0.003201568931616318,-0.003201568931616318,0.0007865769910239549,0.0007865769910239549,-0.0019312662844404613,-0.0019312662844404613,-0.0004320830479416718,-0.0004320830479416718,-0.0019312662844404613,-0.0019312662844404613,-0.001641576341774392
2025-08-19,-0.002630489534183053,-0.002630489534183053,-0.0025379312484207417,-0.0013152447670915265,-0.0013152447670915265,-0.0036984864063863724,-0.0036984864063863724,-0.0006089601267345428,-0.0006089601267345428,-0.002630489534183053,-0.002630489534183053,-0.002253268426042168,-0.002253268426042168,-0.002630489534183053,-0.002630489534183053,-0.002433202819119324
2025-08-20,-7.640628286900361e-05,-7.640628286900361e-05,-7.640628286900361e-05,-3.8203141434501806e-05,-3.8203141434501806e-05,-0.0010180745957336966,-0.0010180745957336966,0.004141857014952072,0.004141857014952072,-7.640628286900361e-05,-7.640628286900361e-05,0.0021217463817103923,0.0021217463817103923,-7.640628286900361e-05,-7.640628286900361e-05,-7.640628286900361e-05
2025-08-21,-1.7185174771098356e-05,-1.7185174771098356e-05,-1.7185174771098356e-05,-8.592587385549178e-06,-8.592587385549178e-06,0.0013124030579538557,0.0013124030579538557,0.002851582597188919,0.002851582597188919,-1.7185174771098356e-05,-1.7185174771098356e-05,0.002836005550234475,0.002836005550234475,-1.7185174771098356e-05,-1.7185174771098356e-05,-1.7185174771098356e-05
2025-08-22,-0.0013704319664850089,-0.0013704319664850089,-0.0013704319664850089,-0.0006852159832425044,-0.0006852159832425044,0.005426050964920038,0.005426050964920038,0.006573529509976708,0.006573529509976708,-0.0013704319664850089,-0.0013704319664850089,0.007618449881109519,0.007618449881109519,-0.0013704319664850089,-0.0013704319664850089,-0.0013704319664850089
2025-08-25,0.0036068325182301553,0.0036068325182301553,0.0036068325182301553,0.0018034162591150777,0.0018034162591150777,0.00054967747747918,0.00054967747747918,-0.006862959646462779,-0.006862959646462779,0.0036068325182301553,0.0036068325182301553,-0.00502175020132673,-0.00502175020132673,0.0036068325182301553,0.0036068325182301553,0.0036068325182301553
2025-08-26,0.007098198295573311,0.007098198295573311,0.007098198295573311,0.0035490991477866553,0.0035490991477866553,0.0051302237725036745,0.0051302237725036745,0.005939450950546005,0.005939450950546005,0.007098198295573311,0.007098198295573311,0.0061304735791999606,0.0061304735791999606,0.007098198295573311,0.007098198295573311,0.007098198295573311
2025-08-27,-0.0023687356074671975,-0.0023687356074671975,-0.0023687356074671975,-0.0011843678037335987,-0.0011843678037335987,-0.0015135183444446108,-0.0015135183444446108,0.005256038819322861,0.005256038819322861,-0.0023687356074671975,-0.0023687356074671975,0.002910555670973111,0.002910555670973111,-0.0023687356074671975,-0.0023687356074671975,-0.0023687356074671975
2025-08-28,-0.0017686551146289305,-0.0017686551146289305,-0.0017686551146289305,-0.0008843275573144653,-0.0008843275573144653,-0.0024206559255397315,-0.0024206559255397315,-0.006222726102603016,-0.006222726102603016,-0.0017686551146289305,-0.0017686551146289305,-0.0047832169477741,-0.0047832169477741,-0.0017686551146289305,-0.0017686551146289305,-0.0017686551146289305
2025-08-29,0.000980265999636252,0.000980265999636252,0.000980265999636252,0.000490132999818126,0.000490132999818126,-0.0014789254113172527,-0.0014789254113172527,-0.0010345754012388761,-0.0010345754012388761,0.000980265999636252,0.000980265999636252,-0.0025232226895567835,-0.0025232226895567835,0.000980265999636252,0.000980265999636252,0.000980265999636252
2025-09-01,0.0006098384606126902,0.0006098384606126902,0.0006098384606126902,0.0003049192303063451,0.0003049192303063451,0.001122449402524638,0.001122449402524638,-0.0020993513660757467,-0.0020993513660757467,0.0006098384606126902,0.0006098384606126902,-0.0015162275411882385,-0.0015162275411882385,0.000980590603144599,0.000980590603144599,0.000980590603144599
2025-09-02,-0.005886534381232364,-0.005886534381232364,-0.005886534381232364,-0.002943267190616182,-0.002943267190616182,-0.004864607383172278,-0.004864607383172278,0.0060063008478138035,0.0060063008478138035,-0.005886534381232364,-0.005886534381232364,0.002541591743188552,0.002541591743188552,-0.005886534381232364,-0.005886534381232364,-0.005886534381232364
2025-09-03,9.232000935990078e-05,9.232000935990078e-05,9.232000935990078e-05,4.616000467995039e-05,4.616000467995039e-05,0.0015603531064702345,0.0015603531064702345,-0.001469835159732565,-0.001469835159732565,9.232000935990078e-05,9.232000935990078e-05,0.00023759268084037237,0.00023759268084037237,9.232000935990078e-05,9.232000935990078e-05,9.232000935990078e-05
2025-09-04,0.0019631826909388144,0.0019631826909388144,0.0019631826909388144,0.0009815913454694072,0.0009815913454694072,-0.005231723333262266,-0.005231723333262266,0.0010098531458499747,0.0010098531458499747,0.0019631826909388144,0.0019631826909388144,-0.0020266072135666155,-0.0020266072135666155,0.0019631826909388144,0.0019631826909388144,0.0019631826909388144
2025-09-05,0.004357607678175112,0.004357607678175112,0.004357607678175112,0.002178803839087556,0.002178803839087556,0.005880206096400405,0.005880206096400405,-0.001664921818919429,-0.001664921818919429,0.004357607678175112,0.004357607678175112,0.001073555073677869,0.001073555073677869,0.004357607678175112,0.004357607678175112,0.004357607678175112
2025-09-08,0.0017681741975402751,0.0017681741975402751,0.0017681741975402751,0.0008840870987701376,0.0008840870987701376,0.003724859702667782,0.003724859702667782,-0.0032254403988080205,-0.0032254403988080205,0.0017681741975402751,0.0017681741975402751,-0.0010340571679932809,-0.0010340571679932809,0.0017681741975402751,0.0017681741975402751,0.0017681741975402751
2025-09-09,-0.0027913061102898614,-0.0027913061102898614,-0.0027913061102898614,-0.0013956530551449307,-0.0013956530551449307,0.0013714353305286134,0.0013714353305286134,-8.663185661681962e-05,-8.663185661681962e-05,-0.0027913061102898614,-0.0027913061102898614,-0.0001206067807628399,-0.0001206067807628399,-0.0027913061102898614,-0.0027913061102898614,-0.0027913061102898614
2025-09-10,0.0001683128455870317,0.0001683128455870317,0.0001683128455870317,8.415642279351585e-05,8.415642279351585e-05,0.0006171320795532052,0.0006171320795532052,0.006301071946260882,0.006301071946260882,0.0001683128455870317,0.0001683128455870317,0.005182527378130588,0.005182527378130588,0.0001683128455870317,0.0001683128455870317,0.0001683128455870317
2025-09-11,0.0053248049885113195,0.0053248049885113195,0.0053248049885113195,0.0026624024942556597,0.0026624024942556597,0.007461340052713639,0.007461340052713639,0.005655961908414833,0.005655961908414833,0.0053248049885113195,0.0053248049885113195,0.007251124326151369,0.007251124326151369,0.0053248049885113195,0.0053248049885113195,0.0053248049885113195
2025-09-12,0.0027778082460278245,0.0027778082460278245,0.0027778082460278245,0.0013889041230139123,0.0013889041230139123,0.005842140911415407,0.005842140911415407,-0.003105482181855822,-0.003105482181855822,0.0027778082460278245,0.0027778082460278245,-2.314399957255135e-05,-2.314399957255135e-05,0.0027778082460278245,0.0027778082460278245,0.0027778082460278245
2025-09-15,0.008470669673867596,0.008470669673867596,0.008470669673867596,0.004235334836933798,0.004235334836933798,0.005851158560792111,0.005851158560792111,0.001569046027181228,0.001569046027181228,0.008470669673867596,0.008470669673867596,0.00407103703630381,0.00407103703630381,0.008470669673867596,0.008470669673867596,0.008470669673867596
2025-09-16,0.0007748463808761206,0.0007748463808761206,0.0007748463808761206,0.0003874231904380603,0.0003874231904380603,-0.00334975765269303,-0.00334975765269303,-0.0038131332129052453,-0.0038131332129052453,0.0007748463808761206,0.0007748463808761206,-0.004125734219054824,-0.004125734219054824,0.0007748463808761206,0.0007748463808761206,0.0007748463808761206
2025-09-17,0.0001726250700774903,0.0001726250700774903,0.0001726250700774903,8.631253503874514e-05,8.631253503874514e-05,-0.0027549450051816637,-0.0027549450051816637,-0.0017834071619733719,-0.0017834071619733719,0.0001726250700774903,0.0001726250700774903,-0.0026146756700214965,-0.0026146756700214965,0.0001726250700774903,0.0001726250700774903,0.0001726250700774903
2025-09-18,0.00971624630627478,0.00971624630627478,0.00971624630627478,0.00485812315313739,0.00485812315313739,0.011882096892143427,0.011882096892143427,0.007122336979899871,0.007122336979899871,0.00971624630627478,0.00971624630627478,0.009673285868892427,0.009673285868892427,0.00971624630627478,0.00971624630627478,0.00971624630627478
2025-09-19,-0.0018633163436524956,-0.0018633163436524956,-0.0018633163436524956,-0.0009316581718262478,-0.0009316581718262478,0.003645496261938605,0.003645496261938605,0.008062536980096848,0.008062536980096848,-0.0018633163436524956,-0.0018633163436524956,0.0067129892361642565,0.0067129892361642565,-0.0018633163436524956,-0.0018633163436524956,-0.0018633163436524956
2025-09-22,-0.0058254497048459575,-0.0058254497048459575,-0.0058254497048459575,-0.0029127248524229788,-0.0029127248524229788,-0.005151063841685193,-0.005151063841685193,-0.005047668493421216,-0.005047668493421216,-0.0058254497048459575,-0.0058254497048459575,-0.006051105919518577,-0.006051105919518577,-0.0058254497048459575,-0.0058254497048459575,-0.0058254497048459575
2025-09-23,0.0030666894391710225,0.0030666894391710225,0.0030666894391710225,0.0015333447195855113,0.0015333447195855113,0.00046607358009049474,0.00046607358009049474,0.00031397702623665847,0.00031397702623665847,0.0030666894391710225,0.0030666894391710225,-1.16520237668095e-05,-1.16520237668095e-05,0.0030666894391710225,0.0030666894391710225,0.0030666894391710225
2025-09-24,0.010913911542233814,0.010913911542233814,0.010913911542233814,0.005456955771116907,0.005456955771116907,0.015502579181633959,0.015502579181633959,0.010166943670094896,0.010166943670094896,0.010913911542233814,0.010913911542233814,0.014503091483534914,0.014503091483534914,0.010913911542233814,0.010913911542233814,0.010913911542233814
2025-09-25,-0.0007011407679144736,-0.0007011407679144736,-0.0007011407679144736,-0.0003505703839572368,-0.0003505703839572368,-0.0025017446652012237,-0.0025017446652012237,0.0020332035959260367,0.0020332035959260367,-0.0007011407679144736,-0.0007011407679144736,3.697012403746421e-05,3.697012403746421e-05,-0.0007011407679144736,-0.0007011407679144736,-0.0007011407679144736
2025-09-26,-0.002545056984799225,-0.002545056984799225,-0.002545056984799225,-0.0012725284923996126,-0.0012725284923996126,-0.0009615484399717465,-0.0009615484399717465,0.0056448662554229815,0.0056448662554229815,-0.002545056984799225,-0.002545056984799225,0.0037524044073508705,0.0037524044073508705,-0.002545056984799225,-0.002545056984799225,-0.002545056984799225
2025-09-29,-0.00023713372359555895,-0.00023713372359555895,-0.00023713372359555895,-0.00011856686179777948,-0.00011856686179777948,0.003577763466018534,0.003577763466018534,-0.0031078519199350834,-0.0031078519199350834,-0.00023713372359555895,-0.00023713372359555895,-0.0004322002986966466,-0.0004322002986966466,-0.00023713372359555895,-0.00023713372359555895,-0.00023713372359555895
2025-09-30,0.00415705738098919,0.00415705738098919,0.00415705738098919,0.002078528690494595,0.002078528690494595,0.0031059672129458227,0.0031059672129458227,0.002189054567372087,0.002189054567372087,0.00415705738098919,0.00415705738098919,0.002980565482789619,0.002980565482789619,0.00415705738098919,0.00415705738098919,0.00415705738098919
2025-10-01,0.00228817385717724,0.00228817385717724,0.00228817385717724,0.00114408692858862,0.0001371587522520717,0.005125012504982827,0.005125012504982827,0.000429718886468236,0.000429718886468236,0.00228817385717724,0.00228817385717724,0.0020777813193854433,0.0020777813193854433,0.0025348990099661965,0.0025348990099661965,0.0025348990099661965
2025-10-02,-0.0025647486519554366,-0.004075140916460259,-0.0025647486519554366,-0.0017858384141459923,-0.004075140916460259,-0.004524101626587626,-0.006957476727121624,-0.0028620171911126436,-0.005702639454563419,-0.0025647486519554366,-0.004075140916460259,-0.003856347497847686,-0.006939978133944466,-0.0025647486519554366,-0.0025647486519554366,-0.0025647486519554366
2025-10-03,-0.0019322073006588975,-0.0006340910516152067,-0.0019322073006588975,-0.0005333982339815519,-0.0006340910516152067,-0.003579028586357312,-0.0011380946566427277,-0.0012947935727044275,-0.0006077606195211845,-0.0019322073006588975,-0.0006340910516152067,-0.0044631271717176235,-0.001424144856539084,-0.0019322073006588975,-0.0004830518251647244,-0.0019322073006588975
2025-10-06,0.005033714318419187,0.0014849179270357534,0.005033714318419187,0.001333925028748449,0.0014849179270357534,0.007899989386105104,0.002324159040430759,0.010573004871970711,0.003152164357045404,0.005033714318419187,0.0014849179270357534,0.010832087947759124,0.0032120655194120373,0.005033714318419187,0.0016359571534862356,0.005033714318419187
2025-10-07,0.0038277284040944457,0.0013800521351872964,0.0038277284040944457,0.0010979721124115061,0.0013800521351872964,0.00646532980634476,0.0023427944124845045,0.0024273845639806,0.0006868915992471628,0.0038277284040944457,0.0013800521351872964,0.003990474289031664,0.0012878266520029882,0.0038277284040944457,0.0015310913616377784,0.0038277284040944457
2025-10-08,0.002955665305229337,0.0012529017935334532,0.002955665305229337,0.0009102448153827075,0.0012529017935334532,0.005483008921522843,0.002361091727669951,0.009743720911845517,0.004344205206781542,0.002955665305229337,0.0012529017935334532,0.008158641126413827,0.00356699147143689,0.002955665305229337,0.0014039410199839356,0.002955665305229337
2025-10-09,0.002124397147741737,0.0010173792048074736,0.002124397147741737,0.0006931925928927803,0.0010173792048074736,0.007429552037323228,0.0038429161104743766,0.0003599025614536718,-8.611581754555762e-05,0.002124397147741737,0.0010173792048074736,0.0034160239046788655,0.0015704500839636981,0.002124397147741737,0.0011684184312579556,0.002124397147741737
2025-10-10,-0.005247875952332939,-0.003430961696658569,-0.005247875952332939,-0.0020182998909416792,-0.003430961696658569,-0.005961521351931818,-0.003969288355010786,-0.0006721631174631074,-0.0007041641747595195,-0.005247875952332939,-0.003430961696658569,-0.00480929810481114,-0.00331417437911664,-0.005247875952332939,-0.003279922470208087,-0.005247875952332939
2025-10-13,-0.015034340062423771,-0.010675077270147122,-0.015034340062423771,-0.006064082433786336,-0.010675077270147122,-0.01807011004807873,-0.01289241454370851,0.00022162366591084058,-0.000128925660207489,-0.015034340062423771,-0.010675077270147122,-0.011495787838583535,-0.008355414550618152,-0.015034340062423771,-0.01052403804369664,-0.015034340062423771
2025-10-14,0.0010606565740486308,0.0006709696184372068,-0.0004497356904561917,0.00040043263515384065,0.0006709696184372068,-0.0023305476077641702,-0.0020495119060706312,0.004162873828798612,0.002942164990973847,0.0010606565740486308,0.0006709696184372068,0.0002771078571694695,-9.36044743033382e-05,0.0010606565740486308,0.0008220088448876888,0.0010606565740486308
2025-10-15,-0.0007663718765564516,-0.000802455321523466,-0.0003426321955895952,-0.0003952137532672304,-0.000802455321523466,2.541163563857425e-05,-0.00022173761976061371,-0.0050251086675738976,-0.004555404593782892,-0.0007663718765564516,-0.000802455321523466,-0.0006983360242684457,-0.000901948684237858,-0.0007663718765564516,-0.0006514160950729835,-0.0001915929691391129
2025-10-16,-0.0006413716334329311,-0.0007443079873759428,-0.0003594850073161847,-0.00035499793469746945,-0.0007443079873759428,-0.0031091243976481835,-0.003119277577877969,-0.0006124512908434678,-0.0008505796703752847,-0.0006413716334329311,-0.0007443079873759428,-0.00020936272691114352,-0.0005020235860024856,-0.0006413716334329311,-0.0005932687609254608,-0.00020844578086570242
2025-10-17,0.005287511715360909,0.005287511715360909,0.001963965459693882,0.0026437558576804547,0.005287511715360909,-0.0018891631043690038,-0.0018891631043690038,-0.0025681962643733323,-0.0025681962643733323,0.005287511715360909,0.005287511715360909,-0.0023037831027310175,-0.0023037831027310175,0.005287511715360909,0.005287511715360909,0.002115004686144364
2025-10-20,0.007439666254070103,0.007439666254070103,0.0030807237913318517,0.0037198331270350514,0.007439666254070103,0.01083717221704221,0.01083717221704221,0.005197100601660527,0.005197100601660527,0.007439666254070103,0.007439666254070103,0.007883848948153683,0.007883848948153683,0.007439666254070103,0.007439666254070103,0.003533841470683298
2025-10-21,0.00904785770461141,0.00904785770461141,0.00211092519970237,0.004523928852305705,0.00904785770461141,0.008857231525735594,0.008857231525735594,0.010332256053893337,0.010332256053893337,0.00904785770461141,0.00904785770461141,0.011585121312972726,0.011585121312972726,0.00904785770461141,0.00904785770461141,0.0022619644261528526
2025-10-22,0.0021345675600406297,0.0021345675600406297,0.0005426952305627225,0.0010672837800203149,0.0021345675600406297,-0.004534148515779615,-0.004534148515779615,0.0015144075457017643,0.0015144075457017643,0.0021345675600406297,0.0021345675600406297,-0.0013092947542494764,-0.0013092947542494764,0.0021345675600406297,0.0021345675600406297,0.0006937344570132047
2025-10-23,0.006097395439046076,0.006097395439046076,0.002287918949167948,0.003048697719523038,0.006097395439046076,0.010388547368968623,0.010388547368968623,0.0044063291018296615,0.0044063291018296615,0.006097395439046076,0.006097395439046076,0.0076955401176715685,0.0076955401176715685,0.006097395439046076,0.006097395439046076,0.00243895817561843
2025-10-24,-0.0007274546205239947,-0.0007274546205239947,-0.00049658017119938,-0.00036372731026199735,-0.0007274546205239947,0.0006203669564929559,0.0006203669564929559,0.004629950809660648,0.004629950809660648,-0.0007274546205239947,-0.0007274546205239947,0.0025176078337521873,0.0025176078337521873,-0.0007274546205239947,-0.0007274546205239947,-0.00034554094474889747
2025-10-27,-0.0005786221097538484,-0.0005786221097538484,-0.00046928138681509845,-0.0002893110548769242,-0.0005786221097538484,0.003221368241846596,0.003221368241846596,0.0029157702373073476,0.0029157702373073476,-0.0005786221097538484,-0.0005786221097538484,0.005738324498533033,0.005738324498533033,-0.0005786221097538484,-0.0005786221097538484,-0.0003182421603646164
2025-10-28,0.0015660494126750967,0.0015660494126750967,0.0008277416564714535,0.0007830247063375483,0.0015660494126750967,-0.000498314124430839,-0.000498314124430839,0.002161113061120914,0.002161113061120914,0.0015660494126750967,0.0015660494126750967,0.00017616277408372735,0.00017616277408372735,0.0015660494126750967,0.0015660494126750967,0.0009787808829219355
2025-10-29,-0.0033744370511769118,-0.0033744370511769118,-0.0025131451622743208,-0.0016872185255884559,-0.0033744370511769118,0.004287593713537447,0.004287593713537447,-0.00224865159321322,-0.00224865159321322,-0.0033744370511769118,-0.0033744370511769118,0.0015238138039753235,0.0015238138039753235,-0.0033744370511769118,-0.0033744370511769118,-0.0023621059358238383
2025-10-30,0.0004144500340537323,0.0004144500340537323,0.00017015954994115985,0.00020722501702686615,0.0004144500340537323,-0.004689704069650385,-0.004689704069650385,0.010293317260589038,0.010293317260589038,0.0004144500340537323,0.0004144500340537323,0.0025619920610070457,0.0025619920610070457,0.0004144500340537323,0.0004144500340537323,0.0003211987763916419
2025-10-31,-0.002076789633052235,-0.002076789633052235,-0.0019163104145448824,-0.0010383948165261175,-0.002076789633052235,7.560310229667508e-05,7.560310229667508e-05,-0.003644158192109767,-0.003644158192109767,-0.002076789633052235,-0.002076789633052235,-0.0029078330837957102,-0.0029078330837957102,-0.002076789633052235,-0.002076789633052235,-0.0017652711880944
2025-11-03,0.005652923764689006,0.005652923764689006,0.00505722354666212,0.0016815889778430948,0.005652923764689006,0.00895144079720664,0.00895144079720664,0.008472107171463843,0.008472107171463843,0.005652923764689006,0.005652923764689006,0.010861529315621345,0.010861529315621345,0.0059288132210187265,0.0059288132210187265,0.005484152229442322
2025-11-04,0.0024653638557267333,0.0024653638557267333,0.0024653638557267333,0.0024653638557267333,0.0024653638557267333,-0.0034661550190628063,-0.0034661550190628063,0.003862032388317206,0.003862032388317206,0.0024653638557267333,0.0024653638557267333,-0.0011242807265860449,-0.0011242807265860449,0.0024653638557267333,0.0024653638557267333,0.0024653638557267333
2025-11-05,0.0009011245393105564,0.0009011245393105564,0.0009011245393105564,0.0009011245393105564,0.0009011245393105564,0.0020771830275480587,0.0020771830275480587,0.0029158608743812915,0.0029158608743812915,0.0009011245393105564,0.0009011245393105564,0.0017666438545341477,0.0017666438545341477,0.0009011245393105564,0.0009011245393105564,0.0009011245393105564
2025-11-06,0.01529863763884284,0.01529863763884284,0.01529863763884284,0.01529863763884284,0.01529863763884284,0.01138674003124796,0.01138674003124796,0.0026364418428125695,0.0026364418428125695,0.01529863763884284,0.01529863763884284,0.00856803597361533,0.00856803597361533,0.01529863763884284,0.01529863763884284,0.01529863763884284
2025-11-07,0.006125552759254864,0.006125552759254864,0.006125552759254864,0.006125552759254864,0.006125552759254864,0.0013074847451222948,0.0013074847451222948,0.003193511259533688,0.003193511259533688,0.006125552759254864,0.006125552759254864,0.002308441686629051,0.002308441686629051,0.006125552759254864,0.006125552759254864,0.006125552759254864
2025-11-10,0.006846817014993699,0.006846817014993699,0.006846817014993699,0.006846817014993699,0.006846817014993699,0.009007923155628497,0.009007923155628497,0.0025557745833995117,0.0025557745833995117,0.006846817014993699,0.006846817014993699,0.008683251764259865,0.008683251764259865,0.006846817014993699,0.006846817014993699,0.006846817014993699
2025-11-11,0.015017194338450468,0.015017194338450468,0.015017194338450468,0.015017194338450468,0.015017194338450468,0.010439231870732348,0.010439231870732348,0.010408929277216889,0.010408929277216889,0.015017194338450468,0.015017194338450468,0.01236359658193271,0.01236359658193271,0.015017194338450468,0.015017194338450468,0.015017194338450468
2025-11-12,0.005079447711613099,0.005079447711613099,0.005079447711613099,0.005079447711613099,0.005079447711613099,0.008782154820450448,0.008782154820450448,0.005192457005841708,0.005192457005841708,0.005079447711613099,0.005079447711613099,0.00843752783811306,0.00843752783811306,0.005079447711613099,0.005079447711613099,0.005079447711613099
2025-11-13,-0.004358070893972119,-0.004358070893972119,-0.004358070893972119,-0.004358070893972119,-0.004358070893972119,-0.003911692525511257,-0.003911692525511257,-0.0050330415463453355,-0.0050330415463453355,-0.004358070893972119,-0.004358070893972119,-0.005862889209758887,-0.005862889209758887,-0.004358070893972119,-0.004358070893972119,-0.004358070893972119
2025-11-14,-0.01307383826583048,-0.01307383826583048,-0.01307383826583048,-0.01307383826583048,-0.01307383826583048,-0.016213138305401067,-0.016213138305401067,-0.01116505044639594,-0.01116505044639594,-0.01307383826583048,-0.01307383826583048,-0.015053929740292751,-0.015053929740292751,-0.01307383826583048,-0.01307383826583048,-0.01307383826583048
2025-11-17,0.008009226082771553,0.008009226082771553,0.008009226082771553,0.008009226082771553,0.008009226082771553,0.01013073791497634,0.01013073791497634,0.01178119559340244,0.01178119559340244,0.008009226082771553,0.008009226082771553,0.012369282796461236,0.012369282796461236,0.008009226082771553,0.008009226082771553,0.008009226082771553
2025-11-18,-0.0059512233544530245,-0.0059512233544530245,-0.0059512233544530245,-0.0059512233544530245,-0.0059512233544530245,-0.0072000119269296885,-0.0072000119269296885,-0.00025946149684000566,-0.00025946149684000566,-0.0059512233544530245,-0.0059512233544530245,-0.006576991093015043,-0.006576991093015043,-0.0059512233544530245,-0.0059512233544530245,-0.0059512233544530245
2025-11-19,0.003954810202018301,0.003954810202018301,0.003954810202018301,0.003954810202018301,0.003954810202018301,0.003957220419171395,0.003957220419171395,0.0023985511204978865,0.0023985511204978865,0.003954810202018301,0.003954810202018301,0.003961390489677759,0.003961390489677759,0.003954810202018301,0.003954810202018301,0.003954810202018301
2025-11-20,0.004101498711119223,0.004101498711119223,0.004101498711119223,0.004101498711119223,0.004101498711119223,0.004621131328153452,0.004621131328153452,0.008328903012346742,0.008328903012346742,0.004101498711119223,0.004101498711119223,0.006632334301965271,0.006632334301965271,0.004101498711119223,0.004101498711119223,0.004101498711119223
2025-11-21,-0.004228403617253783,-0.004228403617253783,-0.004228403617253783,-0.004228403617253783,-0.004228403617253783,-0.006424279322258007,-0.006424279322258007,-0.0025824524175940195,-0.0025824524175940195,-0.004228403617253783,-0.004228403617253783,-0.007346139234244032,-0.007346139234244032,-0.004228403617253783,-0.004228403617253783,-0.004228403617253783
2025-11-24,-0.0026070639757820317,-0.0026070639757820317,-0.0026070639757820317,-0.0026070639757820317,-0.0026070639757820317,-0.0025533355074002164,-0.0025533355074002164,-0.0011077539740610158,-0.0011077539740610158,-0.0026070639757820317,-0.0026070639757820317,-0.0026940193518210994,-0.0026940193518210994,-0.0026070639757820317,-0.0026070639757820317,-0.0026070639757820317
2025-11-25,-0.0023259613864160004,-0.0023259613864160004,-0.0023259613864160004,-0.0023259613864160004,-0.0023259613864160004,-0.0005479995284531974,-0.0005479995284531974,-0.004899602486629452,-0.004899602486629452,-0.0023259613864160004,-0.0023259613864160004,-0.0020984273162326194,-0.0020984273162326194,-0.0023259613864160004,-0.0023259613864160004,-0.0023259613864160004
2025-11-26,0.0055985045101782155,0.0055985045101782155,0.0055985045101782155,0.0055985045101782155,0.0055985045101782155,0.0072702352924589615,0.0072702352924589615,0.007731855695957073,0.007731855695957073,0.0055985045101782155,0.0055985045101782155,0.008443716198406087,0.008443716198406087,0.0055985045101782155,0.0055985045101782155,0.0055985045101782155
2025-11-27,-0.0027143280098184293,-0.0027143280098184293,-0.0027143280098184293,-0.0027143280098184293,-0.0027143280098184293,-0.0032441652226944044,-0.0032441652226944044,-0.002474136589152052,-0.002474136589152052,-0.0027143280098184293,-0.0027143280098184293,-0.002263243707228681,-0.002263243707228681,-0.0027143280098184293,-0.0027143280098184293,-0.0027143280098184293
2025-11-28,0.008198105689696608,0.008198105689696608,0.008198105689696608,0.008198105689696608,0.008198105689696608,0.010697157388845094,0.010697157388845094,0.007372738273974269,0.007372738273974269,0.008198105689696608,0.008198105689696608,0.009511231570265831,0.009511231570265831,0.008198105689696608,0.008198105689696608,0.008198105689696608
2025-12-01,-0.004708358325985846,-0.004708358325985846,-0.004708358325985846,-0.004708358325985846,-0.004708358325985846,-0.009083219069508326,-0.009083219069508326,-0.006230648918118552,-0.006230648918118552,-0.004708358325985846,-0.004708358325985846,-0.007628814218609699,-0.007628814218609699,-0.004572121757340602,-0.004572121757340602,-0.004572121757340602
2025-12-02,0.000232770469130502,0.000232770469130502,0.000232770469130502,0.000232770469130502,0.000232770469130502,0.002975882816821949,0.002975882816821949,0.007149027234964226,0.007149027234964226,0.000232770469130502,0.000232770469130502,0.0038974846628000532,0.0038974846628000532,0.000232770469130502,0.000232770469130502,0.000232770469130502
2025-12-03,0.006029190750435178,0.006029190750435178,0.006029190750435178,0.006029190750435178,0.006029190750435178,0.00026080819157437546,0.00026080819157437546,-0.0018852939335282776,-0.0018852939335282776,0.006029190750435178,0.006029190750435178,0.0006384935803309831,0.0006384935803309831,0.006029190750435178,0.006029190750435178,0.006029190750435178
2025-12-04,0.008372990673873152,0.008372990673873152,0.008372990673873152,0.008372990673873152,0.008372990673873152,0.009821745475179888,0.009821745475179888,0.010443166580544467,0.010443166580544467,0.008372990673873152,0.008372990673873152,0.011467485827961723,0.011467485827961723,0.008372990673873152,0.008372990673873152,0.008372990673873152
2025-12-05,9.080197151259005e-05,9.080197151259005e-05,9.080197151259005e-05,9.080197151259005e-05,9.080197151259005e-05,0.003919602731971949,0.003919602731971949,0.004596497274142091,0.004596497274142091,9.080197151259005e-05,9.080197151259005e-05,0.005093766196052307,0.005093766196052307,9.080197151259005e-05,9.080197151259005e-05,9.080197151259005e-05
2025-12-08,-0.0253803159832771,-0.0253803159832771,-0.0253803159832771,-0.0253803159832771,-0.0253803159832771,-0.01912332306032577,-0.01912332306032577,-0.006367321070941774,-0.006367321070941774,-0.0253803159832771,-0.0253803159832771,-0.012470210630741448,-0.012470210630741448,-0.0253803159832771,-0.0253803159832771,-0.0253803159832771
2025-12-09,-0.007109957106545309,-0.007109957106545309,-0.007109957106545309,-0.007109957106545309,-0.007109957106545309,-0.008301698076211018,-0.008301698076211018,-0.0016719512584253624,-0.0016719512584253624,-0.007109957106545309,-0.007109957106545309,-0.006567966402337673,-0.006567966402337673,-0.007109957106545309,-0.007109957106545309,-0.007109957106545309
2025-12-10,0.00301539906905095,0.00301539906905095,0.00301539906905095,0.00301539906905095,0.00301539906905095,0.0031084447935517227,0.0031084447935517227,0.0032598863828752823,0.0032598863828752823,0.00301539906905095,0.00301539906905095,0.003730423627148927,0.003730423627148927,0.00301539906905095,0.00301539906905095,0.00301539906905095
2025-12-11,0.003675898006686565,0.003675898006686565,0.003675898006686565,0.003675898006686565,0.003675898006686565,0.0011334686050453575,0.0011334686050453575,-0.001481290115557956,-0.001481290115557956,0.003675898006686565,0.003675898006686565,0.00037839734529167117,0.00037839734529167117,0.003675898006686565,0.003675898006686565,0.003675898006686565
2025-12-12,0.01364637218127045,0.01364637218127045,0.01364637218127045,0.01364637218127045,0.01364637218127045,0.010660375242840118,0.010660375242840118,0.008658131932778361,0.008658131932778361,0.01364637218127045,0.01364637218127045,0.010686917739495849,0.010686917739495849,0.01364637218127045,0.01364637218127045,0.01364637218127045
2025-12-15,-0.005480179483998034,-0.005480179483998034,-0.005480179483998034,-0.005480179483998034,-0.005480179483998034,-0.0012835651373783227,-0.0012835651373783227,-0.002750022531596031,-0.002750022531596031,-0.005480179483998034,-0.005480179483998034,0.0008661535683579776,0.0008661535683579776,-0.005480179483998034,-0.005480179483998034,-0.005480179483998034
2025-12-16,-0.0023090247032326802,-0.0023090247032326802,-0.0023090247032326802,-0.0023090247032326802,-0.0023090247032326802,-0.0027941143837108564,-0.0027941143837108564,0.0009775319231817708,0.0009775319231817708,-0.0023090247032326802,-0.0023090247032326802,-0.0016543785273106545,-0.0016543785273106545,-0.0023090247032326802,-0.0023090247032326802,-0.0023090247032326802
2025-12-17,-0.008873453071336223,-0.008873453071336223,-0.008873453071336223,-0.008873453071336223,-0.008873453071336223,-0.0032914929821765064,-0.0032914929821765064,0.006562491435719494,0.006562491435719494,-0.008873453071336223,-0.008873453071336223,0.0019930696223596674,0.0019930696223596674,-0.008873453071336223,-0.008873453071336223,-0.008873453071336223
2025-12-18,-0.00984675478993686,-0.00984675478993686,-0.00984675478993686,-0.00984675478993686,-0.00984675478993686,-0.009099132647014025,-0.009099132647014025,0.0007875848760540464,0.0007875848760540464,-0.00984675478993686,-0.00984675478993686,-0.0032681890783794166,-0.0032681890783794166,-0.00984675478993686,-0.00984675478993686,-0.00984675478993686
2025-12-19,0.005117298109496469,0.005117298109496469,0.005117298109496469,0.005117298109496469,0.005117298109496469,0.004959293342052449,0.004959293342052449,0.0005695704908227853,0.0005695704908227853,0.005117298109496469,0.005117298109496469,0.0019005757569437905,0.0019005757569437905,0.005117298109496469,0.005117298109496469,0.005117298109496469
2025-12-22,0.0017724812911720453,0.0017724812911720453,0.0017724812911720453,0.0017724812911720453,0.0017724812911720453,0.002979766790397591,0.002979766790397591,0.004633634485750066,0.004633634485750066,0.0017724812911720453,0.0017724812911720453,0.0048329852219739025,0.0048329852219739025,0.0017724812911720453,0.0017724812911720453,0.0017724812911720453
2025-12-23,-0.010312754565652638,-0.010312754565652638,-0.010312754565652638,-0.010312754565652638,-0.010312754565652638,-0.003267389006598957,-0.003267389006598957,-0.0019589670610538805,-0.0019589670610538805,-0.010312754565652638,-0.010312754565652638,-0.004215581343210503,-0.004215581343210503,-0.010312754565652638,-0.010312754565652638,-0.010312754565652638
2025-12-24,-0.010623011662498379,-0.010623011662498379,-0.010623011662498379,-0.010623011662498379,-0.010623011662498379,-0.009315147729993548,-0.009315147729993548,-0.011250051059069947,-0.011250051059069947,-0.010623011662498379,-0.010623011662498379,-0.007180109682796359,-0.007180109682796359,-0.010623011662498379,-0.010623011662498379,-0.010623011662498379
2025-12-25,0.0,0.0,0.0,0.0,0.0,0.0,0.0,0.0,0.0,0.0,0.0,0.0,0.0,0.0,0.0,0.0
2025-12-26,0.0,0.0,0.0,0.0,0.0,0.0,0.0,0.0,0.0,0.0,0.0,0.0,0.0,0.0,0.0,0.0
2025-12-29,-0.0173961450489345,-0.0173961450489345,-0.0173961450489345,-0.0173961450489345,-0.0173961450489345,-0.007408786976434535,-0.007408786976434535,-0.00542284143048474,-0.00542284143048474,-0.0173961450489345,-0.0173961450489345,-0.00760779650677882,-0.00760779650677882,-0.0173961450489345,-0.0173961450489345,-0.0173961450489345
2025-12-30,0.014958707918171093,0.014958707918171093,0.014958707918171093,0.014958707918171093,0.014958707918171093,0.010730732963229931,0.010730732963229931,0.008005894718878139,0.008005894718878139,0.014958707918171093,0.014958707918171093,0.00953747305037873,0.00953747305037873,0.014958707918171093,0.014958707918171093,0.014958707918171093
2025-12-31,0.009493722610246426,0.009493722610246426,0.009493722610246426,0.009493722610246426,0.009493722610246426,0.009777254639586128,0.009777254639586128,0.0021425286176005157,0.0021425286176005157,0.009493722610246426,0.009493722610246426,0.006214045595014332,0.006214045595014332,0.009493722610246426,0.009493722610246426,0.009493722610246426
2026-01-01,-0.00052008114975582,-0.00052008114975582,-0.00052008114975582,-0.00052008114975582,-0.00052008114975582,-0.0003035893891402836,-0.0003035893891402836,-0.0009744849730351404,-0.0009744849730351404,-0.00052008114975582,-0.00052008114975582,-0.0004383287064889026,-0.0004383287064889026,0.0,0.0,0.0
2026-01-02,0.006679881414138508,0.006679881414138508,0.006679881414138508,0.006679881414138508,0.006679881414138508,0.0070787940603323045,0.0070787940603323045,0.0032301085483090793,0.0032301085483090793,0.006679881414138508,0.006679881414138508,0.006005089888453057,0.006005089888453057,0.006679881414138508,0.006679881414138508,0.006679881414138508
2026-01-05,0.0024185504055935485,0.0024185504055935485,0.0024185504055935485,0.0024185504055935485,0.0024185504055935485,0.008514803522585046,0.008514803522585046,0.010485873729746195,0.010485873729746195,0.0024185504055935485,0.0024185504055935485,0.009344604778212313,0.009344604778212313,0.0024185504055935485,0.0024185504055935485,0.0024185504055935485
2026-01-06,0.006521623292864483,0.006521623292864483,0.006521623292864483,0.006521623292864483,0.006521623292864483,0.00463559878787319,0.00463559878787319,0.0065844268378155565,0.0065844268378155565,0.006521623292864483,0.006521623292864483,0.008192578499135397,0.008192578499135397,0.006521623292864483,0.006521623292864483,0.006521623292864483
2026-01-07,0.000920462550458567,0.000920462550458567,0.000920462550458567,0.000920462550458567,0.000920462550458567,0.000545261048261564,0.000545261048261564,0.005947905566081641,0.005947905566081641,0.000920462550458567,0.000920462550458567,0.0038958207753950246,0.0038958207753950246,0.000920462550458567,0.000920462550458567,0.000920462550458567
2026-01-08,0.004770990672150292,0.004770990672150292,0.004770990672150292,0.004770990672150292,0.004770990672150292,7.393526439450414e-05,7.393526439450414e-05,0.008384680817918164,0.008384680817918164,0.004770990672150292,0.004770990672150292,0.004625612859470682,0.004625612859470682,0.004770990672150292,0.004770990672150292,0.004770990672150292
2026-01-09,0.003334390759976462,0.003334390759976462,0.003334390759976462,0.003334390759976462,0.003334390759976462,0.0027285268865408136,0.0027285268865408136,0.007406042571187554,0.007406042571187554,0.003334390759976462,0.003334390759976462,0.005272291897912044,0.005272291897912044,0.003334390759976462,0.003334390759976462,0.003334390759976462
2026-01-12,0.006157316266212024,0.006157316266212024,0.006157316266212024,0.006157316266212024,0.006157316266212024,0.008897477364749254,0.008897477364749254,0.0068740153008994154,0.0068740153008994154,0.006157316266212024,0.006157316266212024,0.009512727266319463,0.009512727266319463,0.006157316266212024,0.006157316266212024,0.006157316266212024
2026-01-13,0.003379105694120652,0.003379105694120652,0.003379105694120652,0.003379105694120652,0.003379105694120652,0.0024667733610708033,0.0024667733610708033,0.0011678214971666944,0.0011678214971666944,0.003379105694120652,0.003379105694120652,-0.0002368379810192482,-0.0002368379810192482,0.003379105694120652,0.003379105694120652,0.003379105694120652
2026-01-14,0.0034356096251937102,0.0022105385572423956,0.0034356096251937102,0.0022105385572423956,0.0022105385572423956,0.006981040687609696,0.004853133193789442,0.005543341638379981,0.001632496746396546,0.0034356096251937102,0.0022105385572423956,0.006523988348915403,0.003332208118683789,0.0034356096251937102,0.0034356096251937102,0.0034356096251937102
2026-01-15,-0.005596375771576715,-0.00152160104968931,-0.005596375771576715,-0.00152160104968931,-0.00152160104968931,-0.0025056217454294304,-0.000839196185739383,0.004173111381075484,0.0006521933560705274,-0.005596375771576715,-0.00152160104968931,0.002223962791570663,0.00023681267486950428,-0.005596375771576715,-0.0013990939428941787,-0.005596375771576715
2026-01-16,0.0043824041954022164,0.0013017742567105887,0.0043824041954022164,0.0013017742567105887,0.0013017742567105887,0.006090516952179647,0.0017666272600763598,0.00286791407997505,0.0005409875867935477,0.0043824041954022164,0.0013017742567105887,0.003319603156528423,0.0007596930028485758,0.0043824041954022164,0.0014242813635057202,0.0043824041954022164
2026-01-19,0.0014221542094072157,0.0004463545769677551,0.0014221542094072157,0.0004463545769677551,0.0004463545769677551,-0.0012269219071296218,-0.0007035595122338739,0.006383584775977293,0.0021623494211925743,0.0014221542094072157,0.0004463545769677551,0.0030111757176465885,0.0008852922640354741,0.0014221542094072157,0.0005688616837628864,0.0014221542094072157
2026-01-20,-0.0010786811809397625,-0.0006348806677415186,-0.0010786811809397625,-0.0006348806677415186,-0.0006348806677415186,-0.008780894605665241,-0.004383715687073015,-0.005153700041207474,-0.002839092008771894,-0.0010786811809397625,-0.0006348806677415186,-0.007217539586786813,-0.0037475093267468978,-0.0010786811809397625,-0.0005123735609463871,-0.0010786811809397625
2026-01-21,6.128154985549517e-05,-8.880225437460929e-05,-0.0011637895180958194,-8.880225437460929e-05,-8.880225437460929e-05,0.006240518585487945,0.0032194944726363453,0.000346533175937724,-0.00020049124243259582,6.128154985549517e-05,-8.880225437460929e-05,0.005316822993662384,0.0026050746234911495,6.128154985549517e-05,3.370485242052204e-05,6.128154985549517e-05
2026-01-22,0.007082739364287594,0.004304204995884615,0.0016481777342767672,0.004304204995884615,0.004304204995884615,0.00792821007175083,0.004742340545462246,0.0064171058953002985,0.0036196066953643434,0.007082739364287594,0.004304204995884615,0.009210483546127721,0.005437374193306665,0.007082739364287594,0.004426712102679746,0.0017706848410718986
2026-01-23,0.005542459835475879,0.003757214778037983,0.001678792339734529,0.003757214778037983,0.003757214778037983,0.004663585865728625,0.003051719356628012,-0.004984859359311523,-0.003880486040716409,0.005542459835475879,0.003757214778037983,9.403618414482902e-05,-0.0002533526941217825,0.005542459835475879,0.003879721884833115,0.0018012994465296606
2026-01-26,-0.011483719554043152,-0.009022389761178574,-0.0047159949284123915,-0.009022389761178574,-0.009022389761178574,-0.01001932085889941,-0.00797776441502907,-0.013361556553178042,-0.010746290817911326,-0.011483719554043152,-0.009022389761178574,-0.011618224171038756,-0.009323301755578198,-0.011483719554043152,-0.008899882654383443,-0.004593487821617261
2026-01-27,0.0014797137082976555,0.0011352495452578756,0.0005803569046462546,0.0011352495452578756,0.0011352495452578756,-0.002254650962991416,-0.0021292440679247316,-0.007312019290718057,-0.006606300886308692,0.0014797137082976555,0.0011352495452578756,-0.0029084160785948303,-0.0027913316898287664,0.0014797137082976555,0.0012577566520530071,0.0007028640114413861
2026-01-28,0.0061751034263649906,0.005589463562592484,0.0032737997777056134,0.005589463562592484,0.005589463562592484,0.007375961333985778,0.006609973484554821,0.005429251465630699,0.004630973116510054,0.0061751034263649906,0.005589463562592484,0.009793876553855153,0.008740157789292853,0.0061751034263649906,0.005711970669387616,0.0033963068845007448
2026-01-29,0.0003225608003851975,0.0003225608003851975,7.909339344561715e-05,0.0003225608003851975,0.0003225608003851975,0.011404119645850655,0.011404119645850655,0.012676840625658709,0.012676840625658709,0.0003225608003851975,0.0003225608003851975,0.014497854632709554,0.014497854632709554,0.0003225608003851975,0.0003225608003851975,0.00020160050024074848
2026-01-30,0.0008415973710175296,0.0008415973710175296,0.00046661105291713814,0.0008415973710175296,0.0008415973710175296,-0.008590656564793037,-0.008590656564793037,-0.0012852551215020575,-0.0012852551215020575,0.0008415973710175296,0.0008415973710175296,-0.008587332059821377,-0.008587332059821377,0.0008415973710175296,0.0008415973710175296,0.0005891181597122699
2026-02-02,0.0004662041705263727,0.0004662041705263727,0.00022296647258974333,0.0004662041705263727,0.0004662041705263727,0.0030729760358895464,0.0030729760358895464,0.0068800737747041285,0.0068800737747041285,0.0004662041705263727,0.0004662041705263727,0.0016261082924341344,0.0016261082924341344,0.0006773328741672292,0.0006773328741672292,0.0005249329774796026
2026-02-03,0.0029101587257044847,0.0029101587257044847,0.0023352931572806165,0.0029101587257044847,0.0029101587257044847,0.009156508088088464,0.009156508088088464,0.004696511127573283,0.004696511127573283,0.0029101587257044847,0.0029101587257044847,0.007194702150010319,0.007194702150010319,0.0029101587257044847,0.0029101587257044847,0.0024736349168488123
2026-02-04,0.006182592293984974,0.006182592293984974,0.005580556112367906,0.006182592293984974,0.006182592293984974,0.0037869511540270726,0.0037869511540270726,0.006844282795102873,0.006844282795102873,0.006182592293984974,0.006182592293984974,0.005720890812175629,0.005720890812175629,0.006182592293984974,0.006182592293984974,0.005718897871936102
2026-02-05,-0.0005757323650554388,-0.0005757323650554388,-0.0005757323650554388,-0.0005757323650554388,-0.0005757323650554388,-0.011167013064587642,-0.011167013064587642,0.0031178593675500327,0.0031178593675500327,-0.0005757323650554388,-0.0005757323650554388,-0.006538332759302507,-0.006538332759302507,-0.0005757323650554388,-0.0005757323650554388,-0.0005757323650554388
2026-02-06,0.005925895196721064,0.005925895196721064,0.005925895196721064,0.005925895196721064,0.005925895196721064,0.006434567878161943,0.006434567878161943,0.0010059986869425087,0.0010059986869425087,0.005925895196721064,0.005925895196721064,0.0036948012112563914,0.0036948012112563914,0.005925895196721064,0.005925895196721064,0.005925895196721064
2026-02-09,0.0048648741541639446,0.0048648741541639446,0.003481456558481988,0.0048648741541639446,0.0048648741541639446,0.0029840371158072008,0.0029840371158072008,-0.002563110864296509,-0.002563110864296509,0.0048648741541639446,0.0048648741541639446,0.0022324611873054366,0.0022324611873054366,0.0048648741541639446,0.0048648741541639446,0.0048648741541639446
2026-02-10,-0.002220582452253904,-0.002220582452253904,-0.0006934873726316716,-0.002220582452253904,-0.002220582452253904,-5.559178065068078e-05,-5.559178065068078e-05,-0.002193518701469063,-0.002193518701469063,-0.002220582452253904,-0.002220582452253904,-0.0013897624836226381,-0.0013897624836226381,-0.002220582452253904,-0.002220582452253904,-0.000555145613063476
2026-02-11,-0.0025807592758942924,-0.0025807592758942924,-0.0009770885242338405,-0.0025807592758942924,-0.0025807592758942924,0.0012339326023708187,0.0012339326023708187,0.0018644094335282715,0.0018644094335282715,-0.0025807592758942924,-0.0025807592758942924,0.002827709817002313,0.002827709817002313,-0.0025807592758942924,-0.0025807592758942924,-0.0008387467646656448
2026-02-12,-0.00592084177269132,-0.00592084177269132,-0.0025066784686447238,-0.00592084177269132,-0.00592084177269132,-0.0018728870025657585,-0.0018728870025657585,0.002122419008198823,0.002122419008198823,-0.00592084177269132,-0.00592084177269132,0.00047598423141705093,0.00047598423141705093,-0.00592084177269132,-0.00592084177269132,-0.002368336709076528
2026-02-13,-0.0020574876384211642,-0.0020574876384211642,-0.0011156483878182492,-0.0020574876384211642,-0.0020574876384211642,-0.007469808060516213,-0.007469808060516213,-0.0029384739800094916,-0.0029384739800094916,-0.0020574876384211642,-0.0020574876384211642,-0.006679825379201175,-0.006679825379201175,-0.0020574876384211642,-0.0020574876384211642,-0.0009773066282500534
2026-02-16,-0.003586184515214119,-0.003586184515214119,-0.002525768521640548,-0.003586184515214119,-0.003586184515214119,0.0014557497327950112,0.0014557497327950112,0.0037629654919065416,0.0037629654919065416,-0.003586184515214119,-0.003586184515214119,0.003250322318476384,0.003250322318476384,-0.003586184515214119,-0.003586184515214119,-0.0019724014833677654
2026-02-17,0.0032037175533026823,0.0032037175533026823,0.000662587628757475,0.0032037175533026823,0.0032037175533026823,-0.0021455446716752632,-0.0021455446716752632,0.003461407474591548,0.003461407474591548,0.0032037175533026823,0.0032037175533026823,-0.0006933478225106711,-0.0006933478225106711,0.0032037175533026823,0.0032037175533026823,0.0008009293883256706
2026-02-18,0.0008329903519329371,0.0008329903519329371,0.00013238010481000885,0.0008329903519329371,0.0008329903519329371,0.003191633036753171,0.003191633036753171,0.0054624734822854,0.0054624734822854,0.0008329903519329371,0.0008329903519329371,0.004710733248808329,0.004710733248808329,0.0008329903519329371,0.0008329903519329371,0.00027072186437820456
2026-02-19,0.000850861901342986,-0.0005325556943389707,0.00020200300096899861,-0.0005325556943389707,-0.0005325556943389707,-0.0014972573348764565,-0.0035542807778246315,0.006647222746766559,0.002887088946995321,0.000850861901342986,-0.0005325556943389707,-6.297642893386473e-06,-0.0029178471434917067,0.000850861901342986,0.000850861901342986,0.0003403447605371942
2026-02-20,0.00395519168980164,0.0008504561628822143,0.0017403742930875831,0.0008504561628822143,0.0008504561628822143,0.00791328601571745,0.001772619159634545,-0.00044310674668302056,-0.0004867900666478789,0.00395519168980164,0.0008504561628822143,0.004522049143320672,0.000839357335770336,0.00395519168980164,0.00098879792245041,0.0018787160526557787
2026-02-23,0.0024007512272084196,0.0006419023892745404,0.0011820714153964345,0.0006419023892745404,0.0006419023892745404,0.0035223863004860754,0.0009390732033631572,-0.002373761639685471,-0.001147485912874902,0.0024007512272084196,0.0006419023892745404,0.0016324058455650422,0.00023937694974880707,0.0024007512272084196,0.0007802441488427361,0.0013204131749646303
2026-02-24,0.0011214158912674357,0.0003102245969387787,0.0005625431724739519,0.0003102245969387787,0.0003102245969387787,0.002031270670695383,0.0006068059239833358,0.003598071439910934,0.00106321519598725,0.0011214158912674357,0.0003102245969387787,0.0025626449509531515,0.0007339030303214289,0.0011214158912674357,0.0004485663565069743,0.0007008849320421474
2026-02-25,-0.0008175829610950255,-0.0005266936660883328,-0.0007106498323347132,-0.0005266936660883328,-0.0005266936660883328,0.00719051812416497,0.003209793764683543,0.00045911481970101285,-0.00015793384061914273,-0.0008175829610950255,-0.0005266936660883328,0.005646038194716727,0.0023907131924306136,-0.0008175829610950255,-0.00038835190652013706,-0.0005723080727665173
2026-02-26,-0.0004757508882786218,-0.00040000474812143777,-0.0005070486979841276,-0.00040000474812143777,-0.00040000474812143777,-0.003137244847200385,-0.001931187010255029,-0.003695485720229166,-0.0024085305261031657,-0.0004757508882786218,-0.00040000474812143777,-0.003337207673953653,-0.002126619170734341,-0.0004757508882786218,-0.00026166298855324205,-0.0003687069384159321
2026-02-27,0.005612005302859977,0.003369161554719291,0.004631862747862785,0.003369161554719291,0.003369161554719291,0.001169102415835046,0.0005249866656020868,0.004946000531571074,0.0027152369522547995,0.005612005302859977,0.003369161554719291,0.0016708799750259082,0.0007531450343313602,0.005612005302859977,0.0035075033142874866,0.004770204507430981
2026-03-02,0.003714816421447125,0.002187473666832201,0.0032649303200681535,0.002187473666832201,0.002187473666832201,0.0024865746603182325,0.0008196945178182045,0.012920154199318211,0.008039654042018278,0.003714816421447125,0.002187473666832201,0.002587111702996206,0.0011207269862050858,0.004153924557477007,0.0029077471902339046,0.003842380215666231
2026-03-03,0.005271429777026598,0.0011465825744862127,0.005271429777026598,0.0011465825744862127,0.0011465825744862127,0.007092818143978833,0.0015427674821184949,0.026752864677482235,0.006368746392123042,0.005271429777026598,0.0011465825744862127,0.01705225653814301,0.003943512704678688,0.005271429777026598,0.0013178574442566494,0.005271429777026598
2026-03-04,-0.0049091634638594546,-0.0017667529955247593,-0.0049091634638594546,-0.0017667529955247593,-0.0017667529955247593,-0.007687344383184356,-0.0027288239784111295,-0.01209855328074208,-0.004251499593488694,-0.0049091634638594546,-0.0017667529955247593,-0.00914715787869656,-0.003292377740433446,-0.0049091634638594546,-0.0015954781257543225,-0.0049091634638594546
2026-03-05,0.0028523824424362505,0.0009696781072040635,0.0028523824424362505,0.0009696781072040635,0.0009696781072040635,-0.0026010147951352957,-0.001270842971930331,0.00980719462604027,0.0036034080731685908,0.0028523824424362505,0.0009696781072040635,0.0021134662470910824,0.0005258350689793692,0.0028523824424362505,0.0011409529769745002,0.0028523824424362505
2026-03-06,0.001708643754816895,0.0006403309137675878,0.001708643754816895,0.0006403309137675878,0.0006403309137675878,-0.002270984178847103,-0.0013091545388285867,0.009957104535749125,0.004410154877233317,0.001708643754816895,0.0006403309137675878,0.002685284647852844,0.0009559587778730374,0.001708643754816895,0.0008116057835380248,0.001708643754816895
2026-03-09,0.01058910332435575,0.005481457088854789,0.01058910332435575,0.005481457088854789,0.005481457088854789,0.007368633205013286,0.003591874155004881,0.002716268019564039,0.0008550078562651883,0.01058910332435575,0.005481457088854789,0.006741558442632504,0.0030687542837337504,0.01058910332435575,0.0058240068283956625,0.01058910332435575
2026-03-10,0.0004481100882327855,0.00010879393537505463,-0.0012646386094715828,0.00010879393537505463,0.00010879393537505463,0.00861734517806978,0.005155403682417401,-0.011085432519153924,-0.0072478651017187186,0.0004481100882327855,0.00010879393537505463,0.001941949949419289,0.0008941672885299925,0.0004481100882327855,0.0002800688051454916,0.0004481100882327855
2026-03-11,0.00747068224544361,0.0050582027020400905,0.0016963956915904657,0.0050582027020400905,0.0050582027020400905,0.0029290689943956586,0.0018199112422007467,0.009270176901190221,0.006169654053585636,0.00747068224544361,0.0050582027020400905,0.006830372166305741,0.004461709086556955,0.00747068224544361,0.0052294775718105275,0.0018676705613609025
2026-03-12,0.005442090498003758,0.004046345266182477,0.0015974045420807847,0.004046345266182477,0.004046345266182477,0.00028158137953797563,-1.2211484734280827e-05,0.008234307273878153,0.006062118360008052,0.005442090498003758,0.004046345266182477,0.00455130727087346,0.003207711705069868,0.005442090498003758,0.004217620135952914,0.0017686794118512215
2026-03-13,-0.008912462727505814,-0.007918143057920815,-0.003907534830543198,-0.007918143057920815,-0.007918143057920815,-0.01099096850387014,-0.009803197336042046,0.009181886479227378,0.007165663952848238,-0.008912462727505814,-0.007918143057920815,-0.0032606904635217523,-0.0034106897537076204,-0.008912462727505814,-0.007575593318379941,-0.003564985091002325
2026-03-16,-0.006018354140725725,-0.005909527319712169,-0.003201267956385593,-0.005909527319712169,-0.005909527319712169,-0.002289327527370261,-0.0025785020705699183,0.0013186519876839204,0.0005808135341125934,-0.006018354140725725,-0.005909527319712169,-0.0009170503980784881,-0.0014873744779367293,-0.006018354140725725,-0.005566977580171295,-0.002858718216844719
2026-03-17,0.011198855279611576,0.011198855279611576,0.005988095534015929,0.011198855279611576,0.011198855279611576,0.006574907051232684,0.006574907051232684,-0.004931887239876537,-0.004931887239876537,0.011198855279611576,0.011198855279611576,0.0022653001060169205,0.0022653001060169205,0.011198855279611576,0.011198855279611576,0.006159370403786366
2026-03-18,0.0097024910685952,0.0097024910685952,0.005892782048101562,0.0097024910685952,0.0097024910685952,-0.0007973047938997693,-0.0007973047938997693,0.011326240005890081,0.011326240005890081,0.0097024910685952,0.0097024910685952,0.0035477827271687915,0.0035477827271687915,0.0097024910685952,0.0097024910685952,0.006064056917871999
2026-03-19,-0.017066695817788188,-0.017066695817788188,-0.012117961942222167,-0.017066695817788188,-0.017066695817788188,-0.015528364252059059,-0.015528364252059059,-0.0017283249074529832,-0.0017283249074529832,-0.017066695817788188,-0.017066695817788188,-0.011228661563897424,-0.011228661563897424,-0.017066695817788188,-0.017066695817788188,-0.01194668707245173
2026-03-20,0.009359779489205737,0.009359779489205737,0.00708255423436401,0.009359779489205737,0.009359779489205737,0.008051669755104605,0.008051669755104605,-0.004288859953834099,-0.004288859953834099,0.009359779489205737,0.009359779489205737,0.002779290782074207,0.002779290782074207,0.009359779489205737,0.009359779489205737,0.007253829104134447
2026-03-23,-0.010507318419740615,-0.010507318419740615,-0.00910249552654996,-0.010507318419740615,-0.010507318419740615,-0.008288016121834016,-0.008288016121834016,-0.012567345125462048,-0.012567345125462048,-0.010507318419740615,-0.010507318419740615,-0.011467024837089352,-0.011467024837089352,-0.010507318419740615,-0.010507318419740615,-0.008931220656779523
2026-03-24,0.007618374077731473,0.007618374077731473,0.006875721152131175,0.007618374077731473,0.007618374077731473,-0.005746215729726791,-0.005746215729726791,0.0075750249284116215,0.0075750249284116215,0.007618374077731473,0.007618374077731473,-0.0010372605440751434,-0.0010372605440751434,0.007618374077731473,0.007618374077731473,0.007046996021901612
2026-03-25,0.006933960114704004,0.006933960114704004,0.006933960114704004,0.006933960114704004,0.006933960114704004,0.011436733918616958,0.011436733918616958,0.0006691825672062461,0.0006691825672062461,0.006933960114704004,0.006933960114704004,0.0075924691678213915,0.0075924691678213915,0.006933960114704004,0.006933960114704004,0.006933960114704004
2026-03-26,0.006462069502346324,0.006462069502346324,0.006462069502346324,0.006462069502346324,0.006462069502346324,0.0014261719511227083,0.0014261719511227083,0.012150631337278105,0.012150631337278105,0.006462069502346324,0.006462069502346324,0.007401415366944031,0.007401415366944031,0.006462069502346324,0.006462069502346324,0.006462069502346324
2026-03-27,0.00022776730133590526,0.00022776730133590526,0.00022776730133590526,0.00022776730133590526,0.00022776730133590526,-0.0018410922753702508,-0.0018410922753702508,0.005790885816748434,0.005790885816748434,0.00022776730133590526,0.00022776730133590526,0.0016802142158421148,0.0016802142158421148,0.00022776730133590526,0.00022776730133590526,0.00022776730133590526
2026-03-30,0.00870262389819857,0.00870262389819857,0.00870262389819857,0.00870262389819857,0.00870262389819857,0.008265409526331197,0.008265409526331197,0.010335803493570772,0.010335803493570772,0.00870262389819857,0.00870262389819857,0.010867404890916893,0.010867404890916893,0.00870262389819857,0.00870262389819857,0.00870262389819857
2026-03-31,0.009451448329228253,0.009451448329228253,0.009451448329228253,0.009451448329228253,0.009451448329228253,0.010024563422462584,0.010024563422462584,0.002696738102686501,0.002696738102686501,0.009451448329228253,0.009451448329228253,0.0065884724208640786,0.0065884724208640786,0.009451448329228253,0.009451448329228253,0.009451448329228253
2026-04-01,-0.0007235809374640402,-0.0007235809374640402,-0.001698535333469971,-0.0007235809374640402,-0.0007235809374640402,0.003915128373747999,0.003915128373747999,-0.016938151338405344,-0.016938151338405344,-0.0007235809374640402,-0.0007235809374640402,-0.004873038577838786,-0.004873038577838786,-0.00038982479920341047,-0.00038982479920341047,-0.00038982479920341047
2026-04-02,0.003972744311868261,0.003972744311868261,0.0019863721559341303,0.003972744311868261,0.003972744311868261,0.00043356126334550237,0.00043356126334550237,0.01387997311072035,0.01387997311072035,0.003972744311868261,0.003972744311868261,0.005363620744966016,0.005363620744966016,0.003972744311868261,0.003972744311868261,0.0019863721559341303
2026-04-03,0.0,-0.0014624315940088958,0.0,-0.0014624315940088958,-0.0014624315940088958,0.0,-0.0020504863715163028,0.0,-0.0035168285652466434,0.0,-0.0014624315940088958,0.0,-0.003127255184178569,0.0,0.0,0.0
2026-04-06,0.0,-0.00014624315940088963,0.0,-0.00014624315940088963,-0.00014624315940088963,0.0,-0.00020504863715163033,0.0,-0.0003516828565246643,0.0,-0.00014624315940088963,0.0,-0.00031272551841785695,0.0,0.0,0.0
2026-04-07,-0.00576068039812782,-0.002018464288792431,-0.00288034019906391,-0.002018464288792431,-0.002018464288792431,-0.002478596732296684,-0.0010105925751480525,-0.003619299390743915,-0.0015279551585164366,-0.00576068039812782,-0.002018464288792431,0.001454942408638341,0.00016013076438960432,-0.00576068039812782,-0.0018722211293915416,-0.00288034019906391
2026-04-08,-0.0019479249115109,-0.00092541312400525,-0.00097396245575545,-0.00092541312400525,-0.00092541312400525,0.0077105941567536685,0.00287918902554984,-0.009306232609619568,-0.004074175900372491,-0.0019479249115109,-0.00092541312400525,0.004950627726633981,0.0016675255722357354,-0.0019479249115109,-0.0007791699646043605,-0.00097396245575545
2026-04-09,0.0006315195944155941,0.0001537286479465173,0.00031575979720779705,0.0001537286479465173,0.0001537286479465173,-0.0025105978028665786,-0.0013975825935132553,0.007931690141174797,0.003415869960533363,0.0006315195944155941,0.0001537286479465173,0.0028277604251601405,0.0010304606835332094,0.0006315195944155941,0.00029997180734740703,0.00031575979720779705
2026-04-10,0.011592261061613509,0.006229500424486541,0.0057961305308067545,0.006229500424486541,0.006229500424486541,0.005809388829582573,0.002990115219118785,-1.1301028042736772e-05,-0.0003578984219481694,0.011592261061613509,0.006229500424486541,0.0052795263244666425,0.002591013960038797,0.011592261061613509,0.00637574358388743,0.0057961305308067545
2026-04-13,0.010069521377643515,0.006147207701626307,0.0050347606888217575,0.006147207701626307,0.006147207701626307,0.005593040115292721,0.0032906014349063204,0.010822888668165463,0.006412622561078751,0.010069521377643515,0.006147207701626307,0.008412154890412039,0.004944871288089667,0.010069521377643515,0.0062934508610271965,0.0050347606888217575
2026-04-14,-0.003382430887495378,-0.0025139447806476548,-0.001691215443747689,-0.0025139447806476548,-0.0025139447806476548,-0.0012306261638909653,-0.0010664869518753088,-0.010208558346711064,-0.00749767369922241,-0.003382430887495378,-0.0025139447806476548,-0.0017744472244848866,-0.0015548385755572765,-0.003382430887495378,-0.002367701621246765,-0.001691215443747689
2026-04-15,0.0015881172688367302,0.0010845477239475763,0.0007940586344183651,0.0010845477239475763,0.0010845477239475763,-0.0008271531698845363,-0.0008460923438121463,0.006581948971904739,0.004749327596701509,0.0015881172688367302,0.0010845477239475763,0.0019629473191802686,0.001208558653946852,0.0015881172688367302,0.0012307908833484658,0.0007940586344183651
2026-04-16,0.002031284733674966,0.0015803488642228312,0.001015642366837483,0.0015803488642228312,0.0015803488642228312,0.0028651952857850008,0.0022303673557656205,-0.0005948152406716143,-0.0008572758110955371,0.002031284733674966,0.0015803488642228312,0.0015101783733037584,0.0009709260988903375,0.002031284733674966,0.001726592023623721,0.001015642366837483
2026-04-17,0.004420718542401165,0.003942921492320189,0.0022103592712005827,0.003942921492320189,0.003942921492320189,0.0009967480189874596,0.00071694328041177,0.0008977264917701033,0.000478714148362682,0.004420718542401165,0.003942921492320189,0.0023973891957532576,0.001904859487653907,0.004420718542401165,0.004089164651721078,0.0022103592712005827
2026-04-20,-0.00659693764156965,-0.00659693764156965,-0.003298468820784825,-0.00659693764156965,-0.00659693764156965,-0.0010374289160213178,-0.0010374289160213178,-0.003249045300295335,-0.003249045300295335,-0.00659693764156965,-0.00659693764156965,-0.002964108869653587,-0.002964108869653587,-0.00659693764156965,-0.00659693764156965,-0.003298468820784825
2026-04-21,0.003980631866426345,0.003980631866426345,0.0019903159332131724,0.003980631866426345,0.003980631866426345,0.00162225527925869,0.00162225527925869,0.0023212599249327493,0.0023212599249327493,0.003980631866426345,0.003980631866426345,0.003098824676484974,0.003098824676484974,0.003980631866426345,0.003980631866426345,0.0019903159332131724
2026-04-22,0.004374553220196776,0.004374553220196776,0.002187276610098388,0.004374553220196776,0.004374553220196776,0.004378848406951518,0.004378848406951518,0.010761349670772908,0.010761349670772908,0.004374553220196776,0.004374553220196776,0.006522744038838558,0.006522744038838558,0.004374553220196776,0.004374553220196776,0.002187276610098388
2026-04-23,0.003055226699747883,0.003055226699747883,0.0015276133498739416,0.003055226699747883,0.003055226699747883,0.004162584626637658,0.004162584626637658,0.011225554820788087,0.011225554820788087,0.003055226699747883,0.003055226699747883,0.009549914944438473,0.009549914944438473,0.003055226699747883,0.003055226699747883,0.0015276133498739416
2026-04-24,-0.008409135608054124,-0.008409135608054124,-0.004204567804027062,-0.008409135608054124,-0.008409135608054124,-0.011363850409102622,-0.011363850409102622,-0.007948698506287193,-0.007948698506287193,-0.008409135608054124,-0.008409135608054124,-0.011807402786351097,-0.011807402786351097,-0.008409135608054124,-0.008409135608054124,-0.004204567804027062
2026-04-27,0.0029945540040524072,0.0029945540040524072,0.0014972770020262036,0.0029945540040524072,0.0029945540040524072,0.004360275948850129,0.004360275948850129,-0.0011424994700729788,-0.0011424994700729788,0.0029945540040524072,0.0029945540040524072,0.002636193623857172,0.002636193623857172,0.0029945540040524072,0.0029945540040524072,0.0014972770020262036
2026-04-28,-0.002345844575393697,-0.002345844575393697,-0.0011729222876968484,-0.002345844575393697,-0.002345844575393697,-0.002991989518221015,-0.002991989518221015,0.00875547771514767,0.00875547771514767,-0.002345844575393697,-0.002345844575393697,0.0011330647985489713,0.0011330647985489713,-0.002345844575393697,-0.002345844575393697,-0.0011729222876968484
2026-04-29,0.004649222618474011,0.004649222618474011,0.0023246113092370057,0.004649222618474011,0.004649222618474011,0.004059806982355274,0.004059806982355274,0.006968594856954437,0.006968594856954437,0.004649222618474011,0.004649222618474011,0.007054504078560592,0.007054504078560592,0.004649222618474011,0.004649222618474011,0.0023246113092370057
2026-04-30,0.0003617852040597448,0.0003617852040597448,0.0001808926020298724,0.0003617852040597448,0.0003617852040597448,-0.0042993252692681986,-0.0042993252692681986,-0.004946983140084065,-0.004946983140084065,0.0003617852040597448,0.0003617852040597448,-0.006853475857513572,-0.006853475857513572,0.0003617852040597448,0.0003617852040597448,0.0001808926020298724
2026-05-01,-0.0002472777463046887,-0.0002472777463046887,-0.0012222321423106192,-0.0002472777463046887,-0.0002472777463046887,-0.00044822842754260056,-0.00044822842754260056,-0.00037194650862898464,-0.00037194650862898464,-0.0002472777463046887,-0.0002472777463046887,-0.0002726252011833219,-0.0002726252011833219,0.0,0.0,0.0
2026-05-04,0.00022040510857749412,0.00022040510857749412,0.00022040510857749412,0.00022040510857749412,0.00022040510857749412,0.002771331321153136,0.002771331321153136,0.00654860509688339,0.00654860509688339,0.00022040510857749412,0.00022040510857749412,0.007940862014832703,0.007940862014832703,0.00022040510857749412,0.00022040510857749412,0.00022040510857749412
2026-05-05,0.0042271590474703006,0.0042271590474703006,0.0042271590474703006,0.0042271590474703006,0.0042271590474703006,0.0054215131875328506,0.0054215131875328506,0.006376376269231045,0.006376376269231045,0.0042271590474703006,0.0042271590474703006,0.007615838582959844,0.007615838582959844,0.0042271590474703006,0.0042271590474703006,0.0042271590474703006
2026-05-06,-0.008501195001235452,-0.008501195001235452,-0.008501195001235452,-0.008501195001235452,-0.008501195001235452,-0.0029378198471691954,-0.0029378198471691954,-0.01368882832982942,-0.01368882832982942,-0.008501195001235452,-0.008501195001235452,-0.00502800850071464,-0.00502800850071464,-0.008501195001235452,-0.008501195001235452,-0.008501195001235452
2026-05-07,0.0007738182900091024,0.0007738182900091024,0.0007738182900091024,0.0007738182900091024,0.0007738182900091024,0.004265378345500672,0.004265378345500672,0.0009122800408833947,0.0009122800408833947,0.0007738182900091024,0.0007738182900091024,0.002786142340044224,0.002786142340044224,0.0007738182900091024,0.0007738182900091024,0.0007738182900091024
2026-05-08,0.013300475591282675,0.013300475591282675,0.013300475591282675,0.013300475591282675,0.013300475591282675,0.005245642901626341,0.005245642901626341,0.005892139346340488,0.005892139346340488,0.013300475591282675,0.013300475591282675,0.00492644748717212,0.00492644748717212,0.013300475591282675,0.013300475591282675,0.013300475591282675
2026-05-11,0.007829757595411036,0.007829757595411036,0.007829757595411036,0.007829757595411036,0.007829757595411036,0.006487647218343858,0.006487647218343858,0.008686133835628624,0.008686133835628624,0.007829757595411036,0.007829757595411036,0.008627845782522325,0.008627845782522325,0.007829757595411036,0.007829757595411036,0.007829757595411036
2026-05-12,0.01196093136898859,0.01196093136898859,0.01196093136898859,0.01196093136898859,0.01196093136898859,0.00905088121448218,0.00905088121448218,0.011680950285827637,0.011680950285827637,0.01196093136898859,0.01196093136898859,0.009847900111840686,0.009847900111840686,0.01196093136898859,0.01196093136898859,0.01196093136898859
2026-05-13,0.0003066442559462217,0.0003066442559462217,0.0003066442559462217,0.0003066442559462217,0.0003066442559462217,0.005426653726393109,0.005426653726393109,0.004114968111851006,0.004114968111851006,0.0003066442559462217,0.0003066442559462217,0.0055623955329297025,0.0055623955329297025,0.0003066442559462217,0.0003066442559462217,0.0003066442559462217
2026-05-14,-0.01780568190361285,-0.01780568190361285,-0.01780568190361285,-0.01780568190361285,-0.01780568190361285,-0.016252776599929974,-0.016252776599929974,-0.004551391095824451,-0.004551391095824451,-0.01780568190361285,-0.01780568190361285,-0.013691769091415387,-0.013691769091415387,-0.01780568190361285,-0.01780568190361285,-0.01780568190361285
2026-05-15,-0.001420588595070423,-0.001420588595070423,-0.001420588595070423,-0.001420588595070423,-0.001420588595070423,-0.004893983260246183,-0.004893983260246183,0.008544341050092386,0.008544341050092386,-0.001420588595070423,-0.001420588595070423,0.0007448006376317793,0.0007448006376317793,-0.001420588595070423,-0.001420588595070423,-0.001420588595070423
2026-05-18,-0.0022804450973738094,-0.0022804450973738094,-0.0022804450973738094,-0.0022804450973738094,-0.0022804450973738094,-0.0021425729255516897,-0.0021425729255516897,0.005151509110788319,0.005151509110788319,-0.0022804450973738094,-0.0022804450973738094,0.003345725570676648,0.003345725570676648,-0.0022804450973738094,-0.0022804450973738094,-0.0022804450973738094
2026-05-19,0.012034977485287191,0.012034977485287191,0.012034977485287191,0.012034977485287191,0.012034977485287191,0.010270320827718329,0.010270320827718329,0.011534953678516015,0.011534953678516015,0.012034977485287191,0.012034977485287191,0.011949984741876219,0.011949984741876219,0.012034977485287191,0.012034977485287191,0.012034977485287191
2026-05-20,-0.003334757631208656,-0.003334757631208656,-0.003334757631208656,-0.003334757631208656,-0.003334757631208656,0.0030858180178638247,0.0030858180178638247,-3.642367769040016e-05,-3.642367769040016e-05,-0.003334757631208656,-0.003334757631208656,0.0004800732849358138,0.0004800732849358138,-0.003334757631208656,-0.003334757631208656,-0.003334757631208656
2026-05-21,0.006869864330580799,0.006869864330580799,0.006869864330580799,0.006869864330580799,0.006869864330580799,0.006025092262754602,0.006025092262754602,0.0017328618657930933,0.0017328618657930933,0.006869864330580799,0.006869864330580799,0.004523302811458773,0.004523302811458773,0.006869864330580799,0.006869864330580799,0.006869864330580799
2026-05-22,0.005970107687254598,0.005970107687254598,0.005970107687254598,0.005970107687254598,0.005970107687254598,0.006219431524309014,0.006219431524309014,0.0030635300651052945,0.0030635300651052945,0.005970107687254598,0.005970107687254598,0.0057437146207423686,0.0057437146207423686,0.005970107687254598,0.005970107687254598,0.005970107687254598
2026-05-25,0.0008136065293286874,0.0008136065293286874,0.0008136065293286874,0.0008136065293286874,0.0008136065293286874,0.0020239421799295703,0.0020239421799295703,0.0028550185681221647,0.0028550185681221647,0.0008136065293286874,0.0008136065293286874,0.005015168287628934,0.005015168287628934,0.0008136065293286874,0.0008136065293286874,0.0008136065293286874
2026-05-26,-0.009452799772659112,-0.009452799772659112,-0.009452799772659112,-0.009452799772659112,-0.009452799772659112,-0.008279302803892212,-0.008279302803892212,-0.0022631705833018314,-0.0022631705833018314,-0.009452799772659112,-0.009452799772659112,-0.003718435167334137,-0.003718435167334137,-0.009452799772659112,-0.009452799772659112,-0.009452799772659112
2026-05-27,-0.00916559421671661,-0.00916559421671661,-0.00916559421671661,-0.00916559421671661,-0.00916559421671661,-0.006722963697977257,-0.006722963697977257,-0.0002069535058449978,-0.0002069535058449978,-0.00916559421671661,-0.00916559421671661,-0.0041459298830708174,-0.0041459298830708174,-0.00916559421671661,-0.00916559421671661,-0.00916559421671661
2026-05-28,-0.0029798144269609526,-0.0029798144269609526,-0.0029798144269609526,-0.0029798144269609526,-0.0029798144269609526,-0.0018248732302490224,-0.0018248732302490224,0.004362606214056236,0.004362606214056236,-0.0029798144269609526,-0.0029798144269609526,0.0011021972905754934,0.0011021972905754934,-0.0029798144269609526,-0.0029798144269609526,-0.0029798144269609526
2026-05-29,0.008979163642520565,0.008979163642520565,0.008979163642520565,0.008979163642520565,0.008979163642520565,0.009352985493501992,0.009352985493501992,0.003043139775991304,0.003043139775991304,0.008979163642520565,0.008979163642520565,0.007815365419156057,0.007815365419156057,0.008979163642520565,0.008979163642520565,0.008979163642520565
2026-06-01,0.0065436846604245875,0.0065436846604245875,0.0065436846604245875,0.0065436846604245875,0.0065436846604245875,0.005491773577748323,0.005491773577748323,0.0025930086470330334,0.0025930086470330334,0.0065436846604245875,0.0065436846604245875,0.003920188272756837,0.003920188272756837,0.006801513326659455,0.006801513326659455,0.006801513326659455
2026-06-02,0.009580285490300888,0.009580285490300888,0.009580285490300888,0.009580285490300888,0.008125767086239626,0.010147344616232129,0.010147344616232129,0.003943622013451424,0.003943622013451424,0.009580285490300888,0.009580285490300888,0.007324502927717573,0.007324502927717573,0.009580285490300888,0.009580285490300888,0.009580285490300888
2026-06-03,0.00678896460971512,0.00678896460971512,0.00678896460971512,0.00678896460971512,0.0015517893120226538,0.005438452965682249,0.005438452965682249,0.007193792450450896,0.007193792450450896,0.00678896460971512,0.00678896460971512,0.005895632288426409,0.005895632288426409,0.00678896460971512,0.00678896460971512,0.00678896460971512
2026-06-04,-0.007427105788008679,-0.007427105788008679,-0.007427105788008679,-0.007427105788008679,-0.002559261221508947,-0.008300397431039906,-0.008300397431039906,-0.0022021941452322904,-0.0022021941452322904,-0.007427105788008679,-0.007427105788008679,-0.00690175723996173,-0.00690175723996173,-0.007427105788008679,-0.007427105788008679,-0.007427105788008679
2026-06-05,0.006666538806368503,0.006666538806368503,0.006666538806368503,0.006666538806368503,0.002521163682141275,0.003615365355621648,0.003615365355621648,-0.0005369211813529466,-0.0005369211813529466,0.006666538806368503,0.006666538806368503,0.0003479487697734384,0.0003479487697734384,0.006666538806368503,0.006666538806368503,0.006666538806368503
2026-06-08,-0.02357268302436905,-0.02357268302436905,-0.02357268302436905,-0.02357268302436905,-0.011342476276981425,-0.01950083491547555,-0.01950083491547555,0.0050542153625554335,0.0050542153625554335,-0.02357268302436905,-0.02357268302436905,-0.00598574587753008,-0.00598574587753008,-0.02357268302436905,-0.02357268302436905,-0.02357268302436905
2026-06-09,-0.004811780109550858,-0.004811780109550858,-0.00626629851361212,-0.004811780109550858,-0.0027919309006590983,-0.007202189830024478,-0.007202189830024478,-0.00631670466051777,-0.00631670466051777,-0.004811780109550858,-0.004811780109550858,-0.009670463912688361,-0.009670463912688361,-0.004811780109550858,-0.004811780109550858,-0.004811780109550858
2026-06-10,-0.005357115828453448,-0.005357115828453448,-0.0014847307975194882,-0.005357115828453448,-0.0034936492331895316,-0.005818955124917703,-0.005818955124917703,0.004221322097669965,0.004221322097669965,-0.005357115828453448,-0.005357115828453448,-0.0007395592469253534,-0.0007395592469253534,-0.005357115828453448,-0.005357115828453448,-0.001339278957113362
2026-06-11,0.009343511643176644,0.009343511643176644,0.002891189443626283,0.009343511643176644,0.006395006309817524,0.01280425765471302,0.01280425765471302,0.006016471628605177,0.006016471628605177,0.009343511643176644,0.009343511643176644,0.011459288190601345,0.011459288190601345,0.009343511643176644,0.009343511643176644,0.0030366412840324092
2026-06-12,0.004584499737651691,0.004584499737651691,0.0016883480546545497,0.004584499737651691,0.0034075354562739333,0.010427561798800118,0.010427561798800118,-0.004465170398425128,-0.004465170398425128,0.004584499737651691,0.004584499737651691,0.004591147002950668,0.004591147002950668,0.004584499737651691,0.004584499737651691,0.0018337998950606759
2026-06-15,0.007670156670263285,0.007670156670263285,0.003497872577968934,0.007670156670263285,0.006374181329317666,0.008430774277818442,0.008430774277818442,-0.0022377216430909857,-0.0022377216430909857,0.007670156670263285,0.007670156670263285,0.003945820213693427,0.003945820213693427,0.007670156670263285,0.007670156670263285,0.00364332441837506
2026-06-16,-0.005039624697400852,-0.005039624697400852,-0.002917245423976595,-0.005039624697400852,-0.004807104685501915,-0.0028164531983380916,-0.0028164531983380916,0.00016967609966735673,0.00016967609966735673,-0.005039624697400852,-0.005039624697400852,-0.0007167774454407225,-0.0007167774454407225,-0.005039624697400852,-0.005039624697400852,-0.0027717935835704687
2026-06-17,0.00120852815508974,0.00120852815508974,0.0006098782565249615,0.00120852815508974,0.00120852815508974,-0.0012775572774059362,-0.0012775572774059362,0.002765730699185348,0.002765730699185348,0.00120852815508974,0.00120852815508974,8.69724067763776e-07,8.69724067763776e-07,0.00120852815508974,0.00120852815508974,0.0007553300969310875
2026-06-18,0.0023856581351398686,0.0023856581351398686,0.0015245088541917806,0.0023856581351398686,0.0023856581351398686,0.004119270120506046,0.004119270120506046,0.017871686078380085,0.017871686078380085,0.0023856581351398686,0.0023856581351398686,0.012983660468839392,0.012983660468839392,0.0023856581351398686,0.0023856581351398686,0.0016699606945979068
2026-06-19,-0.006195692255520034,-0.006195692255520034,-0.004947113338434153,-0.006195692255520034,-0.006195692255520034,-0.006420630242300079,-0.006420630242300079,-0.00027039156385439463,-0.00027039156385439463,-0.006195692255520034,-0.006195692255520034,-0.003159138793924563,-0.003159138793924563,-0.006195692255520034,-0.006195692255520034,-0.004801661498028026
2026-06-22,0.005065006482459219,0.005065006482459219,0.00415980366968421,0.005065006482459219,0.005065006482459219,0.008702940844534008,0.008702940844534008,0.0050961337506185275,0.0050961337506185275,0.005065006482459219,0.005065006482459219,0.007636370566586496,0.007636370566586496,0.005065006482459219,0.005065006482459219,0.004305255510090336
2026-06-23,-0.003988258039055571,-0.003988258039055571,-0.00383459052653253,-0.003988258039055571,-0.003988258039055571,0.0010489957124545453,0.0010489957124545453,0.008782958526038682,0.008782958526038682,-0.003988258039055571,-0.003988258039055571,0.006794606149414274,0.006794606149414274,-0.003988258039055571,-0.003988258039055571,-0.0036891386861264037
2026-06-24,0.0018770343084700694,0.0018770343084700694,0.0018770343084700694,0.0018770343084700694,0.0018770343084700694,0.00045701735530712887,0.00045701735530712887,0.009992546906390832,0.009992546906390832,0.0018770343084700694,0.0018770343084700694,0.006438404989233971,0.006438404989233971,0.0018770343084700694,0.0018770343084700694,0.0018770343084700694
2026-06-25,-0.0021690260346487853,-0.0021690260346487853,-0.0021690260346487853,-0.0021690260346487853,-0.0021690260346487853,0.0001710152344258759,0.0001710152344258759,0.00038212115333681115,0.00038212115333681115,-0.0021690260346487853,-0.0021690260346487853,0.0009156228047058513,0.0009156228047058513,-0.0021690260346487853,-0.0021690260346487853,-0.0021690260346487853
2026-06-26,0.001275584611740448,0.001275584611740448,0.001275584611740448,0.001275584611740448,0.001275584611740448,0.0015328607735158616,0.0015328607735158616,-0.007579185301065333,-0.007579185301065333,0.001275584611740448,0.001275584611740448,-0.0036388990656682847,-0.0036388990656682847,0.001275584611740448,0.001275584611740448,0.001275584611740448
2026-06-29,0.0073042279636900305,0.0073042279636900305,0.0073042279636900305,0.0073042279636900305,0.0073042279636900305,0.007583091819574052,0.007583091819574052,0.0042266775001707346,0.0042266775001707346,0.0073042279636900305,0.0073042279636900305,0.0065946651220861715,0.0065946651220861715,0.0073042279636900305,0.0073042279636900305,0.0073042279636900305
2026-06-30,0.002212297844405409,0.002212297844405409,0.002212297844405409,0.002212297844405409,0.002212297844405409,0.005317070737600955,0.005317070737600955,0.005755420881709663,0.005755420881709663,0.002212297844405409,0.002212297844405409,0.005939179194757607,0.005939179194757607,0.002212297844405409,0.002212297844405409,0.002212297844405409
2026-07-01,0.0031835104216643645,0.0031835104216643645,0.0031835104216643645,0.0031835104216643645,0.0031835104216643645,0.0005881731010324906,0.0005881731010324906,0.004022588821369659,0.004022588821369659,0.0031835104216643645,0.0031835104216643645,0.0022276018485831517,0.0022276018485831517,0.003286292094036704,0.003286292094036704,0.003286292094036704
2026-07-02,-0.00743017350444315,-0.00743017350444315,-0.00743017350444315,-0.00743017350444315,-0.00743017350444315,-0.005720527769405586,-0.005720527769405586,-0.00552042410236377,-0.00552042410236377,-0.00743017350444315,-0.00743017350444315,-0.007050339367826599,-0.007050339367826599,-0.00743017350444315,-0.00743017350444315,-0.00743017350444315
2026-07-03,-0.009223215591822159,-0.009223215591822159,-0.009223215591822159,-0.009223215591822159,-0.009223215591822159,-0.004473528048671013,-0.004473528048671013,-0.011900159256979312,-0.011900159256979312,-0.009223215591822159,-0.009223215591822159,-0.009576615103524479,-0.009576615103524479,-0.009223215591822159,-0.009223215591822159,-0.009223215591822159
2026-07-06,0.003204184020563831,0.003204184020563831,0.003204184020563831,0.003204184020563831,0.003204184020563831,0.004942659463805522,0.004942659463805522,0.005516253344353921,0.005516253344353921,0.003204184020563831,0.003204184020563831,0.0067717454734277874,0.0067717454734277874,0.003204184020563831,0.003204184020563831,0.003204184020563831
2026-07-07,-0.0027060701654780207,-0.0027060701654780207,-0.0027060701654780207,-0.0027060701654780207,-0.0027060701654780207,-0.0014061761587762988,-0.0014061761587762988,-0.0026839062704777233,-0.0026839062704777233,-0.0027060701654780207,-0.0027060701654780207,-0.00014166436339618435,-0.00014166436339618435,-0.0027060701654780207,-0.0027060701654780207,-0.0027060701654780207
2026-07-08,-0.005488394044019199,-0.005488394044019199,-0.005488394044019199,-0.005488394044019199,-0.005488394044019199,-0.005053482649871673,-0.005053482649871673,0.003246110918202992,0.003246110918202992,-0.005488394044019199,-0.005488394044019199,-0.000764103990998109,-0.000764103990998109,-0.005488394044019199,-0.005488394044019199,-0.005488394044019199
2026-07-09,0.004435133974371433,0.004435133974371433,0.004435133974371433,0.004435133974371433,0.003057701824589426,0.0019002360780646461,0.0019002360780646461,0.0011720928307478176,0.0011720928307478176,0.004435133974371433,0.004435133974371433,0.0012419952665288525,0.0012419952665288525,0.004435133974371433,0.004435133974371433,0.004435133974371433
2026-07-10,0.00064362696651159,0.00064362696651159,0.00064362696651159,0.00064362696651159,2.316352664969668e-05,0.010496361175032876,0.010496361175032876,0.002376794277686102,0.002376794277686102,0.00064362696651159,0.00064362696651159,0.008110153451996746,0.008110153451996746,0.00064362696651159,0.00064362696651159,0.00064362696651159
2026-07-13,-0.005639227074713779,-0.005639227074713779,-0.005639227074713779,-0.005639227074713779,-0.001970492014260179,-0.009402251655134187,-0.009402251655134187,-0.005013392409065435,-0.005013392409065435,-0.005639227074713779,-0.005639227074713779,-0.007285040689134603,-0.007285040689134603,-0.005639227074713779,-0.005639227074713779,-0.005639227074713779
2026-07-14,-0.00010571516480387783,-0.00010571516480387783,-0.00010571516480387783,-0.00010571516480387783,-0.00018002928089975174,-9.120739138515502e-05,-9.120739138515502e-05,0.004226183310463953,0.004226183310463953,-0.00010571516480387783,-0.00010571516480387783,0.002439994287336233,0.002439994287336233,-0.00010571516480387783,-0.00010571516480387783,-0.00010571516480387783
2026-07-15,0.006001275707436176,0.006001275707436176,0.006001275707436176,0.006001275707436176,0.002712862746053983,0.006504810362459888,0.006504810362459888,0.0005763827436574074,0.0005763827436574074,0.006001275707436176,0.006001275707436176,0.005071895432750849,0.005071895432750849,0.006001275707436176,0.006001275707436176,0.006001275707436176
2026-07-16,-0.008275127361899224,-0.008275127361899224,-0.008275127361899224,-0.008275127361899224,-0.0046890632640227735,-0.00933633554630538,-0.00933633554630538,-0.010759322782464227,-0.010759322782464227,-0.008275127361899224,-0.008275127361899224,-0.013568380956086486,-0.013568380956086486,-0.008275127361899224,-0.008275127361899224,-0.008275127361899224
2026-07-17,-0.0013440035970741903,-0.0013440035970741903,-0.0013440035970741903,-0.0013440035970741903,-0.0009777454631495698,-0.0014586306698901532,-0.0014586306698901532,0.004801539651513125,0.004801539651513125,-0.0013440035970741903,-0.0013440035970741903,0.0011533015912948827,0.0011533015912948827,-0.0013440035970741903,-0.0013440035970741903,-0.0013440035970741903
2026-07-20,-6.365265889441167e-05,-6.365265889441167e-05,-6.365265889441167e-05,-6.365265889441167e-05,-0.0001823000762042891,-0.0010142058858845242,-0.0010142058858845242,-0.0014831847819328455,-0.0014831847819328455,-6.365265889441167e-05,-6.365265889441167e-05,-0.0005646579514083764,-0.0005646579514083764,-6.365265889441167e-05,-6.365265889441167e-05,-6.365265889441167e-05
2026-07-21,0.003198645874777005,0.003198645874777005,0.003198645874777005,0.003198645874777005,0.002341207337973978,0.005189841765464864,0.005189841765464864,0.0025160815339918385,0.0025160815339918385,0.003198645874777005,0.003198645874777005,0.005416329287828892,0.005416329287828892,0.003198645874777005,0.003198645874777005,0.003198645874777005
2026-07-22,0.0015987176249444924,0.0015987176249444924,0.0015987176249444924,0.0015987176249444924,0.001221166766224618,0.000716520204077692,0.000716520204077692,0.0022219305324372362,0.0022219305324372362,0.0015987176249444924,0.0015987176249444924,0.0018308262996755897,0.0018308262996755897,0.0015987176249444924,0.0015987176249444924,0.0015987176249444924
2026-07-23,-0.0028363775242498117,-0.0028363775242498117,-0.0028363775242498117,-0.0028363775242498117,-0.0027613924249092767,0.00014372323925432437,0.00014372323925432437,0.0013212805221050183,0.0013212805221050183,-0.0028363775242498117,-0.0028363775242498117,0.002566742746926386,0.002566742746926386,-0.0028363775242498117,-0.0028363775242498117,-0.0028363775242498117
2026-07-24,-0.008919661181388304,-0.008919661181388304,-0.008919661181388304,-0.008919661181388304,-0.008919661181388304,-0.023419618564623566,-0.023419618564623566,-0.01159328011328686,-0.01159328011328686,-0.008919661181388304,-0.008919661181388304,-0.022206241171295188,-0.022206241171295188,-0.008919661181388304,-0.008919661181388304,-0.008919661181388304
2026-07-27,0.00617648508178935,0.00617648508178935,0.00617648508178935,0.00617648508178935,0.00617648508178935,0.00919816162456373,0.00919816162456373,0.005844118020759825,0.005844118020759825,0.00617648508178935,0.00617648508178935,0.008685589150869918,0.008685589150869918,0.00617648508178935,0.00617648508178935,0.00617648508178935
2026-07-28,-0.0123424155419918,-0.0123424155419918,-0.0123424155419918,-0.0123424155419918,-0.0123424155419918,-0.009364080626515503,-0.009364080626515503,-0.0009263005272637992,-0.0009263005272637992,-0.0123424155419918,-0.0123424155419918,-0.0052376309760096395,-0.0052376309760096395,-0.0123424155419918,-0.0123424155419918,-0.0123424155419918
2026-07-29,-0.004732051005805523,-0.004732051005805523,-0.004732051005805523,-0.004732051005805523,-0.004732051005805523,-0.002961581740474166,-0.002961581740474166,-0.002303325277949993,-0.002303325277949993,-0.004732051005805523,-0.004732051005805523,-0.00286271352519394,-0.00286271352519394,-0.004732051005805523,-0.004732051005805523,-0.004732051005805523
2026-07-30,-0.007916504787697388,-0.007916504787697388,-0.007916504787697388,-0.007916504787697388,-0.007916504787697388,-0.008762368845329698,-0.008762368845329698,-0.016302311226352582,-0.016302311226352582,-0.007916504787697388,-0.007916504787697388,-0.015231503402784,-0.015231503402784,-0.007916504787697388,-0.007916504787697388,-0.007916504787697388
2026-07-31,0.014414547865420936,0.014414547865420936,0.014414547865420936,0.014414547865420936,0.014414547865420936,0.012720766868593924,0.012720766868593924,0.00542734614907257,0.00542734614907257,0.014414547865420936,0.014414547865420936,0.011434717985890902,0.011434717985890902,0.014414547865420936,0.014414547865420936,0.014414547865420936
2026-08-03,-0.011903896652540312,-0.011903896652540312,-0.011903896652540312,-0.011903896652540312,-0.011903896652540312,-0.01052005619202636,-0.01052005619202636,-0.010943085572132222,-0.010943085572132222,-0.011903896652540312,-0.011903896652540312,-0.012977914194107572,-0.012977914194107572,-0.011830276076528373,-0.011830276076528373,-0.011830276076528373
2026-08-04,-0.001813927680178427,-0.001813927680178427,-0.001813927680178427,-0.001813927680178427,-0.001813927680178427,0.0013828153178269845,0.0013828153178269845,0.003557872604766713,0.003557872604766713,-0.001813927680178427,-0.001813927680178427,0.002913042398883613,0.002913042398883613,-0.001813927680178427,-0.001813927680178427,-0.001813927680178427
2026-08-05,-0.007680149984579648,-0.007680149984579648,-0.007680149984579648,-0.007680149984579648,-0.007680149984579648,-0.004397676661437056,-0.004397676661437056,-0.004852240142764755,-0.004852240142764755,-0.007680149984579648,-0.007680149984579648,-0.005858289679129368,-0.005858289679129368,-0.007680149984579648,-0.007680149984579648,-0.007680149984579648
2026-08-06,-0.0011301474911704246,-0.0011301474911704246,-0.0011301474911704246,-0.0011301474911704246,-0.0011301474911704246,0.00015605399649707333,0.00015605399649707333,0.0021807064459323997,0.0021807064459323997,-0.0011301474911704246,-0.0011301474911704246,0.0019590250251068217,0.0019590250251068217,-0.0011301474911704246,-0.0011301474911704246,-0.0011301474911704246
2026-08-07,-0.00019038900934145904,-0.00019038900934145904,-0.00019038900934145904,-0.00019038900934145904,-0.00019038900934145904,0.003820945105201976,0.003820945105201976,0.0005917914049506697,0.0005917914049506697,-0.00019038900934145904,-0.00019038900934145904,0.004562593999674758,0.004562593999674758,-0.00019038900934145904,-0.00019038900934145904,-0.00019038900934145904
2026-08-10,0.0032848885664176876,0.0032848885664176876,0.0032848885664176876,0.0032848885664176876,0.0032848885664176876,0.0030725548393179276,0.0030725548393179276,0.0012211054577119414,0.0012211054577119414,0.0032848885664176876,0.0032848885664176876,0.002270821067515756,0.002270821067515756,0.0032848885664176876,0.0032848885664176876,0.0032848885664176876
2026-08-11,-0.0056909560783695735,-0.0056909560783695735,-0.0056909560783695735,-0.0056909560783695735,-0.0056909560783695735,-0.0034448413097559897,-0.0034448413097559897,-0.0004139858374637396,-0.0004139858374637396,-0.0056909560783695735,-0.0056909560783695735,-0.0019346560613314125,-0.0019346560613314125,-0.0056909560783695735,-0.0056909560783695735,-0.0056909560783695735
2026-08-12,-0.005233840260398213,-0.005233840260398213,-0.005233840260398213,-0.005233840260398213,-0.005233840260398213,-0.0016272866870550413,-0.0016272866870550413,0.0016943763780335815,0.0016943763780335815,-0.005233840260398213,-0.005233840260398213,-0.0009761472145804518,-0.0009761472145804518,-0.005233840260398213,-0.005233840260398213,-0.005233840260398213
2026-08-13,-0.001953472457674934,-0.001953472457674934,-0.001953472457674934,-0.001953472457674934,-0.001953472457674934,-0.00032420862246939166,-0.00032420862246939166,0.001934239740118648,0.001934239740118648,-0.001953472457674934,-0.001953472457674934,0.00022389816296914495,0.00022389816296914495,-0.001953472457674934,-0.001953472457674934,-0.001953472457674934
2026-08-14,-0.004359412345210757,-0.004359412345210757,-0.004359412345210757,-0.004359412345210757,-0.004359412345210757,-0.005767154447371149,-0.005767154447371149,-0.008681730246633747,-0.008681730246633747,-0.004359412345210757,-0.004359412345210757,-0.0085162392513628,-0.0085162392513628,-0.004359412345210757,-0.004359412345210757,-0.004359412345210757
2026-08-17,-0.004961256353786876,-0.004961256353786876,-0.004961256353786876,-0.004961256353786876,-0.004961256353786876,-0.005665203202478447,-0.005665203202478447,-0.00324109278277935,-0.00324109278277935,-0.004961256353786876,-0.004961256353786876,-0.006086996687993089,-0.006086996687993089,-0.004961256353786876,-0.004961256353786876,-0.004961256353786876
2026-08-18,-0.0002607147521907831,-0.0002607147521907831,-0.0002607147521907831,-0.0002607147521907831,-0.0002607147521907831,0.0014698159964468141,0.0014698159964468141,0.003484145042491724,0.003484145042491724,-0.0002607147521907831,-0.0002607147521907831,0.002461160307696925,0.002461160307696925,-0.0002607147521907831,-0.0002607147521907831,-0.0002607147521907831
2026-08-19,-0.010732171058962823,-0.010732171058962823,-0.010732171058962823,-0.010732171058962823,-0.010732171058962823,-0.008227720857487481,-0.008227720857487481,-0.008255218454389984,-0.008255218454389984,-0.010732171058962823,-0.010732171058962823,-0.008970030835914255,-0.008970030835914255,-0.010732171058962823,-0.010732171058962823,-0.010732171058962823
2026-08-20,0.005290435432272146,0.005290435432272146,0.005290435432272146,0.005290435432272146,0.005290435432272146,0.000810484926122301,0.000810484926122301,-0.005215616172333733,-0.005215616172333733,0.005290435432272146,0.005290435432272146,-0.003666019890870441,-0.003666019890870441,0.005290435432272146,0.005290435432272146,0.005290435432272146
2026-08-21,-0.0037617609392381897,-0.0037617609392381897,-0.0037617609392381897,-0.0037617609392381897,-0.0037617609392381897,0.0014693322194006915,0.0014693322194006915,-0.006879011116496228,-0.006879011116496228,-0.0037617609392381897,-0.0037617609392381897,-0.0016907505586635802,-0.0016907505586635802,-0.0037617609392381897,-0.0037617609392381897,-0.0037617609392381897
2026-08-24,0.004371519412016877,0.004371519412016877,0.004371519412016877,0.004371519412016877,0.004371519412016877,0.005382232183916933,0.005382232183916933,0.005898732687279471,0.005898732687279471,0.004371519412016877,0.004371519412016877,0.007108303060659138,0.007108303060659138,0.004371519412016877,0.004371519412016877,0.004371519412016877
2026-08-25,-0.0017385852510345254,-0.0017385852510345254,-0.0017385852510345254,-0.0017385852510345254,-0.0017385852510345254,-0.0008315217541911502,-0.0008315217541911502,0.0006315317449965392,0.0006315317449965392,-0.0017385852510345254,-0.0017385852510345254,3.8700851153376315e-06,3.8700851153376315e-06,-0.0017385852510345254,-0.0017385852510345254,-0.0017385852510345254
2026-08-26,0.0026439400620884793,0.0026439400620884793,0.0026439400620884793,0.0026439400620884793,0.0026439400620884793,0.0026045990994933445,0.0026045990994933445,0.00032426897170056897,0.00032426897170056897,0.0026439400620884793,0.0026439400620884793,0.0020306865943459907,0.0020306865943459907,0.0026439400620884793,0.0026439400620884793,0.0026439400620884793
2026-08-27,-0.0007957956081368616,-0.0007957956081368616,-0.0007957956081368616,-0.0007957956081368616,-0.0007957956081368616,0.0034973035498941027,0.0034973035498941027,0.00827427593346669,0.00827427593346669,-0.0007957956081368616,-0.0007957956081368616,0.006960671830956453,0.006960671830956453,-0.0007957956081368616,-0.0007957956081368616,-0.0007957956081368616
2026-08-28,-0.00709401594595873,-0.00709401594595873,-0.00709401594595873,-0.00709401594595873,-0.00709401594595873,-0.003689883932597112,-0.003689883932597112,-0.0027567252084375582,-0.0027567252084375582,-0.00709401594595873,-0.00709401594595873,-0.0036611906530088513,-0.0036611906530088513,-0.00709401594595873,-0.00709401594595873,-0.00709401594595873
2026-08-31,-0.0050808658085939274,-0.0050808658085939274,-0.0050808658085939274,-0.0050808658085939274,-0.0050808658085939274,-0.005899233270417599,-0.005899233270417599,0.0006211099844298917,0.0006211099844298917,-0.0050808658085939274,-0.0050808658085939274,-0.002403567439497345,-0.002403567439497345,-0.0050808658085939274,-0.0050808658085939274,-0.0050808658085939274
2026-09-01,-0.00013913657080645998,-0.00013913657080645998,-0.00013913657080645998,-0.00013913657080645998,-0.00013913657080645998,-0.0013674702173240862,-0.0013674702173240862,0.0038335546265227,0.0038335546265227,-0.00013913657080645998,-0.00013913657080645998,0.0009741505872263456,0.0009741505872263456,3.520808660474866e-05,3.520808660474866e-05,3.520808660474866e-05
2026-09-02,0.0009341281499039601,0.0009341281499039601,0.0009341281499039601,0.0009341281499039601,0.0009341281499039601,0.004472567361277489,0.004472567361277489,0.0020383086527501404,0.0020383086527501404,0.0009341281499039601,0.0009341281499039601,0.006328414036046712,0.006328414036046712,0.0009341281499039601,0.0009341281499039601,0.0009341281499039601
2026-09-03,0.011221022087478636,0.011221022087478636,0.011221022087478636,0.011221022087478636,0.011221022087478636,0.00977852537298809,0.00977852537298809,0.0007079772575773286,0.0007079772575773286,0.011221022087478636,0.011221022087478636,0.007267598477086374,0.007267598477086374,0.011221022087478636,0.011221022087478636,0.011221022087478636
2026-09-04,-0.011625708190167307,-0.011625708190167307,-0.011625708190167307,-0.011625708190167307,-0.011625708190167307,-0.00869955560025715,-0.00869955560025715,-0.009392095874043997,-0.009392095874043997,-0.011625708190167307,-0.011625708190167307,-0.009928275112524771,-0.009928275112524771,-0.011625708190167307,-0.011625708190167307,-0.011625708190167307
2026-09-07,-0.004079379831642819,-0.004079379831642819,-0.004079379831642819,-0.004079379831642819,-0.004079379831642819,-0.00486302284799901,-0.00486302284799901,-0.00018909888837105886,-0.00018909888837105886,-0.004079379831642819,-0.004079379831642819,-0.0026348950746808153,-0.0026348950746808153,-0.004079379831642819,-0.004079379831642819,-0.004079379831642819
2026-09-08,-0.0012052632624150374,-0.0012052632624150374,-0.0012052632624150374,-0.0012052632624150374,-0.0012052632624150374,0.00033654910208067487,0.00033654910208067487,0.0008119753701570161,0.0008119753701570161,-0.0012052632624150374,-0.0012052632624150374,0.0010386624730748797,0.0010386624730748797,-0.0012052632624150374,-0.0012052632624150374,-0.0012052632624150374
2026-09-09,0.0006959450992858355,0.0006959450992858355,0.0006959450992858355,0.0006959450992858355,0.0006959450992858355,-0.0023786267599320812,-0.0023786267599320812,-0.002722918864829171,-0.002722918864829171,0.0006959450992858355,0.0006959450992858355,-0.0018634965091171895,-0.0018634965091171895,0.0006959450992858355,0.0006959450992858355,0.0006959450992858355
2026-09-10,-0.0008376614360547799,-0.0008376614360547799,-0.0008376614360547799,-0.0008376614360547799,-0.0008376614360547799,-0.0020347748674436617,-0.0020347748674436617,0.006717313468291795,0.006717313468291795,-0.0008376614360547799,-0.0008376614360547799,0.0016460637176498355,0.0016460637176498355,-0.0008376614360547799,-0.0008376614360547799,-0.0008376614360547799
2026-09-11,0.0023451315751446774,0.0023451315751446774,0.0023451315751446774,0.0023451315751446774,0.0023451315751446774,0.003813381331355256,0.003813381331355256,0.002997952890628995,0.002997952890628995,0.0023451315751446774,0.0023451315751446774,0.00461609976607377,0.00461609976607377,0.0023451315751446774,0.0023451315751446774,0.0023451315751446774
2026-09-14,-0.005717299695110681,-0.005717299695110681,-0.005717299695110681,-0.005717299695110681,-0.005717299695110681,-0.0028440887525836827,-0.0028440887525836827,0.007465116965744565,0.007465116965744565,-0.005717299695110681,-0.005717299695110681,0.002055437896827671,0.002055437896827671,-0.005717299695110681,-0.005717299695110681,-0.005717299695110681
2026-09-15,0.010702795785967072,0.010702795785967072,0.010702795785967072,0.010702795785967072,0.010702795785967072,0.007206055876678167,0.007206055876678167,0.007802023736090666,0.007802023736090666,0.010702795785967072,0.010702795785967072,0.0075199667585661815,0.0075199667585661815,0.010702795785967072,0.010702795785967072,0.010702795785967072
2026-09-16,0.007599833905943828,0.007599833905943828,0.007599833905943828,0.007599833905943828,0.007599833905943828,0.007167769476202427,0.007167769476202427,0.007312458450250215,0.007312458450250215,0.007599833905943828,0.007599833905943828,0.007552994202834304,0.007552994202834304,0.007599833905943828,0.007599833905943828,0.007599833905943828
2026-09-17,0.013710678829171728,0.013710678829171728,0.013710678829171728,0.013710678829171728,0.013710678829171728,0.016304416049786732,0.016304416049786732,0.016759089702199973,0.016759089702199973,0.013710678829171728,0.013710678829171728,0.018103085247718538,0.018103085247718538,0.013710678829171728,0.013710678829171728,0.013710678829171728
2026-09-18,0.003339752055945076,0.003339752055945076,0.003339752055945076,0.003339752055945076,0.003339752055945076,0.003922423526128418,0.003922423526128418,0.004787531955835821,0.004787531955835821,0.003339752055945076,0.003339752055945076,0.0049806055258828745,0.0049806055258828745,0.003339752055945076,0.003339752055945076,0.003339752055945076
2026-09-21,-0.00923176109359372,-0.00923176109359372,-0.00923176109359372,-0.00923176109359372,-0.00923176109359372,-0.009387774531005815,-0.009387774531005815,-0.008864008615767145,-0.008864008615767145,-0.00923176109359372,-0.00923176109359372,-0.008740326572408294,-0.008740326572408294,-0.00923176109359372,-0.00923176109359372,-0.00923176109359372
2026-09-22,-0.010019719437364986,-0.011472694648196446,-0.010019719437364986,-0.011472694648196446,-0.011472694648196446,-0.005004084128368369,-0.007171045039956388,-0.0016727933910267887,-0.004654861118299276,-0.010019719437364986,-0.011472694648196446,-0.0016956977388528508,-0.004715424369417421,-0.010019719437364986,-0.010019719437364986,-0.010019719437364986
2026-09-23,0.0052701602894200655,0.0011722425512718704,0.0052701602894200655,0.0011722425512718704,0.0011722425512718704,0.008026698855942626,0.0017899786228268546,0.014890810499865313,0.0034244958522390797,0.0052701602894200655,0.0011722425512718704,0.01220063002181491,0.0027481848423972703,0.0052701602894200655,0.0013175400723550164,0.0052701602894200655
2026-09-24,-0.006367311293700344,-0.0022146736915357574,-0.006367311293700344,-0.0022146736915357574,-0.0022146736915357574,-0.00501997025625871,-0.0018481864244428827,0.005899393746401344,0.0016190961948531874,-0.006367311293700344,-0.0022146736915357574,0.0001697309257183699,-0.0002468101121979867,-0.006367311293700344,-0.0020693761704526116,-0.006367311293700344
