,A1_theory_dollar_neutral,A1_theory_dollar_neutral_gross,A1_theory_with_dollar,A1_theory_with_dollar_gross,A1_gated_frozen,A1+S_theory_dollar_neutral,A1+S_theory_dollar_neutral_gross,A1+S_theory_with_dollar,A1+S_theory_with_dollar_gross,A1+S_gated_frozen,A2_theory_dollar_neutral,A2_theory_dollar_neutral_gross,A2_theory_with_dollar,A2_theory_with_dollar_gross,A2_gated_frozen,A2+S_theory_dollar_neutral,A2+S_theory_dollar_neutral_gross,A2+S_theory_with_dollar,A2+S_theory_with_dollar_gross,A2+S_gated_frozen,A3_theory_dollar_neutral,A3_theory_dollar_neutral_gross,A3_theory_with_dollar,A3_theory_with_dollar_gross,A3_gated_frozen,A3+S_theory_dollar_neutral,A3+S_theory_dollar_neutral_gross,A3+S_theory_with_dollar,A3+S_theory_with_dollar_gross,A3+S_gated_frozen,A1_theory_dollar_neutral_D12,A1_theory_with_dollar_D12
2024-01-01,0.0,0.0,0.0,0.0,0.0,0.0,0.0,0.0,0.0,0.0,0.0,0.0,0.0,0.0,0.0,0.0,0.0,0.0,0.0,0.0,0.0,0.0,0.0,0.0,0.0,0.0,0.0,0.0,0.0,0.0,0.0,0.0
2024-01-02,0.0,0.0,0.0,0.0,0.0,0.0,0.0,0.0,0.0,0.0,0.0,0.0,0.0,0.0,0.0,0.0,0.0,0.0,0.0,0.0,0.0,0.0,0.0,0.0,0.0,0.0,0.0,0.0,0.0,0.0,0.0,0.0
2024-01-03,0.0,0.0,0.0,0.0,0.0,0.0,0.0,0.0,0.0,0.0,0.0,0.0,0.0,0.0,0.0,0.0,0.0,0.0,0.0,0.0,0.0,0.0,0.0,0.0,0.0,0.0,0.0,0.0,0.0,0.0,0.0,0.0
2024-01-04,0.0,0.0,0.0,0.0,0.0,0.0,0.0,0.0,0.0,0.0,0.0,0.0,0.0,0.0,0.0,0.0,0.0,0.0,0.0,0.0,0.0,0.0,0.0,0.0,0.0,0.0,0.0,0.0,0.0,0.0,0.0,0.0
2024-01-05,0.0,0.0,0.0,0.0,0.0,0.0,0.0,0.0,0.0,0.0,0.0,0.0,0.0,0.0,0.0,0.0,0.0,0.0,0.0,0.0,0.0,0.0,0.0,0.0,0.0,0.0,0.0,0.0,0.0,0.0,0.0,0.0
2024-01-08,0.0,0.0,0.0,0.0,0.0,0.0,0.0,0.0,0.0,0.0,0.0,0.0,0.0,0.0,0.0,0.0,0.0,0.0,0.0,0.0,0.0,0.0,0.0,0.0,0.0,0.0,0.0,0.0,0.0,0.0,0.0,0.0
2024-01-09,0.0,0.0,0.0,0.0,0.0,0.0,0.0,0.0,0.0,0.0,0.0,0.0,0.0,0.0,0.0,0.0,0.0,0.0,0.0,0.0,0.0,0.0,0.0,0.0,0.0,0.0,0.0,0.0,0.0,0.0,0.0,0.0
2024-01-10,0.0,0.0,0.0,0.0,0.0,0.0,0.0,0.0,0.0,0.0,0.0,0.0,0.0,0.0,0.0,0.0,0.0,0.0,0.0,0.0,0.0,0.0,0.0,0.0,0.0,0.0,0.0,0.0,0.0,0.0,0.0,0.0
2024-01-11,0.0,0.0,0.0,0.0,0.0,0.0,0.0,0.0,0.0,0.0,0.0,0.0,0.0,0.0,0.0,0.0,0.0,0.0,0.0,0.0,0.0,0.0,0.0,0.0,0.0,0.0,0.0,0.0,0.0,0.0,0.0,0.0
2024-01-12,0.0,0.0,0.0,0.0,0.0,0.0,0.0,0.0,0.0,0.0,0.0,0.0,0.0,0.0,0.0,0.0,0.0,0.0,0.0,0.0,0.0,0.0,0.0,0.0,0.0,0.0,0.0,0.0,0.0,0.0,0.0,0.0
2024-01-15,0.0,0.0,0.0,0.0,0.0,0.0,0.0,0.0,0.0,0.0,0.0,0.0,0.0,0.0,0.0,0.0,0.0,0.0,0.0,0.0,0.0,0.0,0.0,0.0,0.0,0.0,0.0,0.0,0.0,0.0,0.0,0.0
2024-01-16,0.0,0.0,0.0,0.0,0.0,0.0,0.0,0.0,0.0,0.0,0.0,0.0,0.0,0.0,0.0,0.0,0.0,0.0,0.0,0.0,0.0,0.0,0.0,0.0,0.0,0.0,0.0,0.0,0.0,0.0,0.0,0.0
2024-01-17,0.0,0.0,0.0,0.0,0.0,0.0,0.0,0.0,0.0,0.0,0.0,0.0,0.0,0.0,0.0,0.0,0.0,0.0,0.0,0.0,0.0,0.0,0.0,0.0,0.0,0.0,0.0,0.0,0.0,0.0,0.0,0.0
2024-01-18,0.0,0.0,0.0,0.0,0.0,0.0,0.0,0.0,0.0,0.0,0.0,0.0,0.0,0.0,0.0,0.0,0.0,0.0,0.0,0.0,0.0,0.0,0.0,0.0,0.0,0.0,0.0,0.0,0.0,0.0,0.0,0.0
2024-01-19,0.0,0.0,0.0,0.0,0.0,0.0,0.0,0.0,0.0,0.0,0.0,0.0,0.0,0.0,0.0,0.0,0.0,0.0,0.0,0.0,0.0,0.0,0.0,0.0,0.0,0.0,0.0,0.0,0.0,0.0,0.0,0.0
2024-01-22,0.0,0.0,0.0,0.0,0.0,0.0,0.0,0.0,0.0,0.0,0.0,0.0,0.0,0.0,0.0,0.0,0.0,0.0,0.0,0.0,0.0,0.0,0.0,0.0,0.0,0.0,0.0,0.0,0.0,0.0,0.0,0.0
2024-01-23,0.0,0.0,0.0,0.0,0.0,0.0,0.0,0.0,0.0,0.0,0.0,0.0,0.0,0.0,0.0,0.0,0.0,0.0,0.0,0.0,0.0,0.0,0.0,0.0,0.0,0.0,0.0,0.0,0.0,0.0,0.0,0.0
2024-01-24,0.0,0.0,0.0,0.0,0.0,0.0,0.0,0.0,0.0,0.0,0.0,0.0,0.0,0.0,0.0,0.0,0.0,0.0,0.0,0.0,0.0,0.0,0.0,0.0,0.0,0.0,0.0,0.0,0.0,0.0,0.0,0.0
2024-01-25,0.0,0.0,0.0,0.0,0.0,0.0,0.0,0.0,0.0,0.0,0.0,0.0,0.0,0.0,0.0,0.0,0.0,0.0,0.0,0.0,0.0,0.0,0.0,0.0,0.0,0.0,0.0,0.0,0.0,0.0,0.0,0.0
2024-01-26,0.0,0.0,0.0,0.0,0.0,0.0,0.0,0.0,0.0,0.0,0.0,0.0,0.0,0.0,0.0,0.0,0.0,0.0,0.0,0.0,0.0,0.0,0.0,0.0,0.0,0.0,0.0,0.0,0.0,0.0,0.0,0.0
2024-01-29,0.0,0.0,0.0,0.0,0.0,0.0,0.0,0.0,0.0,0.0,0.0,0.0,0.0,0.0,0.0,0.0,0.0,0.0,0.0,0.0,0.0,0.0,0.0,0.0,0.0,0.0,0.0,0.0,0.0,0.0,0.0,0.0
2024-01-30,0.0,0.0,-0.0004573175187256836,0.0,0.0,0.0,0.0,-0.0004573175187256836,0.0,0.0,0.0,0.0,-0.00045731751872568366,0.0,0.0,0.0,0.0,-0.00045731751872568366,0.0,0.0,0.0,0.0,-0.0004573175187256836,0.0,0.0,0.0,0.0,-0.0004573175187256836,0.0,0.0,0.0,-0.0004573175187256836
2024-01-31,0.0,0.0,-0.006549108280428805,-0.006544039247807082,0.0,0.0,0.0,-0.006549108280428805,-0.006544039247807082,0.0,0.0,0.0,-0.007459579787390901,-0.006544039247807081,0.0,0.0,0.0,-0.007459579787390901,-0.006544039247807081,0.0,0.0,0.0,-0.006549108280428805,-0.006544039247807082,0.0,0.0,0.0,-0.006549108280428805,-0.006544039247807082,0.0,0.0,0.006538970215185359
2024-02-01,0.0,0.0,0.0011491535335109364,0.0011491535335109364,0.0,0.0,0.0,0.0011491535335109364,0.0011491535335109364,0.0,0.0,0.0,-0.002081325769839333,-0.0011566113986973246,0.0,0.0,0.0,-0.002081325769839333,-0.0011566113986973246,0.0,0.0,0.0,0.0011491535335109364,0.0011491535335109364,0.0,0.0,0.0,0.0011491535335109364,0.0011491535335109364,0.0,0.0,-0.0011491535335109364
2024-02-02,0.0,0.0,0.020526489285908726,0.020567247717887264,0.0,0.0,0.0,0.020526489285908726,0.020567247717887264,0.0,0.0,0.0,0.021143982431900066,0.021197178365329125,0.0,0.0,0.0,0.021143982431900066,0.021197178365329125,0.0,0.0,0.0,0.020526489285908726,0.020567247717887264,0.0,0.0,0.0,0.020526489285908726,0.020567247717887264,0.0,0.0,-0.020608006149865802
2024-02-05,0.0,0.0,0.011555399299212907,0.011578865059114806,0.0,0.0,0.0,0.011555399299212907,0.011578865059114806,0.0,0.0,0.0,0.011613667759335854,0.011636748696580922,0.0,-0.0006000000000000001,0.0,0.011555427474904442,0.011636748696580922,0.0,0.0,0.0,0.011555399299212907,0.011578865059114806,0.0,0.0,0.0,0.011555399299212907,0.011578865059114806,0.0,0.0,-0.011602330819016706
2024-02-06,0.0,0.0,-0.007143600901973789,-0.007143600901973789,0.0,0.0,0.0,-0.007143600901973789,-0.007143600901973789,0.0,0.0,0.0,-0.007154280880327514,-0.007149505523180959,0.0,0.004497448673268569,0.004497448673268569,-0.006925538674603529,-0.006908802151726815,0.0,0.0,0.0,-0.007143600901973789,-0.007143600901973789,0.0,0.0,0.0,-0.007143600901973789,-0.007143600901973789,0.0,0.0,0.00714360090197379
2024-02-07,0.0,0.0,-0.004100726936530781,-0.0040960684110949675,0.0,0.0,0.0,-0.004100726936530781,-0.0040960684110949675,0.0,0.0,0.0,-0.004025193433143955,-0.004020534907708142,0.0,0.007266610353079209,0.007935976600789664,-0.0036085869777280092,-0.0035561685665105695,0.0,0.0,0.0,-0.004100726936530781,-0.0040960684110949675,0.0,0.0,0.0,-0.004100726936530781,-0.0040960684110949675,0.0,0.0,0.004091409885659155
2024-02-08,0.0,0.0,0.002905088480588575,0.002905088480588575,0.0,0.0,0.0,0.002905088480588575,0.002905088480588575,0.0,0.0,0.0,0.002765607929211419,0.002765607929211419,0.0,-0.0024828885044744504,-0.0012828885044744503,0.002069897871820355,0.002815168759191054,0.0,0.0,0.0,0.002905088480588575,0.002905088480588575,0.0,0.0,0.0,0.002905088480588575,0.002905088480588575,0.0,0.0,-0.0029050884805885756
2024-02-09,0.0,0.0,-0.0020177681497876012,-0.0020032298229219958,0.0,0.0,0.0,-0.0020177681497876012,-0.0020032298229219958,0.0,0.0,0.0,-0.0018346397494377776,-0.001832350212210019,0.0,-0.005543131861584721,-0.005507970522430516,-0.003121245243387367,-0.0029777066147099593,0.0,0.0,0.0,-0.0020177681497876012,-0.0020032298229219958,0.0,0.0,0.0,-0.0020177681497876012,-0.0020032298229219958,0.0,0.0,0.0019886914960563903
2024-02-12,0.0,0.0,-0.0028703843353344075,-0.00286054518488481,0.0,0.0,0.0,-0.0028703843353344075,-0.00286054518488481,0.0,0.0,0.0,-0.0028167728831902925,-0.002806933732740695,0.0,-0.000466781906374417,-0.00042828890948330917,0.0011270104622844832,0.001220789990504533,0.0,0.0,0.0,-0.0028703843353344075,-0.00286054518488481,0.0,0.0,0.0,-0.0028703843353344075,-0.00286054518488481,0.0,0.0,0.002850706034435213
2024-02-13,0.0,0.0,0.018109721442007013,0.018153762616107988,0.0,0.0,0.0,0.018109721442007013,0.018153762616107988,0.0,0.0,0.0,0.01802025195078796,0.018072780495579553,0.0,-0.003279037915522592,-0.002706686291761372,-0.01758292770322917,-0.01694486307372248,0.0,0.0,0.0,0.018109721442007013,0.018153762616107988,0.0,0.0,0.0,0.018109721442007013,0.018153762616107988,0.0,0.0,-0.018925423599635623
2024-02-14,0.0,0.0,-0.002629523680264611,-0.002627503492316119,0.0,0.0,0.0,-0.002629523680264611,-0.002627503492316119,0.0,0.0,0.0,-0.0026000847960569416,-0.0025980646081084496,0.0,-0.0023168897270264372,-0.0016580612458825359,-0.0027122910188790467,-0.002560986175578971,0.0,0.0,0.0,-0.002629523680264611,-0.002627503492316119,0.0,0.0,0.0,-0.002629523680264611,-0.002627503492316119,0.0,0.0,-0.0032054591332407777
2024-02-15,0.0,0.0,-0.005605340392229257,-0.005595063461593684,0.0,0.0,0.0,-0.005605340392229257,-0.005595063461593684,0.0,0.0,0.0,-0.00562329554471297,-0.0056130186140773974,0.0,0.0011926750123928797,0.0014453374576011515,-0.00543553474661081,-0.005296822067365795,0.0,0.0,0.0,-0.005605340392229257,-0.005595063461593684,0.0,0.0,0.0,-0.005605340392229257,-0.005595063461593684,0.0,0.0,0.00502064876638672
2024-02-16,0.0,0.0,-0.0017737967278347875,-0.001766312827816853,0.0,0.0,0.0,-0.0017737967278347875,-0.001766312827816853,0.0,0.0,0.0,-0.001750038041654962,-0.001750038041654962,0.0,-0.0037560950582863125,-0.0037376791755088113,-0.0018509016036999352,-0.0018509016036999352,0.0,0.0,0.0,-0.0017737967278347875,-0.001766312827816853,0.0,0.0,0.0,-0.0017737967278347875,-0.001766312827816853,0.0,0.0,-0.001772906088395723
2024-02-19,0.0,0.0,0.0,0.0,0.0,0.0,0.0,0.0,0.0,0.0,0.0,0.0,0.0,0.0,0.0,-6.87488077621603e-05,0.0,0.0,0.0,0.0,0.0,0.0,0.0,0.0,0.0,0.0,0.0,0.0,0.0,0.0,0.0,-0.000758234419833633
2024-02-20,0.0,0.0,-0.005699639124454244,-0.005694873323317649,0.0,0.0,0.0,-0.005699639124454244,-0.005694873323317649,0.0,0.0,0.0,-0.005508941808606588,-0.005507120245610184,0.0,-0.007475806926311142,-0.006975226509638281,-0.005762264936000289,-0.005744139596861743,0.0,0.0,0.0,-0.005699639124454244,-0.005694873323317649,0.0,0.0,0.0,-0.005699639124454244,-0.005694873323317649,0.0,0.0,0.005023774250798757
2024-02-21,0.0,0.0,0.0008744085602855191,0.0008744085602855191,0.0,0.0,0.0,0.0008744085602855191,0.0008744085602855191,0.0,0.0,0.0,0.0008809681603685496,0.0008809681603685496,0.0,-0.0014717308888249987,-0.0014717308888249987,0.00086912811159398,0.00086912811159398,0.0,0.0,0.0,0.0008744085602855191,0.0008744085602855191,0.0,0.0,0.0,0.0008744085602855191,0.0008744085602855191,0.0,0.0,0.00010276565982509961
2024-02-22,0.0,0.0,-0.00036141989722502234,-0.0003538740391582896,0.0,0.0,0.0,-0.00036141989722502234,-0.0003538740391582896,0.0,0.0,0.0,-0.0003732429805187968,-0.000365697122452064,0.0,-0.0030455622285129732,-0.0030455622285129732,-0.0004103310198870454,-0.0004103310198870454,0.0,0.0,0.0,-0.00036141989722502234,-0.0003538740391582896,0.0,0.0,0.0,-0.00036141989722502234,-0.0003538740391582896,0.0,0.0,0.0003311918126821868
2024-02-23,0.0,0.0,-0.002227160313498567,-0.0022175286841890503,0.0,0.0,0.0,-0.002227160313498567,-0.0022175286841890503,0.0,0.0,0.0,-0.0022180649395403197,-0.002201211666357025,0.0,0.001634054878091963,0.0016467427561879268,-0.0022124644101265897,-0.0022124644101265897,0.0,0.0,0.0,-0.002227160313498567,-0.0022175286841890503,0.0,0.0,0.0,-0.002227160313498567,-0.0022175286841890503,0.0,0.0,0.0022430699528749576
2024-02-26,0.0,0.0,0.0005281442995785425,0.0005281442995785425,0.0,0.0,0.0,0.0005281442995785425,0.0005281442995785425,0.0,0.0,0.0,0.0004940624036284592,0.0004940624036284592,0.0,-0.0010805606529289244,-0.0010805606529289244,0.0004975910431707011,0.0005110934675598887,0.0,0.0,0.0,0.0005281442995785425,0.0005281442995785425,0.0,0.0,0.0,0.0005281442995785425,0.0005281442995785425,0.0,0.0,-0.0005140753104616331
2024-02-27,0.0,0.0,-0.0004271937631026488,-0.00042526183548565377,0.0,0.0,0.0,-0.0004271937631026488,-0.00042526183548565377,0.0,0.0,0.0,-0.000428218935663407,-0.00042628700804641197,0.0,0.002481159657207021,0.002481159657207021,-0.00032995086638133416,-0.00032995086638133416,0.0,0.0,0.0,-0.0004271937631026488,-0.00042526183548565377,0.0,0.0,0.0,-0.0004271937631026488,-0.00042526183548565377,0.0,0.0,0.00043828749200399363
2024-02-28,0.0,0.0,0.005775748327170842,0.006590918204282807,0.0,0.0,0.0,0.005775748327170842,0.006590918204282807,0.0,0.0,0.0,0.006637589787089415,0.0066508333662024435,0.0,0.0061305784075999965,0.006335895809207526,0.006661058270645549,0.0069974588595110914,0.0,0.0,0.0,0.005775748327170842,0.006590918204282807,0.0,0.0,0.0,0.005775748327170842,0.006590918204282807,0.0,0.0,-0.006602210375700525
2024-02-29,0.0,0.0,-0.004247500849045906,-0.0034022101079361987,0.0,0.0,0.0,-0.004247500849045906,-0.0034022101079361987,0.0,0.0,0.0,0.0032888859743031586,0.0032888859743031586,0.0,0.000819241071417808,0.0010171629717940064,0.0007903615990599507,0.001104724547961944,0.0,0.0,0.0,-0.004247500849045906,-0.0034022101079361987,0.0,0.0,0.0,-0.004247500849045906,-0.0034022101079361987,0.0,0.0,-0.003254931428967615
2024-03-01,0.0,0.0,-0.0035969082785537315,-0.0035969082785537315,0.0,0.0,0.0,-0.0035969082785537315,-0.0035969082785537315,0.0,0.0,0.0,-0.0034726312896496514,-0.0034593938569210596,0.0,-0.006752225952014319,-0.006287149129117229,-0.007248564923907458,-0.006909154566140521,0.0,0.0,0.0,-0.0035969082785537315,-0.0035969082785537315,0.0,0.0,0.0,-0.0035969082785537315,-0.0035969082785537315,0.0,0.0,0.003438947649977116
2024-03-04,0.0,0.0,-0.001002913270435184,-0.001002913270435184,0.0,0.0,0.0,-0.001002913270435184,-0.001002913270435184,0.0,0.0,0.0,-0.0009927851752311431,-0.0009895406506914308,0.0,-0.0005866840853998067,0.00013229159985330964,-0.001525692874253728,-0.0009718204904543889,0.0,0.0,0.0,-0.001002913270435184,-0.001002913270435184,0.0,0.0,0.0,-0.001002913270435184,-0.001002913270435184,0.0,0.0,0.0009533350516075191
2024-03-05,0.0,0.0,0.0007890538371706964,0.0007890538371706964,0.0,0.0,0.0,0.0007890538371706964,0.0007890538371706964,0.0,0.0,0.0,0.0007463181802287839,0.0007490339026315332,0.0,0.0007585610932948341,0.0007585610932948341,0.000836453388351628,0.001074973418770178,0.0,0.0,0.0,0.0007890538371706964,0.0007890538371706964,0.0,0.0,0.0,0.0007890538371706964,0.0007890538371706964,0.0,0.0,-0.0007664598686373396
2024-03-06,0.0,0.0,-0.011844687604302101,-0.01183544318766731,0.0,0.0,0.0,-0.011844687604302101,-0.01183544318766731,0.0,0.0,0.0,-0.011814689385787471,-0.011814689385787471,0.0,-0.0021240923291865953,-0.0021184905180912576,-0.013337092962717918,-0.013255597227361698,0.0,0.0,0.0,-0.011844687604302101,-0.01183544318766731,0.0,0.0,0.0,-0.011844687604302101,-0.01183544318766731,0.0,0.0,0.01196783193404178
2024-03-07,0.0,0.0,-0.009051459456028798,-0.008205159563129737,0.0,0.0,0.0,-0.009051459456028798,-0.008205159563129737,0.0,0.0,0.0,-0.009136731149071126,-0.008290704762147112,0.0,0.0011894414007977243,0.0011894414007977243,-0.006965165883340498,-0.00621151501950325,0.0,0.0,0.0,-0.009051459456028798,-0.008205159563129737,0.0,0.0,0.0,-0.009051459456028798,-0.008205159563129737,0.0,0.0,0.008237071955935385
2024-03-08,0.0,0.0,0.003368922278058553,0.003368922278058553,0.0,0.0,0.0,0.003368922278058553,0.003368922278058553,0.0,0.0,0.0,0.003368922278058553,0.003368922278058553,0.0,-5.8673969557486216e-05,-1.445295940611383e-05,0.00313207097924906,0.0031801646010727936,0.0,0.0,0.0,0.003368922278058553,0.003368922278058553,0.0,0.0,0.0,0.003368922278058553,0.003368922278058553,0.0,0.0,0.0033846159926609553
2024-03-11,0.0,0.0,-0.004097925169967924,-0.004097925169967924,0.0,0.0,0.0,-0.004097925169967924,-0.004097925169967924,0.0,0.0,0.0,-0.004097925169967923,-0.004097925169967923,0.0,0.0017131055832712162,0.0017682604724579298,-0.0028430617663739,-0.002555941088253219,0.0,0.0,0.0,-0.004097925169967924,-0.004097925169967924,0.0,0.0,0.0,-0.004097925169967924,-0.004097925169967924,0.0,0.0,-0.00409232370339519
2024-03-12,0.0,0.0,-0.004202258572143883,-0.0033470749508670056,0.0,0.0,0.0,-0.004202258572143883,-0.0033470749508670056,0.0,0.0,0.0,-0.004202258572143882,-0.0033470749508670047,0.0,-0.0010134940472920585,-0.0009147620658928865,-0.0040547799442195494,-0.003499975632177843,0.0,0.0,0.0,-0.004202258572143883,-0.0033470749508670056,0.0,0.0,0.0,-0.004202258572143883,-0.0033470749508670056,0.0,0.0,-0.0034373807815553967
2024-03-13,0.0,0.0,-0.003424215229945,-0.003424215229945,0.0,0.0,0.0,-0.003424215229945,-0.003424215229945,0.0,0.0,0.0,-0.0034242152299449984,-0.0034242152299449984,0.0,-0.0013582388476399117,-0.0011132417797059364,-0.0003728690632051376,0.000249047135483026,0.0,0.0,0.0,-0.003424215229945,-0.003424215229945,0.0,0.0,0.0,-0.003424215229945,-0.003424215229945,0.0,0.0,0.0033487160585071634
2024-03-14,0.0,0.0,0.010730918332873879,0.010730918332873879,0.0,0.0,0.0,0.010730918332873879,0.010730918332873879,0.0,0.0,0.0,0.010730918332873877,0.010730918332873877,0.0,0.0008549222742648089,0.0008662169699813747,0.010800013992661091,0.0108193486971792,0.0,0.0,0.0,0.010730918332873879,0.010730918332873879,0.0,0.0,0.0,0.010730918332873879,0.010730918332873879,0.0,0.0,-0.010686409793650346
2024-03-15,0.0,0.0,0.003946159338337434,0.003946159338337434,0.0,0.0,0.0,0.003946159338337434,0.003946159338337434,0.0,0.0,0.0,0.003946159338337432,0.003946159338337432,0.0,-0.001144644784153165,-0.001082065895507823,0.003406503082352261,0.003431023694500611,0.0,0.0,0.0,0.003946159338337434,0.003946159338337434,0.0,0.0,0.0,0.003946159338337434,0.003946159338337434,0.0,0.0,-0.0040191976408494095
2024-03-18,0.0,0.0,0.0028443340594656724,0.0028443340594656724,0.0,0.0,0.0,0.0028443340594656724,0.0028443340594656724,0.0,0.0,0.0,0.002844334059465672,0.002844334059465672,0.0,-0.002174425660831179,-0.0009728747065630844,0.002210296806400676,0.0024272126014252384,0.0,0.0,0.0,0.0028443340594656724,0.0028443340594656724,0.0,0.0,0.0,0.0028443340594656724,0.0028443340594656724,0.0,0.0,-0.002828786302421709
2024-03-19,0.0,0.0,0.0070621884648572,0.0070621884648572,0.0,0.0,0.0,0.0070621884648572,0.0070621884648572,0.0,0.0,0.0,0.0070621884648571975,0.0070621884648571975,0.0,-0.0018182221220873803,-0.0008554353036348667,0.007075474049580417,0.007163693918906356,0.0,0.0,0.0,0.0070621884648572,0.0070621884648572,0.0,0.0,0.0,0.0070621884648572,0.0070621884648572,0.0,0.0,-0.0071549328259314145
2024-03-20,0.0,0.0,0.002063524359886984,0.0020663707386277645,0.0,0.0,0.0,0.002063524359886984,0.0020663707386277645,0.0,0.0,0.0,0.0020635243598869832,0.0020663707386277637,0.0,-0.006018533554739818,-0.005563012634285497,0.0009263559188701172,0.0014753030890961483,0.0,0.0,0.0,0.002063524359886984,0.0020663707386277645,0.0,0.0,0.0,0.002063524359886984,0.0020663707386277645,0.0,0.0,-0.0019812750756522477
2024-03-21,0.0,0.0,0.0006828658995626694,0.0015636185693704762,0.0,0.0,0.0,0.0006828658995626694,0.0015636185693704762,0.0,0.0,0.0,0.0006828658995626688,0.0015636185693704754,0.0,-0.0042189449196573135,-0.004188439352327589,-0.005183503051046424,-0.004800077248089375,0.0,0.0,0.0,0.0006828658995626694,0.0015636185693704762,0.0,0.0,0.0,0.0006828658995626694,0.0015636185693704762,0.0,0.0,-0.0016182747928859423
2024-03-22,0.0,0.0,-0.009676910738671692,-0.009676910738671692,0.0,0.0,0.0,-0.009676910738671692,-0.009676910738671692,0.0,0.0,0.0,-0.009676910738671692,-0.009676910738671692,0.0,0.0069037531343442236,0.006906857587419766,-0.005552835796836885,-0.00554919039556416,0.0,0.0,0.0,-0.009676910738671692,-0.009676910738671692,0.0,0.0,0.0,-0.009676910738671692,-0.009676910738671692,0.0,0.0,-0.009150715152569669
2024-03-25,0.0,0.0,0.0033529783105743604,0.0033529783105743604,0.0,0.0,0.0,0.0033529783105743604,0.0033529783105743604,0.0,0.0,0.0,0.0033529783105743604,0.0033529783105743604,0.0,-0.0028134547852291638,-0.002426851756730474,0.0017388939947492838,0.0019868994837714924,0.0,0.0,0.0,0.0033529783105743604,0.0033529783105743604,0.0,0.0,0.0,0.0033529783105743604,0.0033529783105743604,0.0,0.0,0.0031801522913537683
2024-03-26,0.0,0.0,-0.0022356700122761063,-0.0022356700122761063,0.0,0.0,0.0,-0.0022356700122761063,-0.0022356700122761063,0.0,0.0,0.0,-0.0022356700122761063,-0.0022356700122761063,0.0,-0.003993523664396646,-0.003993523664396646,-0.002617158600947504,-0.002609307728707592,0.0,0.0,0.0,-0.0022356700122761063,-0.0022356700122761063,0.0,0.0,0.0,-0.0022356700122761063,-0.0022356700122761063,0.0,0.0,-0.0023538679314401632
2024-03-27,0.0,0.0,-0.002993638271000573,-0.002990888995947626,0.0,0.0,0.0,-0.002993638271000573,-0.002990888995947626,0.0,0.0,0.0,-0.002993638271000573,-0.002990888995947626,0.0,-0.0012780917227042834,-7.809172270428343e-05,-0.003269164389869685,-0.0029204191609960815,0.0,0.0,0.0,-0.002993638271000573,-0.002990888995947626,0.0,0.0,0.0,-0.002993638271000573,-0.002990888995947626,0.0,0.0,-0.002964166943982408
2024-03-28,0.0,0.0,0.0006745825916536444,0.0006745825916536444,0.0,0.0,0.0,0.0006745825916536444,0.0006745825916536444,0.0,0.0,0.0,0.0006745825916536439,0.0006745825916536439,0.0,-0.004844146274534879,-0.004844146274534879,-0.0028232780776599794,-0.002453876331846485,0.0,0.0,0.0,0.0006745825916536444,0.0006745825916536444,0.0,0.0,0.0,0.0006745825916536444,0.0006745825916536444,0.0,0.0,0.0006044920900619883
2024-03-29,0.0,0.0,-0.0006814422437205162,-0.0006814422437205162,0.0,0.0,0.0,-0.0006814422437205162,-0.0006814422437205162,0.0,0.0,0.0,-0.0006814422437205161,-0.0006814422437205161,0.0,0.0001473079699802518,0.0001473079699802518,2.80073685928315e-05,0.00017901436951980293,0.0,0.0,0.0,-0.0006814422437205162,-0.0006814422437205162,0.0,0.0,0.0,-0.0006814422437205162,-0.0006814422437205162,0.0,0.0,-0.000694929531536422
2024-04-01,0.0,0.0,-0.013387194613838036,-0.013373959660691092,0.0,0.0,0.0,-0.013387194613838036,-0.013373959660691092,0.0,0.0,0.0,-0.013387194613838036,-0.013373959660691092,0.0,-0.006656864175669138,-0.005456864175669139,-0.0011010698615175223,-0.0005101912649719872,0.0,0.0,0.0,-0.013387194613838036,-0.013373959660691092,0.0,0.0,0.0,-0.013387194613838036,-0.013373959660691092,0.0,0.0,-0.013442200159842332
2024-04-02,0.0,0.0,0.00619231757194267,0.0062006772393518065,0.0,0.0,0.0,0.00619231757194267,0.0062006772393518065,0.0,0.0,0.0,0.00619231757194267,0.0062006772393518065,0.0,-0.0069827820799033755,-0.006977045770396255,0.002912790625723672,0.0030494398246180636,0.0,0.0,0.0,0.00619231757194267,0.0062006772393518065,0.0,0.0,0.0,0.00619231757194267,0.0062006772393518065,0.0,0.0,0.006185743014018129
2024-04-03,0.0,0.0,0.010026695298712493,0.01003050793021349,0.0,0.0,0.0,0.010026695298712493,0.01003050793021349,0.0,0.0,0.0,0.009156438597147805,0.01003050793021349,0.0,-0.006461276763149355,-0.006452924604272752,0.004079360992711898,0.004763911210300734,0.0,0.0,0.0,0.010026695298712493,0.01003050793021349,0.0,0.0,0.0,0.010026695298712493,0.01003050793021349,0.0,0.0,0.010263803299722199
2024-04-04,0.0,0.0,0.006346883822064028,0.006361316071041804,0.0,0.0,0.0,0.006346883822064028,0.006361316071041804,0.0,0.0,0.0,-0.007181699745273901,-0.006304215506183712,0.0,-0.00734590653378412,-0.007328404938113852,-0.010147351830397583,-0.009383458950451215,0.0,0.0,0.0,0.006346883822064028,0.006361316071041804,0.0,0.0,0.0,0.006346883822064028,0.006361316071041804,0.0,0.0,0.00630803097892385
2024-04-05,0.0,0.0,-0.0058187837860815775,-0.005803863879915404,0.0,0.0,0.0,-0.0058187837860815775,-0.005803863879915404,0.0,0.0,0.0,-0.006728951625485583,-0.005853287114843829,0.0,0.009910855932238699,0.01038045741772744,-0.0027936944518720114,-0.002314439509108514,0.0,0.0,0.0,-0.0058187837860815775,-0.005803863879915404,0.0,0.0,0.0,-0.0058187837860815775,-0.005803863879915404,0.0,0.0,-0.005916988011081352
2024-04-08,0.0,0.0,0.0006393563404074435,0.0006393563404074435,0.0,0.0,0.0,0.0006393563404074435,0.0006393563404074435,0.0,0.0,0.0,-0.0007527013026068524,-0.0007527013026068524,0.0,-0.0059382794056438435,-0.005697867148185732,-0.005784071514764541,-0.005560475904494279,0.0,0.0,0.0,0.0006393563404074435,0.0006393563404074435,0.0,0.0,0.0,0.0006393563404074435,0.0006393563404074435,0.0,0.0,0.000661393757915378
2024-04-09,0.0,0.0,0.002413210746599986,0.002413210746599986,0.0,0.0,0.0,0.002413210746599986,0.002413210746599986,0.0,0.0,0.0,-0.003341279184960251,-0.002455564240357112,0.0,-0.0014124121141245994,-0.001356849482900478,0.0007038310136664033,0.0009220786034604662,0.0,0.0,0.0,0.002413210746599986,0.002413210746599986,0.0,0.0,0.0,0.002413210746599986,0.002413210746599986,0.0,0.0,0.002381464754319482
2024-04-10,0.0,0.0,-0.024115409350231456,-0.023312655569716064,0.0,0.0,0.0,-0.024115409350231456,-0.023312655569716064,0.0,0.0,0.0,-0.025192083001355697,-0.024368930877396344,0.0,0.003331183245971597,0.0033414464381700346,-0.019647007702954963,-0.01895592334424944,0.0,0.0,0.0,-0.024115409350231456,-0.023312655569716064,0.0,0.0,0.0,-0.024115409350231456,-0.023312655569716064,0.0,0.0,-0.02320386384414352
2024-04-11,0.0,0.0,0.0011760236453426188,0.0011760236453426188,0.0,0.0,0.0,0.0011760236453426188,0.0011760236453426188,0.0,0.0,0.0,0.0011760236453426185,0.0011760236453426185,0.0,-0.000841624984352053,-0.000720216765509287,-0.00020338618646537359,0.0004292475707931056,0.0,0.0,0.0,0.0011760236453426188,0.0011760236453426188,0.0,0.0,0.0,0.0011760236453426188,0.0011760236453426188,0.0,0.0,-0.0012359558387465498
2024-04-12,0.0,0.0,0.007926417887490097,0.008673575175212106,0.0,0.0,0.0,0.007926417887490097,0.008673575175212106,0.0,0.0,0.0,0.008673575175212106,0.008673575175212106,0.0,0.00532524903443267,0.005338181299080916,-0.00044838514009421806,-0.00044838514009421806,0.0,0.0,0.0,0.007926417887490097,0.008673575175212106,0.0,0.0,0.0,0.007926417887490097,0.008673575175212106,0.0,0.0,-0.008984594509921015
2024-04-15,0.0,0.0,-0.0029725031272686635,-0.0029725031272686635,0.0,0.0,0.0,-0.0029725031272686635,-0.0029725031272686635,0.0,0.0,0.0,0.002084320602913054,0.0028358819724153476,0.0,-0.0028021945306741717,-0.002604016043557795,-0.005629779697666992,-0.0053413361995302625,0.0,0.0,0.0,-0.0029725031272686635,-0.0029725031272686635,0.0,0.0,0.0,-0.0029725031272686635,-0.0029725031272686635,0.0,0.0,-0.002815463954941123
2024-04-16,0.0,0.0,-0.006397040944300903,-0.006397040944300903,0.0,0.0,0.0,-0.006397040944300903,-0.006397040944300903,0.0,0.0,0.0,-0.006487290855442903,-0.006487290855442903,0.0,0.0013208616365004233,0.0015581025992519352,-0.005416756748507303,-0.0053139690273558615,0.0,0.0,0.0,-0.006397040944300903,-0.006397040944300903,0.0,0.0,0.0,-0.006397040944300903,-0.006397040944300903,0.0,0.0,-0.006639849770796973
2024-04-17,0.0,0.0,0.0006431156775670939,0.0006431156775670939,0.0,0.0,0.0,0.0006431156775670939,0.0006431156775670939,0.0,0.0,0.0,-9.473313339665001e-05,0.0006676122485912505,0.0,-0.0009113729828826013,-0.0009113729828826013,-0.00042504910473831464,-5.561186041732938e-05,0.0,0.0,0.0,0.0006431156775670939,0.0006431156775670939,0.0,0.0,0.0,0.0006431156775670939,0.0006431156775670939,0.0,0.0,0.0006658915471656378
2024-04-18,0.0,0.0,0.0037450685487662003,0.0037450685487662003,0.0,0.0,0.0,0.0037450685487662003,0.0037450685487662003,0.0,0.0,0.0,-0.0038061746684382235,-0.0038061746684382235,0.0,0.0005196810244985626,0.0005196810244985626,0.001757406507605993,0.0018404603330877713,0.0,0.0,0.0,0.0037450685487662003,0.0037450685487662003,0.0,0.0,0.0,0.0037450685487662003,0.0037450685487662003,0.0,0.0,0.0037582500399325515
2024-04-19,0.0,0.0,-0.0013471045446447902,-0.001337702977536711,0.0,0.0,0.0,-0.0013471045446447902,-0.001337702977536711,0.0,0.0,0.0,0.0006456151995329211,0.0014228475823239947,0.0,0.004807655361497335,0.005024972701309825,0.004311686378207934,0.004895504993440439,0.0,0.0,0.0,-0.0013471045446447902,-0.001337702977536711,0.0,0.0,0.0,-0.0013471045446447902,-0.001337702977536711,0.0,0.0,-0.0013980759787786971
2024-04-22,0.0,0.0,-0.0011287834953008923,-0.0011233421041738584,0.0,0.0,0.0,-0.0011287834953008923,-0.0011233421041738584,0.0,0.0,0.0,-0.0020658827259750156,-0.0012733296214296563,0.0,0.003057039695450947,0.003207600244195317,-0.001830828338528625,-0.001125412632997571,0.0,0.0,0.0,-0.0011287834953008923,-0.0011233421041738584,0.0,0.0,0.0,-0.0011287834953008923,-0.0011233421041738584,0.0,0.0,-0.0012284999834089214
2024-04-23,0.0,0.0,0.007461851950167721,0.007468360871562957,0.0,0.0,0.0,0.007461851950167721,0.007468360871562957,0.0,0.0,0.0,-0.007717060121400266,-0.007710654575618019,0.0,-0.001764928161319248,-0.0017604122485208888,-0.005116415671811999,-0.004868463683195235,0.0,0.0,0.0,0.007461851950167721,0.007468360871562957,0.0,0.0,0.0,0.007461851950167721,0.007468360871562957,0.0,0.0,0.0074285979896100566
2024-04-24,0.0,0.0,-0.004097694240594871,-0.004097694240594871,0.0,0.0,0.0,-0.004097694240594871,-0.004097694240594871,0.0,0.0,0.0,0.004105332601662585,0.004105332601662585,0.0,-0.004853760255809427,-0.004779452882795417,0.0004511616206678314,0.0006139367294401027,0.0,0.0,0.0,-0.004097694240594871,-0.004097694240594871,0.0,0.0,0.0,-0.004097694240594871,-0.004097694240594871,0.0,0.0,-0.004090025827994235
2024-04-25,0.0,0.0,0.003416017244482449,0.0034216764395240177,0.0,0.0,0.0,0.003416017244482449,0.0034216764395240177,0.0,0.0,0.0,-0.0033945730582971585,-0.0033893240643300456,0.0,-0.002112686969908138,-0.002112686969908138,-0.004315360469658581,-0.0042691590208555254,0.0,0.0,0.0,0.003416017244482449,0.0034216764395240177,0.0,0.0,0.0,0.003416017244482449,0.0034216764395240177,0.0,0.0,0.0033515668699633013
2024-04-26,0.0,0.0,-0.0052768681543683945,-0.0052557437266418025,0.0,0.0,0.0,-0.0052768681543683945,-0.0052557437266418025,0.0,0.0,0.0,0.005468402328557513,0.005492413816008137,0.0,-0.0020104465534174377,-0.0019105964841349067,0.004623652168797013,0.005033697423459506,0.0,0.0,0.0,-0.0052768681543683945,-0.0052557437266418025,0.0,0.0,0.0,-0.0052768681543683945,-0.0052557437266418025,0.0,0.0,-0.005312687545621264
2024-04-29,0.0,0.0,0.007011158889661021,0.007813041715456125,0.0,0.0,0.0,0.007011158889661021,0.007813041715456125,0.0,0.0,0.0,-0.007688992996290612,-0.007688992996290612,0.0,-0.0002253925350075095,-0.00015181202079593483,-0.0017975999887930375,-0.0013077764784487148,0.0,0.0,0.0,0.007011158889661021,0.007813041715456125,0.0,0.0,0.0,0.007011158889661021,0.007813041715456125,0.0,0.0,0.006841461196188557
2024-04-30,0.0,0.0,0.01276757257990903,0.01278231451544815,0.0,0.0,0.0,0.01276757257990903,0.01278231451544815,0.0,0.0,0.0,0.012549907137792145,0.012553642601462365,0.0,-0.0045611410074151626,-0.004520036922896669,0.011675805062647286,0.011687945364596464,0.0,0.0,0.0,0.01276757257990903,0.01278231451544815,0.0,0.0,0.0,0.01276757257990903,0.01278231451544815,0.0,0.0,0.012767572579909032
2024-05-01,0.0,0.0,0.0018285736214129847,0.0018285736214129847,0.0,0.0,0.0,0.0018285736214129847,0.0018285736214129847,0.0,0.0,0.0,0.0018763972125140544,0.0018785897275290764,0.0,-0.0012537793777046646,-0.0012537793777046646,0.0014906474032663469,0.0015446005611901678,0.0,0.0,0.0,0.0018285736214129847,0.0018285736214129847,0.0,0.0,0.0,0.0018285736214129847,0.0018285736214129847,0.0,0.0,0.001828573621412985
2024-05-02,0.0,0.0,-0.013165785714943756,-0.013131224577238195,0.0,0.0,0.0,-0.013165785714943756,-0.013131224577238195,0.0,0.0,0.0,-0.013596107360672214,-0.01355227625880542,0.0,0.012343749883549972,0.012416562868782292,-0.01245082602378961,-0.012425990552946369,0.0,0.0,0.0,-0.013165785714943756,-0.013131224577238195,0.0,0.0,0.0,-0.013165785714943756,-0.013131224577238195,0.0,0.0,-0.013165785714943758
2024-05-03,0.0,0.0,-0.01193382003356067,-0.011923487538115445,0.0,0.0,0.0,-0.01193382003356067,-0.011923487538115445,0.0,0.0,0.0,-0.012106788564389995,-0.012092424850502171,0.0,-0.0018984313784476002,-0.0018910573607926295,-0.01224247509472237,-0.01214885711144606,0.0,0.0,0.0,-0.01193382003356067,-0.011923487538115445,0.0,0.0,0.0,-0.01193382003356067,-0.011923487538115445,0.0,0.0,-0.011933820033560673
2024-05-06,0.0,0.0,-0.0009196060428202726,-0.0009196060428202726,0.0,0.0,0.0,-0.0009196060428202726,-0.0009196060428202726,0.0,0.0,0.0,-0.001046658212806716,-0.001046658212806716,0.0,-0.0019089977837777584,-0.0019089977837777584,-0.001456903052553753,-0.0014055604825176243,0.0,0.0,0.0,-0.0009196060428202726,-0.0009196060428202726,0.0,0.0,0.0,-0.0009196060428202726,-0.0009196060428202726,0.0,0.0,-0.0009196060428202727
2024-05-07,0.0,0.0,0.0049240745283942195,0.0049240745283942195,0.0,0.0,0.0,0.0049240745283942195,0.0049240745283942195,0.0,0.0,0.0,0.005172008133295795,0.005172008133295795,0.0,-0.0022654205603077626,-0.0022654205603077626,0.004852072831787187,0.004871351785706311,0.0,0.0,0.0,0.0049240745283942195,0.0049240745283942195,0.0,0.0,0.0,0.0049240745283942195,0.0049240745283942195,0.0,0.0,0.00492407452839422
2024-05-08,0.0,0.0,0.0032415901904701582,0.0032415901904701582,0.0,0.0,0.0,0.0032415901904701582,0.0032415901904701582,0.0,0.0,0.0,0.0033716217111367285,0.0033716217111367285,0.0,0.0016495810429052282,0.0016495810429052282,0.0035519270121275566,0.0035519270121275566,0.0,0.0,0.0,0.0032415901904701582,0.0032415901904701582,0.0,0.0,0.0,0.0032415901904701582,0.0032415901904701582,0.0,0.0,0.002517154037408254
2024-05-09,0.0,0.0,-0.002966389501438984,-0.002236833170275392,0.0,0.0,0.0,-0.002966389501438984,-0.002236833170275392,0.0,0.0,0.0,-0.002385794129924034,-0.002385794129924034,0.0,-0.0013916482172412967,-0.0013916482172412967,-0.00256949330881971,-0.002456218357000858,0.0,0.0,0.0,-0.002966389501438984,-0.002236833170275392,0.0,0.0,0.0,-0.002966389501438984,-0.002236833170275392,0.0,0.0,0.0023864128580414635
2024-05-10,0.0,0.0,0.0022458340147652987,0.0022458340147652987,0.0,0.0,0.0,0.0022458340147652987,0.0022458340147652987,0.0,0.0,0.0,-0.002212070072105159,-0.0022094786212317748,0.0,8.945859265753172e-05,8.945859265753172e-05,-0.0021376278538694777,-0.002101127814767474,0.0,0.0,0.0,0.0022458340147652987,0.0022458340147652987,0.0,0.0,0.0,0.0022458340147652987,0.0022458340147652987,0.0,0.0,0.0022179997439382947
2024-05-13,0.0,0.0,0.00016599569618151646,0.0009316608469954281,0.0,0.0,0.0,0.00016599569618151646,0.0009316608469954281,0.0,0.0,0.0,-0.0008830614250719506,-0.0008810443581126524,0.0,-0.0038793718414078847,-0.0038793718414078847,-0.0019693969048420103,-0.0018480896318372908,0.0,0.0,0.0,0.00016599569618151646,0.0009316608469954281,0.0,0.0,0.0,0.00016599569618151646,0.0009316608469954281,0.0,0.0,0.00015072821455439762
2024-05-14,0.0,0.0,-0.002661621945165039,-0.002661621945165039,0.0,0.0,0.0,-0.002661621945165039,-0.002661621945165039,0.0,0.0,0.0,-0.0025717693811307465,-0.002569553229349449,0.0,-0.002160567758719153,-0.002160567758719153,-0.0027022210847270868,-0.0027022210847270868,0.0,0.0,0.0,-0.002661621945165039,-0.002661621945165039,0.0,0.0,0.0,-0.002661621945165039,-0.002661621945165039,0.0,0.0,-0.0026616219451650394
2024-05-15,0.0,0.0,-0.010910077850508949,-0.010907168291398027,0.0,0.0,0.0,-0.010910077850508949,-0.010907168291398027,0.0,0.0,0.0,-0.010589071355727075,-0.010589071355727075,0.0,-0.004066669209337507,-0.004048276311380656,-0.010962553887936448,-0.010956577527677222,0.0,0.0,0.0,-0.010910077850508949,-0.010907168291398027,0.0,0.0,0.0,-0.010910077850508949,-0.010907168291398027,0.0,0.0,-0.010910077850508949
2024-05-16,0.0,0.0,-0.0018605223307168522,-0.0018605223307168522,0.0,0.0,0.0,-0.0018605223307168522,-0.0018605223307168522,0.0,0.0,0.0,-0.0018545298450158936,-0.001849488210155511,0.0,-0.0025549326159364895,-0.0025549326159364895,-0.0019034268828133753,-0.0019034268828133753,0.0,0.0,0.0,-0.0018605223307168522,-0.0018605223307168522,0.0,0.0,0.0,-0.0018605223307168522,-0.0018605223307168522,0.0,0.0,-0.0018605223307168524
2024-05-17,0.0,0.0,0.0012452490129470032,0.0012452490129470032,0.0,0.0,0.0,0.0012452490129470032,0.0012452490129470032,0.0,0.0,0.0,0.0012878811526678639,0.0012878811526678639,0.0,-0.003657947234013071,-0.003657947234013071,0.0011352077619064653,0.0011352077619064653,0.0,0.0,0.0,0.0012452490129470032,0.0012452490129470032,0.0,0.0,0.0,0.0012452490129470032,0.0012452490129470032,0.0,0.0,0.0012452490129470034
2024-05-20,0.0,0.0,0.0014564299297329564,0.0014564299297329564,0.0,0.0,0.0,0.0014564299297329564,0.0014564299297329564,0.0,0.0,0.0,0.0015120105338054177,0.0015196641098301428,0.0,-0.0012462345277671463,-0.0012462345277671463,0.0014236379471021172,0.001437818432451174,0.0,0.0,0.0,0.0014564299297329564,0.0014564299297329564,0.0,0.0,0.0,0.0014564299297329564,0.0014564299297329564,0.0,0.0,0.0014564299297329562
2024-05-21,0.0,0.0,0.001972528675139002,0.001972528675139002,0.0,0.0,0.0,0.001972528675139002,0.001972528675139002,0.0,0.0,0.0,0.002016855656973729,0.0020195753872959393,0.0,-0.0007821274334993767,-0.0007821274334993767,0.0020807481077740005,0.0020807481077740005,0.0,0.0,0.0,0.001972528675139002,0.001972528675139002,0.0,0.0,0.0,0.001972528675139002,0.001972528675139002,0.0,0.0,0.001972528675139002
2024-05-22,0.0,0.0,0.0028143038523685115,0.0028143038523685115,0.0,0.0,0.0,0.0028143038523685115,0.0028143038523685115,0.0,0.0,0.0,0.0029306789638450727,0.0029451402922795796,0.0,-0.002837861325986109,-0.002837861325986109,0.002879049160677113,0.0028833839723050466,0.0,0.0,0.0,0.0028143038523685115,0.0028143038523685115,0.0,0.0,0.0,0.0028143038523685115,0.0028143038523685115,0.0,0.0,0.0028143038523685115
2024-05-23,0.0,0.0,0.0018668402712932832,0.0018803389192578173,0.0,0.0,0.0,0.0018668402712932832,0.0018803389192578173,0.0,0.0,0.0,0.0020048890351277533,0.0020048890351277533,0.0,-0.000864701552315766,-0.000864701552315766,0.0019767390034812335,0.0019791240580790724,0.0,0.0,0.0,0.0018668402712932832,0.0018803389192578173,0.0,0.0,0.0,0.0018668402712932832,0.0018803389192578173,0.0,0.0,0.0018668402712932837
2024-05-24,0.0,0.0,-0.00438051655841936,-0.004372374503434931,0.0,0.0,0.0,-0.00438051655841936,-0.004372374503434931,0.0,0.0,0.0,-0.004437048793676454,-0.004435004577752746,0.0,-0.002059442819763761,-0.001209851986185707,-0.004598773133215056,-0.004479220683364613,0.0,0.0,0.0,-0.00438051655841936,-0.004372374503434931,0.0,0.0,0.0,-0.00438051655841936,-0.004372374503434931,0.0,0.0,-0.00438051655841936
2024-05-27,0.0,0.0,-1.5647852103046635e-05,0.0,0.0,0.0,0.0,-1.5647852103046635e-05,0.0,0.0,0.0,0.0,0.0,0.0,0.0,-0.0006723091915902343,0.0,-0.00016588405909383533,0.0,0.0,0.0,0.0,-1.5647852103046635e-05,0.0,0.0,0.0,0.0,-1.5647852103046635e-05,0.0,0.0,0.0,-1.56478521030466e-05
2024-05-28,0.0,0.0,-0.00826040605866722,-0.00826040605866722,0.0,0.0,0.0,-0.00826040605866722,-0.00826040605866722,0.0,0.0,0.0,-0.007981559878144818,-0.007981559878144818,0.0,-0.003819083859032005,-0.0037289711638031067,-0.008776455767506392,-0.008695920508697233,0.0,0.0,0.0,-0.00826040605866722,-0.00826040605866722,0.0,0.0,0.0,-0.00826040605866722,-0.00826040605866722,0.0,0.0,-0.008260406058667222
2024-05-29,0.0,0.0,0.012950134535434542,0.012954591591171844,0.0,0.0,0.0,0.012950134535434542,0.012954591591171844,0.0,0.0,0.0,0.012521366631470536,0.012529806491805559,0.0,0.006187663900542402,0.006259923989335527,0.013061809741523024,0.01314757585559082,0.0,0.0,0.0,0.012950134535434542,0.012954591591171844,0.0,0.0,0.0,0.012950134535434542,0.012954591591171844,0.0,0.0,0.012950134535434539
2024-05-30,0.0,0.0,-0.00845273479760794,-0.008441355772202296,0.0,0.0,0.0,-0.00845273479760794,-0.008441355772202296,0.0,0.0,0.0,-0.008510693949106227,-0.00849624112318899,0.0,0.007692447881745516,0.007701480878857599,-0.004582187589477768,-0.004581035267674908,0.0,0.0,0.0,-0.00845273479760794,-0.008441355772202296,0.0,0.0,0.0,-0.00845273479760794,-0.008441355772202296,0.0,0.0,-0.00845273479760794
2024-05-31,0.0,0.0,-0.0013383623005053837,-0.0013383623005053837,0.0,0.0,0.0,-0.0013383623005053837,-0.0013383623005053837,0.0,0.0,0.0,-0.001305207004490602,-0.001305207004490602,0.0,-0.003266329545630291,-0.003266329545630291,-0.002387737267309175,-0.00219385904610066,0.0,0.0,0.0,-0.0013383623005053837,-0.0013383623005053837,0.0,0.0,0.0,-0.0013383623005053837,-0.0013383623005053837,0.0,0.0,-0.0021514399382153745
2024-06-03,0.0,0.0,-0.010354323468263212,-0.010349709365554655,0.0,0.0,0.0,-0.010354323468263212,-0.010349709365554655,0.0,0.0,0.0,-0.010146633045244803,-0.010142018942536246,0.0,0.0033053636051768817,0.003355634351330767,-0.0012139013980590955,-0.0012045180010724177,0.0,0.0,0.0,-0.010354323468263212,-0.010349709365554655,0.0,0.0,0.0,-0.010354323468263212,-0.010349709365554655,0.0,0.0,0.010465231375164877
2024-06-04,0.0,0.0,0.0035434211741123415,0.003545554018942888,0.0,0.0,0.0,0.0035434211741123415,0.003545554018942888,0.0,0.0,0.0,0.0034526287026317333,0.0034584758160408594,0.0,0.012536393202460333,0.012536393202460333,0.012059813007476564,0.012229254160985508,0.0,0.0,0.0,0.0035434211741123415,0.003545554018942888,0.0,0.0,0.0,0.0035434211741123415,0.003545554018942888,0.0,0.0,-0.003396671428745718
2024-06-05,0.0,0.0,0.0029018213804142667,0.0029049646770643975,0.0,-0.0006000000000000001,0.0,0.002762496172323616,0.0029049646770643975,0.0,0.0,0.0,0.002821920291136958,0.002828763698199594,0.0,-0.006175222227223864,-0.006171480062200298,-0.00030365058533161053,-0.00025872223853031575,0.0,0.0,0.0,0.0029018213804142667,0.0029049646770643975,0.0,-0.0006000000000000001,0.0,0.002762496172323616,0.0029049646770643975,0.0,0.0,-0.003743950251600099
2024-06-06,0.0,0.0,-0.004221192847249954,-0.0034061042844489,0.0,-0.0006885157634202829,-0.0006885157634202829,-0.00402619455760021,-0.0032186150384823586,0.0,0.0,0.0,-0.004173014382345244,-0.0033615092062330154,0.0,-0.000920124554980493,-0.0004660807686659556,-0.004098481143926914,-0.003288699406899379,0.0,0.0,0.0,-0.004221192847249954,-0.0034061042844489,0.0,-0.0006885157634202829,-0.0006885157634202829,-0.00402619455760021,-0.0032186150384823586,0.0,0.0,-0.004256694768060109
2024-06-07,0.0,0.0,-0.014558549945040418,-0.014541501994000375,0.0,0.008474992514641238,0.008480517323744163,-0.013981712081077504,-0.013959864365111485,0.0,0.0,0.0,-0.014558549945040418,-0.014541501994000375,0.0,0.005160553638061898,0.0053806271239170665,-0.014122626945107757,-0.014098191830515798,0.0,0.0,0.0,-0.014558549945040418,-0.014541501994000375,0.0,0.008474992514641238,0.008480517323744163,-0.013981712081077504,-0.013959864365111485,0.0,0.0,-0.014558549945040418
2024-06-10,0.0,0.0,-0.0018670044424461125,-0.001077252707792465,0.0,-0.0008698672719684269,-0.0008450753463626527,-0.0021240053908037028,-0.0013612889198179898,0.0,0.0,0.0,-0.0018670044424461125,-0.001077252707792465,0.0,-0.0034315216051204077,-0.002813610951008138,-0.0025174968489351775,-0.0017464026466955996,0.0,0.0,0.0,-0.0018670044424461125,-0.001077252707792465,0.0,-0.0008698672719684269,-0.0008450753463626527,-0.0021240053908037028,-0.0013612889198179898,0.0,0.0,-0.001077252707792465
2024-06-11,0.0,0.0,0.002828884824736602,0.002828884824736602,0.0,-0.0007148687671636073,-0.0007148687671636073,0.002017319855216072,0.0020656449462849308,0.0,0.0,0.0,0.0028288848247366013,0.0028288848247366013,0.0,0.0011656051495297713,0.0013606638859882565,0.003185668697107325,0.0032327025644035513,0.0,0.0,0.0,0.002828884824736602,0.002828884824736602,0.0,-0.0007148687671636073,-0.0007148687671636073,0.002017319855216072,0.0020656449462849308,0.0,0.0,-0.0028754729050423913
2024-06-12,0.0,0.0,-0.02062089564606902,-0.019869958465329025,0.0,-0.008747027550077113,-0.008704621238908765,-0.022764142117764195,-0.021985144646031993,0.0,0.0,0.0,-0.020620895646069014,-0.01986995846532902,0.0,0.006639119140349198,0.006639119140349198,-0.0197946571303732,-0.019044290747155246,0.0,0.0,0.0,-0.02062089564606902,-0.019869958465329025,0.0,-0.008747027550077113,-0.008704621238908765,-0.022764142117764195,-0.021985144646031993,0.0,0.0,0.02017020127955192
2024-06-13,0.0,0.0,-0.0121906326572735,-0.011489668319542375,0.0,0.007331915080259467,0.007344621478235006,-0.011874363916238435,-0.011177730592218629,0.0,0.0,0.0,-0.0121906326572735,-0.011489668319542375,0.0,-0.006780130561176105,-0.006727341955901582,-0.01252431917963796,-0.011816734545957998,0.0,0.0,0.0,-0.0121906326572735,-0.011489668319542375,0.0,0.007331915080259467,0.007344621478235006,-0.011874363916238435,-0.011177730592218629,0.0,0.0,-0.011548218728499314
2024-06-14,0.0,0.0,0.004226955338756279,0.004226955338756279,0.0,0.006297293788200856,0.006326700679618447,0.0043763532181983365,0.004856529386342566,0.0,0.0,0.0,0.0035335470483419526,0.004226955338756279,0.0,-0.008955023899179059,-0.00870286169443273,0.0019363945884133373,0.0022052224986509857,0.0,0.0,0.0,0.004226955338756279,0.004226955338756279,0.0,0.006297293788200856,0.006326700679618447,0.0043763532181983365,0.004856529386342566,0.0,0.0,-0.004580880331971215
2024-06-17,0.0,0.0,0.0013623736023185837,0.0013623736023185837,0.0,-0.00168335102828395,-0.00168335102828395,-0.0031692255724326207,-0.0026832933829937216,0.0,0.0,0.0,-0.001437332878317829,-0.001437332878317829,0.0,0.0026322926978514134,0.0026411145296043447,0.0028102387460487437,0.002913608493737552,0.0,0.0,0.0,0.0013623736023185837,0.0013623736023185837,0.0,-0.00168335102828395,-0.00168335102828395,-0.0031692255724326207,-0.0026832933829937216,0.0,0.0,-0.0014329736371580797
2024-06-18,0.0,0.0,-0.005744734522369658,-0.005744734522369658,0.0,0.0018707592260223376,0.0018707592260223376,-0.005605514650863726,-0.005493337821755459,0.0,0.0,0.0,0.0058770083952070585,0.0058770083952070585,0.0,-0.0028008081148919364,-0.0028008081148919364,-0.00671762636552398,-0.006671407932571002,0.0,0.0,0.0,-0.005744734522369658,-0.005744734522369658,0.0,0.0018707592260223376,0.0018707592260223376,-0.005605514650863726,-0.005493337821755459,0.0,0.0,0.0058413249926818995
2024-06-19,0.0,0.0,-2.64137514625456e-06,0.0,0.0,0.0,0.0,-9.363790005919651e-05,0.0,0.0,0.0,0.0,-0.0007092116112432771,0.0,0.0,-0.0006624792728946061,0.0,-0.0003510435189265316,0.0,0.0,0.0,0.0,-2.64137514625456e-06,0.0,0.0,0.0,0.0,-9.363790005919651e-05,0.0,0.0,0.0,0.0
2024-06-20,0.0,0.0,0.003590959800909714,0.003607653207218439,0.0,-0.009022714451118729,-0.009022714451118729,0.0022976652211421735,0.002300297485697988,0.0,0.0,0.0,0.003566149419013283,0.003566149419013283,0.0,0.009722639667616653,0.009984730927680392,0.008419942739345248,0.008710751052561075,0.0,0.0,0.0,0.003590959800909714,0.003607653207218439,0.0,-0.009022714451118729,-0.009022714451118729,0.0022976652211421735,0.002300297485697988,0.0,0.0,-0.003565504162752761
2024-06-21,0.0,0.0,0.002799620086406117,0.002802068957438881,0.0,-0.003127821573583913,-0.003127821573583913,0.0024587196752236685,0.0024640799139856117,0.0,0.0,0.0,0.002891783183093577,0.002891783183093577,0.0,0.003535836827231165,0.004667201536056256,0.005199667050406693,0.00590588417907423,0.0,0.0,0.0,0.002799620086406117,0.002802068957438881,0.0,-0.003127821573583913,-0.003127821573583913,0.0024587196752236685,0.0024640799139856117,0.0,0.0,-0.002777502943736809
2024-06-24,0.0,0.0,-0.0037735035854153266,-0.0037694965819974925,0.0,-0.005606866536493817,-0.005606866536493817,-0.004505866239000117,-0.004489450682499939,0.0,0.0,0.0,-0.003765251148356863,-0.003765251148356863,0.0,-0.005841672736996677,-0.00568193712313991,-0.00017838238703233295,0.00019040845534770795,0.0,0.0,0.0,-0.0037735035854153266,-0.0037694965819974925,0.0,-0.005606866536493817,-0.005606866536493817,-0.004505866239000117,-0.004489450682499939,0.0,0.0,0.0038204681305132014
2024-06-25,0.0,0.0,0.0021003969871488644,0.0021003969871488644,0.0,0.0015221116408337995,0.0015221116408337995,0.002195524325816451,0.0022220736427757807,0.0,0.0,0.0,0.002070136567527305,0.002070136567527305,0.0,0.0015645632025564436,0.0016913185432598339,0.0002115143557280024,0.0007179281322699162,0.0,0.0,0.0,0.0021003969871488644,0.0021003969871488644,0.0,0.0015221116408337995,0.0015221116408337995,0.002195524325816451,0.0022220736427757807,0.0,0.0,-0.002066346335105908
2024-06-26,0.0,0.0,0.0064406893607048335,0.006446281458294346,0.0,-0.0009108877219885978,-0.0009108877219885978,0.006761364980596065,0.006761364980596065,0.0,0.0,0.0,0.006435594042678588,0.006438439102186736,0.0,-0.001833144360861115,-0.0014671313558351135,0.00561793742472028,0.006118907906092525,0.0,0.0,0.0,0.0064406893607048335,0.006446281458294346,0.0,-0.0009108877219885978,-0.0009108877219885978,0.006761364980596065,0.006761364980596065,0.0,0.0,-0.007255425949020992
2024-06-27,0.0,0.0,-0.0012589146094098527,-0.0012589146094098527,0.0,-0.002526419892982587,-0.002526419892982587,-0.0013720212031497812,-0.0013720212031497812,0.0,0.0,0.0,-0.0011906849528587331,-0.0011906849528587331,0.0,-0.0019703270808932197,-0.0019524040434001793,-0.002252037291051691,-0.0019253697215700924,0.0,0.0,0.0,-0.0012589146094098527,-0.0012589146094098527,0.0,-0.002526419892982587,-0.002526419892982587,-0.0013720212031497812,-0.0013720212031497812,0.0,0.0,-0.0012695895871461993
2024-06-28,0.0,0.0,-0.00042000652443675986,-0.00042000652443675986,0.0,-0.0028917343274030673,-0.0028917343274030673,-0.00046628428477251804,-0.00045783658702813334,0.0,0.0,0.0,-0.00039064012095426726,-0.00038784440091200545,0.0,-0.0013048411990708396,-0.0011910463316216946,-0.0014784476860177245,-0.0013201729918828882,0.0,0.0,0.0,-0.00042000652443675986,-0.00042000652443675986,0.0,-0.0028917343274030673,-0.0028917343274030673,-0.00046628428477251804,-0.00045783658702813334,0.0,0.0,-0.0004164755934451704
2024-07-01,0.0,0.0,0.004310670713234801,0.004320113108277642,0.0,-0.005114207882010148,-0.003925694425551263,0.004531688054826201,0.004565971211639958,0.0,0.0,0.0,0.004424013265704754,0.004437501471095359,0.0,-0.005690619409797987,-0.005464409559898559,-0.002562472390911223,-0.002263532482158823,0.0,0.0,0.0,0.004310670713234801,0.004320113108277642,0.0,-0.005114207882010148,-0.003925694425551263,0.004531688054826201,0.004565971211639958,0.0,0.0,0.004466366998890044
2024-07-02,0.0,0.0,-0.0026356751623388074,-0.002623535275150705,0.0,0.003742997636491808,0.003742997636491808,-0.0024477092218036186,-0.0024477092218036186,0.0,0.0,0.0,-0.0025122638345177937,-0.002505794322050939,0.0,0.0024130994291727582,0.0024130994291727582,-0.00040137438244824497,-0.00036334966856746236,0.0,0.0,0.0,-0.0026356751623388074,-0.002623535275150705,0.0,0.003742997636491808,0.003742997636491808,-0.0024477092218036186,-0.0024477092218036186,0.0,0.0,-0.0026096421424326014
2024-07-03,0.0,0.0,-0.011684969531538542,-0.011684969531538542,0.0,0.008002260254584937,0.008002260254584937,-0.011706491360381804,-0.011699118295040252,0.0,0.0,0.0,-0.011631888481932244,-0.011631888481932244,0.0,0.0005037572002621615,0.0006164373056345522,-0.011268342486857805,-0.011167392541964697,0.0,0.0,0.0,-0.011684969531538542,-0.011684969531538542,0.0,0.008002260254584937,0.008002260254584937,-0.011706491360381804,-0.011699118295040252,0.0,0.0,-0.011400046766632876
2024-07-04,0.0,0.0,-3.1139635746052274e-06,0.0,0.0,0.0,0.0,-4.6456997360148846e-05,0.0,0.0,0.0,0.0,-3.1139635746052274e-06,0.0,0.0,-0.001174721529673018,0.0,-0.00040959614586507905,0.0,0.0,0.0,0.0,-3.1139635746052274e-06,0.0,0.0,0.0,0.0,-4.6456997360148846e-05,0.0,0.0,0.0,0.0
2024-07-05,0.0,0.0,-0.003985030364178239,-0.003985030364178239,0.0,-0.002484885329065035,-0.002484885329065035,-0.004590051518244995,-0.004590051518244995,0.0,0.0,0.0,-0.003971980098575246,-0.003971980098575246,0.0,0.0017225646282171764,0.0023044867969424926,-0.0037621553023128276,-0.0037022226014330065,0.0,0.0,0.0,-0.003985030364178239,-0.003985030364178239,0.0,-0.002484885329065035,-0.002484885329065035,-0.004590051518244995,-0.004590051518244995,0.0,0.0,-0.004560321489204161
2024-07-08,0.0,0.0,-0.0003457729754531671,0.0004409407041908725,0.0,-0.0005219486823355247,-0.0005219486823355247,-0.000447170311993562,0.00033223894482087643,0.0,-0.0006000000000000001,0.0,-0.0002790717772766109,0.00041629578145119966,0.0,-0.0015519412848371413,-0.000592775473163793,-0.0001943198858822917,0.00040648282667192173,0.0,0.0,0.0,-0.0003457729754531671,0.0004409407041908725,0.0,-0.0005219486823355247,-0.0005219486823355247,-0.000447170311993562,0.00033223894482087643,0.0,0.0,-0.00044042749996448796
2024-07-09,0.0,0.0,-0.0031711024589124825,-0.0031711024589124825,0.0,-0.0004897958125589204,0.0007102041874410795,-0.0033306522557401204,-0.0028334551785368714,0.0,-0.00010971751030787937,-0.00010971751030787937,-0.0026642554681510977,-0.002660418395042472,0.0,-0.0014577747982871298,-0.001296209581638229,-0.0030024597379348914,-0.0028935138686314275,0.0,0.0,0.0,-0.0031711024589124825,-0.0031711024589124825,0.0,-0.0004897958125589204,0.0007102041874410795,-0.0033306522557401204,-0.0028334551785368714,0.0,0.0,-0.003114274563974986
2024-07-10,0.0,0.0,-0.00037734231141491406,0.00042470923659837924,0.0,-0.003919363699955115,-0.003919363699955115,-0.0025820332888924573,-0.0018948609816890288,0.0,0.000956571064698867,0.000956571064698867,0.0005181927337227593,0.0005218014718354804,0.0,-0.0005581003702399257,-0.0003955873363963883,-0.000396261824723229,-0.0002417414871030635,0.0,0.0,0.0,-0.00037734231141491406,0.00042470923659837924,0.0,-0.003919363699955115,-0.003919363699955115,-0.0025820332888924573,-0.0018948609816890288,0.0,0.0,0.00041595738868557754
2024-07-11,0.0,0.0,-0.01041228068106965,-0.009604270239825595,0.0,0.011621619150830664,0.011680947663950428,-0.009599978583439438,-0.008794029152787685,0.0,-0.002723670042891671,-0.0027106100275571064,0.00673226713346107,0.006848440164228508,0.0,0.0022701820085721785,0.002409255342686552,0.008167971143697971,0.008322900686773355,0.0,0.0,0.0,-0.01041228068106965,-0.009604270239825595,0.0,0.011621619150830664,0.011680947663950428,-0.009599978583439438,-0.008794029152787685,0.0,0.0,0.009130151424230211
2024-07-12,0.0,0.0,0.002472767661648178,0.002472767661648178,0.0,-0.0008440512976778724,-0.0008423799798402065,0.0024698892744350115,0.0024698892744350115,0.0,0.0020100644383298895,0.002019928654516451,0.003061534303207789,0.003061534303207789,0.0,0.004086002903425782,0.004097915360438848,0.003287262451986447,0.003287262451986447,0.0,0.0,0.0,0.002472767661648178,0.002472767661648178,0.0,-0.0008440512976778724,-0.0008423799798402065,0.0024698892744350115,0.0024698892744350115,0.0,0.0,0.0025009580159365157
2024-07-15,0.0,0.0,-0.003215549144520017,-0.003215549144520017,0.0,0.0022136983842742726,0.0022136983842742726,-0.003209980963206051,-0.0032045387665692302,0.0,0.004481355849073396,0.004481355849073396,-0.002617089657089754,-0.0025647494298772747,0.0,0.006035170647036339,0.006259921138399886,-0.0022987840281859955,-0.0022273868024371723,0.0,0.0,0.0,-0.003215549144520017,-0.003215549144520017,0.0,0.0022136983842742726,0.0022136983842742726,-0.003209980963206051,-0.0032045387665692302,0.0,0.0,-0.0031814290686042234
2024-07-16,0.0,0.0,-0.007069845130806288,-0.0062558589387986235,0.0,0.003425610067860631,0.0034421357648261692,-0.007068009584206273,-0.006256076120689264,0.0,0.0020756322538505343,0.0020756322538505343,-0.005560387464548761,-0.005445146892819139,0.0,0.000969575741926986,0.0010233021690492232,-0.005465234970491492,-0.005313143000914624,0.0,0.0,0.0,-0.007069845130806288,-0.0062558589387986235,0.0,0.003425610067860631,0.0034421357648261692,-0.007068009584206273,-0.006256076120689264,0.0,0.0,-0.006256946732667553
2024-07-17,0.0,0.0,-0.009553340044723144,-0.009539088439881282,0.0,0.010725123471739373,0.010777760021023921,-0.007503272162017753,-0.007477414209441562,0.0,-0.0019992554158881374,-0.0019740475769267785,0.004961159423435375,0.005568046449671162,0.0,-0.004017472149733212,-0.0037150393700346824,0.0028600325036777577,0.003406550681304005,0.0,0.0,0.0,-0.009553340044723144,-0.009539088439881282,0.0,0.010725123471739373,0.010777760021023921,-0.007503272162017753,-0.007477414209441562,0.0,0.0,0.009366183247039809
2024-07-18,0.0,0.0,0.003377707812418515,0.003377707812418515,0.0,0.0006544149205511305,0.0006544149205511305,0.003575890472408624,0.003575890472408624,0.0,0.0002783328415656874,0.0002783328415656874,-9.389035584190944e-05,0.00046213917335544206,0.0,-0.0003338709251400181,-0.00021018689092525733,-0.001419621108463149,-0.0009661664893924805,0.0,0.0,0.0,0.003377707812418515,0.003377707812418515,0.0,0.0006544149205511305,0.0006544149205511305,0.003575890472408624,0.003575890472408624,0.0,0.0,-0.0034089586471920614
2024-07-19,0.0,0.0,0.007142722125390207,0.007951565242567089,0.0,0.0039041018517644074,0.0039041018517644074,0.0076785502087699225,0.008515055119252898,0.0,0.004150356510636476,0.004150356510636476,-0.0033589401961780863,-0.003111782789463674,0.0,0.003109574061616811,0.003109574061616811,-0.00459243920967205,-0.004271978074788805,0.0,0.0,0.0,0.007142722125390207,0.007951565242567089,0.0,0.0039041018517644074,0.0039041018517644074,0.0076785502087699225,0.008515055119252898,0.0,0.0,-0.008081574599903666
2024-07-22,0.0,0.0,-0.00565452948869848,-0.00565452948869848,0.0,0.004825390096222282,0.004825390096222282,-0.0057472801254266235,-0.005605739845119851,0.0,0.004330106558923166,0.004333652189330038,-0.005295945324094024,-0.00528421144792449,0.0,0.00439177264625802,0.004655392235932547,-0.004881510057797738,-0.004828207455991226,0.0,0.0,0.0,-0.00565452948869848,-0.00565452948869848,0.0,0.004825390096222282,0.004825390096222282,-0.0057472801254266235,-0.005605739845119851,0.0,0.0,-0.005644738314909836
2024-07-23,0.0,0.0,-0.002264744188052328,-0.002264744188052328,0.0,0.0039045869749870276,0.0039045869749870276,-0.0014284704460041397,-0.0013031866291807507,0.0,-0.0016721092306025752,-0.0016721092306025752,-0.0026918231651695173,-0.002678752734929203,0.0,0.001998953656967496,0.002370392631213055,-0.00184447597276213,-0.00174998118615248,0.0,0.0,0.0,-0.002264744188052328,-0.002264744188052328,0.0,0.0039045869749870276,0.0039045869749870276,-0.0014284704460041397,-0.0013031866291807507,0.0,0.0,-0.0022317457997292375
2024-07-24,0.0,0.0,0.0021543140608631843,0.0021641115599717138,0.0,0.0145616116325381,0.014584440545821366,0.0031212412446737807,0.0031275927009687334,0.0,-0.0026341549197208417,-0.002628517156676198,0.0018583181534008498,0.001910120565897037,0.0,0.009374807148435655,0.009724645740760372,0.0033822719365473536,0.0034184177443094027,0.0,0.0,0.0,0.0021543140608631843,0.0021641115599717138,0.0,0.0145616116325381,0.014584440545821366,0.0031212412446737807,0.0031275927009687334,0.0,0.0,0.0022039687437354336
2024-07-25,0.0,0.0,-0.004238482327768096,-0.00422845028041231,0.0,0.006580716610499678,0.006590573523894194,-0.0038088147538057338,-0.0037698652003666953,0.0,0.0051151852474069035,0.005118764370370487,-0.004159291116125252,-0.004159291116125252,0.0,0.008875828622462672,0.009204919503242722,-0.003708218761328596,-0.0036766625748726267,0.0,0.0,0.0,-0.004238482327768096,-0.00422845028041231,0.0,0.006580716610499678,0.006590573523894194,-0.0038088147538057338,-0.0037698652003666953,0.0,0.0,-0.0041465358345186155
2024-07-26,0.0,0.0,-0.0023078531285928927,-0.0023060771026704075,0.0,-0.00019418281913174783,-0.00019418281913174783,-0.0022288535483436754,-0.0022288535483436754,0.0,0.0017777092814927936,0.0017777092814927936,-0.0022874000872857947,-0.0022874000872857947,0.0,-0.00047862281738391245,4.273512714130569e-06,-0.0023402272073045267,-0.002337936938224336,0.0,0.0,0.0,-0.0023078531285928927,-0.0023060771026704075,0.0,-0.00019418281913174783,-0.00019418281913174783,-0.0022288535483436754,-0.0022288535483436754,0.0,0.0,-0.0022498825119072413
2024-07-29,0.0,0.0,-0.004693357139741239,-0.004693357139741239,0.0,0.0006089185916946172,0.0006217779526741538,-0.004572470851069393,-0.004565574511963807,0.0,-0.0018012020133731604,-0.0017970821518873154,-0.004758048230001588,-0.004758048230001588,0.0,-0.0011614047892857635,-0.0009231759415385353,-0.004623385401579873,-0.004575546433120963,0.0,0.0,0.0,-0.004693357139741239,-0.004693357139741239,0.0,0.0006089185916946172,0.0006217779526741538,-0.004572470851069393,-0.004565574511963807,0.0,0.0,-0.004588405950971834
2024-07-30,0.0,0.0,0.0006037891324674599,0.0006037891324674599,0.0,0.0006546639054814481,0.0006546639054814481,0.0005363784800610179,0.0005612717216414739,0.0,-0.002225661604722206,-0.002225661604722206,0.0005372072711188763,0.0005408545300971276,0.0,0.001220550820492361,0.001242266969519032,0.0007981132009567685,0.0007981132009567685,0.0,0.0,0.0,0.0006037891324674599,0.0006037891324674599,0.0,0.0006546639054814481,0.0006546639054814481,0.0005363784800610179,0.0005612717216414739,0.0,0.0,0.0006398210763669246
2024-07-31,0.0,0.0,0.008104316407042992,0.008107684375367448,0.0,0.005046275460353718,0.006254598134116311,0.008846325888661464,0.008944253897367988,0.0,-0.00550973245161112,-0.00550598255331736,0.008206945688816041,0.00822241552703706,0.0,0.0023481541391230393,0.002900830186110044,0.008224613910188206,0.008309112212169465,0.0,0.0,0.0,0.008104316407042992,0.008107684375367448,0.0,0.005046275460353718,0.006254598134116311,0.008846325888661464,0.008944253897367988,0.0,0.0,0.008228625105332016
2024-08-01,0.0,0.0,-0.0032224765290848893,-0.0032206196407849916,0.0,-0.009951749113702245,-0.009951749113702245,-0.0050099587465466215,-0.00497413371461661,0.0,-0.0022692311599107366,-0.002265775429042563,-0.003671096354373216,-0.003668577661310257,0.0,-0.007830958928444735,-0.007812269759707429,-0.0037951101013031863,-0.003793569598571913,0.0,0.0,0.0,-0.0032224765290848893,-0.0032206196407849916,0.0,-0.009951749113702245,-0.009951749113702245,-0.0050099587465466215,-0.00497413371461661,0.0,0.0,-0.003514170286111826
2024-08-02,0.0,0.0,0.011142560805373552,0.01118660023892896,0.0,-0.010845914372355913,-0.009645914372355914,0.010886219756048563,0.010922112839454802,0.0,0.00871694941407285,0.008768843013395021,0.011474340544896027,0.011516974381724093,0.0,-0.009649314648835231,-0.009081854426289853,0.010808984079388182,0.01084663320400189,0.0,0.0,0.0,0.011142560805373552,0.01118660023892896,0.0,-0.010845914372355913,-0.009645914372355914,0.010886219756048563,0.010922112839454802,0.0,0.0,0.01098405980670948
2024-08-05,0.0,0.0,0.0010262418131133722,0.0010289097564942318,0.0,0.012047476039758104,0.01205339582411491,0.001006366103910716,0.0010122871180301852,0.0,0.005017199903966652,0.005019267362304193,0.0010185914817179037,0.0010211010207573968,0.0,0.003960681773020644,0.004050244943534392,0.0010578454162929762,0.0010578454162929762,0.0,0.0,0.0,0.0010262418131133722,0.0010289097564942318,0.0,0.012047476039758104,0.01205339582411491,0.001006366103910716,0.0010122871180301852,0.0,0.0,0.001242373764285079
2024-08-06,0.0,0.0,0.0009256990097218943,0.0009454482957553089,0.0,-0.005579957993055034,-0.00438587777741184,0.0011321864564224715,0.0011443982335215444,0.0,-0.005835362848452501,-0.00583021325934877,0.0011987052850160162,0.0012043484671776462,0.0,0.005803986585684362,0.005810260168064987,0.001294972938689216,0.0012988728154038087,0.0,0.0,0.0,0.0009256990097218943,0.0009454482957553089,0.0,-0.005579957993055034,-0.00438587777741184,0.0011321864564224715,0.0011443982335215444,0.0,0.0,0.0011401425824221821
2024-08-07,0.0,0.0,0.005245482754990929,0.0052593043451314775,0.0,0.019947443476805604,0.02110536126182512,0.005242048092745015,0.005262187200172336,0.0,-0.005259549531435632,-0.005254696038909799,0.004918644527337262,0.0049444107585461024,0.0,-0.0016029844094058417,-0.001591815445625482,0.004517280511863888,0.0045323223303360164,0.0,0.0,0.0,0.005245482754990929,0.0052593043451314775,0.0,0.019947443476805604,0.02110536126182512,0.005242048092745015,0.005262187200172336,0.0,0.0,0.005036729554890401
2024-08-08,0.0,0.0,-0.0014126913476063432,-0.0014041548902397093,0.0,0.00041223284617115897,0.0015388290329579296,-0.0014197460285403174,-0.0014061234998476984,0.0,-0.0004529036626402177,-0.0004529036626402177,-0.0013201853355101635,-0.0013201853355101635,0.0,-0.002592132744557466,-0.0024814023280450856,-0.0014337998444096962,-0.0014224546773680684,0.0,0.0,0.0,-0.0014126913476063432,-0.0014041548902397093,0.0,0.00041223284617115897,0.0015388290329579296,-0.0014197460285403174,-0.0014061234998476984,0.0,0.0,-0.0012964274605698997
2024-08-09,0.0,0.0,0.003190029144723471,0.003190029144723471,0.0,0.0012513707985324818,0.0012513707985324818,0.003036651504580966,0.0030684792548885714,0.0,-0.0014168576382963326,-0.0014168576382963326,0.0031023431794445612,0.0031157496213326374,0.0,-0.0005512767564036564,0.0006444765136628622,0.0030434085038806486,0.0031398228423153776,0.0,0.0,0.0,0.003190029144723471,0.003190029144723471,0.0,0.0012513707985324818,0.0012513707985324818,0.003036651504580966,0.0030684792548885714,0.0,0.0,0.003138838583760061
2024-08-12,0.0,0.0,-0.0006302142805406337,-0.0006302142805406337,0.0,0.003671144016872085,0.003671144016872085,0.0001397334123012636,0.00015590039645581682,0.0,0.0010433168659608311,0.0010433168659608311,-0.000674282998989741,-0.000674282998989741,0.0,0.0030137582848074173,0.003105103807246399,-0.00023916909896302258,-0.00020284509967429624,0.0,0.0,0.0,-0.0006302142805406337,-0.0006302142805406337,0.0,0.003671144016872085,0.003671144016872085,0.0001397334123012636,0.00015590039645581682,0.0,0.0,-0.0006457016618849768
2024-08-13,0.0,0.0,0.0057168368734545495,0.0057168368734545495,0.0,0.0037754257477530706,0.0037754257477530706,0.005637431050090126,0.00565383539240906,0.0,-0.0014591800415862414,-0.0014591800415862414,0.005716677300776316,0.005716677300776316,0.0,0.002862570693855488,0.0029640687100104955,0.0064252576877786545,0.00642944361372169,0.0,0.0,0.0,0.0057168368734545495,0.0057168368734545495,0.0,0.0037754257477530706,0.0037754257477530706,0.005637431050090126,0.00565383539240906,0.0,0.0,0.005584961737267987
2024-08-14,0.0,0.0,0.004922973936716828,0.0049313812038573445,0.0,0.004130799066107543,0.004130799066107543,0.005213158289292703,0.005213158289292703,0.0,0.005455494131027805,0.005455494131027805,0.004980772857525195,0.0049892337988235716,0.0,-0.0004975687410758558,-0.0004975687410758558,0.005496404786271908,0.005496404786271908,0.0,0.0,0.0,0.004922973936716828,0.0049313812038573445,0.0,0.004130799066107543,0.004130799066107543,0.005213158289292703,0.005213158289292703,0.0,0.0,0.00498838023632782
2024-08-15,0.0,0.0,-0.004162450748010607,-0.004162450748010607,0.0,0.004781063095021095,0.004786023926356727,-0.0034729207789665107,-0.003446253925900431,0.0,-0.0019008039448063288,-0.001899653892635409,-0.004214909453716959,-0.004214909453716959,0.0,0.0006629683182444812,0.0007493353661683105,-0.00440777356893524,-0.004344043840019295,0.0,0.0,0.0,-0.004162450748010607,-0.004162450748010607,0.0,0.004781063095021095,0.004786023926356727,-0.0034729207789665107,-0.003446253925900431,0.0,0.0,-0.004132328572571658
2024-08-16,0.0,0.0,0.0037445006882189276,0.0037445006882189276,0.0,-9.686948086054937e-06,0.0006338440542830675,0.002860238531304161,0.0033387381106424053,0.0,-0.0017729580251625774,-0.0017729580251625774,0.0037166684123883767,0.0037166684123883767,0.0,0.003089738588404321,0.003162506100511047,0.004077623337221953,0.004216816418240683,0.0,0.0,0.0,0.0037445006882189276,0.0037445006882189276,0.0,-9.686948086054937e-06,0.0006338440542830675,0.002860238531304161,0.0033387381106424053,0.0,0.0,0.00364767065550735
2024-08-19,0.0,0.0,0.015434654000849283,0.015442784649376307,0.0,0.0031864977322239893,0.0031964081104610097,0.006334391745682625,0.006855918117193785,0.0,-0.0030992842802747556,-0.0030992842802747556,0.01550175643712102,0.015512878260380735,0.0,0.0049697077653633424,0.005001313105935662,0.016498119221440528,0.016731843353276522,0.0,0.0,0.0,0.015434654000849283,0.015442784649376307,0.0,0.0031864977322239893,0.0031964081104610097,0.006334391745682625,0.006855918117193785,0.0,0.0,0.01522214969785085
2024-08-20,0.0,0.0,0.008683921282409076,0.008686613940757164,0.0,0.001749903064651039,0.001749903064651039,0.008062629579368406,0.008474322238773278,0.0,-0.0028408173171959082,-0.0028384517147185015,0.008598046046473571,0.008598046046473571,0.0,0.002361091088728424,0.002361091088728424,0.008497146029435807,0.008641187673030794,0.0,0.0,0.0,0.008683921282409076,0.008686613940757164,0.0,0.001749903064651039,0.001749903064651039,0.008062629579368406,0.008474322238773278,0.0,0.0,0.008670914796455551
2024-08-21,0.0,0.0,0.00746729274239293,0.00746729274239293,0.0,-0.0012340017748797396,-4.263013151161062e-05,0.004927113620720989,0.0055503755246925105,0.0,-0.0016860455784340736,-0.0016849260837720028,0.0075278256419156276,0.0075278256419156276,0.0,-0.0009838286551284285,0.00020612614164572656,0.006508266360291716,0.006821514399736368,0.0,0.0,0.0,0.00746729274239293,0.00746729274239293,0.0,-0.0012340017748797396,-4.263013151161062e-05,0.004927113620720989,0.0055503755246925105,0.0,0.0,0.0074190971775996584
2024-08-22,0.0,0.0,-0.005089996587182751,-0.005087836610618262,0.0,-0.0013226039421814378,-0.0013153536807181455,-0.004302431682113851,-0.004288916263187833,0.0,0.0005481085500956662,0.0005481085500956662,-0.005130109628672413,-0.005130109628672413,0.0,-0.00037986112430979277,-0.0003549116455002836,-0.004642268714010103,-0.004627390679022491,0.0,0.0,0.0,-0.005089996587182751,-0.005087836610618262,0.0,-0.0013226039421814378,-0.0013153536807181455,-0.004302431682113851,-0.004288916263187833,0.0,0.0,-0.005101037188763555
2024-08-23,0.0,0.0,0.015667252338190333,0.015701074990286324,0.0,0.0001423530819070389,0.0002056637632951244,0.011028760595084392,0.011206825342624224,0.0,-0.006029507840932413,-0.006020210457643482,0.01584734278600879,0.015885480882992603,0.0,-0.0027570746864650597,-0.0020939364877261106,0.012638825999606034,0.012776398164878158,0.0,0.0,0.0,0.015667252338190333,0.015701074990286324,0.0,0.0001423530819070389,0.0002056637632951244,0.011028760595084392,0.011206825342624224,0.0,0.0,0.015596002046413291
2024-08-26,0.0,0.0,-0.00018807869091997867,-0.00018807869091997867,0.0,0.0029131366605873316,0.0029194492432580155,-0.00013985328968503077,-0.0001348382459479097,0.0,-0.0018684455739177484,-0.0018684455739177484,-0.0009899892728646765,-0.00018773552209212194,0.0,0.0006076662463903638,0.0012568582202610386,-0.0009368989329320641,-0.0001365527749976378,0.0,0.0,0.0,-0.00018807869091997867,-0.00018807869091997867,0.0,0.0029131366605873316,0.0029194492432580155,-0.00013985328968503077,-0.0001348382459479097,0.0,0.0,-0.0001880786909199791
2024-08-27,0.0,0.0,0.004918394718524852,0.004918394718524852,0.0,0.000897105343403944,0.0009059405213967925,0.004968669783086911,0.004968669783086911,0.0,-0.005877815247856719,-0.005877815247856719,-0.005809404064785998,-0.005003317649657217,0.0,0.0007853375906428782,0.000886777507984623,-0.005791657789049663,-0.004985586544133029,0.0,0.0,0.0,0.004918394718524852,0.004918394718524852,0.0,0.000897105343403944,0.0009059405213967925,0.004968669783086911,0.004968669783086911,0.0,0.0,0.004918394718524851
2024-08-28,0.0,0.0,-0.0021282921765488267,-0.0021248220509003904,0.0,0.0016294554559448504,0.0016294554559448504,-0.0020077207141703402,-0.0020077207141703402,0.0,-0.002784602569916391,-0.002784602569916391,-0.00210346729175471,-0.00210346729175471,0.0,0.002448396067974382,0.0025113437496041245,-0.0020796974463787566,-0.0020339737119033966,0.0,0.0,0.0,-0.0021282921765488267,-0.0021248220509003904,0.0,0.0016294554559448504,0.0016294554559448504,-0.0020077207141703402,-0.0020077207141703402,0.0,0.0,-0.0021282921765488267
2024-08-29,0.0,0.0,-0.0018620293928734723,-0.0018620293928734723,0.0,0.000759221023177439,0.000759221023177439,-0.0017014329159125278,-0.0017014329159125278,0.0,-0.004430630113269024,-0.004430630113269024,-0.001763463098891723,-0.001763463098891723,0.0,-0.0010185199916848283,-0.0010157325373756037,-0.0019838032826281827,-0.001964162962993854,0.0,0.0,0.0,-0.0018620293928734723,-0.0018620293928734723,0.0,0.000759221023177439,0.000759221023177439,-0.0017014329159125278,-0.0017014329159125278,0.0,0.0,-0.0018620293928734719
2024-08-30,0.0,0.0,-0.0078010817929416035,-0.0078010817929416035,0.0,0.00023869895685166363,0.00023869895685166363,-0.007768039816947577,-0.007768039816947577,0.0,0.0041266615507011585,0.0041266615507011585,-0.007821376674543518,-0.007821376674543518,0.0,0.00019522349004463688,0.000597434826322402,-0.007957532425250486,-0.007941877738196169,0.0,0.0,0.0,-0.0078010817929416035,-0.0078010817929416035,0.0,0.00023869895685166363,0.00023869895685166363,-0.007768039816947577,-0.007768039816947577,0.0,0.0,-0.007801081792941603
2024-09-02,0.0,0.0,0.0,0.0,0.0,0.0,0.0,0.0,0.0,0.0,0.0,0.0,0.0,0.0,0.0,-0.00046097616373846873,0.0,-3.6008492253186894e-06,0.0,0.0,0.0,0.0,0.0,0.0,0.0,0.0,0.0,0.0,0.0,0.0,0.0,0.0
2024-09-03,0.0,0.0,-0.0070710617075380455,-0.0070710617075380455,0.0,-0.0005961313693368564,-0.0005953703397012663,-0.007030511949455459,-0.007020453984639575,0.0,0.004936431038675946,0.004953753966629207,-0.00717245826068757,-0.007145391042865977,0.0,9.802753564443689e-05,0.0003832717023981813,-0.007138014043896786,-0.007111722347149046,0.0,0.0,0.0,-0.0070710617075380455,-0.0070710617075380455,0.0,-0.0005961313693368564,-0.0005953703397012663,-0.007030511949455459,-0.007020453984639575,0.0,0.0,-0.007071061707538044
2024-09-04,0.0,0.0,0.005377517947718532,0.005377517947718532,0.0,-3.0791405882052317e-05,-3.0791405882052317e-05,0.005332672228326825,0.005332672228326825,0.0,9.927879559573822e-05,9.927879559573822e-05,0.005789695178099458,0.005789695178099458,0.0,0.0023879207460597517,0.002450001029575482,0.005729801392812544,0.005729801392812544,0.0,0.0,0.0,0.005377517947718532,0.005377517947718532,0.0,-3.0791405882052317e-05,-3.0791405882052317e-05,0.005332672228326825,0.005332672228326825,0.0,0.0,0.005377517947718532
2024-09-05,0.0,0.0,0.002465355051047352,0.0024685199606626854,0.0,-0.0017814555806536596,-0.0017814555806536596,0.0024502341617048252,0.0024502341617048252,0.0,-0.0003802965164164756,-0.0003802965164164756,0.0026364693217965987,0.0026364693217965987,0.0,6.174434698174103e-05,0.00012290405606022288,0.0025661517444488607,0.002572986731782881,0.0,0.0,0.0,0.002465355051047352,0.0024685199606626854,0.0,-0.0017814555806536596,-0.0017814555806536596,0.0024502341617048252,0.0024502341617048252,0.0,0.0,0.0024653550510473515
2024-09-06,0.0,0.0,-0.00502165184216759,-0.005018721370528583,0.0,0.00011400756384754367,0.00011920752727455564,-0.004866494893710743,-0.004857526945838154,0.0,0.002444468570825909,0.003642063044234733,-0.005385389489209531,-0.005288304877734807,0.0,0.0014090237921502774,0.001953842078866772,-0.004721054435267672,-0.004630961891753194,0.0,0.0,0.0,-0.00502165184216759,-0.005018721370528583,0.0,0.00011400756384754367,0.00011920752727455564,-0.004866494893710743,-0.004857526945838154,0.0,0.0,-0.0050216518421675885
2024-09-09,0.0,0.0,-0.007057568365622314,-0.007057568365622314,0.0,0.003184374027947669,0.003186766238790809,-0.0070278463349520435,-0.006963100082590727,0.0,-0.0013795194300916082,-0.00017951943009160822,-0.007229977259055629,-0.007053663238950462,0.0,0.0020174135492380513,0.0026430831484139943,-0.006981152943566651,-0.006836018082424104,0.0,0.0,0.0,-0.007057568365622314,-0.007057568365622314,0.0,0.003184374027947669,0.003186766238790809,-0.0070278463349520435,-0.006963100082590727,0.0,0.0,-0.007057568365622314
2024-09-10,0.0,0.0,-0.003222392535801548,-0.0032182287194392045,0.0,-0.0021825795999218275,-0.0021825795999218275,-0.0031861527699652416,-0.0031820800420116055,0.0,0.0006114359268632301,0.0006114359268632301,-0.0033964607277294054,-0.0033964607277294054,0.0,-0.0037417563204035853,-0.0036106321773283897,-0.003356340572605295,-0.003334979558257186,0.0,0.0,0.0,-0.003222392535801548,-0.0032182287194392045,0.0,-0.0021825795999218275,-0.0021825795999218275,-0.0031861527699652416,-0.0031820800420116055,0.0,0.0,-0.003222392535801546
2024-09-11,0.0,0.0,-0.002557662808310854,-0.0025536157083677668,0.0,0.0033988873269814104,0.0033988873269814104,-0.0021069601162179417,-0.0020668750319479284,0.0,0.0003322367317501497,0.0003322367317501497,-0.0025184258135795556,-0.002509590924333979,0.0,0.0023385638714884965,0.0025206609175105724,-0.0022053546482631164,-0.002151655600860236,0.0,0.0,0.0,-0.002557662808310854,-0.0025536157083677668,0.0,0.0033988873269814104,0.0033988873269814104,-0.0021069601162179417,-0.0020668750319479284,0.0,0.0,-0.003403088493748103
2024-09-12,0.0,0.0,0.005194154587164424,0.005194154587164424,0.0,-0.0051343017775950005,-0.005133699743993645,0.003652430391902726,0.0036912205906655523,0.0,-0.0006055367641308523,-0.0006055367641308523,0.005271561726865979,0.005344648193218564,0.0,-0.006650118690126138,-0.006593164648974261,0.0037057588316856257,0.003733611574902195,0.0,0.0,0.0,0.005194154587164424,0.005194154587164424,0.0,-0.0051343017775950005,-0.005133699743993645,0.003652430391902726,0.0036912205906655523,0.0,0.0,-0.005326623729839648
2024-09-13,0.0,0.0,0.0083711068685715,0.0083711068685715,0.0,-0.002026383836242781,-0.002026383836242781,0.007921031386886606,0.007971869006332108,0.0,-0.001474979020255172,-0.001474979020255172,0.008490666472699351,0.008508109993263947,0.0,-0.0018847039957064927,-0.0018328602590265627,0.00853438903285103,0.008572942196991841,0.0,0.0,0.0,0.0083711068685715,0.0083711068685715,0.0,-0.002026383836242781,-0.002026383836242781,0.007921031386886606,0.007971869006332108,0.0,0.0,-0.009515496855840265
2024-09-16,0.0,0.0,0.004060306222006412,0.004072418915617287,0.0,-0.005997654740840307,-0.00599058873142657,0.00369912323668896,0.0037863177714869034,0.0,0.0017592171088780515,0.0017592171088780515,0.004057283520352178,0.004057283520352178,0.0,-0.0059074533568324455,-0.005829582931775983,0.0035665518245324686,0.0035926639873504708,0.0,0.0,0.0,0.004060306222006412,0.004072418915617287,0.0,-0.005997654740840307,-0.00599058873142657,0.00369912323668896,0.0037863177714869034,0.0,0.0,0.0040441122758673
2024-09-17,0.0,0.0,-0.0014525964281182856,-0.0014525964281182856,0.0,0.0007798354401154668,0.0007883244921411491,-0.0012961948883399613,-0.0012128007580744992,0.0,0.0005622158178194845,0.0005691231321365779,-0.001486298797659048,-0.0014832525490685738,0.0,-5.670409453243972e-05,-2.5969835624941538e-05,-0.0015605116590264147,-0.0014999564185522326,0.0,0.0,0.0,-0.0014525964281182856,-0.0014525964281182856,0.0,0.0007798354401154668,0.0007883244921411491,-0.0012961948883399613,-0.0012128007580744992,0.0,0.0,-0.0015065376082109335
2024-09-18,0.0,0.0,0.0009128618864240576,0.0009207502843081874,0.0,-0.002511776587549722,-0.0024913093625252725,6.931087226701845e-05,7.925954884375133e-05,0.0,-0.0011831716758225839,-0.0011831716758225839,0.0009287951447035523,0.000931238062296712,0.0,-0.002392923636906586,-0.0023906348586757078,0.0004385963419005825,0.0004385963419005825,0.0,0.0,0.0,0.0009128618864240576,0.0009207502843081874,0.0,-0.002511776587549722,-0.0024913093625252725,6.931087226701845e-05,7.925954884375133e-05,0.0,0.0,0.0009427154113416513
2024-09-19,0.0,0.0,0.008401912314205577,0.008405356628796842,0.0,-0.00238783645120764,-0.0023679792744335276,0.005893374733688942,0.005903690275404978,0.0,-0.00310206107775014,-0.00310206107775014,0.008228142265070197,0.008232163958970393,0.0,-0.004594573559893909,-0.004582473039734691,0.006133071840849436,0.006140095854051768,0.0,0.0,0.0,0.008401912314205577,0.008405356628796842,0.0,-0.00238783645120764,-0.0023679792744335276,0.005893374733688942,0.005903690275404978,0.0,0.0,0.008211057917894992
2024-09-20,0.0,0.0,-0.0009386818136797635,-0.0009386818136797635,0.0,-0.001965477801502641,-0.0019578719387504883,-0.0017814493995047657,-0.0017571232051292371,0.0,0.002552110765910989,0.002552110765910989,-0.0008949962210667679,-0.0008949962210667679,0.0,-0.002308100357249065,-0.0023057029693201994,-0.001667575713125016,-0.0016610272437640817,0.0,0.0,0.0,-0.0009386818136797635,-0.0009386818136797635,0.0,-0.001965477801502641,-0.0019578719387504883,-0.0017814493995047657,-0.0017571232051292371,0.0,0.0,-0.000919017376636204
2024-09-23,0.0,0.0,0.006080002780693996,0.006082883968480708,0.0,0.003248855562168806,0.0032551536627546617,0.005742648963919953,0.005748298582469375,0.0,-0.01000799881956023,-0.01000799881956023,0.005871280869046507,0.0058759612861730886,0.0,0.002578528997490602,0.00258433667574844,0.005670646335483199,0.005678461658618404,0.0,0.0,0.0,0.006080002780693996,0.006082883968480708,0.0,0.003248855562168806,0.0032551536627546617,0.005742648963919953,0.005748298582469375,0.0,0.0,0.006029788216707374
2024-09-24,0.0,0.0,0.006048322837457406,0.006048322837457406,0.0,-0.0015696626979281895,-0.0015467913486282912,0.004622995366810945,0.004675793752165126,0.0,-0.002542841968140613,-0.002542841968140613,0.006001646019580604,0.006001646019580604,0.0,-0.0018143654991603663,-0.0018109673850510732,0.004861025983100372,0.004905433165160692,0.0,0.0,0.0,0.006048322837457406,0.006048322837457406,0.0,-0.0015696626979281895,-0.0015467913486282912,0.004622995366810945,0.004675793752165126,0.0,0.0,0.0060046086908007515
2024-09-25,0.0,0.0,-0.005784232334107862,-0.005776130378061585,0.0,0.0019810237215785857,0.00199181980800808,-0.0055770247761716815,-0.005563171114597628,0.0,0.0039239267922029815,0.0039239267922029815,-0.0057293266737359905,-0.005727938754349706,0.0,0.001935882778944552,0.0019598613708783287,-0.005896285633342908,-0.005887600996229484,0.0,0.0,0.0,-0.005784232334107862,-0.005776130378061585,0.0,0.0019810237215785857,0.00199181980800808,-0.0055770247761716815,-0.005563171114597628,0.0,0.0,-0.005771756589821071
2024-09-26,0.0,0.0,0.00874619412243711,0.0087562965631654,0.0,-0.008347683773915178,-0.008345751629660524,0.006146292512775518,0.0062039576329168756,0.0,-0.0015977946421676678,-0.0015894684815541855,0.00856330174738187,0.00856330174738187,0.0,-0.008290721028951982,-0.00828421144904199,0.007131182274705842,0.007191206808078547,0.0,0.0,0.0,0.00874619412243711,0.0087562965631654,0.0,-0.008347683773915178,-0.008345751629660524,0.006146292512775518,0.0062039576329168756,0.0,0.0,0.008622908248444564
2024-09-27,0.0,0.0,-0.0013512092955641425,-0.0013447570887158249,0.0,0.001043865487757229,0.001043865487757229,0.00020672572263443888,0.0002510735620680304,0.0,-0.002562042280690173,-0.002562042280690173,-0.0012505222602723855,-0.0012379881161709572,0.0,0.0016172144135792822,0.0016172144135792822,0.00032182550621852454,0.00037224528710364,0.0,0.0,0.0,-0.0013512092955641425,-0.0013447570887158249,0.0,0.001043865487757229,0.001043865487757229,0.00020672572263443888,0.0002510735620680304,0.0,0.0,-0.0012372968964249537
2024-09-30,0.0,0.0,-0.001531029879049245,-0.001531029879049245,0.0,-0.002326802319931839,-0.002321098681911345,-0.002594131816864427,-0.002494506552207234,0.0,-0.0009278365290215376,-0.0009278365290215376,-0.0014554725934110351,-0.001445992419630143,0.0,-0.002540522655309538,-0.002540522655309538,-0.0026381886375185203,-0.0024892460341929892,0.0,0.0,0.0,-0.001531029879049245,-0.001531029879049245,0.0,-0.002326802319931839,-0.002321098681911345,-0.002594131816864427,-0.002494506552207234,0.0,0.0,-0.0014284520501987598
2024-10-01,0.0,0.0,-0.011140169377456467,-0.01111769008002962,0.0,0.012991894052552848,0.013022007784402566,-0.00231723700498264,-0.002313828618522242,0.0,-0.0023029205147338068,-0.0022844377688020136,-0.011792722516118785,-0.011762196330187833,0.0,0.012852918005069373,0.01288157091110208,-0.002684281793862443,-0.002678231456250066,0.0,0.0,0.0,-0.011140169377456467,-0.01111769008002962,0.0,0.012991894052552848,0.013022007784402566,-0.00231723700498264,-0.002313828618522242,0.0,0.0,-0.01094492080997207
2024-10-02,0.0,0.0,-0.0031823708036220104,-0.0022932793134145656,0.0,-0.001141253275649943,-0.001138758884707598,-0.0032289581571525866,-0.003055723628821048,0.0,-0.0008076843910284179,-0.0007943159882484728,-0.0030780970242747833,-0.002197842444015374,0.0,-0.002001545838763536,-0.0019978959921857775,-0.0041194046759753114,-0.003916256518498283,0.0,0.0,0.0,-0.0031823708036220104,-0.0022932793134145656,0.0,-0.001141253275649943,-0.001138758884707598,-0.0032289581571525866,-0.003055723628821048,0.0,0.0,-0.00314427656122366
2024-10-03,0.0,0.0,0.012959008649409774,0.012973336202948046,0.0,0.003688524425978171,0.003709079096840636,-0.006325624247010347,-0.006200958898539811,0.0,0.006031097068337886,0.006044240270107675,0.012975051891810424,0.012989628418450156,0.0,0.0034958591162304424,0.003513842066990279,-0.006584965666043978,-0.006505187145657196,0.0,0.0,0.0,0.012959008649409774,0.012973336202948046,0.0,0.003688524425978171,0.003709079096840636,-0.006325624247010347,-0.006200958898539811,0.0,0.0,0.01295900864940977
2024-10-04,0.0,0.0,0.010438849566309298,0.010442206673092126,0.0,-4.273273625158202e-05,-4.273273625158202e-05,-0.00683269299817967,-0.006458687973621355,0.0,0.0010952539178257612,0.0010952539178257612,0.010406959357139025,0.010410484848765937,0.0,-0.0003685974825069345,-0.000364281923976687,-0.006772784636720682,-0.006279993326382583,0.0,0.0,0.0,0.010438849566309298,0.010442206673092126,0.0,-4.273273625158202e-05,-4.273273625158202e-05,-0.00683269299817967,-0.006458687973621355,0.0,0.0,0.010438849566309295
2024-10-07,0.0,0.0,0.0014854054794061207,0.0014854054794061207,0.0,0.0013984501437869664,0.0014144710294228952,0.0008370485648807934,0.0012629804691401889,0.0,0.003598482603998843,0.003598482603998843,0.001497796450261155,0.0015017868294978178,0.0,0.0016444412455890298,0.0016471643913161462,0.0018343311387495477,0.0022856121625753783,0.0,0.0,0.0,0.0014854054794061207,0.0014854054794061207,0.0,0.0013984501437869664,0.0014144710294228952,0.0008370485648807934,0.0012629804691401889,0.0,0.0,0.0014854054794061202
2024-10-08,0.0,0.0,0.004907794724010644,0.004907794724010644,0.0,-0.005782920355044061,-0.005776806321519921,0.0029175452659221056,0.0029175452659221056,0.0,0.003563265696126462,0.0035790124333617856,0.004843100996681076,0.004843100996681076,0.0,-0.0055998272798589484,-0.0055926381855134375,0.0032583331029931105,0.0032583331029931105,0.0,0.0,0.0,0.004907794724010644,0.004907794724010644,0.0,-0.005782920355044061,-0.005776806321519921,0.0029175452659221056,0.0029175452659221056,0.0,0.0,0.004907794724010644
2024-10-09,0.0,0.0,0.005223971698282804,0.005229001312241658,0.0,-8.717872663226754e-05,-7.786889080636615e-05,0.0049264358429174475,0.0049264358429174475,0.0,0.001714896457616309,0.0017223555811532532,0.005174872691656479,0.005179753739977732,0.0,-0.00033944767005332244,-0.00033349025044385194,0.004966160397156427,0.004966160397156427,0.0,0.0,0.0,0.005223971698282804,0.005229001312241658,0.0,-8.717872663226754e-05,-7.786889080636615e-05,0.0049264358429174475,0.0049264358429174475,0.0,0.0,0.005223971698282803
2024-10-10,0.0,0.0,0.003625364295894948,0.0036283537743866273,0.0,-0.0020177793061281904,-0.002010712132387531,0.0027391409102775683,0.0027798404593631066,0.0,-0.000861917896362713,-0.000861917896362713,0.003594756316146389,0.0036060397803890903,0.0,-0.002027671202660015,-0.001999766231303854,0.003014905656356576,0.0030489834271804975,0.0,0.0,0.0,0.003625364295894948,0.0036283537743866273,0.0,-0.0020177793061281904,-0.002010712132387531,0.0027391409102775683,0.0027798404593631066,0.0,0.0,0.0036253642958949477
2024-10-11,0.0,0.0,-0.0017200963179261786,-0.0017200963179261786,0.0,-0.004212835773898597,-0.004212835773898597,-0.002640439588102782,-0.002637411078363518,0.0,0.0010813003586155803,0.0010813003586155803,-0.0016998320930660072,-0.0016998320930660072,0.0,-0.004245187588254514,-0.004245187588254514,-0.0025162894013266227,-0.002513192282478873,0.0,0.0,0.0,-0.0017200963179261786,-0.0017200963179261786,0.0,-0.004212835773898597,-0.004212835773898597,-0.002640439588102782,-0.002637411078363518,0.0,0.0,-0.0017200963179261788
2024-10-14,0.0,0.0,-1.204258587449573e-05,0.0,0.0,-2.5460395185668373e-05,0.0,-5.52989084127054e-05,0.0,0.0,0.0,0.0,-5.612866591932079e-06,0.0,0.0,-2.961689110645995e-05,0.0,-5.105877143844998e-05,0.0,0.0,0.0,0.0,-1.204258587449573e-05,0.0,0.0,-2.5460395185668373e-05,0.0,-5.52989084127054e-05,0.0,0.0,0.0,-1.2042585874495742e-05
2024-10-15,0.0,0.0,0.008105427058328365,0.008110753021280724,0.0,-0.0022583315362026024,-0.0022541418834644343,0.006563901327924314,0.006645231189821518,0.0,6.669624200023444e-05,7.48918006048752e-05,0.008040002872456764,0.008047083778738464,0.0,-0.0019718008089364544,-0.0019718008089364544,0.0067558996048519004,0.006795567126467407,0.0,0.0,0.0,0.008105427058328365,0.008110753021280724,0.0,-0.0022583315362026024,-0.0022541418834644343,0.006563901327924314,0.006645231189821518,0.0,0.0,0.008105427058328363
2024-10-16,0.0,0.0,0.00652097815347941,0.006523401759581838,0.0,0.006620754078944599,0.006635464088052852,0.007419487997373754,0.007421078418668368,0.0,0.0014319548297733876,0.0014349047379476616,0.006490422189519746,0.006492852509854086,0.0,0.006848480303465013,0.00685152362618284,0.007840791869329672,0.007845196072796596,0.0,0.0,0.0,0.00652097815347941,0.006523401759581838,0.0,0.006620754078944599,0.006635464088052852,0.007419487997373754,0.007421078418668368,0.0,0.0,0.00652097815347941
2024-10-17,0.0,0.0,0.002104076483628549,0.002113387322813352,0.0,-0.0017591590171880328,-0.0017545478540406834,0.001957363576192412,0.0019796358465150425,0.0,-0.003817788774736019,-0.003817788774736019,0.0020766254591273307,0.00208403079435874,0.0,-0.001965815734397954,-0.001955754918732778,0.0016829788238184656,0.0017243923055397623,0.0,0.0,0.0,0.002104076483628549,0.002113387322813352,0.0,-0.0017591590171880328,-0.0017545478540406834,0.001957363576192412,0.0019796358465150425,0.0,0.0,0.0021040764836285485
2024-10-18,0.0,0.0,-0.0002750913520110907,-0.0002750913520110907,0.0,-0.0016344576262232763,-0.0016344576262232763,-0.000513612005579734,-0.000513612005579734,0.0,0.002322212364987945,0.0023257812661860817,-0.00023562669906201383,-0.00023562669906201383,0.0,-0.001646050030259459,-0.001646050030259459,-0.0004856845896025772,-0.0004856845896025772,0.0,0.0,0.0,-0.0002750913520110907,-0.0002750913520110907,0.0,-0.0016344576262232763,-0.0016344576262232763,-0.000513612005579734,-0.000513612005579734,0.0,0.0,-0.0002750913520110907
2024-10-21,0.0,0.0,0.007540747585952593,0.007544668822944812,0.0,0.0013132978549311592,0.0013346780924687774,0.00771594989117361,0.00771594989117361,0.0,0.0010483767179083937,0.0010534415446081607,0.007455935066207008,0.007455935066207008,0.0,0.001299370651961284,0.001299370651961284,0.0074696463750070045,0.0075707256192965415,0.0,0.0,0.0,0.007540747585952593,0.007544668822944812,0.0,0.0013132978549311592,0.0013346780924687774,0.00771594989117361,0.00771594989117361,0.0,0.0,0.007540747585952592
2024-10-22,0.0,0.0,-0.001029862308431977,-0.001029862308431977,0.0,0.0007691983055602211,0.0010176011191899567,-0.0009230429874385722,-0.0008879738083039594,0.0,-0.0033766249173032997,-0.0033766249173032997,-0.00112312612657619,-0.00112312612657619,0.0,0.000912082791845029,0.001050888826341462,-0.0008019872535095524,-0.0007300210381881845,0.0,0.0,0.0,-0.001029862308431977,-0.001029862308431977,0.0,0.0007691983055602211,0.0010176011191899567,-0.0009230429874385722,-0.0008879738083039594,0.0,0.0,-0.0010298623084319773
2024-10-23,0.0,0.0,0.006829047418634215,0.006829047418634215,0.0,0.0014734546674463787,0.0014887776205423971,0.007065716877293895,0.007065716877293895,0.0,0.0017480896585942243,0.0017480896585942243,0.006854338434261438,0.006859105829284798,0.0,0.0011668511159547436,0.001185527743511485,0.006652627579739191,0.006826804694395207,0.0,0.0,0.0,0.006829047418634215,0.006829047418634215,0.0,0.0014734546674463787,0.0014887776205423971,0.007065716877293895,0.007065716877293895,0.0,0.0,0.006829047418634216
2024-10-24,0.0,0.0,-0.0013944709113450694,-0.001388972704587721,0.0,-0.0015097840156654179,-0.0015025282278830323,-0.0015667774722023591,-0.001564177043143251,0.0,0.0029497047307065778,0.0029497047307065778,-0.0022515203787416677,-0.0013246716986425927,0.0,-0.0018531662421459299,-0.0018531662421459299,-0.002535047905357842,-0.0016057671638623902,0.0,0.0,0.0,-0.0013944709113450694,-0.001388972704587721,0.0,-0.0015097840156654179,-0.0015025282278830323,-0.0015667774722023591,-0.001564177043143251,0.0,0.0,-0.0013944709113450692
2024-10-25,0.0,0.0,0.001286720116280191,0.001286720116280191,0.0,-0.0008064533719743654,-0.0005383427917663879,0.0012090689894876218,0.0012197279714218604,0.0,0.002113810435625496,0.002113810435625496,-0.0022506687657187305,-0.001295283237570104,0.0,-0.0010843195027637072,-0.0009293895133254775,-0.0022177134666681794,-0.0012992906550470383,0.0,0.0,0.0,0.001286720116280191,0.001286720116280191,0.0,-0.0008064533719743654,-0.0005383427917663879,0.0012090689894876218,0.0012197279714218604,0.0,0.0,0.0012867201162801909
2024-10-28,0.0,0.0,0.0034532603048288996,0.0034532603048288996,0.0,0.0005763923374598148,0.0009159385351588081,0.0033801111129546503,0.003503421021820193,0.0,0.003844354530493671,0.003844354530493671,0.0035592847391946536,0.0035592847391946536,0.0,-0.00029262301675144365,-2.9388083202909606e-05,0.002613993433373311,0.0031578008721002025,0.0,0.0,0.0,0.0034532603048288996,0.0034532603048288996,0.0,0.0005763923374598148,0.0009159385351588081,0.0033801111129546503,0.003503421021820193,0.0,0.0,0.0034532603048288996
2024-10-29,0.0,0.0,0.0029801106587211065,0.0029890189074894226,0.0,-9.39569240261882e-05,1.4766627950170907e-05,0.0026257414584865634,0.0029422133519386127,0.0,-0.0008775889591802357,-0.0008745869640569873,0.003055847546005054,0.003055847546005054,0.0,0.0003246187225409849,0.0003246187225409849,-0.0001875132967228435,-5.469577140040905e-05,0.0,0.0,0.0,0.0029801106587211065,0.0029890189074894226,0.0,-9.39569240261882e-05,1.4766627950170907e-05,0.0026257414584865634,0.0029422133519386127,0.0,0.0,0.002980110658721107
2024-10-30,0.0,0.0,-0.004785797477431678,-0.004780384891133332,0.0,-0.003350795856487366,-0.0033194792711553327,-0.00661296545576499,-0.006504860709786714,0.0,0.006162563422161133,0.006165787421492271,-0.004935584873128906,-0.004935584873128906,0.0,-0.003348987400500222,-0.0033150975341761308,-0.001219666287019677,-0.0010571799756598796,0.0,0.0,0.0,-0.004785797477431678,-0.004780384891133332,0.0,-0.003350795856487366,-0.0033194792711553327,-0.00661296545576499,-0.006504860709786714,0.0,0.0,-0.004785797477431677
2024-10-31,0.0,0.0,0.00780092449152835,0.007820929632068397,0.0,0.005441397477381992,0.0054800748531712625,0.00983575033766079,0.010458995079770378,0.0,0.004836869160599988,0.004852741208590074,0.00671724619555708,0.007681736162042285,0.0,0.006293102159165797,0.006344216455425503,0.001110234251158317,0.0014419932211232177,0.0,0.0,0.0,0.00780092449152835,0.007820929632068397,0.0,0.005441397477381992,0.0054800748531712625,0.00983575033766079,0.010458995079770378,0.0,0.0,0.006860082166440306
2024-11-01,0.0,0.0,-0.0018367549807971981,-0.0008783736997644385,0.0,-0.005499025835201704,-0.005491588873626474,-0.005531754312586974,-0.005237714115438657,0.0,-0.0018879503221230936,-0.001883964998721521,0.0009092822844002758,0.0009092822844002758,0.0,-0.0059582573936709255,-0.005955435391488374,-0.002891925813563353,-0.002777085590327425,0.0,0.0,0.0,-0.0018367549807971981,-0.0008783736997644385,0.0,-0.005499025835201704,-0.005491588873626474,-0.005531754312586974,-0.005237714115438657,0.0,0.0,0.0009095281054200084
2024-11-04,0.0,0.0,0.006401678322342369,0.006408826374218453,0.0,0.004969520798742959,0.004973872371960648,0.007734381346792814,0.007807426446684868,0.0,0.0002669349061944617,0.0002782828299131265,0.006312903930442154,0.006322822589737445,0.0,0.005335180189993782,0.005354382125894043,0.007557871671178215,0.007618756335043155,0.0,0.0,0.0,0.006401678322342369,0.006408826374218453,0.0,0.004969520798742959,0.004973872371960648,0.007734381346792814,0.007807426446684868,0.0,0.0,0.006312415398764387
2024-11-05,0.0,0.0,0.007555512143680526,0.007555512143680526,0.0,-0.0015030157520310237,-0.0015030157520310237,0.005006305049877811,0.005045866779876676,0.0,-0.0005308579362013592,-0.000527911396440922,0.0074993364066408075,0.00750353304976917,0.0,-0.001715682403037107,-0.001710673384738173,0.005688126535033253,0.0057198446488946906,0.0,0.0,0.0,0.007555512143680526,0.007555512143680526,0.0,-0.0015030157520310237,-0.0015030157520310237,0.005006305049877811,0.005045866779876676,0.0,0.0,0.007498860534225061
2024-11-06,0.0,0.0,-0.027122744329130533,-0.0262637468571965,0.0,0.0018298533597630165,0.0019245416910284381,-0.022309140816857777,-0.021529165072336032,0.0,-0.008389930657518318,-0.008289512973150098,-0.02680505356120727,-0.025949696241105113,0.0,0.002291130365188744,0.0023952630934575736,-0.02401235441772681,-0.023213795515391537,0.0,0.0,0.0,-0.027122744329130533,-0.0262637468571965,0.0,0.0018298533597630165,0.0019245416910284381,-0.022309140816857777,-0.021529165072336032,0.0,0.0,-0.0268015093724318
2024-11-07,0.0,0.0,-0.015577895920403026,-0.01555808941022126,0.0,-0.001683221806812379,-0.0016456273643644295,-0.016048047596903356,-0.016018107023591594,0.0,-0.009438942274323929,-0.009421786867807706,-0.01567770943795955,-0.015558124805668792,0.0,-0.0017054901282239198,-0.0011306401602572597,-0.016166231113797728,-0.01598499680040465,0.0,0.0,0.0,-0.015577895920403026,-0.01555808941022126,0.0,-0.001683221806812379,-0.0016456273643644295,-0.016048047596903356,-0.016018107023591594,0.0,0.0,-0.015577895920403026
2024-11-08,0.0,0.0,0.012231575120803256,0.01223750462257607,0.0,0.004089973203986026,0.004116905927858223,0.013061613526120838,0.013071398244204438,0.0,0.003508161560889355,0.003514207271529613,0.01146975192245382,0.011511893685472292,0.0,0.0026504293556167237,0.0026557223117964794,0.01241290225199213,0.01246951357939192,0.0,0.0,0.0,0.012231575120803256,0.01223750462257607,0.0,0.004089973203986026,0.004116905927858223,0.013061613526120838,0.013071398244204438,0.0,0.0,0.012231575120803256
2024-11-11,0.0,0.0,0.0,0.0,0.0,-2.6576909774185973e-05,0.0,-2.8443216866121732e-05,0.0,0.0,0.0,0.0,-5.870203043050718e-05,0.0,0.0,-0.0002380771224579341,0.0,-7.981302798956659e-05,0.0,0.0,0.0,0.0,0.0,0.0,0.0,-2.6576909774185973e-05,0.0,-2.8443216866121732e-05,0.0,0.0,0.0,0.0
2024-11-12,0.0,0.0,0.012848509729980254,0.012876221510296933,0.0,0.0026454399048960664,0.0026623515765823794,0.013652102604919673,0.013671044450215728,0.0,0.0002727921778991869,0.0002727921778991869,0.010557251204433436,0.010689524771913884,0.0,0.001814080730430306,0.0019429680351223978,0.010985099809045095,0.011134616819272596,0.0,0.0,0.0,0.012848509729980254,0.012876221510296933,0.0,0.0026454399048960664,0.0026623515765823794,0.013652102604919673,0.013671044450215728,0.0,0.0,0.012848509729980256
2024-11-13,0.0,0.0,0.005099670511814892,0.005099670511814892,0.0,8.111355241834396e-05,0.0001357854945125131,0.0052279666210773975,0.0053555432401655445,0.0,0.0022507198766318413,0.0022507198766318413,0.005121497942485626,0.005293650620549371,0.0,0.00239954815442646,0.002679072922070466,0.004915270989198682,0.005475370734895705,0.0,0.0,0.0,0.005099670511814892,0.005099670511814892,0.0,8.111355241834396e-05,0.0001357854945125131,0.0052279666210773975,0.0053555432401655445,0.0,0.0,0.004450549535232668
2024-11-14,0.0,0.0,0.002723443159147175,0.002723443159147175,0.0,-0.0044499685764511025,-0.004245614922098441,0.0016319119412852565,0.0017717166674640747,0.0,0.0028683394736120425,0.0028683394736120425,0.0030504043566428967,0.0032841413701701827,0.0,-0.0004205124093990646,-5.521551419646162e-05,-0.002733322725841436,-0.0021794884344832443,0.0,0.0,0.0,0.002723443159147175,0.002723443159147175,0.0,-0.0044499685764511025,-0.004245614922098441,0.0016319119412852565,0.0017717166674640747,0.0,0.0,-0.0027561706632173817
2024-11-15,0.0,0.0,0.0027671826117465505,0.0027671826117465505,0.0,0.004023700932069197,0.0041865169815407145,0.0029639586624291623,0.0029683728407989217,0.0,0.002435880374942021,0.002435880374942021,0.0030931054729172233,0.0032012268608643045,0.0,0.0026075830042398985,0.002682547887667726,0.0031231527906025874,0.003255349265873524,0.0,0.0,0.0,0.0027671826117465505,0.0027671826117465505,0.0,0.004023700932069197,0.0041865169815407145,0.0029639586624291623,0.0029683728407989217,0.0,0.0,-0.0034285676169933596
2024-11-18,0.0,0.0,-0.005189923772337884,-0.005184150106058474,0.0,-0.0008864838125868323,0.00032816672131740366,-0.005405138574696824,-0.005381498640861737,0.0,-0.0023071467100560933,-0.0023020948261502834,-0.00539685785193033,-0.005378631766110515,0.0,-0.002657392815174623,-0.0022064022522556392,-0.005339616254943296,-0.005304492494115543,0.0,0.0,0.0,-0.005189923772337884,-0.005184150106058474,0.0,-0.0008864838125868323,0.00032816672131740366,-0.005405138574696824,-0.005381498640861737,0.0,0.0,-0.005371588732089338
2024-11-19,0.0,0.0,-0.003803506121760547,-0.003799035148077651,0.0,-0.0040440895252059255,-0.003987370959607399,-0.003910491438685952,-0.0038984634789308694,0.0,-0.007185286590642202,-0.005989387765035941,-0.004305579796775469,-0.004246044347239271,0.0,-0.006957874864859873,-0.00647139589434722,-0.004485999339147954,-0.004409173483358967,0.0,0.0,0.0,-0.003803506121760547,-0.003799035148077651,0.0,-0.0040440895252059255,-0.003987370959607399,-0.003910491438685952,-0.0038984634789308694,0.0,0.0,-0.0038253542754727744
2024-11-20,0.0,0.0,0.006649316522783413,0.006652834213629537,0.0,-0.002633003541754804,-0.0025945135938750113,0.006417799603158144,0.006417799603158144,0.0,-0.001532285376336833,-0.00033228537633683266,0.006978817256711499,0.006996431504988174,0.0,-0.0023373792212352065,-0.0020728475091641592,0.006360236156379749,0.0063770150454146215,0.0,0.0,0.0,0.006649316522783413,0.006652834213629537,0.0,-0.002633003541754804,-0.0025945135938750113,0.006417799603158144,0.006417799603158144,0.0,0.0,0.006541432513918374
2024-11-21,0.0,0.0,0.0013501043780612333,0.0013501043780612333,0.0,-0.006264297696692869,-0.006216305233247366,0.001012344431413102,0.001019908207822489,0.0,-0.006148388520918244,-0.004948388520918243,0.0010589627156891359,0.0010743460031696428,0.0,-0.007344621369873211,-0.007071356025169607,0.0007250396231111845,0.0007447238848564315,0.0,0.0,0.0,0.0013501043780612333,0.0013501043780612333,0.0,-0.006264297696692869,-0.006216305233247366,0.001012344431413102,0.001019908207822489,0.0,0.0,0.0011984374069241694
2024-11-22,0.0,0.0,0.006263014537696884,0.006265975872611549,0.0,0.0005225099306871758,0.000568690952785106,0.006275350572169709,0.006282180151314977,0.0,0.0014871012471553795,0.00268710124715538,0.006505955231233118,0.006514933187194482,0.0,0.002208596506753283,0.0023681056606366536,0.0064485978025087464,0.006467866704584976,0.0,0.0,0.0,0.006263014537696884,0.006265975872611549,0.0,0.0005225099306871758,0.000568690952785106,0.006275350572169709,0.006282180151314977,0.0,0.0,0.006121791104642316
2024-11-25,0.0,0.0,-0.004476323658936284,-0.0044599623135718035,0.0,0.0046636481242517975,0.004678220115003464,-0.004114552151094696,-0.004071897612084739,0.0,0.005428605746630413,0.005428605746630413,-0.004310153132422373,-0.004268943543133571,0.0,0.004072135308483505,0.004130062223760101,-0.004061658379521018,-0.003994632323083432,0.0,0.0,0.0,-0.004476323658936284,-0.0044599623135718035,0.0,0.0046636481242517975,0.004678220115003464,-0.004114552151094696,-0.004071897612084739,0.0,0.0,-0.004291269632076652
2024-11-26,0.0,0.0,0.0034220212101557027,0.0034220212101557027,0.0,0.0037335183477806917,0.0037335183477806917,0.0035497469641953398,0.0036029220010255344,0.0,0.003491305893162556,0.004691305893162556,0.0035866710715247406,0.0036537288763289107,0.0,0.0031441659815202297,0.003304173062731947,0.003594678550764476,0.003616729164461344,0.0,0.0,0.0,0.0034220212101557027,0.0034220212101557027,0.0,0.0037335183477806917,0.0037335183477806917,0.0035497469641953398,0.0036029220010255344,0.0,0.0,0.002757494288031617
2024-11-27,0.0,0.0,-0.01272892630730172,-0.012719723340037776,0.0,0.0021496437745758307,0.002156771511055125,-0.011233011980316121,-0.011197427178687968,0.0,0.002186035238701776,0.003386035238701776,-0.013637037941980549,-0.013274277506475593,0.0,0.0020937489607921553,0.0022647580069533385,-0.012859607576743282,-0.012779759563132197,0.0,0.0,0.0,-0.01272892630730172,-0.012719723340037776,0.0,0.0021496437745758307,0.002156771511055125,-0.011233011980316121,-0.011197427178687968,0.0,0.0,0.013086006939428617
2024-11-28,0.0,0.0,0.0,0.0,0.0,0.0,0.0,-2.4018867265680738e-05,0.0,0.0,0.0,0.0,-0.0003163574313303554,0.0,0.0,-1.2653020819691619e-05,0.0,-0.00010337383803330458,0.0,0.0,0.0,0.0,0.0,0.0,0.0,0.0,0.0,-2.4018867265680738e-05,0.0,0.0,0.0,0.0
2024-11-29,0.0,0.0,-0.0010268839119478173,-0.00034999854403422535,0.0,-3.692044356753271e-05,-3.692044356753271e-05,-0.00023275015205044452,-0.00010994666679175436,0.0,-0.004159240122918924,-0.004159240122918924,-0.000580780543779509,-0.000580780543779509,0.0,-0.0009088087937042727,-0.0008631211037121661,-0.0004343969385208136,-0.00043188845439705835,0.0,0.0,0.0,-0.0010268839119478173,-0.00034999854403422535,0.0,-3.692044356753271e-05,-3.692044356753271e-05,-0.00023275015205044452,-0.00010994666679175436,0.0,0.0,0.00031416326419541664
2024-12-02,0.0,0.0,-0.008915344536182765,-0.008236524520062842,0.0,-0.0017555046910424186,-0.001748036924159804,0.004402797469744363,0.004539809369417075,0.0,0.002163580692654491,0.002163580692654491,0.007644693501541722,0.007961050932872077,0.0,-0.0029747432100185644,-0.0025795960411934674,0.0074823901201908774,0.00767379375266579,0.0,0.0,0.0,-0.008915344536182765,-0.008236524520062842,0.0,-0.0017555046910424186,-0.001748036924159804,0.004402797469744363,0.004539809369417075,0.0,0.0,-0.008203023951546165
2024-12-03,0.0,0.0,-0.00374794622769042,-0.0030691586499162022,0.0,0.000254912397261509,0.00026109884008063274,-0.0032323500130571475,-0.002782654540498944,0.0,0.0005599035857653142,0.0005599035857653142,-0.0011049664730014713,-0.0010663637213164186,0.0,0.0006841654754508365,0.0006936867099888002,-0.0023692247425633104,-0.002292606954980273,0.0,0.0,0.0,-0.00374794622769042,-0.0030691586499162022,0.0,0.000254912397261509,0.00026109884008063274,-0.0032323500130571475,-0.002782654540498944,0.0,0.0,0.003074980636072612
2024-12-04,0.0,0.0,-0.00013442691455588696,-0.00013442691455588696,0.0,0.0005444606218345696,0.0005480183696658747,0.00030567595641812383,0.0006040936250276329,0.0,0.0012984115947885773,0.0012984115947885773,0.0012005512444279132,0.0012105573047821432,0.0,0.0013092387102413192,0.0013092387102413192,0.0007662976143656099,0.0008031280255697694,0.0,0.0,0.0,-0.00013442691455588696,-0.00013442691455588696,0.0,0.0005444606218345696,0.0005480183696658747,0.00030567595641812383,0.0006040936250276329,0.0,0.0,-7.48073402109463e-05
2024-12-05,0.0,0.0,0.004130410677182733,0.004130410677182733,0.0,-1.751728939930993e-05,-9.632362398890822e-06,-0.0028736352131385045,-0.0027445106442979287,0.0,0.0003021630626783939,0.0003021630626783939,-0.0010976643678762053,-0.0010101922026765505,0.0,0.0003110774271069391,0.00031984084613291596,-0.002695528488795276,-0.002616221976227218,0.0,0.0,0.0,0.004130410677182733,0.004130410677182733,0.0,-1.751728939930993e-05,-9.632362398890822e-06,-0.0028736352131385045,-0.0027445106442979287,0.0,0.0,0.004127687260891237
2024-12-06,0.0,0.0,-0.007708532611014916,-0.007708532611014916,0.0,0.004496548861526433,0.004544855097071074,0.006317588896684381,0.006954502048641457,0.0,0.009020410729187413,0.009062273878028035,0.008347591197596548,0.009039883669619504,0.0,0.009095756652087492,0.009132343146309308,0.009610236574636423,0.010098066840025375,0.0,0.0,0.0,-0.007708532611014916,-0.007708532611014916,0.0,0.004496548861526433,0.004544855097071074,0.006317588896684381,0.006954502048641457,0.0,0.0,-0.007810108849468566
2024-12-09,0.0,0.0,0.004461665866964973,0.004480318010954457,0.0,0.004044638130372628,0.0052377233231216585,0.005280095187568197,0.005463971799311849,0.0,-0.004637964931242092,-0.004632313056403815,0.0029057955088012412,0.0029598475820920025,0.0,-0.003339266906447949,-0.002738236318540044,0.0013203567926227317,0.0016175892525867237,0.0,0.0,0.0,0.004461665866964973,0.004480318010954457,0.0,0.004044638130372628,0.0052377233231216585,0.005280095187568197,0.005463971799311849,0.0,0.0,0.004505238114630879
2024-12-10,0.0,0.0,-0.009959023948739959,-0.009951444164648625,0.0,0.002638958622972025,0.002643902697557904,-0.00929661595609441,-0.009271975681504674,0.0,0.004305361875534107,0.004314004642849534,-0.009601548563770398,-0.009595773146489066,0.0,0.005902418839997365,0.00615425947425642,-0.009732138116421058,-0.00972369279233276,0.0,0.0,0.0,-0.009959023948739959,-0.009951444164648625,0.0,0.002638958622972025,0.002643902697557904,-0.00929661595609441,-0.009271975681504674,0.0,0.0,-0.010027489854825612
2024-12-11,0.0,0.0,0.001339368155785444,0.0013411790477126952,0.0,0.002160583610972955,0.002160583610972955,0.001380524837557693,0.001380524837557693,0.0,-0.002174091969890119,-0.002174091969890119,0.0008912050641532054,0.000901211882123642,0.0,-0.001989228158884315,-0.0018118177052097576,0.0011642389162308717,0.0011713294324905042,0.0,0.0,0.0,0.001339368155785444,0.0013411790477126952,0.0,0.002160583610972955,0.002160583610972955,0.001380524837557693,0.001380524837557693,0.0,0.0,0.0013181592636549145
2024-12-12,0.0,0.0,-0.0036302580019579576,-0.0036302580019579576,0.0,-0.005197204227950003,-0.004002148302535881,-0.0039866188131891,-0.0037252906530827272,0.0,0.004873495774884243,0.004873495774884243,-0.002694680845003624,-0.002694680845003624,0.0,0.0025814853658609207,0.0031900028237210856,-0.003393312859552093,-0.0032775820554556833,0.0,0.0,0.0,-0.0036302580019579576,-0.0036302580019579576,0.0,-0.005197204227950003,-0.004002148302535881,-0.0039866188131891,-0.0037252906530827272,0.0,0.0,-0.0036525907220878273
2024-12-13,0.0,0.0,-0.007903174219575612,-0.007903174219575612,0.0,0.003933393565499149,0.003933393565499149,-0.0064780486094312036,-0.006416432713636961,0.0,0.007104562307885189,0.007108045783263502,-0.006918232688227323,-0.006856277018145196,0.0,0.007625324276125103,0.007712044644250925,-0.0060480805726711865,-0.006003503271897949,0.0,0.0,0.0,-0.007903174219575612,-0.007903174219575612,0.0,0.003933393565499149,0.003933393565499149,-0.0064780486094312036,-0.006416432713636961,0.0,0.0,-0.007882964789555833
2024-12-16,0.0,0.0,0.0028559717693982835,0.0028559717693982835,0.0,0.0052083361847353815,0.00521364442563701,0.0038830183087621814,0.004356605200101735,0.0,-0.00176213983596502,-0.00176213983596502,0.0016163855425948637,0.0022554092775003767,0.0,0.00010390290710015577,0.0001276390412184937,0.0020869986346124174,0.0027120619490395145,0.0,0.0,0.0,0.0028559717693982835,0.0028559717693982835,0.0,0.0052083361847353815,0.00521364442563701,0.0038830183087621814,0.004356605200101735,0.0,0.0,0.0029448922217997844
2024-12-17,0.0,0.0,-0.004976314704082387,-0.00426299607631263,0.0,0.0034719206790907384,0.003475801386731982,0.0009404263197598191,0.0014615226084732315,0.0,0.004360901202259598,0.004360901202259598,0.005061123258316325,0.005135663226211894,0.0,0.004437171985374794,0.004448181427495261,0.00509447016762162,0.0051071379644796275,0.0,0.0,0.0,-0.004976314704082387,-0.00426299607631263,0.0,0.0034719206790907384,0.003475801386731982,0.0009404263197598191,0.0014615226084732315,0.0,0.0,-0.0043832198209179645
2024-12-18,0.0,0.0,0.005462672990936369,0.005462672990936369,0.0,-0.001384779702459167,-0.0013694597144306056,0.004412239779710493,0.004412239779710493,0.0,0.001330565196219126,0.001330565196219126,0.005645481171222059,0.00564989264006833,0.0,0.00010886126227275646,0.00015053645034684326,0.004999159138201739,0.005029337349465856,0.0,0.0,0.0,0.005462672990936369,0.005462672990936369,0.0,-0.001384779702459167,-0.0013694597144306056,0.004412239779710493,0.004412239779710493,0.0,0.0,-0.005397305585843988
2024-12-19,0.0,0.0,0.01619416992507011,0.016220310601750918,0.0,-0.0016578543417641797,-0.00046153218854319816,0.01479520239781423,0.015078157875907069,0.0,0.0033873276671188128,0.0033983191555974836,0.01652265993878236,0.016603286882758823,0.0,0.0020892668653713265,0.0024292488320804394,0.015300672761076658,0.015424283523727487,0.0,0.0,0.0,0.01619416992507011,0.016220310601750918,0.0,-0.0016578543417641797,-0.00046153218854319816,0.01479520239781423,0.015078157875907069,0.0,0.0,-0.016406477890826995
2024-12-20,0.0,0.0,-0.00720976925492805,-0.00720976925492805,0.0,0.0015536708222588806,0.0015536708222588806,-0.006969985352354573,-0.006900212871559846,0.0,0.00044404740952150594,0.000446744413736153,-0.007017354675999783,-0.006991890458470437,0.0,0.005997737559212085,0.0060643078282934994,-0.0065812112134235445,-0.006531695222789016,0.0,0.0,0.0,-0.00720976925492805,-0.00720976925492805,0.0,0.0015536708222588806,0.0015536708222588806,-0.006969985352354573,-0.006900212871559846,0.0,0.0,-0.0072220100500898455
2024-12-23,0.0,0.0,0.006016529819793967,0.006021490069387318,0.0,-0.0024729416589190016,-0.0024572880218905733,0.005066313972945083,0.005087164266782955,0.0,0.004671151495494013,0.004677228793295112,0.005970503010474639,0.006013584276396163,0.0,0.002565319232435975,0.0026870056425523673,0.005832633158894346,0.005942777693654021,0.0,0.0,0.0,0.006016529819793967,0.006021490069387318,0.0,-0.0024729416589190016,-0.0024572880218905733,0.005066313972945083,0.005087164266782955,0.0,0.0,0.006029819841516129
2024-12-24,0.0,0.0,0.0024050350253292845,0.0024050350253292845,0.0,0.0023888475598297593,0.0023888475598297593,0.0031709871551870075,0.0031976963826621674,0.0,7.187293588664252e-05,7.481677646320657e-05,0.0022419731187018344,0.0022481355027958497,0.0,-0.000656578594945815,-0.0006190327323970797,0.0017843043074458988,0.0018886064161959268,0.0,0.0,0.0,0.0024050350253292845,0.0024050350253292845,0.0,0.0023888475598297593,0.0023888475598297593,0.0031709871551870075,0.0031976963826621674,0.0,0.0,0.002413944357655903
2024-12-25,0.0,0.0,0.0,0.0,0.0,-2.7590535573836174e-06,0.0,-6.533798230504717e-05,0.0,0.0,0.0,0.0,-6.492665007961311e-05,0.0,0.0,-8.825906313199626e-05,0.0,-0.00010966443522242571,0.0,0.0,0.0,0.0,0.0,0.0,0.0,-2.7590535573836174e-06,0.0,-6.533798230504717e-05,0.0,0.0,0.0,0.0
2024-12-26,0.0,0.0,-0.0006526872128823513,-0.0006470639486807254,0.0,-0.0037741479654805885,-0.003767781757133125,-0.0012321118317567803,-0.0012029941836913323,0.0,0.0037620538836625893,0.0037620538836625893,0.000775835058280293,0.0008666193683856444,0.0,0.0049552316709234375,0.004986504369319255,0.003539072695960334,0.003567277408842096,0.0,0.0,0.0,-0.0006526872128823513,-0.0006470639486807254,0.0,-0.0037741479654805885,-0.003767781757133125,-0.0012321118317567803,-0.0012029941836913323,0.0,0.0,-0.0006611058152045796
2024-12-27,0.0,0.0,0.000503533978004904,0.000503533978004904,0.0,-0.005110281345147995,-0.003922327827386343,0.00021081813771753718,0.00027254221126446693,0.0,0.00048104689391330606,0.00048104689391330606,0.000786019948945291,0.0008557399627272985,0.0,0.0015519257493324136,0.0016212889842644896,0.00113174145184948,0.0012378814655646404,0.0,0.0,0.0,0.000503533978004904,0.000503533978004904,0.0,-0.005110281345147995,-0.003922327827386343,0.00021081813771753718,0.00027254221126446693,0.0,0.0,0.0004999757481643451
2024-12-30,0.0,0.0,0.0003753449618837458,0.00038685980275087275,0.0,-0.004606322438569484,-0.0034063224385694844,-0.00028731026931342663,0.000349831689112097,0.0,-0.004399267732583791,-0.004395460963078182,-0.003397891151229646,-0.003373981310699585,0.0,-0.008653459010657267,-0.007965695723260993,-0.007426508348383844,-0.006795976557926995,0.0,0.0,0.0,0.0003753449618837458,0.00038685980275087275,0.0,-0.004606322438569484,-0.0034063224385694844,-0.00028731026931342663,0.000349831689112097,0.0,0.0,0.0003767543462241993
2024-12-31,0.0,0.0,0.004212046079617254,0.004212046079617254,0.0,0.0024835449476737657,0.0024835449476737657,0.00012697184621158813,0.0006883465532601415,0.0,0.0004423007949646816,0.0004423007949646816,0.003386861785056571,0.0033924896350082286,0.0,0.0012341507922296042,0.0016817358537142447,-0.0026459839483850825,-0.0021095042180350786,0.0,0.0,0.0,0.004212046079617254,0.004212046079617254,0.0,0.0024835449476737657,0.0024835449476737657,0.00012697184621158813,0.0006883465532601415,0.0,0.0,0.00421785402677354
2025-01-01,0.0,0.0,0.0,0.0,0.0,-0.0012,0.0,-0.0002534807531376415,0.0,0.0,0.0,0.0,-7.665785807333668e-05,0.0,0.0,-0.000503994531636915,0.0,-0.0004913153655884034,0.0,0.0,0.0,0.0,0.0,0.0,0.0,-0.0012,0.0,-0.0002534807531376415,0.0,0.0,0.0,0.0
2025-01-02,0.0,0.0,0.006850785804907594,0.00686107321031179,0.0,-0.002612651702523226,-0.002605617586749473,0.006607022930122428,0.006621915206237328,0.0,-0.0036602165137863303,-0.003646789597755288,0.004055429549624172,0.004239869786455228,0.0,-0.006433877551475083,-0.006427308807149144,0.0034585777953591843,0.003731575031537025,0.0,0.0,0.0,0.006850785804907594,0.00686107321031179,0.0,-0.002612651702523226,-0.002605617586749473,0.006607022930122428,0.006621915206237328,0.0,0.0,0.0068722653465621
2025-01-03,0.0,0.0,-0.0011689356029838073,-0.0011578480546950197,0.0,0.0032615753522954017,0.0032615753522954017,-0.0008384905883041968,-0.0008302441599238861,0.0,0.0027234519656624684,0.0027234519656624684,-0.0007861845572111212,-0.0007762244132345936,0.0,-0.0010611487507970708,-0.000984844973576286,-0.0012497092823205236,-0.0011561979858223611,0.0,0.0,0.0,-0.0011689356029838073,-0.0011578480546950197,0.0,0.0032615753522954017,0.0032615753522954017,-0.0008384905883041968,-0.0008302441599238861,0.0,0.0,-0.001301050300742954
2025-01-06,0.0,0.0,-0.012963563449478183,-0.01295404097450642,0.0,0.00017932348296954246,0.0001990176966383593,-0.011606586899081369,-0.011552247025439954,0.0,-0.0009148396882965839,-0.0009063188261946293,-0.0112675343551924,-0.011229342615065474,0.0,0.009038528295761537,0.009211670182110481,-0.010680602641373793,-0.010521207162219064,0.0,0.0,0.0,-0.012963563449478183,-0.01295404097450642,0.0,0.00017932348296954246,0.0001990176966383593,-0.011606586899081369,-0.011552247025439954,0.0,0.0,-0.013034649473413774
2025-01-07,0.0,0.0,0.002714925342141923,0.0027167701400218646,0.0,-0.0009663445703712167,-0.0009620937455131495,0.0027605655115324453,0.0027605655115324453,0.0,-0.0005058411981481002,-0.0005058411981481002,0.002922826148387004,0.0029253446892323577,0.0,0.0019768089622616185,0.0023321835884739755,0.0029380561899391127,0.0029380561899391127,0.0,0.0,0.0,0.002714925342141923,0.0027167701400218646,0.0,-0.0009663445703712167,-0.0009620937455131495,0.0027605655115324453,0.0027605655115324453,0.0,0.0,0.0027100418800131733
2025-01-08,0.0,0.0,0.008268795570499983,0.008268795570499983,0.0,-0.0024089920073673025,-0.0023937955689255002,0.008151589199961727,0.008170466096505957,0.0,0.0023054581672108114,0.002310968527818792,0.008618965666362981,0.008622520726016733,0.0,-0.001254357382108823,-0.0006230066170080998,0.008164195927066487,0.008197254754298682,0.0,0.0,0.0,0.008268795570499983,0.008268795570499983,0.0,-0.0024089920073673025,-0.0023937955689255002,0.008151589199961727,0.008170466096505957,0.0,0.0,0.00829928555210681
2025-01-09,0.0,0.0,0.0031312871753275263,0.0031312871753275263,0.0,-0.0011055545225109168,-0.001078899198222279,0.002878801784704526,0.002878801784704526,0.0,0.0016529503384628637,0.0016562978893935516,0.0031864753099906866,0.003189342973876715,0.0,-0.0008048343881799691,-0.0007547456050390609,0.0028322923474265425,0.0028322923474265425,0.0,0.0,0.0,0.0031312871753275263,0.0031312871753275263,0.0,-0.0011055545225109168,-0.001078899198222279,0.002878801784704526,0.002878801784704526,0.0,0.0,0.0031435529676450925
2025-01-10,0.0,0.0,0.009173143865893704,0.009176900182288195,0.0,-0.0020396460673557477,-0.0020396460673557477,0.00877172394078234,0.00877172394078234,0.0,0.0029345919229625092,0.0030238547146579278,0.009629445462160815,0.00963760848821897,0.0,-0.0022315642593311764,-0.0021308033849316167,0.008488263857115784,0.008497261730851951,0.0,0.0,0.0,0.009173143865893704,0.009176900182288195,0.0,-0.0020396460673557477,-0.0020396460673557477,0.00877172394078234,0.00877172394078234,0.0,0.0,0.009209870191036943
2025-01-13,0.0,0.0,0.0011479764757475219,0.0011479764757475219,0.0,-0.003984998932076506,-0.003960725783087034,0.0008040342478149933,0.0008534237769761366,0.0,-0.0043567365234360176,-0.004317856589440585,0.0010777961879909956,0.0011126181185115859,0.0,-0.0030506338106532343,-0.003005791733726488,0.0009617476592340687,0.0010550035747593652,0.0,0.0,0.0,0.0011479764757475219,0.0011479764757475219,0.0,-0.003984998932076506,-0.003960725783087034,0.0008040342478149933,0.0008534237769761366,0.0,0.0,0.0011388155610631977
2025-01-14,0.0,0.0,-0.008199670582943795,-0.008197296023674002,0.0,0.0013350290387886053,0.0013350290387886053,-0.007602904676218209,-0.007602904676218209,0.0,0.0012670575282745363,0.001345324686048646,-0.007161316531151831,-0.007141214800803472,0.0,0.0020430420645450808,0.0021060095960170437,-0.006679060010924741,-0.006645894114979849,0.0,0.0,0.0,-0.008199670582943795,-0.008197296023674002,0.0,0.0013350290387886053,0.0013350290387886053,-0.007602904676218209,-0.007602904676218209,0.0,0.0,-0.008236836483867836
2025-01-15,0.0,0.0,-0.004587899461914593,-0.004587899461914593,0.0,-0.0020930720559632883,-0.0020930720559632883,-0.004709865328804042,-0.00467176910519796,0.0,-0.007128347026088786,-0.007035568138749878,-0.005439554261838939,-0.005397160530047561,0.0,-0.0035253927721120514,-0.0033892395518461144,-0.005250764883246854,-0.005173704749499618,0.0,0.0,0.0,-0.004587899461914593,-0.004587899461914593,0.0,-0.0020930720559632883,-0.0020930720559632883,-0.004709865328804042,-0.00467176910519796,0.0,0.0,-0.004609684925290017
2025-01-16,0.0,0.0,-0.0008681769224537388,-0.0008681769224537388,0.0,0.0027031779212444884,0.0027031779212444884,-0.0007217636198025057,-0.0007217636198025057,0.0,0.002087477668173906,0.0023608073421688457,-0.0006960747181286883,-0.0005277198799665904,0.0,0.0022045859775195733,0.002344783169960557,-0.0008064012704098306,-0.0007247428934773806,0.0,0.0,0.0,-0.0008681769224537388,-0.0008681769224537388,0.0,0.0027031779212444884,0.0027031779212444884,-0.0007217636198025057,-0.0007217636198025057,0.0,0.0,-0.0008467940781202838
2025-01-17,0.0,0.0,0.006332745312290422,0.006332745312290422,0.0,0.0032795583743281467,0.0032795583743281467,0.006522220967315339,0.006548696833527417,0.0,0.0008410059573987822,0.0008410059573987822,0.006217631093110353,0.006265387884639746,0.0,0.002471355500993051,0.0025363621231632924,0.006196848857805209,0.006219099547729112,0.0,0.0,0.0,0.006332745312290422,0.006332745312290422,0.0,0.0032795583743281467,0.0032795583743281467,0.006522220967315339,0.006548696833527417,0.0,0.0,0.006364713336300423
2025-01-20,0.0,0.0,0.0,0.0,0.0,0.0,0.0,-5.14275552520158e-05,0.0,0.0,-0.0007156256927443936,0.0,-0.00019182568375336942,0.0,0.0,-0.00037557345590134676,0.0,-0.00015361693675133864,0.0,0.0,0.0,0.0,0.0,0.0,0.0,0.0,0.0,-5.14275552520158e-05,0.0,0.0,0.0,0.0
2025-01-21,0.0,0.0,-0.017277657412845995,-0.017253554209379393,0.0,0.0026946462621551966,0.002700447168531899,-0.01720598716437981,-0.01715114621398425,0.0,-0.00491965845392658,-0.004858913057877445,-0.017584616282845838,-0.017482222623536103,0.0,8.791760653714854e-05,0.00024100728339744018,-0.015889968429830655,-0.015811900854793767,0.0,0.0,0.0,-0.017277657412845995,-0.017253554209379393,0.0,0.0026946462621551966,0.002700447168531899,-0.01720598716437981,-0.01715114621398425,0.0,0.0,-0.01736021368893435
2025-01-22,0.0,0.0,0.001617214644784607,0.001617214644784607,0.0,0.002529798401191749,0.0028240788561143914,0.001604242853905998,0.0019469291680927164,0.0,0.0007057097270974976,0.0009643815357206319,0.001596346892784773,0.0016183844397527458,0.0,0.0033614481272502376,0.0034093248247273897,0.0025950690002252592,0.0026447860755787725,0.0,0.0,0.0,0.001617214644784607,0.001617214644784607,0.0,0.002529798401191749,0.0028240788561143914,0.001604242853905998,0.0019469291680927164,0.0,0.0,0.0016172146447846075
2025-01-23,0.0,0.0,-0.0011181754398190444,-0.0011181754398190444,0.0,0.0011130473140297712,0.0011781823067652222,-0.00019520530631593735,-9.30907096946968e-05,0.0,-0.0022311326889881138,-0.001886880553550976,-0.0014770284631670791,-0.0014546821863335943,0.0,0.0005264216255534887,0.0005979562470777333,-0.0006377807367859405,-0.0005910957882456255,0.0,0.0,0.0,-0.0011181754398190444,-0.0011181754398190444,0.0,0.0011130473140297712,0.0011781823067652222,-0.00019520530631593735,-9.30907096946968e-05,0.0,0.0,-0.0011181754398190444
2025-01-24,0.0,0.0,-0.009096178050500293,-0.009092745067389772,0.0,0.0024731091888210424,0.0025737523219554175,-0.0073187135218256,-0.007140415286286747,0.0,-0.005331833725989085,-0.005316140864144889,-0.009072064966943617,-0.009065196117149583,0.0,0.003060971690529125,0.0031477431484533626,-0.006723537643827,-0.006553366270031915,0.0,0.0,0.0,-0.009096178050500293,-0.009092745067389772,0.0,0.0024731091888210424,0.0025737523219554175,-0.0073187135218256,-0.007140415286286747,0.0,0.0,-0.009096178050500293
2025-01-27,0.0,0.0,0.0032843147984629615,0.0039609416544486905,0.0,-0.005492752081676896,-0.005449487559436767,-0.0036291798897897004,-0.003491793899506858,0.0,-6.721354866102134e-05,0.0009811388010439923,0.0034138397784175345,0.0038533459492079425,0.0,-0.005072203492001966,-0.004968390147049202,-0.001307212733857201,-0.0011769001433343728,0.0,0.0,0.0,0.0032843147984629615,0.0039609416544486905,0.0,-0.005492752081676896,-0.005449487559436767,-0.0036291798897897004,-0.003491793899506858,0.0,0.0,0.0032843147984629633
2025-01-28,0.0,0.0,-0.0073074239324568335,-0.006620835880863415,0.0,1.5700808471744062e-05,8.442782003794514e-05,-0.0005805580097915546,-0.0003942705958836165,0.0,0.0008943551193396624,0.0008943551193396624,0.003715953298373626,0.003926331342462181,0.0,5.320030009652276e-05,0.000111410346181655,0.0040699500830422486,0.0041444756372587864,0.0,0.0,0.0,-0.0073074239324568335,-0.006620835880863415,0.0,1.5700808471744062e-05,8.442782003794514e-05,-0.0005805580097915546,-0.0003942705958836165,0.0,0.0,-0.006620835880863415
2025-01-29,0.0,0.0,0.002004116089668951,0.002694596291713995,0.0,0.0009601769551419477,0.0009601769551419477,0.0019857520922813643,0.002032581385694654,0.0,-0.0023432605287529063,-0.002137149713643084,0.001681221639085532,0.0018531211891297836,0.0,0.0008997468325053087,0.0010128723809143282,0.0011855828876058334,0.00157514507157319,0.0,0.0,0.0,0.002004116089668951,0.002694596291713995,0.0,0.0009601769551419477,0.0009601769551419477,0.0019857520922813643,0.002032581385694654,0.0,0.0,-0.0026821091247671365
2025-01-30,0.0,0.0,0.00069589356771069,0.001396422479835954,0.0,-0.0017626572930431986,-0.0017626572930431986,-0.0025212304573348156,-0.0020660980400662135,0.0,-0.00013773001955009827,-5.5877478380379086e-05,-0.0009895752884609165,-0.0007366552147390665,0.0,-0.0019867020921953303,-0.0018683157050725851,-0.001386188583270158,-0.0008589312630252256,0.0,0.0,0.0,0.00069589356771069,0.001396422479835954,0.0,-0.0017626572930431986,-0.0017626572930431986,-0.0025212304573348156,-0.0020660980400662135,0.0,0.0,0.0006892822840118949
2025-01-31,0.0,0.0,0.0025663742851986917,0.0025663742851986917,0.0,0.005707511060805144,0.005721111968780725,0.0033117256078163708,0.0033117256078163708,0.0,-0.002209233252749415,-0.0021866730060018285,0.0022395943455207437,0.0022554411007140508,0.0,0.004975506317596908,0.005142585323909486,0.0034715655914242293,0.003839337765817443,0.0,0.0,0.0,0.0025663742851986917,0.0025663742851986917,0.0,0.005707511060805144,0.005721111968780725,0.0033117256078163708,0.0033117256078163708,0.0,0.0,0.00256637428519869
2025-02-03,0.0,0.0,0.015565117084929275,0.015592525440987543,0.0,6.498051702201745e-05,9.074939631449229e-05,0.013871655753154234,0.013876189682989471,0.0,-0.011303494084961275,-0.010183268817020662,0.013578241754752491,0.013810035102835634,0.0,-0.0001705704761448031,0.00020129507014193674,0.004147173273847717,0.0046618655828229135,0.0,0.0,0.0,0.015565117084929275,0.015592525440987543,0.0,6.498051702201745e-05,9.074939631449229e-05,0.013871655753154234,0.013876189682989471,0.0,0.0,0.01556511708492927
2025-02-04,0.0,0.0,-0.020819757600144553,-0.02075860721956529,0.0,-0.012951426814247888,-0.012699257810444455,-0.02303740151464793,-0.022933565599246853,0.0,-0.014717013362762363,-0.014284757490480422,-0.02254259200641857,-0.02212922924861933,0.0,-0.01264086612401488,-0.012236993179659296,0.0032242328828158886,0.003474966779207384,0.0,0.0,0.0,-0.020819757600144553,-0.02075860721956529,0.0,-0.012951426814247888,-0.012699257810444455,-0.02303740151464793,-0.022933565599246853,0.0,0.0,-0.02081975760014455
2025-02-05,0.0,0.0,-0.007834593742210995,-0.007831018556243059,0.0,-0.002045662879897928,-0.0020368156405548487,-0.008354207041682705,-0.008341288777123096,0.0,-0.004989214112015665,-0.004911091328613989,-0.003395597353636018,-0.0030639718378970247,0.0,0.0010757870431305973,0.0011334253231476197,0.007687155550374294,0.007715080451179495,0.0,0.0,0.0,-0.007834593742210995,-0.007831018556243059,0.0,-0.002045662879897928,-0.0020368156405548487,-0.008354207041682705,-0.008341288777123096,0.0,0.0,-0.007834593742210993
2025-02-06,0.0,0.0,0.0049303146147895395,0.0049303146147895395,0.0,-0.0012671803797386838,-0.0007695259324334994,0.004844796037604716,0.004942744060524278,0.0,-0.004282465891300396,-0.004165384602833151,0.0006369571417050596,0.0008416045880479651,0.0,-0.003124294835702949,-0.0030622880102474095,-0.0054217361061348725,-0.005376400833982503,0.0,0.0,0.0,0.0049303146147895395,0.0049303146147895395,0.0,-0.0012671803797386838,-0.0007695259324334994,0.004844796037604716,0.004942744060524278,0.0,0.0,0.004930314614789538
2025-02-07,0.0,0.0,0.003257968203073957,0.003257968203073957,0.0,0.0004553784253434485,0.0008397760782592284,0.003248431913124997,0.003287112960767119,0.0,-0.0024926357416084678,-0.002387733158407854,0.0022846310169908532,0.002409987460551183,0.0,-0.003975047909886175,-0.0035328851698822887,-0.004818248760463467,-0.0041413595443093405,0.0,0.0,0.0,0.003257968203073957,0.003257968203073957,0.0,0.0004553784253434485,0.0008397760782592284,0.003248431913124997,0.003287112960767119,0.0,0.0,0.003257968203073956
2025-02-10,0.0,0.0,2.2044190304595007e-05,2.2044190304595007e-05,0.0,0.0027636050918683217,0.0032396894570905495,0.00014250937701728341,0.00016124680090637505,0.0,-0.002787981675016025,-0.002687354920804177,-0.00041783093753166624,-0.00040401871314899653,0.0,-0.0011989347772091991,-0.0007734074977386363,-0.0012381152095720176,-0.0007664272498157581,0.0,0.0,0.0,2.2044190304595007e-05,2.2044190304595007e-05,0.0,0.0027636050918683217,0.0032396894570905495,0.00014250937701728341,0.00016124680090637505,0.0,0.0,2.2044190304594763e-05
2025-02-11,0.0,0.0,-0.001065293949212648,-0.0010582696130932508,0.0,0.0005136230816360323,0.0008902024867390452,-0.000935538910092037,-0.0009117104074471915,0.0,0.003896676897912654,0.004028009128118482,-0.000515855470921937,-0.0004968858140617731,0.0,0.0014020117983177276,0.0016763040598433772,-0.0003059782406909723,-9.740234930994638e-05,0.0,0.0,0.0,-0.001065293949212648,-0.0010582696130932508,0.0,0.0005136230816360323,0.0008902024867390452,-0.000935538910092037,-0.0009117104074471915,0.0,0.0,-0.001065293949212648
2025-02-12,0.0,0.0,0.0016167326881655231,0.0016167326881655231,0.0,-0.0043381562627334,-0.004189105288922023,0.001562619772255295,0.0015694502545484607,0.0,0.008563542546800852,0.0086643870691943,0.0028764833167926455,0.0029197687064484042,0.0,0.004083332030099157,0.0042471027631793565,0.0039910995930786,0.0043697317585616735,0.0,0.0,0.0,0.0016167326881655231,0.0016167326881655231,0.0,-0.0043381562627334,-0.004189105288922023,0.001562619772255295,0.0015694502545484607,0.0,0.0,0.0016167326881655231
2025-02-13,0.0,0.0,-0.007871376952965326,-0.007862008963809727,0.0,-0.001618219513966794,-0.0015049391797224638,-0.008048916167934487,-0.00803721224804923,0.0,-0.00031007335344800113,-0.00020521295382412577,-0.008530358327544436,-0.008518342734541811,0.0,0.0025793596489363585,0.0027708740802028773,-0.007888008893697252,-0.007885499503341845,0.0,0.0,0.0,-0.007871376952965326,-0.007862008963809727,0.0,-0.001618219513966794,-0.0015049391797224638,-0.008048916167934487,-0.00803721224804923,0.0,0.0,-0.007871376952965324
2025-02-14,0.0,0.0,-0.011185835371651288,-0.011175586474261949,0.0,-0.00019945142723331666,-2.1215434171544846e-05,-0.011117169225014371,-0.011044884558236242,0.0,-0.00201647087638117,-0.00201647087638117,-0.01162824749973519,-0.011618442706485887,0.0,-0.002562594176954388,-0.0021807803963916936,-0.011168223185910665,-0.01115802429920991,0.0,0.0,0.0,-0.011185835371651288,-0.011175586474261949,0.0,-0.00019945142723331666,-2.1215434171544846e-05,-0.011117169225014371,-0.011044884558236242,0.0,0.0,-0.011185835371651284
2025-02-17,0.0,0.0,0.0,0.0,0.0,-7.322807790623277e-06,0.0,0.0,0.0,0.0,-6.514128175580775e-05,0.0,-3.882705082704851e-06,0.0,0.0,-0.00018729258338135148,0.0,-3.2214401210325484e-06,0.0,0.0,0.0,0.0,0.0,0.0,0.0,-7.322807790623277e-06,0.0,0.0,0.0,0.0,0.0,0.0
2025-02-18,0.0,0.0,0.0030016084968568805,0.0030016084968568805,0.0,-0.0021828662265933763,-0.000985093416464832,0.002651729106613299,0.0028214735671145837,0.0,-3.068856227928453e-05,-6.933958982310943e-06,0.003052711663604764,0.003060829386110988,0.0,-0.002591816018327368,-0.0019078451589651815,0.0029277012399061093,0.0029517630935692388,0.0,0.0,0.0,0.0030016084968568805,0.0030016084968568805,0.0,-0.0021828662265933763,-0.000985093416464832,0.002651729106613299,0.0028214735671145837,0.0,0.0,0.00300160849685688
2025-02-19,0.0,0.0,0.0036765595409454254,0.0036845290417139107,0.0,-0.0004110233443098514,-0.0004110233443098514,0.0038514269415068857,0.0038514269415068857,0.0,-0.002699401814656473,-0.002699401814656473,0.003826259844791019,0.003826259844791019,0.0,-0.001725095407766431,-0.0015250004703567,0.003883067581559107,0.003885946291893605,0.0,0.0,0.0,0.0036765595409454254,0.0036845290417139107,0.0,-0.0004110233443098514,-0.0004110233443098514,0.0038514269415068857,0.0038514269415068857,0.0,0.0,0.0036765595409454246
2025-02-20,0.0,0.0,-0.00935126499379239,-0.00935126499379239,0.0,0.0012250287452878466,0.0018703602519082822,-0.009452820953748666,-0.00938607920252726,0.0,-0.002101539201062811,-0.001932409933436559,-0.009545263873211246,-0.009545263873211246,0.0,-0.00016900546682225935,9.374711574087471e-05,-0.009836339418644391,-0.009828360918195464,0.0,0.0,0.0,-0.00935126499379239,-0.00935126499379239,0.0,0.0012250287452878466,0.0018703602519082822,-0.009452820953748666,-0.00938607920252726,0.0,0.0,-0.00935126499379239
2025-02-21,0.0,0.0,0.00047942743560118,0.0004825477593691581,0.0,-0.003000046004985612,-0.002277846110838398,0.0002846114783567902,0.0003528282499179372,0.0,-0.0008041648537737258,-0.0008041648537737258,0.00040041868449842576,0.00040041868449842576,0.0,-0.001100522429182372,-0.00027371753277118045,0.00038584522888777506,0.0004295210264377789,0.0,0.0,0.0,0.00047942743560118,0.0004825477593691581,0.0,-0.003000046004985612,-0.002277846110838398,0.0002846114783567902,0.0003528282499179372,0.0,0.0,0.0004794274356011798
2025-02-24,0.0,0.0,0.00020947137992434142,0.00021189934884744245,0.0,-0.0005949939981694628,-0.00044685988618967093,0.00016194732070648604,0.00017422271494817453,0.0,0.0004016221135725098,0.0016066739426303994,0.0001554778616942793,0.00020547006984831154,0.0,-0.0017834645733113786,-0.0009130003817617127,0.00015364278665717717,0.0002048226982820235,0.0,0.0,0.0,0.00020947137992434142,0.00021189934884744245,0.0,-0.0005949939981694628,-0.00044685988618967093,0.00016194732070648604,0.00017422271494817453,0.0,0.0,-0.0003781677058448685
2025-02-25,0.0,0.0,0.00012919290400918357,0.0007262210668616818,0.0,-0.008108677236093674,-0.008001606215520566,-0.0006551823704894219,-6.397490853519072e-05,0.0,-0.00370746002846078,-0.00370746002846078,0.0005029190876629002,0.000533386086446126,0.0,-0.003955712801631942,-0.003952892861198929,0.0003016004080107982,0.00034981230944739513,0.0,0.0,0.0,0.00012919290400918357,0.0007262210668616818,0.0,-0.008108677236093674,-0.008001606215520566,-0.0006551823704894219,-6.397490853519072e-05,0.0,0.0,-0.0007618721349700518
2025-02-26,0.0,0.0,-0.0006399418420068469,-0.0006399418420068469,0.0,-0.0051093478951139675,-0.004935421591029186,-0.0008175517986123529,-0.0007409468157846573,0.0,-0.006116097084494703,-0.006007198940152028,-0.0006970062184239489,-7.990275139296838e-05,0.0,-0.005738495713293606,-0.0054903011443354945,-0.0007693760738494196,-0.00015420524383190983,0.0,0.0,0.0,-0.0006399418420068469,-0.0006399418420068469,0.0,-0.0051093478951139675,-0.004935421591029186,-0.0008175517986123529,-0.0007409468157846573,0.0,0.0,-0.0006766190511385491
2025-02-27,0.0,0.0,-0.011921642780477502,-0.011921642780477502,0.0,0.0014681638341208034,0.0020706856124702248,-0.012313973929019797,-0.011886542547182391,0.0,0.000482358093142965,0.0006927766223506855,-0.012577588437204766,-0.011993031908172701,0.0,-0.0001586160488109262,0.0005720927332055047,-0.012410127110236287,-0.01205575942912811,0.0,0.0,0.0,-0.011921642780477502,-0.011921642780477502,0.0,0.0014681638341208034,0.0020706856124702248,-0.012313973929019797,-0.011886542547182391,0.0,0.0,-0.01172331560179284
2025-02-28,0.0,0.0,-0.004581403839833062,-0.004581403839833062,0.0,0.00631863615562051,0.0064005253700859435,0.010180907956780429,0.010602124726222559,0.0,-0.0015662818109671206,-0.0015548163839660448,0.003312641776589312,0.0038891745751291366,0.0,0.006215422320777093,0.00649216191520478,-0.0009227134697135976,-0.0006341071751397858,0.0,0.0,0.0,-0.004581403839833062,-0.004581403839833062,0.0,0.00631863615562051,0.0064005253700859435,0.010180907956780429,0.010602124726222559,0.0,0.0,-0.004518471326060222
2025-03-03,0.0,0.0,0.010688646002650175,0.010694727527899314,0.0,0.002310710985436962,0.0025115295327558197,0.010716017053781945,0.010967875570603459,0.0,-0.0038815439099281635,-0.003859099645547965,0.009939688749341839,0.00996044690876656,0.0,-0.002071995751068586,-0.0015337807556378008,0.010361507273395562,0.010405410172103235,0.0,0.0,0.0,0.010688646002650175,0.010694727527899314,0.0,0.002310710985436962,0.0025115295327558197,0.010716017053781945,0.010967875570603459,0.0,0.0,0.010459256064028243
2025-03-04,0.0,0.0,-0.0005141896953520812,-0.0005141896953520812,0.0,0.0068749307750037925,0.006974066226554338,0.004633443884408471,0.005014633567721427,0.0,-0.004856856462885937,-0.004669663336545322,-0.0007912302475037572,-0.0007680261809068499,0.0,0.009609261018957415,0.010315971622381785,0.00048479662287660973,0.0005508313239115024,0.0,0.0,0.0,-0.0005141896953520812,-0.0005141896953520812,0.0,0.0068749307750037925,0.006974066226554338,0.004633443884408471,0.005014633567721427,0.0,0.0,-0.00047999359091228515
2025-03-05,0.0,0.0,0.019034962985306145,0.019074761916746733,0.0,0.004856795644471287,0.005330555721263848,0.019144933517378736,0.01918320192471931,0.0,0.008484757058185374,0.008535757089994354,0.019138228673896043,0.019179741365522612,0.0,0.0029642443088060827,0.0032680089164402754,0.019116597135060736,0.019219424105984373,0.0,0.0,0.0,0.019034962985306145,0.019074761916746733,0.0,0.004856795644471287,0.005330555721263848,0.019144933517378736,0.01918320192471931,0.0,0.0,0.018747266121728005
2025-03-06,0.0,0.0,0.008435900442741307,0.008435900442741307,0.0,-0.0055546996066822615,-0.005264012993954058,0.007947124268513928,0.007956244336268951,0.0,0.009119635691179115,0.009133596350842897,0.00915275391500629,0.009191075013063573,0.0,0.002863589779951162,0.0029472153978206766,0.009054488826740143,0.009132494564702064,0.0,0.0,0.0,0.008435900442741307,0.008435900442741307,0.0,-0.0055546996066822615,-0.005264012993954058,0.007947124268513928,0.007956244336268951,0.0,0.0,0.008445933389152796
2025-03-07,0.0,0.0,0.0006263847496198819,0.0006263847496198819,0.0,0.014043498941047937,0.014721960285203145,0.0014659653344136349,0.0016286677813819846,0.0,-0.0020358524467605273,-0.0020201537127799212,0.0007097817196570076,0.000728466947118288,0.0,0.004203584515394437,0.004416535745318931,0.00116948580710832,0.0012239223577161537,0.0,0.0,0.0,0.0006263847496198819,0.0006263847496198819,0.0,0.014043498941047937,0.014721960285203145,0.0014659653344136349,0.0016286677813819846,0.0,0.0,0.0005730366909959022
2025-03-10,0.0,0.0,-0.0022482129321169083,-0.0016904500000601318,0.0,-0.005288618828030161,-0.005135847164829265,-0.003554684448484087,-0.002977363004459932,0.0,-0.0009734171976274006,-0.0009243326426652777,-0.002096746850507306,-0.001558175845683814,0.0,-0.004995428744991716,-0.004676411097592696,-0.0032466960476539024,-0.0026871091393773287,0.0,0.0,0.0,-0.0022482129321169083,-0.0016904500000601318,0.0,-0.005288618828030161,-0.005135847164829265,-0.003554684448484087,-0.002977363004459932,0.0,0.0,-0.0016240168213480025
2025-03-11,0.0,0.0,-0.0021748961578937514,-0.0021748961578937514,0.0,0.006392520817088491,0.007371538579939535,-0.002058465814683924,-0.0020403357644505162,0.0,-0.0020485952112753057,-0.0020485952112753057,-0.002567772159794681,-0.002567772159794681,0.0,0.003090465395353931,0.0032363020047905906,-0.0015456544250128448,-0.0015127344816841036,0.0,0.0,0.0,-0.0021748961578937514,-0.0021748961578937514,0.0,0.006392520817088491,0.007371538579939535,-0.002058465814683924,-0.0020403357644505162,0.0,0.0,0.0020763553755832518
2025-03-12,0.0,0.0,-0.000903655746040865,-0.000903655746040865,0.0,-0.0014875494729507566,-0.00032344298133113014,-0.0015820419667397102,-0.0009642265103492556,0.0,-0.0015488572827274832,-0.001456063760321724,-0.0017219126646832662,-0.0011557466285149196,0.0,-0.005352521966639582,-0.004887521314141698,-0.002294790654733632,-0.0017020901524531398,0.0,0.0,0.0,-0.000903655746040865,-0.000903655746040865,0.0,-0.0014875494729507566,-0.00032344298133113014,-0.0015820419667397102,-0.0009642265103492556,0.0,0.0,0.0008636961267334608
2025-03-13,0.0,0.0,0.003661763988126227,0.003661763988126227,0.0,0.0035366636283576426,0.003545478417686392,0.003814832316149562,0.004367625523640802,0.0,0.0006023261353824748,0.0006023261353824748,-0.004353166342232753,-0.003772593194923151,0.0,0.002903276238119683,0.0030425463688441194,-0.004116585847876985,-0.003543699780586076,0.0,0.0,0.0,0.003661763988126227,0.003661763988126227,0.0,0.0035366636283576426,0.003545478417686392,0.003814832316149562,0.004367625523640802,0.0,0.0,-0.003640220247887869
2025-03-14,0.0,0.0,-0.0009778688509229413,-0.0009778688509229413,0.0,-0.0037504422768149205,-0.0037504422768149205,-0.0015444365089329793,-0.0013623901473808413,0.0,0.004113740406271087,0.004113740406271087,-0.001462091411494843,-0.0008720044156172409,0.0,-0.004487867192608073,-0.00446726803259228,-0.002257989020883552,-0.001650962292734356,0.0,0.0,0.0,-0.0009778688509229413,-0.0009778688509229413,0.0,-0.0037504422768149205,-0.0037504422768149205,-0.0015444365089329793,-0.0013623901473808413,0.0,0.0,0.0008718450554370706
2025-03-17,0.0,0.0,-0.008538460675674221,-0.008538460675674221,0.0,-0.000906244043517913,-0.000841522295785842,-0.009220296619262687,-0.009017194545775018,0.0,0.0020904077184411103,0.0020904077184411103,0.008727561805133583,0.00931657215720827,0.0,-0.003013167531534817,-0.0026853483889220323,0.007769515925164112,0.008365385652471425,0.0,0.0,0.0,-0.008538460675674221,-0.008538460675674221,0.0,-0.000906244043517913,-0.000841522295785842,-0.009220296619262687,-0.009017194545775018,0.0,0.0,0.008950579899889923
2025-03-18,0.0,0.0,0.0007846973728756728,0.0007898924631347125,0.0,-0.0006864744785623359,-0.0005464836466657428,0.0007314096062262945,0.0007448376311482519,0.0,-0.0012519498918385967,-0.0012519498918385967,0.0005716172389134023,0.0006351507172510549,0.0,0.0011645485683766303,0.0012144755399993445,0.0009620937096963615,0.0010366158706307024,0.0,0.0,0.0,0.0007846973728756728,0.0007898924631347125,0.0,-0.0006864744785623359,-0.0005464836466657428,0.0007314096062262945,0.0007448376311482519,0.0,0.0,-0.0007920914000275721
2025-03-19,0.0,0.0,0.004416002222125312,0.004421287089577147,0.0,0.0001161012065226735,0.0013197430851469697,0.004642004266108487,0.004731904901873486,0.0,-0.002223108288546938,-0.0021305742534721826,0.00462026958968746,0.004636900692299199,0.0,-0.0005539332995365792,0.00033711795868351566,0.004556846301795669,0.004633446771058031,0.0,0.0,0.0,0.004416002222125312,0.004421287089577147,0.0,0.0001161012065226735,0.0013197430851469697,0.004642004266108487,0.004731904901873486,0.0,0.0,-0.004576052631704976
2025-03-20,0.0,0.0,0.0010476125190992144,0.0010524501083742663,0.0,-0.004187576548375959,-0.004187576548375959,0.0006801769596185162,0.0006801769596185162,0.0,-0.001744849382509331,-0.001744849382509331,0.0010896909915067946,0.0010896909915067946,0.0,-0.0002559569247178978,-4.3303609028806785e-05,0.001133133955647107,0.001133133955647107,0.0,0.0,0.0,0.0010476125190992144,0.0010524501083742663,0.0,-0.004187576548375959,-0.004187576548375959,0.0006801769596185162,0.0006801769596185162,0.0,0.0,-0.0017669951862114164
2025-03-21,0.0,0.0,0.003754710452379553,0.00375748750534596,0.0,-0.00429462692811008,-0.00429462692811008,0.003429355436663672,0.003429355436663672,0.0,0.004307920692734022,0.004307920692734022,0.004266127155700984,0.004266127155700984,0.0,0.0024524938236792217,0.0026614970887274604,0.004034430816799573,0.004049934528288598,0.0,0.0,0.0,0.003754710452379553,0.00375748750534596,0.0,-0.00429462692811008,-0.00429462692811008,0.003429355436663672,0.003429355436663672,0.0,0.0,0.003946399396802418
2025-03-24,0.0,0.0,0.00010615741818353819,0.00010870320734887381,0.0,0.001561230758214749,0.0015738065119207112,0.00032812201563556324,0.00034983282153707953,0.0,-0.003124947058828215,-0.002005402718268181,1.4313407208261973e-05,5.4916969623344195e-05,0.0,-0.0006569554392411199,-0.00020165807070512834,-6.566036618012557e-05,-2.6617991874668194e-05,0.0,0.0,0.0,0.00010615741818353819,0.00010870320734887381,0.0,0.001561230758214749,0.0015738065119207112,0.00032812201563556324,0.00034983282153707953,0.0,0.0,6.971970673860691e-05
2025-03-25,0.0,0.0,-0.004035813699296858,-0.004035813699296858,0.0,0.0004706198700656528,0.0013104566105762551,-0.004313881603471729,-0.004133308887796157,0.0,-0.0016568777266796765,-0.0005373895778501014,-0.004114395621750013,-0.004093141486237415,0.0,0.0002852849838177394,0.0011749881844155563,-0.004181868832708267,-0.004054338517307371,0.0,0.0,0.0,-0.004035813699296858,-0.004035813699296858,0.0,0.0004706198700656528,0.0013104566105762551,-0.004313881603471729,-0.004133308887796157,0.0,0.0,-0.004097279995897212
2025-03-26,0.0,0.0,0.0023266989135173645,0.002333140333040761,0.0,-0.004526377087613107,-0.004415788225052402,0.0012752297561549196,0.0012924467253397926,0.0,0.0029384733238392927,0.00405789843052413,0.0025369029818394892,0.002577381229228578,0.0,-0.00394923787277154,-0.003711687322503526,0.0015677064743983412,0.0016296406831464974,0.0,0.0,0.0,0.0023266989135173645,0.002333140333040761,0.0,-0.004526377087613107,-0.004415788225052402,0.0012752297561549196,0.0012924467253397926,0.0,0.0,0.0023487972099867477
2025-03-27,0.0,0.0,-0.0012503358562062355,-0.001240116578457172,0.0,0.004197678246802219,0.004221931874299559,-0.0004949746818029922,-0.0004913325938376834,0.0,0.006978288172871393,0.006978288172871393,-0.000847190708199802,-0.0008440405850378153,0.0,0.005717831675200903,0.005721234685420113,-0.00027641174265725054,-0.00027641174265725054,0.0,0.0,0.0,-0.0012503358562062355,-0.001240116578457172,0.0,0.004197678246802219,0.004221931874299559,-0.0004949746818029922,-0.0004913325938376834,0.0,0.0,-0.0012566116389739056
2025-03-28,0.0,0.0,-0.0015569911791689195,-0.0015569911791689195,0.0,0.0035904165766717324,0.0036726140397268453,-0.0007446555579749403,-0.0007182515160679089,0.0,-0.005442344349915535,-0.004327925417249342,-0.001692902131026366,-0.0016717173212421699,0.0,0.0027608233844001033,0.002910338070490991,-0.0011138413788787957,-0.0010690592365814964,0.0,0.0,0.0,-0.0015569911791689195,-0.0015569911791689195,0.0,0.0035904165766717324,0.0036726140397268453,-0.0007446555579749403,-0.0007182515160679089,0.0,0.0,-0.0022463306531608626
2025-03-31,0.0,0.0,0.007659927402725976,0.008299567697876748,0.0,0.009242406013835983,0.009336422721886235,0.009993675457457659,0.010596175542278244,0.0,-0.005237867880665918,-0.005227223248268792,0.00803844046591438,0.008689877358952158,0.0,0.008213760460915168,0.008436207069001188,0.00957840953296766,0.009683873480495165,0.0,0.0,0.0,0.007659927402725976,0.008299567697876748,0.0,0.009242406013835983,0.009336422721886235,0.009993675457457659,0.010596175542278244,0.0,0.0,-0.00871286124123733
2025-04-01,0.0,0.0,0.006026007308179415,0.006026007308179415,0.0,-0.005611288396598709,-0.005549669487071053,0.0016991806156640519,0.001784345369535836,0.0,0.003529811107447171,0.004523437293828917,0.005959659310076099,0.006139352032224935,0.0,-0.0036569327723652225,-0.003191232072641132,-0.0073630075032699,-0.0070396851859947495,0.0,0.0,0.0,0.006026007308179415,0.006026007308179415,0.0,-0.005611288396598709,-0.005549669487071053,0.0016991806156640519,0.001784345369535836,0.0,0.0,0.006198995965371289
2025-04-02,0.0,0.0,0.00481009474286563,0.00481009474286563,0.0,0.002421112804688845,0.002440580629184823,0.005338016288799257,0.005420301683672547,0.0,0.0020125814582807704,0.0020264471500841897,0.004834493855911497,0.004866133358508525,0.0,0.001950805860794592,0.002043405285435254,0.0008882245040015542,0.0009517286240766998,0.0,0.0,0.0,0.00481009474286563,0.00481009474286563,0.0,0.002421112804688845,0.002440580629184823,0.005338016288799257,0.005420301683672547,0.0,0.0,0.004897169543114715
2025-04-03,0.0,0.0,0.026468351552633138,0.02652912836050099,0.0,0.006785578598174763,0.00682972008240122,0.027096155623908526,0.0272901472435832,0.0,-0.012585415720134656,-0.011777368717212739,0.022831158359339267,0.023369413654321654,0.0,-0.006226134515867857,-0.005722393734411185,-0.012243545431268767,-0.011743002879795829,0.0,0.0,0.0,0.026468351552633138,0.02652912836050099,0.0,0.006785578598174763,0.00682972008240122,0.027096155623908526,0.0272901472435832,0.0,0.0,0.026406364009676886
2025-04-04,0.0,0.0,-0.0249321028297678,-0.02486192426010472,0.0,0.04230641883490754,0.0427230377706248,-0.02088784207532918,-0.020836673407090722,0.0,-0.0068086088454860135,-0.006437081484849143,0.023207405073744632,0.023699585866494163,0.0,0.045348242266503164,0.0459313499743335,0.027313888081685802,0.027807102367049075,0.0,0.0,0.0,-0.0249321028297678,-0.02486192426010472,0.0,0.04230641883490754,0.0427230377706248,-0.02088784207532918,-0.020836673407090722,0.0,0.0,-0.025310615846784464
2025-04-07,0.0,0.0,-0.01307011295898976,-0.013054077069591996,0.0,-0.012202565674862309,-0.012024758069644488,-0.01280301546538511,-0.012784383124702921,0.0,0.011578586996184049,0.011608554684255196,-0.012690981904050226,-0.012302718937814823,0.0,-0.009756194204639254,-0.008738530468969965,-0.013694673757443793,-0.013232518344660424,0.0,0.0,0.0,-0.01307011295898976,-0.013054077069591996,0.0,-0.012202565674862309,-0.012024758069644488,-0.01280301546538511,-0.012784383124702921,0.0,0.0,-0.013012103723395672
2025-04-08,0.0,0.0,0.004368664581802663,0.004368664581802663,0.0,-0.0008343798980130078,-0.0006189079077364313,0.00413344713747931,0.004178089729643269,0.0,0.0025255302197471265,0.0025255302197471265,0.0011053684311880959,0.0016074790661471734,0.0,0.0006763825107549163,0.0016746825872489511,-0.004162331943880707,-0.004116151429719238,0.0,0.0,0.0,0.004368664581802663,0.004368664581802663,0.0,-0.0008343798980130078,-0.0006189079077364313,0.00413344713747931,0.004178089729643269,0.0,0.0,0.004366106995353685
2025-04-09,0.0,0.0,0.005801318446466283,0.005812683159774985,0.0,-0.0027263893682368,-0.0024153027698299028,0.005279147403520767,0.005304352259938102,0.0,-0.005746471769724861,-0.0053081600208395785,-0.006070471855199986,-0.0060147455420476855,0.0,0.006314025125482963,0.007151622259470142,-0.005603671615331505,-0.005578675697946454,0.0,0.0,0.0,0.005801318446466283,0.005812683159774985,0.0,-0.0027263893682368,-0.0024153027698299028,0.005279147403520767,0.005304352259938102,0.0,0.0,0.005802119806924784
2025-04-10,0.0,0.0,0.01694617747823944,0.017388705172168537,0.0,0.0004924152312234884,0.001253082129099161,0.016808846303410473,0.017487017567672108,0.0,0.008059350865797413,0.008558982713718879,-0.01739654134446171,-0.017359863536440864,0.0,-0.002277195972666282,-0.0016799012713332004,-0.01740204972432862,-0.017378228132446084,0.0,0.0,0.0,0.01694617747823944,0.017388705172168537,0.0,0.0004924152312234884,0.001253082129099161,0.016808846303410473,0.017487017567672108,0.0,0.0,0.017366338921717937
2025-04-11,0.0,0.0,-0.010353058610263598,-0.00993694756402011,0.0,-0.00911463503006752,-0.008871637388470955,-0.007285495572848896,-0.007020107540258235,0.0,-0.005458641013993544,-0.0054033777697846935,-0.010195149790843197,-0.010105176055184887,0.0,-0.010990457611722746,-0.010824977348885333,-0.010554675502961531,-0.01050091176612971,0.0,0.0,0.0,-0.010353058610263598,-0.00993694756402011,0.0,-0.00911463503006752,-0.008871637388470955,-0.007285495572848896,-0.007020107540258235,0.0,0.0,0.010210358505800292
2025-04-14,0.0,0.0,0.004566127640927854,0.004978483471105052,0.0,0.004401384770980791,0.004887653244498656,0.006644128174050154,0.007159558162606467,0.0,-0.005600367509859639,-0.005600367509859639,-0.005349424712730473,-0.004977958874056013,0.0,-0.0024820974630420027,-0.0023344185928511566,-0.004873143055816174,-0.004680035359137062,0.0,0.0,0.0,0.004566127640927854,0.004978483471105052,0.0,0.004401384770980791,0.004887653244498656,0.006644128174050154,0.007159558162606467,0.0,0.0,0.005156730393505723
2025-04-15,0.0,0.0,0.002427420831461108,0.002427420831461108,0.0,0.00018339777484887025,0.0005306972828871262,0.0023666414126780793,0.0024255008390866796,0.0,-0.004551090786684847,-0.0045449395235245,-0.0044701125964282246,-0.00422401414246322,0.0,0.0082794783698753,0.00835763223799277,0.0068111730247411946,0.006915720448378815,0.0,0.0,0.0,0.002427420831461108,0.002427420831461108,0.0,0.00018339777484887025,0.0005306972828871262,0.0023666414126780793,0.0024255008390866796,0.0,0.0,-0.0023900396904743323
2025-04-16,0.0,0.0,-0.005636422961622032,-0.005636422961622032,0.0,0.006396504769308303,0.006470288033498436,-0.0053359176903909206,-0.00532822648981648,0.0,0.0015974857187095644,0.0015974857187095644,0.0012029166396982079,0.0012715657530800726,0.0,-0.006005132538738268,-0.0059341901487246435,-0.00655823804942492,-0.006525371645819197,0.0,0.0,0.0,-0.005636422961622032,-0.005636422961622032,0.0,0.006396504769308303,0.006470288033498436,-0.0053359176903909206,-0.00532822648981648,0.0,0.0,0.005311837921240116
2025-04-17,0.0,0.0,-0.0012712777607427395,-0.0012712777607427395,0.0,0.0013187104302728966,0.0014397067013644212,-0.0013274256522710776,-0.001314833095422875,0.0,0.002244271782562298,0.002244271782562298,0.0013276229775588501,0.001702050054745242,0.0,0.002101343424990172,0.0021757927650269343,-0.00010222988674924754,-7.999326954140725e-05,0.0,0.0,0.0,-0.0012712777607427395,-0.0012712777607427395,0.0,0.0013187104302728966,0.0014397067013644212,-0.0013274256522710776,-0.001314833095422875,0.0,0.0,-0.0013566119094694192
2025-04-18,0.0,0.0,-0.0007833921215964466,-0.0007772620224148343,0.0,0.00418822922125163,0.004782287074695892,-0.00030124049928461445,-0.00025233073305920616,0.0,-0.002199385605712343,-0.002199385605712343,-0.0011481624699793875,-0.0010566610338038835,0.0,-0.005150436136343509,-0.005064908127983229,-0.0026205262531338517,-0.002538453082949806,0.0,0.0,0.0,-0.0007833921215964466,-0.0007772620224148343,0.0,0.00418822922125163,0.004782287074695892,-0.00030124049928461445,-0.00025233073305920616,0.0,0.0,-0.0007548972077812842
2025-04-21,0.0,0.0,-0.008707926117962953,-0.00870424535283917,0.0,0.0010769611580426154,0.001625554678575017,-0.008741859769057414,-0.008681469868404772,0.0,-0.003799762489616761,-0.002996310049996548,-0.009044996414122455,-0.008885172977406824,0.0,-0.0076694889965250165,-0.006968989999393493,-0.009428410153415669,-0.009324630254311048,0.0,0.0,0.0,-0.008707926117962953,-0.00870424535283917,0.0,0.0010769611580426154,0.001625554678575017,-0.008741859769057414,-0.008681469868404772,0.0,0.0,-0.00896335150670054
2025-04-22,0.0,0.0,0.0011098011532790913,0.0011167276989098734,0.0,-0.0003366495602224658,-1.600199754593157e-05,0.0011100344412278724,0.0011539013579095437,0.0,0.000397254952145836,0.001244813733313759,0.0011203573748447514,0.0012696475646806012,0.0,0.0023846598601655377,0.0028223413691868203,0.0013935926311992033,0.0014548808095130308,0.0,0.0,0.0,0.0011098011532790913,0.0011167276989098734,0.0,-0.0003366495602224658,-1.600199754593157e-05,0.0011100344412278724,0.0011539013579095437,0.0,0.0,-0.0014969054143182396
2025-04-23,0.0,0.0,0.011103826745255323,0.011108715561269923,0.0,-0.004758498808775859,-0.0043359099219123865,0.010664380551513815,0.01070888430193721,0.0,0.0013749079874545848,0.0014821624970324963,0.01099425096193568,0.011004366787626646,0.0,0.012415116800346966,0.01256593266195434,0.012145393360387056,0.01215921655110524,0.0,0.0,0.0,0.011103826745255323,0.011108715561269923,0.0,-0.004758498808775859,-0.0043359099219123865,0.010664380551513815,0.01070888430193721,0.0,0.0,0.011026430194135094
2025-04-24,0.0,0.0,-0.002035971861282699,-0.0020347960661945405,0.0,0.00226295029957117,0.0023313179163508817,-0.001461018189379202,-0.0014521328430636099,0.0,-0.003133910946725025,-0.002608119985943341,-0.0020099847593876927,-0.0020099847593876927,0.0,-5.7968145767128034e-05,0.0002245673092386222,-0.0021019038826829125,-0.002065849015350996,0.0,0.0,0.0,-0.002035971861282699,-0.0020347960661945405,0.0,0.00226295029957117,0.0023313179163508817,-0.001461018189379202,-0.0014521328430636099,0.0,0.0,-0.0020279770395763954
2025-04-25,0.0,0.0,0.0007793071356479942,0.0007793071356479942,0.0,0.0005839840831725733,0.0005839840831725733,0.0009389716241638627,0.0009522570529011296,0.0,-0.0005402215439673516,-0.0005402215439673516,0.0007046989391490982,0.0007046989391490982,0.0,0.001443193173526436,0.0015947683803777526,0.000907019167420567,0.000921686253549636,0.0,0.0,0.0,0.0007793071356479942,0.0007793071356479942,0.0,0.0005839840831725733,0.0005839840831725733,0.0009389716241638627,0.0009522570529011296,0.0,0.0,0.0007892033640327221
2025-04-28,0.0,0.0,-0.003130598742248537,-0.003130598742248537,0.0,-0.0017593148189298151,-0.0016952626846507505,-0.003200453025867269,-0.003180622596669095,0.0,0.005241163158419833,0.005669867063698827,-0.0034418960459036037,-0.003036460251727129,0.0,-0.0038376100733642786,-0.0033934276854787363,-0.003667621607213316,-0.003417477689974339,0.0,0.0,0.0,-0.003130598742248537,-0.003130598742248537,0.0,-0.0017593148189298151,-0.0016952626846507505,-0.003200453025867269,-0.003180622596669095,0.0,0.0,-0.003177322818112223
2025-04-29,0.0,0.0,-0.00017507180151792907,-0.00017507180151792907,0.0,-0.00290418243065495,-0.002499463607661543,-0.0007624771160667153,-0.0006786318918479808,0.0,1.8983306989960746e-06,1.8983306989960746e-06,-0.0003499702767095783,-8.36581004685442e-05,0.0,-0.0015732411645840829,-0.001455951054473377,-0.0008330819354293615,-0.0006703976080730117,0.0,0.0,0.0,-0.00017507180151792907,-0.00017507180151792907,0.0,-0.00290418243065495,-0.002499463607661543,-0.0007624771160667153,-0.0006786318918479808,0.0,0.0,-0.00016638070206034206
2025-04-30,0.0,0.0,0.0007986954238123508,0.0012442086361588289,0.0,-0.009228609897010926,-0.008649322109359987,0.00023542137329884174,0.0006928845930027646,0.0,-0.003243165166761786,-0.003243165166761786,-0.0003932094234859441,-2.3815525142220292e-05,0.0,-0.0045369217803387235,-0.004383591019373383,-0.0004904739363280878,-0.00011782189518123778,0.0,0.0,0.0,0.0007986954238123508,0.0012442086361588289,0.0,-0.009228609897010926,-0.008649322109359987,0.00023542137329884174,0.0006928845930027646,0.0,0.0,0.0007789178440644729
2025-05-01,0.0,0.0,-0.008619046207758996,-0.00861429824120343,0.0,-0.009076401783523074,-0.009031416622447507,-0.009017415111709764,-0.009007869085388257,0.0,0.004284346018297915,0.004289198761407329,-0.005260925452181566,-0.005247000122866542,0.0,0.0027623296975299314,0.0028192834119896803,-0.005380621261120355,-0.0053642402205704995,0.0,0.0,0.0,-0.008619046207758996,-0.00861429824120343,0.0,-0.009076401783523074,-0.009031416622447507,-0.009017415111709764,-0.009007869085388257,0.0,0.0,-0.008619046207758996
2025-05-02,0.0,0.0,0.00640778876277995,0.00640778876277995,0.0,-0.0005684872189507723,0.00025273040537219984,0.005831806416442655,0.005907381281565211,0.0,-0.00713323650625625,-0.00713323650625625,0.0034879053136485337,0.0036111455151440035,0.0,-0.007535170506396658,-0.007296266034782943,0.00328013181318605,0.0033448093729805976,0.0,0.0,0.0,0.00640778876277995,0.00640778876277995,0.0,-0.0005684872189507723,0.00025273040537219984,0.005831806416442655,0.005907381281565211,0.0,0.0,0.006407788762779948
2025-05-05,0.0,0.0,0.0001811286155100312,0.0001811286155100312,0.0,-0.00047550612996084514,-0.0002301421435533474,0.0001938601378156115,0.00023286326646728022,0.0,-9.53985767547876e-05,-9.53985767547876e-05,-7.016279298684331e-05,4.052923277931148e-05,0.0,0.00019605522237856445,0.0005249042399057412,0.00022882800148960497,0.00030139421321123547,0.0,0.0,0.0,0.0001811286155100312,0.0001811286155100312,0.0,-0.00047550612996084514,-0.0002301421435533474,0.0001938601378156115,0.00023286326646728022,0.0,0.0,0.00018112861551003125
2025-05-06,0.0,0.0,0.004594922428258914,0.005047430590020072,0.0,0.0016023333323700263,0.0017649796580397827,0.004480672316147786,0.0048761320151736705,0.0,0.0014428085605834315,0.0014428085605834315,0.0037790344696090935,0.004396828501111552,0.0,0.005112878737574821,0.005325782075211368,0.005161642611333109,0.0054616878629880575,0.0,0.0,0.0,0.004594922428258914,0.005047430590020072,0.0,0.0016023333323700263,0.0017649796580397827,0.004480672316147786,0.0048761320151736705,0.0,0.0,0.005047430590020072
2025-05-07,0.0,0.0,0.0009186341471119654,0.0013818807104072036,0.0,0.002753624755710374,0.0034451921337978475,0.0027892903819376415,0.003203712604518638,0.0,-0.0014626581352150858,-0.0005978345934880689,-0.0004505663441142448,6.789180337633273e-05,0.0,-0.00022818122979419934,0.0004941184874842922,-0.0004222147113215781,5.522188469915407e-05,0.0,0.0,0.0,0.0009186341471119654,0.0013818807104072036,0.0,0.002753624755710374,0.0034451921337978475,0.0027892903819376415,0.003203712604518638,0.0,0.0,-0.0013433341340732454
2025-05-08,0.0,0.0,-0.010944759992519702,-0.010486022932418017,0.0,0.0005842960889583405,0.000714174407163445,-0.010415839635966385,-0.009967277532259096,0.0,-0.00794973656930995,-0.007931980382483196,0.00909770067391793,0.009100280650319746,0.0,-0.0020985584813490023,-0.0019938874959782938,0.008736600380614166,0.008784988858121826,0.0,0.0,0.0,-0.010944759992519702,-0.010486022932418017,0.0,0.0005842960889583405,0.000714174407163445,-0.010415839635966385,-0.009967277532259096,0.0,0.0,-0.010479515387705538
2025-05-09,0.0,0.0,-0.0011272653516024888,-0.0011272653516024888,0.0,-0.001393063064466617,-0.001077449312854656,-0.0013033989629936688,-0.0011763138606575975,0.0,-0.001442568380909341,-0.001442568380909341,-0.0013516582402762012,-0.0013504262709754314,0.0,-0.0017974345800269547,-0.001463177666575882,-0.0014876505268232839,-0.0014379188492412483,0.0,0.0,0.0,-0.0011272653516024888,-0.0011272653516024888,0.0,-0.001393063064466617,-0.001077449312854656,-0.0013033989629936688,-0.0011763138606575975,0.0,0.0,-0.0011272653516024886
2025-05-12,0.0,0.0,0.012361218442027986,0.012367361089694771,0.0,0.010737019012473922,0.01093907091821021,0.014051035661975955,0.014142391618308837,0.0,-0.004908939751337985,-0.004055878532178873,0.01203254976233632,0.012098074885448593,0.0,0.009470943191675367,0.009770170206176756,0.013195749124375294,0.013312633519528522,0.0,0.0,0.0,0.012361218442027986,0.012367361089694771,0.0,0.010737019012473922,0.01093907091821021,0.014051035661975955,0.014142391618308837,0.0,0.0,0.012361218442027986
2025-05-13,0.0,0.0,-0.006750293651307226,-0.006750293651307226,0.0,0.00712931284610142,0.007139627345605597,-0.0025333085867072546,-0.002526929147001036,0.0,-0.0010243225382952268,-0.0010243225382952268,-0.0066781165082702995,-0.006662613110478582,0.0,0.006003777390302682,0.006026352012957337,-0.003919613894056353,-0.003906250354345183,0.0,0.0,0.0,-0.006750293651307226,-0.006750293651307226,0.0,0.00712931284610142,0.007139627345605597,-0.0025333085867072546,-0.002526929147001036,0.0,0.0,-0.006750293651307227
2025-05-14,0.0,0.0,-0.0009755733653165957,-0.0009755733653165957,0.0,-0.005399436897086796,-0.005384662045607509,-0.0028336010413870104,-0.0027967554165522377,0.0,-2.782389664095805e-05,0.0008090405786527121,-0.0008840619586540381,-0.0008660936186551259,0.0,-0.005465903865400361,-0.0053276169843739975,-0.0023509939210608365,-0.002307425634813853,0.0,0.0,0.0,-0.0009755733653165957,-0.0009755733653165957,0.0,-0.005399436897086796,-0.005384662045607509,-0.0028336010413870104,-0.0027967554165522377,0.0,0.0,-0.0009755733653165957
2025-05-15,0.0,0.0,0.0014919670094351016,0.0014919670094351016,0.0,-0.006592150187418704,-0.006348059081801293,-0.0020972873204030923,-0.001943659541482439,0.0,-0.0014965154525275843,-0.0008064805676534874,0.0016069381253729714,0.0016106010536848714,0.0,-0.004726936928865323,-0.004455343319467133,0.0004130566687515762,0.00046433216181404727,0.0,0.0,0.0,0.0014919670094351016,0.0014919670094351016,0.0,-0.006592150187418704,-0.006348059081801293,-0.0020972873204030923,-0.001943659541482439,0.0,0.0,0.0014919670094351019
2025-05-16,0.0,0.0,0.0023833450970184218,0.00238878541676295,0.0,0.0033176791472381453,0.003452069835143249,0.003581704167839368,0.0037398960676301124,0.0,0.0006958398281408727,0.0007804361969283064,0.0025364638135433725,0.0025427300012228764,0.0,0.003960270935615877,0.004048745340544193,0.0030082954564348164,0.003013713644113974,0.0,0.0,0.0,0.0023833450970184218,0.00238878541676295,0.0,0.0033176791472381453,0.003452069835143249,0.003581704167839368,0.0037398960676301124,0.0,0.0,0.0023833450970184218
2025-05-19,0.0,0.0,-0.007943891530159295,-0.007943891530159295,0.0,-0.003953936351497957,-0.0038908866098493716,-0.0052600226355795,-0.005164263285176381,0.0,0.0009400302738732298,0.001203097543665416,-0.008145794033373916,-0.008112223012182352,0.0,-0.004092363974144048,-0.00393130987205932,-0.008289175947962414,-0.00825672021596583,0.0,0.0,0.0,-0.007943891530159295,-0.007943891530159295,0.0,-0.003953936351497957,-0.0038908866098493716,-0.0052600226355795,-0.005164263285176381,0.0,0.0,-0.007943891530159295
2025-05-20,0.0,0.0,-0.00019891407865469817,-0.00019891407865469817,0.0,-0.007045766946166399,-0.006975563151196261,-0.007790586548504188,-0.007679763026453808,0.0,-0.0014524011637997518,-0.001413867813057792,-0.00045637114557118896,-0.0004266667903265383,0.0,-0.007031799464432596,-0.006791532969268628,-0.0018559775406432096,-0.001798684031445275,0.0,0.0,0.0,-0.00019891407865469817,-0.00019891407865469817,0.0,-0.007045766946166399,-0.006975563151196261,-0.007790586548504188,-0.007679763026453808,0.0,0.0,-0.00019891407865469817
2025-05-21,0.0,0.0,-0.009769474142023983,-0.009769474142023983,0.0,-0.005308844368517544,-0.005144117540095849,-0.0076737652257977,-0.007429624267165001,0.0,0.00541654317430425,0.005426529464504028,-0.009954257769924,-0.00993314246093321,0.0,0.0014019337388340917,0.001488443241983291,-0.009618301375992282,-0.009596690614197977,0.0,0.0,0.0,-0.009769474142023983,-0.009769474142023983,0.0,-0.005308844368517544,-0.005144117540095849,-0.0076737652257977,-0.007429624267165001,0.0,0.0,-0.009769474142023983
2025-05-22,0.0,0.0,0.005023902676938754,0.005025611823420047,0.0,-0.0016601250089082339,-0.0015658292233073955,0.004305624446561175,0.004337721270418789,0.0,-0.0008196129814770242,-0.0008144281949846434,0.005221794613162575,0.005232166825820993,0.0,-0.002071465796157759,-0.0020353132587116783,0.005011804078112337,0.005034593606151519,0.0,0.0,0.0,0.005023902676938754,0.005025611823420047,0.0,-0.0016601250089082339,-0.0015658292233073955,0.004305624446561175,0.004337721270418789,0.0,0.0,0.005023902676938754
2025-05-23,0.0,0.0,-0.009097635835492097,-0.009097635835492097,0.0,-0.001324278198077044,-0.0012122982494702011,-0.008556328974419266,-0.008537689905274964,0.0,0.007438640537038638,0.007438640537038638,-0.008898974831046378,-0.008898974831046378,0.0,0.004943771661569881,0.005024716674749864,-0.008312607026017561,-0.008308281158286699,0.0,0.0,0.0,-0.009097635835492097,-0.009097635835492097,0.0,-0.001324278198077044,-0.0012122982494702011,-0.008556328974419266,-0.008537689905274964,0.0,0.0,-0.009097635835492097
2025-05-26,0.0,0.0,0.0,0.0,0.0,-0.00030741204779805107,0.0,-7.464309274916414e-05,0.0,0.0,-0.00033415595893066273,0.0,-7.361872678452605e-05,0.0,0.0,-0.00021496901763039074,0.0,-5.959635975958587e-05,0.0,0.0,0.0,0.0,0.0,0.0,0.0,-0.00030741204779805107,0.0,-7.464309274916414e-05,0.0,0.0,0.0,0.0
2025-05-27,0.0,0.0,0.004883835595961201,0.004883835595961201,0.0,0.000759968915460434,0.0010611142609826874,0.004699025436951907,0.004728771486218216,0.0,-0.005292956676383852,-0.0052866725921053535,0.0037786996135756703,0.0037786996135756703,0.0,-0.004890653898390789,-0.004836338526708076,0.003526348844741346,0.0035317634653706117,0.0,0.0,0.0,0.004883835595961201,0.004883835595961201,0.0,0.000759968915460434,0.0010611142609826874,0.004699025436951907,0.004728771486218216,0.0,0.0,0.004883835595961201
2025-05-28,0.0,0.0,0.002945948610748676,0.002945948610748676,0.0,0.004497701801566062,0.004580631849802524,0.0032115393170426975,0.0032157891226347406,0.0,0.002987515493040849,0.003283300623904396,0.0031708320584490127,0.0032428483783878896,0.0,0.0036967537936141116,0.003913578128179561,0.003246379910255865,0.003313909906088997,0.0,0.0,0.0,0.002945948610748676,0.002945948610748676,0.0,0.004497701801566062,0.004580631849802524,0.0032115393170426975,0.0032157891226347406,0.0,0.0,0.002945948610748676
2025-05-29,0.0,0.0,-0.004700456484438669,-0.004700456484438669,0.0,-0.007063931368028643,-0.0063526745009477035,-0.005129265745006054,-0.005036733423210197,0.0,-0.0019067128169391028,-0.001885253686009751,-0.005019269108170693,-0.004605298400891498,0.0,-0.0035580216613605754,-0.003134500282382183,-0.005162994001100914,-0.004802758907996194,0.0,0.0,0.0,-0.004700456484438669,-0.004700456484438669,0.0,-0.007063931368028643,-0.0063526745009477035,-0.005129265745006054,-0.005036733423210197,0.0,0.0,-0.004700456484438669
2025-05-30,0.0,0.0,0.0006803806770163616,0.000684837076280881,0.0,-0.0023782864377989224,-0.0023193696159576355,0.0004616993704771567,0.0004724204987184864,0.0,0.0017028940724881656,0.0017028940724881656,-0.00010984236812466848,-4.1321313496710775e-05,0.0,-0.001567404276561767,-0.0015204407589541917,-0.0019083147925158213,-0.0017226067351153737,0.0,0.0,0.0,0.0006803806770163616,0.000684837076280881,0.0,-0.0023782864377989224,-0.0023193696159576355,0.0004616993704771567,0.0004724204987184864,0.0,0.0,0.0006803806770163616
2025-06-02,0.0,0.0,-0.007892771997534688,-0.007892771997534688,0.0,-0.0018070688218962505,-0.0006235988174354318,-0.008496328199187261,-0.008351826763164231,0.0,0.0026609334067694544,0.003313071233928971,0.007967372132750256,0.008084817652102429,0.0,-0.001485130205172646,-0.0007578658319871956,0.00803467804439647,0.008153048387877448,0.0,0.0,0.0,-0.007892771997534688,-0.007892771997534688,0.0,-0.0018070688218962505,-0.0006235988174354318,-0.008496328199187261,-0.008351826763164231,0.0,0.0,-0.007892771997534688
2025-06-03,0.0,0.0,0.005372904690064749,0.005372904690064749,0.0,-0.0016937149859089283,-0.0016937149859089283,0.005244699133775083,0.005312655225644756,0.0,0.005059839723015733,0.005139427786316875,-0.003425371431299837,-0.0033975068023559597,0.0,0.0037014467332178954,0.0037752411377719296,-0.004394532608542883,-0.004385437592214211,0.0,0.0,0.0,0.005372904690064749,0.005372904690064749,0.0,-0.0016937149859089283,-0.0016937149859089283,0.005244699133775083,0.005312655225644756,0.0,0.0,0.005372904690064749
2025-06-04,0.0,0.0,-0.005549291852985001,-0.005549291852985001,0.0,0.0024696643891673237,0.002505799108620089,-0.005100313097100315,-0.005076451681270085,0.0,-0.002306804396524615,-0.002306804396524615,0.0034205392637414933,0.0034698947192549224,0.0,-0.00071512656026432,-0.0006962888941122379,0.004842594466190514,0.004860409555885069,0.0,0.0,0.0,-0.005549291852985001,-0.005549291852985001,0.0,0.0024696643891673237,0.002505799108620089,-0.005100313097100315,-0.005076451681270085,0.0,0.0,-0.005549291852985001
2025-06-05,0.0,0.0,4.542126230805712e-05,4.693061188774437e-05,0.0,-0.004091475971536497,-0.004029448365997295,-0.0014558580478303874,-0.0012057065222976617,0.0,0.0008096158698360865,0.0008096158698360865,0.00012427095777794986,0.00016529314003206733,0.0,-0.0016573876025353562,-0.001541186821956552,-0.0002033570180560505,-0.00017503599382312948,0.0,0.0,0.0,4.542126230805712e-05,4.693061188774437e-05,0.0,-0.004091475971536497,-0.004029448365997295,-0.0014558580478303874,-0.0012057065222976617,0.0,0.0,4.5421262308057115e-05
2025-06-06,0.0,0.0,0.0040346567573577964,0.0040362921358957525,0.0,0.0009389384362243768,0.0009389384362243768,0.0043913868367948935,0.004648349244524428,0.0,0.00034938034932837324,0.00034938034932837324,-0.004019730541554927,-0.004019730541554927,0.0,-0.00025324764339646947,-0.0001979813519459644,-0.0041648398105444484,-0.004160334835562945,0.0,0.0,0.0,0.0040346567573577964,0.0040362921358957525,0.0,0.0009389384362243768,0.0009389384362243768,0.0043913868367948935,0.004648349244524428,0.0,0.0,0.004034656757357797
2025-06-09,0.0,0.0,-0.0032499983977109666,-0.0032470864497449944,0.0,-0.0017892923121441344,-0.001691504071892344,-0.00427441975657549,-0.003855864858056522,0.0,-0.0010850255908480548,-0.001016743766156818,0.0030951838909130548,0.003099037557314291,0.0,-0.0013748300124466018,-0.001032220922221607,0.003213393795242659,0.003251622816296379,0.0,0.0,0.0,-0.0032499983977109666,-0.0032470864497449944,0.0,-0.0017892923121441344,-0.001691504071892344,-0.00427441975657549,-0.003855864858056522,0.0,0.0,-0.0032499983977109666
2025-06-10,0.0,0.0,0.0022848469269467256,0.002290703298102203,0.0,-0.0002947631540428043,-0.0002947631540428043,-0.00014452732849259763,-0.00014452732849259763,0.0,-0.003057876718620944,-0.003057876718620944,-0.002679784716793403,-0.0026763236382233214,0.0,-0.004891497665131914,-0.0046460608990258785,-0.0031792220314805796,-0.0031345842429942447,0.0,0.0,0.0,0.0022848469269467256,0.002290703298102203,0.0,-0.0002947631540428043,-0.0002947631540428043,-0.00014452732849259763,-0.00014452732849259763,0.0,0.0,0.0018048156318814942
2025-06-11,0.0,0.0,-0.003282919864851062,-0.003282919864851062,0.0,-0.0011406010806322068,-0.0011406010806322068,-0.001609515485366169,-0.0013260315681322332,0.0,-0.00018786890275383902,-0.00018786890275383902,0.0031373268743552177,0.0031444045821026464,0.0,0.00046339230080185426,0.0007537999828267721,0.0034590391345514365,0.00350405072200874,0.0,0.0,0.0,-0.003282919864851062,-0.003282919864851062,0.0,-0.0011406010806322068,-0.0011406010806322068,-0.001609515485366169,-0.0013260315681322332,0.0,0.0,0.003383522278956067
2025-06-12,0.0,0.0,-0.006460708350021724,-0.006459084566424556,0.0,0.003968411705898093,0.003968411705898093,0.007479589994339189,0.007545633426239459,0.0,-0.005895140075501205,-0.0058861719163808305,0.0057712620354797,0.005824981525259737,0.0,0.0025905862049858687,0.002771306291014665,0.006794426112956194,0.006836188048569299,0.0,0.0,0.0,-0.006460708350021724,-0.006459084566424556,0.0,0.003968411705898093,0.003968411705898093,0.007479589994339189,0.007545633426239459,0.0,0.0,0.0066983096359139235
2025-06-13,0.0,0.0,-0.0002665182069939095,0.0002343299557755398,0.0,0.005688765807346738,0.005688765807346738,0.001752021600234913,0.0017931329931503927,0.0,0.0011797572695134418,0.0011797572695134418,-0.00021901870619627596,-0.00020506254314932586,0.0,0.006786127021369995,0.00688001672248043,0.00019368918077039543,0.00026270978500673146,0.0,0.0,0.0,-0.0002665182069939095,0.0002343299557755398,0.0,0.005688765807346738,0.005688765807346738,0.001752021600234913,0.0017931329931503927,0.0,0.0,-0.0002441655746274869
2025-06-16,0.0,0.0,0.001352378226595135,0.0018696775744452194,0.0,-0.0020870293779010176,-0.0020870293779010176,0.0002372577488130324,0.0003933241176220961,0.0,-0.0017948307968796166,-0.001792860817871435,0.0018294624869672,0.0018376707683905322,0.0,-0.0025348457576199646,-0.002426881321311903,0.0010906606314270006,0.0011235174105788757,0.0,0.0,0.0,0.001352378226595135,0.0018696775744452194,0.0,-0.0020870293779010176,-0.0020870293779010176,0.0002372577488130324,0.0003933241176220961,0.0,0.0,0.0018116390822543011
2025-06-17,0.0,0.0,0.004161951327399658,0.004684488219598,0.0,0.0017517823013063598,0.0017517823013063598,-0.002289741522890206,-0.0021221708005159452,0.0,-0.0029887696483984197,-0.002970598556527369,-0.004866389221159157,-0.004860174846876111,0.0,-0.0006208010812743386,-0.0003451375276997023,-0.004607528135091153,-0.004585840565583091,0.0,0.0,0.0,0.004161951327399658,0.004684488219598,0.0,0.0017517823013063598,0.0017517823013063598,-0.002289741522890206,-0.0021221708005159452,0.0,0.0,-0.0044512169038025936
2025-06-18,0.0,0.0,-0.005657377661163546,-0.005134001841625484,0.0,-0.004683095084338354,-0.004683095084338354,-0.004947495547298545,-0.004807922190070817,0.0,0.001353102441008225,0.001355193862564599,-0.004942347113078069,-0.004940558925581029,0.0,-0.003000633125149458,-0.0028979782278190573,-0.005761993607297207,-0.005741650959677395,0.0,0.0,0.0,-0.005657377661163546,-0.005134001841625484,0.0,-0.004683095084338354,-0.004683095084338354,-0.004947495547298545,-0.004807922190070817,0.0,0.0,-0.004900511764241752
2025-06-19,0.0,0.0,0.0,0.0,0.0,0.0,0.0,-0.00041077417668216936,0.0,0.0,-1.114809439004007e-05,0.0,-0.0006584985942191116,0.0,0.0,-0.00017246944731512411,0.0,-0.0001281580734220858,0.0,0.0,0.0,0.0,0.0,0.0,0.0,0.0,0.0,-0.00041077417668216936,0.0,0.0,0.0,-0.0005210054032759478
2025-06-20,0.0,0.0,0.0066979432547202315,0.0066997274311992325,0.0,-0.004011323649441471,-0.0040046269033346205,0.0025342251394564284,0.0027680007995428456,0.0,0.007217362858525287,0.007231481119381194,0.009733563091858804,0.010382358130585929,0.0,-0.001925163203456486,-0.0016630420677784664,-0.0073085844757216425,-0.007181674869334265,0.0,0.0,0.0,0.0066979432547202315,0.0066997274311992325,0.0,-0.004011323649441471,-0.0040046269033346205,0.0025342251394564284,0.0027680007995428456,0.0,0.0,0.006810258464061261
2025-06-23,0.0,0.0,-0.00013380266701489474,0.0003974006158570084,0.0,-0.0014320221985811064,-0.0014123380773907995,-0.0016687554138695667,-0.0011804168419499305,0.0,0.0028403834339154927,0.0028403834339154927,-0.00011817352156020822,-0.00010291720409085997,0.0,0.005668191434052778,0.005966578140014958,0.00038445083342096364,0.0004227651147550929,0.0,0.0,0.0,-0.00013380266701489474,0.0003974006158570084,0.0,-0.0014320221985811064,-0.0014123380773907995,-0.0016687554138695667,-0.0011804168419499305,0.0,0.0,-0.00012892084951810742
2025-06-24,0.0,0.0,0.010556695008185079,0.010556695008185079,0.0,-0.004304490849470446,-0.004295603219615139,0.008956456029678669,0.008956456029678669,0.0,0.0003172626161210794,0.00031921994342865695,0.010245901252993676,0.010247464890626628,0.0,-0.005854017251301058,-0.005711683152290276,0.010164174590528213,0.010185560590551245,0.0,0.0,0.0,0.010556695008185079,0.010556695008185079,0.0,-0.004304490849470446,-0.004295603219615139,0.008956456029678669,0.008956456029678669,0.0,0.0,0.010556695008185079
2025-06-25,0.0,0.0,-0.0012627300557910095,-0.0012627300557910095,0.0,-0.005510007315593579,-0.005510007315593579,-0.0023592460099823333,-0.0023421684565978025,0.0,0.002221879570391387,0.002221879570391387,-0.001697051289420992,-0.0011672323870751955,0.0,-0.005426786124321349,-0.0053174178108651715,-0.002461597008940226,-0.0019171985460099735,0.0,0.0,0.0,-0.0012627300557910095,-0.0012627300557910095,0.0,-0.005510007315593579,-0.005510007315593579,-0.0023592460099823333,-0.0023421684565978025,0.0,0.0,-0.00126273005579101
2025-06-26,0.0,0.0,0.011370609493868896,0.011384026786664597,0.0,0.0020340250601901485,0.002039006427501984,0.010545701804348278,0.010547580149955165,0.0,-0.0009258231091768089,-0.0009128765086749947,-0.011596183052430972,-0.011071728265230247,0.0,-0.0005231070600672574,-0.0004126410072639729,0.008588404275179231,0.009058672997932737,0.0,0.0,0.0,0.011370609493868896,0.011384026786664597,0.0,0.0020340250601901485,0.002039006427501984,0.010545701804348278,0.010547580149955165,0.0,0.0,0.011370609493868897
2025-06-27,0.0,0.0,-0.0020329601393494355,-0.0020329601393494355,0.0,-0.0016259387313496277,-0.0016197487168110865,-0.0022399917015083937,-0.0022218531310645483,0.0,-0.0013054900270783334,-0.0012998085990908793,-0.0021386899816050213,-0.002123454478681473,0.0,-0.0012990714417157926,-0.0011450647676527947,-0.0026189983749558073,-0.002183245629536965,0.0,0.0,0.0,-0.0020329601393494355,-0.0020329601393494355,0.0,-0.0016259387313496277,-0.0016197487168110865,-0.0022399917015083937,-0.0022218531310645483,0.0,0.0,-0.002032960139349435
2025-06-30,0.0,0.0,0.003672077424776672,0.003672077424776672,0.0,0.0017755792262889047,0.0019019298994485767,0.0036654099973545753,0.0037617330090043443,0.0,-0.0051048486003711134,-0.0051048486003711134,0.003374877712845157,0.0033886170136654733,0.0,0.0020546129728158573,0.0021933593801727017,0.0044169426908051024,0.0047872611583782785,0.0,0.0,0.0,0.003672077424776672,0.003672077424776672,0.0,0.0017755792262889047,0.0019019298994485767,0.0036654099973545753,0.0037617330090043443,0.0,0.0,0.003672077424776672
2025-07-01,0.0,0.0,-0.000257299255707336,-0.0002554180618057453,0.0,-0.0005819628106237579,-0.0005703206859676794,-2.3874716851027078e-05,-1.5233915218327456e-05,0.0,0.000839488340537208,0.000839488340537208,-0.00024321798253269894,-0.0002202493933514123,0.0,-0.00016433899842358408,-0.00013039660665561123,-9.257797199737823e-05,3.089234964226641e-05,0.0,0.0,0.0,-0.000257299255707336,-0.0002554180618057453,0.0,-0.0005819628106237579,-0.0005703206859676794,-2.3874716851027078e-05,-1.5233915218327456e-05,0.0,0.0,-0.000257299255707336
2025-07-02,0.0,0.0,-0.0014388018205397715,-0.0014369312496427347,0.0,0.005524680117320668,0.005527680567589217,0.0006606350721289265,0.0007635428931699382,0.0,-0.00956354123804178,-0.00956354123804178,-0.0016648061768698738,-0.0016570060617217578,0.0,0.006180104836302988,0.006202077155183886,-0.0005661446978257576,-0.0005353490673556966,0.0,0.0,0.0,-0.0014388018205397715,-0.0014369312496427347,0.0,0.005524680117320668,0.005527680567589217,0.0006606350721289265,0.0007635428931699382,0.0,0.0,-0.0014388018205397715
2025-07-03,0.0,0.0,-0.0007051606561797733,-0.0001688282503266658,0.0,0.000542652970491323,0.0014968396897158407,-0.000770042832050405,-0.00023449416644959084,0.0,0.004311811229349113,0.004311811229349113,-0.0007847701931324369,-0.0002443824724863949,0.0,-0.00016477537359811667,0.0010220368315088134,-0.0005608387666921854,-1.3888340655820325e-05,0.0,0.0,0.0,-0.0007051606561797733,-0.0001688282503266658,0.0,0.000542652970491323,0.0014968396897158407,-0.000770042832050405,-0.00023449416644959084,0.0,0.0,-0.0007051606561797733
2025-07-04,0.0,0.0,0.0,0.0,0.0,-0.0005854720887237184,0.0,-0.0001239447694513953,0.0,0.0,-9.811980221638036e-05,0.0,-0.0004105172647045869,0.0,0.0,-0.0004906370410862762,0.0,-0.0003625229075538202,0.0,0.0,0.0,0.0,0.0,0.0,0.0,-0.0005854720887237184,0.0,-0.0001239447694513953,0.0,0.0,0.0,0.0
2025-07-07,0.0,0.0,0.005058159101821174,0.005058159101821174,0.0,0.004529445789358796,0.004699703908429953,0.005957744084964773,0.0060154885986031205,0.0,0.004214573295338981,0.004257713131929783,0.004586881039485883,0.005076079463242189,0.0,0.004719882467626257,0.0048816198963408195,0.007123143709113219,0.007345720891024447,0.0,0.0,0.0,0.005058159101821174,0.005058159101821174,0.0,0.004529445789358796,0.004699703908429953,0.005957744084964773,0.0060154885986031205,0.0,0.0,0.0050581591018211735
2025-07-08,0.0,0.0,0.003631416204672622,0.003631416204672622,0.0,-0.002764583625963519,-0.002728036581570784,0.0033954978787997837,0.0033997956282837516,0.0,-0.0014947288164819526,-0.0014947288164819526,-0.003339400153696326,-0.0028502017299400204,0.0,-0.0014559302098295828,-0.0014118927067923157,-0.0016092503600898629,-0.0014739032203545121,0.0,0.0,0.0,0.003631416204672622,0.003631416204672622,0.0,-0.002764583625963519,-0.002728036581570784,0.0033954978787997837,0.0033997956282837516,0.0,0.0,0.003631416204672621
2025-07-09,0.0,0.0,-0.000377562649907489,-0.0003756275038445861,0.0,0.0010187541253151985,0.0010849056546151353,-0.0003106655942671411,-0.0002951364608285012,0.0,0.00027994663862657186,0.0006882801204397937,0.00017356956448596442,0.0005554913310049205,0.0,0.0007543929426110621,0.0010898610069372035,2.7996668642811442e-05,0.0003923232792640819,0.0,0.0,0.0,-0.000377562649907489,-0.0003756275038445861,0.0,0.0010187541253151985,0.0010849056546151353,-0.0003106655942671411,-0.0002951364608285012,0.0,0.0,-0.000377562649907489
2025-07-10,0.0,0.0,-0.0005477767680525369,-0.0005445284650219913,0.0,-0.003258881458099462,-0.0032166946776622397,-0.000853334404406984,-0.000853334404406984,0.0,0.0018211211110515924,0.0018702773393098491,-0.0010161825211493754,-0.0002715929537315232,0.0,0.0028235377565318034,0.0030123978182091714,-0.0007211453990948497,-0.00017171047321322066,0.0,0.0,0.0,-0.0005477767680525369,-0.0005445284650219913,0.0,-0.003258881458099462,-0.0032166946776622397,-0.000853334404406984,-0.000853334404406984,0.0,0.0,-0.0011136468412643544
2025-07-11,0.0,0.0,0.0019592890178798607,0.0019641814762857133,0.0,-0.00351373553071007,-0.002452562640870421,0.001689310930185902,0.0019379482771752319,0.0,-0.006897498062302625,-0.006897498062302625,-0.006754778747883012,-0.006012019811897127,0.0,-0.005698435121291541,-0.004965047857017079,-0.0054091423014127294,-0.004839649215504971,0.0,0.0,0.0,0.0019592890178798607,0.0019641814762857133,0.0,-0.00351373553071007,-0.002452562640870421,0.001689310930185902,0.0019379482771752319,0.0,0.0,-0.002107464046308926
2025-07-14,0.0,0.0,0.004540927219703525,0.004540927219703525,0.0,0.00328761307367625,0.0033804574840359293,0.005323974162508341,0.005870292986028307,0.0,-0.0050482274630768344,-0.0050482274630768344,0.004462042174895123,0.004485198575104482,0.0,0.0004164817261665662,0.0007042976867933115,0.00457603039429529,0.004652753126823657,0.0,0.0,0.0,0.004540927219703525,0.004540927219703525,0.0,0.00328761307367625,0.0033804574840359293,0.005323974162508341,0.005870292986028307,0.0,0.0,-0.0047373010190955005
2025-07-15,0.0,0.0,0.006263118129839575,0.006263118129839575,0.0,-0.001797955763677513,-0.0005871562777981011,-0.006512711817281017,-0.005940778778338184,0.0,-0.0011342222351123626,-0.0011342222351123626,0.006438263442552541,0.006455775820797144,0.0,0.0008152763772485815,0.0017503295014792614,0.006693017290704557,0.006818848927703831,0.0,0.0,0.0,0.006263118129839575,0.006263118129839575,0.0,-0.001797955763677513,-0.0005871562777981011,-0.006512711817281017,-0.005940778778338184,0.0,0.0,-0.007062238369589592
2025-07-16,0.0,0.0,-0.000352643594153562,-0.00034603633210241884,0.0,5.901823232112185e-05,0.0011348604206704003,-0.0004386058966857224,-0.00029504413944197517,0.0,0.0013274578720522498,0.0013274578720522498,-0.0003907208773660958,-0.0003828638628438204,0.0,-0.0014236785039144148,-0.000496613724706395,-0.00046809017512061186,-0.00041505320633132255,0.0,0.0,0.0,-0.000352643594153562,-0.00034603633210241884,0.0,5.901823232112185e-05,0.0011348604206704003,-0.0004386058966857224,-0.00029504413944197517,0.0,0.0,-0.0003844587304827182
2025-07-17,0.0,0.0,0.004302896648121185,0.0043076443104936675,0.0,-0.0026289870247291564,-0.0018147912831582484,0.00414023667701831,0.004281576107854116,0.0,-7.489950557808113e-05,-7.489950557808113e-05,0.004458300294305098,0.00446498194433909,0.0,-0.001356653730532598,-0.0003027169415850709,0.0045007264031803875,0.004515196973779161,0.0,0.0,0.0,0.004302896648121185,0.0043076443104936675,0.0,-0.0026289870247291564,-0.0018147912831582484,0.00414023667701831,0.004281576107854116,0.0,0.0,0.003820987113287738
2025-07-18,0.0,0.0,-0.0069832399161714855,-0.006978112236770624,0.0,-0.00046200003069877735,-0.0003293978295351354,-0.007593847849726317,-0.00753133584953707,0.0,0.0009746719530514531,0.0012296082629711124,-0.007207025034988041,-0.007180116535161613,0.0,-0.0006595432508701001,-0.00026003726117019123,-0.007442330613762612,-0.007387511171317195,0.0,0.0,0.0,-0.0069832399161714855,-0.006978112236770624,0.0,-0.00046200003069877735,-0.0003293978295351354,-0.007593847849726317,-0.00753133584953707,0.0,0.0,0.007271807285344064
2025-07-21,0.0,0.0,-0.005385519355259211,-0.005383049758057071,0.0,0.006498950497216272,0.00675993861979884,-0.0040078664954876055,-0.003942138500131604,0.0,-0.0006192734045285429,-0.00015560131726315607,-0.006707020621551877,-0.006082145249369427,0.0,-0.00044806309425938866,-7.398916679432488e-05,-0.00597249891343374,-0.005395937835410841,0.0,0.0,0.0,-0.005385519355259211,-0.005383049758057071,0.0,0.006498950497216272,0.00675993861979884,-0.0040078664954876055,-0.003942138500131604,0.0,0.0,0.005475640459944173
2025-07-22,0.0,0.0,-0.006665820402992282,-0.006665820402992282,0.0,-0.003984308134386084,-0.003984308134386084,-0.007484751409005781,-0.0074807047654923044,0.0,-0.002918748300408739,-0.002918748300408739,0.006167974151624514,0.006217094152291557,0.0,-0.005772955256100935,-0.005644299728136669,0.004937677428884069,0.005010434960484258,0.0,0.0,0.0,-0.006665820402992282,-0.006665820402992282,0.0,-0.003984308134386084,-0.003984308134386084,-0.007484751409005781,-0.0074807047654923044,0.0,0.0,0.0066926922598569685
2025-07-23,0.0,0.0,-0.001745808121415769,-0.001745808121415769,0.0,0.003451522396690627,0.0035970583032722734,-0.0005351319800114543,-0.00047332689850592595,0.0,0.004284656274889354,0.004284656274889354,0.0021689831431642415,0.0027667483574317126,0.0,0.0027393404349149103,0.0029156056401090135,0.001735194636268918,0.0022953471461642843,0.0,0.0,0.0,-0.001745808121415769,-0.001745808121415769,0.0,0.003451522396690627,0.0035970583032722734,-0.0005351319800114543,-0.00047332689850592595,0.0,0.0,0.0017144360885486122
2025-07-24,0.0,0.0,0.00193077436225903,0.001934222614526155,0.0,1.8725703969625683e-05,0.001151021929596404,0.0017129571898856191,0.0022317898536031396,0.0,-0.005443178037828414,-0.005443178037828414,0.0017457916995505427,0.0017457916995505427,0.0,-0.003286018651416237,-0.0026590833769331366,0.0017330788065806528,0.0017724259361306255,0.0,0.0,0.0,0.00193077436225903,0.001934222614526155,0.0,1.8725703969625683e-05,0.001151021929596404,0.0017129571898856191,0.0022317898536031396,0.0,0.0,-0.0019427763191531943
2025-07-25,0.0,0.0,0.007400486156552904,0.007400486156552904,0.0,-0.00040934541319854654,-0.00030183330527830176,0.00657329013000679,0.007109459692260538,0.0,-0.00475365719948012,-0.00475365719948012,0.00724824198735824,0.00724824198735824,0.0,-0.0029748336788142874,-0.0026458301117719017,0.007115719040185313,0.007236711915014937,0.0,0.0,0.0,0.007400486156552904,0.007400486156552904,0.0,-0.00040934541319854654,-0.00030183330527830176,0.00657329013000679,0.007109459692260538,0.0,0.0,-0.00729349439812296
2025-07-28,0.0,0.0,0.007122386484848666,0.007122386484848666,0.0,0.004126376503070404,0.004272246841761698,-0.003844149888386828,-0.003757113483223913,0.0,0.009666089730442484,0.009666089730442484,0.007623483315247567,0.007650026755473545,0.0,0.0068932293731200954,0.007342709744527078,0.008850642995324709,0.009032638802820108,0.0,0.0,0.0,0.007122386484848666,0.007122386484848666,0.0,0.004126376503070404,0.004272246841761698,-0.003844149888386828,-0.003757113483223913,0.0,0.0,-0.007130902453524428
2025-07-29,0.0,0.0,0.006637070532658317,0.006642447290993022,0.0,0.0007692512110371938,0.0007847572150073453,-0.005391568493294896,-0.005353151798134857,0.0,0.0032481784582673516,0.0032481784582673516,0.006205448334768353,0.006694765373217648,0.0,0.0064887640688765374,0.006535471615264344,0.007881340400780874,0.008449868457449087,0.0,0.0,0.0,0.006637070532658317,0.006642447290993022,0.0,0.0007692512110371938,0.0007847572150073453,-0.005391568493294896,-0.005353151798134857,0.0,0.0,-0.006663526412746675
2025-07-30,0.0,0.0,0.007279325858508341,0.007887564903331038,0.0,0.002253939652148192,0.0023958317194830983,-0.0065460165575518805,-0.006393344040986709,0.0,0.001251992669448201,0.0012523618202089453,0.004155914432326833,0.004549267494807722,0.0,0.0028897394278817254,0.003020724291241835,-0.007196907935712675,-0.0068510339051881634,0.0,0.0,0.0,0.007279325858508341,0.007887564903331038,0.0,0.002253939652148192,0.0023958317194830983,-0.0065460165575518805,-0.006393344040986709,0.0,0.0,-0.007975899529488885
2025-07-31,0.0,0.0,-0.006176444179489864,-0.005561995695945381,0.0,-0.00041606963816357117,0.00011866886425486488,-0.006079674236329998,-0.005479522570946015,0.0,-0.0005484805237797951,-0.0005481286363143087,0.0047952922740579565,0.004952286481539934,0.0,0.0002628889324048813,0.0007421956661639151,-0.002853155383211562,-0.0021979711815980464,0.0,0.0,0.0,-0.006176444179489864,-0.005561995695945381,0.0,-0.00041606963816357117,0.00011866886425486488,-0.006079674236329998,-0.005479522570946015,0.0,0.0,-0.006158755379334996
2025-08-01,0.0,0.0,-0.010961631524257897,-0.010353029980200925,0.0,0.006121883574867726,0.006205327268915454,-0.010466929536305885,-0.009868384325399588,0.0,-0.010181202214254302,-0.010148572558100694,-0.010925132703269159,-0.010757897464283898,0.0,-4.6767402375672544e-05,0.0001053917967624089,-0.010890608789216131,-0.010295315670228001,0.0,0.0,0.0,-0.010961631524257897,-0.010353029980200925,0.0,0.006121883574867726,0.006205327268915454,-0.010466929536305885,-0.009868384325399588,0.0,0.0,-0.010961631524257897
2025-08-04,0.0,0.0,0.0008632275341422758,0.0008632275341422758,0.0,-0.00014079028887112742,6.292013008230872e-05,0.0007956852449441273,0.0008474126751246614,0.0,0.0014112360591334938,0.0014112360591334938,-0.00016737608293234925,-3.1977062346802643e-06,0.0,-0.0006426110172067963,-0.00042384689652124707,0.00019127679290785666,0.0006987363941470907,0.0,0.0,0.0,0.0008632275341422758,0.0008632275341422758,0.0,-0.00014079028887112742,6.292013008230872e-05,0.0007956852449441273,0.0008474126751246614,0.0,0.0,0.0008632275341422758
2025-08-05,0.0,0.0,0.0005405424076054761,0.0005405424076054761,0.0,-0.0012039827638816974,-0.0012039827638816974,0.0003643801491937671,0.0003643801491937671,0.0,0.00048666464610222466,0.0004870159576206599,-0.0005835693497081181,-0.0005197586074621965,0.0,-0.0009438113833753627,-0.0008836993882484002,-0.0018363880356914036,-0.0013148246841543712,0.0,0.0,0.0,0.0005405424076054761,0.0005405424076054761,0.0,-0.0012039827638816974,-0.0012039827638816974,0.0003643801491937671,0.0003643801491937671,0.0,0.0,0.0005405424076054761
2025-08-06,0.0,0.0,0.006130805374678432,0.006130805374678432,0.0,-0.0014578622928044886,-0.0014031459634380706,0.006007020704114241,0.006021886579716809,0.0,-0.003067765497415428,-0.003067765497415428,-0.006823874731214583,-0.006217584017682173,0.0,-0.0019953758993831285,-0.001973427019630677,0.005321795482447677,0.005348344881571892,0.0,0.0,0.0,0.006130805374678432,0.006130805374678432,0.0,-0.0014578622928044886,-0.0014031459634380706,0.006007020704114241,0.006021886579716809,0.0,0.0,0.006130805374678432
2025-08-07,0.0,0.0,0.00016771457368795517,0.00016771457368795517,0.0,-0.007461810953048205,-0.006334586300518691,-0.001216238269247264,-0.0009943000187781063,0.0,0.007205040370511941,0.007205040370511941,0.0006262077513293767,0.0006310803223266885,0.0,-0.005870224644017517,-0.004839719916918986,-0.0012316238447618241,-0.001014365258495992,0.0,0.0,0.0,0.00016771457368795517,0.00016771457368795517,0.0,-0.007461810953048205,-0.006334586300518691,-0.001216238269247264,-0.0009943000187781063,0.0,0.0,0.000167714573687955
2025-08-08,0.0,0.0,0.0006479155179311466,0.0006479155179311466,0.0,0.002189943474862535,0.0022831346056371945,0.00068463805833142,0.0011822282750181634,0.0,-0.0010312243754324328,-0.0010312243754324328,-1.5413825244665067e-05,0.0006112636251607219,0.0,0.0008511967719162152,0.0010906734698967564,0.0002982409857166449,0.0008944937783849022,0.0,0.0,0.0,0.0006479155179311466,0.0006479155179311466,0.0,0.002189943474862535,0.0022831346056371945,0.00068463805833142,0.0011822282750181634,0.0,0.0,0.0006479155179311469
2025-08-11,0.0,0.0,-0.004577603521918124,-0.004565312034390739,0.0,-0.002699788322699191,-0.002445470145776692,-0.005606129460143043,-0.005211091738392674,0.0,0.002459655613083162,0.0034967865353264485,0.004967239714888246,0.005039746192762797,0.0,-0.0019368183982695958,-0.0016964441614940162,0.00220048924893464,0.0026013571446369026,0.0,0.0,0.0,-0.004577603521918124,-0.004565312034390739,0.0,-0.002699788322699191,-0.002445470145776692,-0.005606129460143043,-0.005211091738392674,0.0,0.0,-0.004577603521918125
2025-08-12,0.0,0.0,0.006399777750258656,0.0064025138384476675,0.0,0.0034280554487976385,0.003435873091331097,0.002681605825297383,0.00285953882761681,0.0,-0.00011490456377225683,-0.00011490456377225683,-0.006352748360578139,-0.006352748360578139,0.0,0.003599895317550977,0.003626773155359511,-0.005800710931249828,-0.005800710931249828,0.0,0.0,0.0,0.006399777750258656,0.0064025138384476675,0.0,0.0034280554487976385,0.003435873091331097,0.002681605825297383,0.00285953882761681,0.0,0.0,0.006399777750258656
2025-08-13,0.0,0.0,0.0039383717170225424,0.003940765802168123,0.0,0.0015982452976625267,0.0015982452976625267,0.003495475711577219,0.0036546817525287857,0.0,0.0001712180827252366,0.0001712180827252366,-0.0038615572282134653,-0.0038615572282134653,0.0,0.0017991623353651902,0.001838906783450984,-0.00367440609373349,-0.003658676944868368,0.0,0.0,0.0,0.0039383717170225424,0.003940765802168123,0.0,0.0015982452976625267,0.0015982452976625267,0.003495475711577219,0.0036546817525287857,0.0,0.0,0.003938371717022543
2025-08-14,0.0,0.0,-0.008346367189191883,-0.007704248432626381,0.0,-0.003298514601372897,-0.0032751618370046873,-0.010665334683028988,-0.010117955275598965,0.0,0.0018038084726422058,0.0018095694184066457,0.007605732886345849,0.007624157555232537,0.0,-0.003343142938377691,-0.003213656414443936,0.006446303298692227,0.006543878982760098,0.0,0.0,0.0,-0.008346367189191883,-0.007704248432626381,0.0,-0.003298514601372897,-0.0032751618370046873,-0.010665334683028988,-0.010117955275598965,0.0,0.0,-0.007704248432626382
2025-08-15,0.0,0.0,-0.0043049992766180985,-0.0043049992766180985,0.0,0.0018408530114462933,0.0018783276719685628,-0.0032046325672610153,-0.0031836544158865116,0.0,0.0019032767816020344,0.0019220755650340912,-0.004301760456513031,-0.0042968586093691885,0.0,0.0033321801484569543,0.0033978215487586896,-0.0041549298714099086,-0.004125735630159207,0.0,0.0,0.0,-0.0043049992766180985,-0.0043049992766180985,0.0,0.0018408530114462933,0.0018783276719685628,-0.0032046325672610153,-0.0031836544158865116,0.0,0.0,0.004235472787138613
2025-08-18,0.0,0.0,0.0033589367513616633,0.0033589367513616633,0.0,-0.0009115661835624713,-0.0009115661835624713,0.002622614952792051,0.0026703144961236617,0.0,-0.001897999496525537,-0.0006824787365886764,0.003287987890936064,0.0033219941698530114,0.0,-0.0017689537173564013,-0.0014567079621766042,0.003264040260028183,0.003302107161739992,0.0,0.0,0.0,0.0033589367513616633,0.0033589367513616633,0.0,-0.0009115661835624713,-0.0009115661835624713,0.002622614952792051,0.0026703144961236617,0.0,0.0,-0.003325707329523248
2025-08-19,0.0,0.0,0.004485669810499422,0.004485669810499422,0.0,0.0010708061086865013,0.0010708061086865013,0.0043366726569237365,0.004377435690097171,0.0,-0.006084788133440211,-0.00488478813344021,0.00455938468970465,0.00457454909197267,0.0,-0.00036600641600467287,-0.00012034607998484786,0.00457255017735527,0.004599340364428135,0.0,0.0,0.0,0.004485669810499422,0.004485669810499422,0.0,0.0010708061086865013,0.0010708061086865013,0.0043366726569237365,0.004377435690097171,0.0,0.0,-0.004564557377063857
2025-08-20,0.0,0.0,0.0025847874834002927,0.0025847874834002927,0.0,-0.007886235045520778,-0.007869978771081655,0.0003314067784390318,0.00035717555490546364,0.0,0.0016754140556845504,0.0016962973510112386,0.0025265526711554165,0.002532079943516131,0.0,-0.007217326737200137,-0.007010065704165982,0.00210045892810437,0.0021053853614436463,0.0,0.0,0.0,0.0025847874834002927,0.0025847874834002927,0.0,-0.007886235045520778,-0.007869978771081655,0.0003314067784390318,0.00035717555490546364,0.0,0.0,-0.002799525101784836
2025-08-21,0.0,0.0,0.003919607059296559,0.003927817526338423,0.0,-0.000499645971743516,0.0007070678624260361,0.0040156467788740975,0.004267019806993484,0.0,-1.5452258966367448e-05,-1.5452258966367448e-05,0.003990459432265549,0.003993478076516272,0.0,-0.00116904787293746,-7.68301164885363e-05,0.004158408125853785,0.004235828621794027,0.0,0.0,0.0,0.003919607059296559,0.003927817526338423,0.0,-0.000499645971743516,0.0007070678624260361,0.0040156467788740975,0.004267019806993484,0.0,0.0,-0.004779645689712064
2025-08-22,0.0,0.0,-0.01419471331488948,-0.013538448607914276,0.0,0.00015783255617785345,0.00015783255617785345,-0.014729742352843252,-0.01407949020147229,0.0,-0.005103448569167903,-0.005099389605073252,-0.013730756881406861,-0.013704314178386993,0.0,0.0008295656889014975,0.0008295656889014975,-0.014193252328296246,-0.014092625531621437,0.0,0.0,0.0,-0.01419471331488948,-0.013538448607914276,0.0,0.00015783255617785345,0.00015783255617785345,-0.014729742352843252,-0.01407949020147229,0.0,0.0,-0.014751778305807817
2025-08-25,0.0,0.0,-0.002480112376844825,-0.002480112376844825,0.0,0.00033720419678643786,0.00033720419678643786,-0.0024944031923919015,-0.0024532726863195,0.0,-0.0027227317498666626,-0.0018596606141060177,0.002089791103706615,0.002241882727809713,0.0,-0.0020251550329144015,-0.001403430228724029,0.0019733565075690483,0.0021972249106569372,0.0,0.0,0.0,-0.002480112376844825,-0.002480112376844825,0.0,0.00033720419678643786,0.00033720419678643786,-0.0024944031923919015,-0.0024532726863195,0.0,0.0,-0.002480112376844825
2025-08-26,0.0,0.0,-0.0003121902365242899,-0.0003121902365242899,0.0,0.0010280177076849792,0.0010280177076849792,-0.00013372368000610644,-0.00012005815208156282,0.0,0.0005294889452844905,0.0005294889452844905,0.0003088142799784836,0.00034945817931175726,0.0,0.0007518823864417278,0.0007814226925778585,0.0005653310899972042,0.0007116882578140043,0.0,0.0,0.0,-0.0003121902365242899,-0.0003121902365242899,0.0,0.0010280177076849792,0.0010280177076849792,-0.00013372368000610644,-0.00012005815208156282,0.0,0.0,-0.00031219023652428985
2025-08-27,0.0,0.0,-0.0020791421142917267,-0.0020791421142917267,0.0,0.0012914109265312593,0.0013177225151143705,-0.0019288889914051788,-0.0018768397816517496,0.0,0.002467787070701493,0.002849646758805542,0.001979278311986672,0.0023345656446474585,0.0,0.001418079320205485,0.0020013230350920054,0.002191690213361665,0.002608243507674676,0.0,0.0,0.0,-0.0020791421142917267,-0.0020791421142917267,0.0,0.0012914109265312593,0.0013177225151143705,-0.0019288889914051788,-0.0018768397816517496,0.0,0.0,-0.0020791421142917267
2025-08-28,0.0,0.0,0.007809167545547172,0.007809167545547172,0.0,0.0008508180259712609,0.0008508180259712609,0.007142051520170071,0.0071643853430047,0.0,-0.0031993311554878723,-0.00284472633489697,-0.008657980533379987,-0.008314185713323105,0.0,-0.005055134227067653,-0.004415851720373347,-0.007356772503553404,-0.0069332185430521845,0.0,0.0,0.0,0.007809167545547172,0.007809167545547172,0.0,0.0008508180259712609,0.0008508180259712609,0.007142051520170071,0.0071643853430047,0.0,0.0,0.007809167545547172
2025-08-29,0.0,0.0,0.0024395181185816054,0.0024395181185816054,0.0,0.0013730965483729207,0.001377226233552163,0.0024863507361278887,0.0025090142840680342,0.0,-0.0011822356184213421,-0.0011822356184213421,-0.0026473180645045793,-0.00263547760282729,0.0,-0.0002580377595675369,-0.00018309492727015765,-0.002442243299082011,-0.0024185001365404062,0.0,0.0,0.0,0.0024395181185816054,0.0024395181185816054,0.0,0.0013730965483729207,0.001377226233552163,0.0024863507361278887,0.0025090142840680342,0.0,0.0,0.002439518118581605
2025-09-01,0.0,0.0,-4.162763419203381e-06,0.0,0.0,-2.0758053587857256e-05,0.0,0.0,0.0,0.0,-9.427584789039647e-05,0.0,-2.3942994919813184e-05,0.0,0.0,-0.00018870864920339042,0.0,-4.155453372721581e-05,0.0,0.0,0.0,0.0,-4.162763419203381e-06,0.0,0.0,-2.0758053587857256e-05,0.0,0.0,0.0,0.0,0.0,-4.162763419203369e-06
2025-09-02,0.0,0.0,-0.007538110286114427,-0.007529018011226549,0.0,-0.00014766593721849766,-0.00013566786872514012,-0.0070828462053748745,-0.007056900443999262,0.0,0.002960760113345752,0.0031758924821235247,0.008028984685325717,0.008076953927436526,0.0,0.0030123330594693273,0.003266121894117394,0.007901168928944253,0.007965770251324306,0.0,0.0,0.0,-0.007538110286114427,-0.007529018011226549,0.0,-0.00014766593721849766,-0.00013566786872514012,-0.0070828462053748745,-0.007056900443999262,0.0,0.0,-0.007538110286114426
2025-09-03,0.0,0.0,0.0029916664034772573,0.0029916664034772573,0.0,-0.004092387191417339,-0.004085027716260288,0.0012996909155207487,0.001422543342284544,0.0,0.0023405536013383914,0.0023405536013383914,-0.002751061190962319,-0.0027378408234941093,0.0,-0.0004650655052099141,-0.00038373512101048165,-0.0032405033275829105,-0.0032178110861814644,0.0,0.0,0.0,0.0029916664034772573,0.0029916664034772573,0.0,-0.004092387191417339,-0.004085027716260288,0.0012996909155207487,0.001422543342284544,0.0,0.0,0.0029916664034772573
2025-09-04,0.0,0.0,-0.006778181812627427,-0.006774514160103573,0.0,-0.002554464521178287,-0.0025355205926552832,-0.007129743945922724,-0.007129743945922724,0.0,0.004539331531377015,0.004539331531377015,0.007608014399568726,0.007642665154075557,0.0,0.0058966234891494156,0.005946905680616991,0.0076735495906763386,0.007731296266215361,0.0,0.0,0.0,-0.006778181812627427,-0.006774514160103573,0.0,-0.002554464521178287,-0.0025355205926552832,-0.007129743945922724,-0.007129743945922724,0.0,0.0,-0.006778181812627427
2025-09-05,0.0,0.0,0.013260301822826462,0.01326856231600367,0.0,-0.0024026512204529727,-0.0023925838467065688,0.013159785133210287,0.013172517820400116,0.0,0.001997776666071416,0.002126370923956161,-0.013020647742061662,-0.012371701197780648,0.0,0.0005039512900626405,0.0007572910411437171,-0.013691405652347563,-0.01303464025306076,0.0,0.0,0.0,0.013260301822826462,0.01326856231600367,0.0,-0.0024026512204529727,-0.0023925838467065688,0.013159785133210287,0.013172517820400116,0.0,0.0,0.013260301822826462
2025-09-08,0.0,0.0,0.0013899141543285978,0.0013987430303107357,0.0,-0.0011949739621181935,-0.0007501784025208769,0.0012675977301948973,0.0012732535911236956,0.0,-0.0017481788431060981,-0.0016231010811446351,0.000143322021517643,0.0008512364604391534,0.0,-0.002763902248455284,-0.0026062458456029905,0.00019319414915703096,0.0008555344949949345,0.0,0.0,0.0,0.0013899141543285978,0.0013987430303107357,0.0,-0.0011949739621181935,-0.0007501784025208769,0.0012675977301948973,0.0012732535911236956,0.0,0.0,0.0013899141543285978
2025-09-09,0.0,0.0,-0.0018891850937264257,-0.0018891850937264257,0.0,-3.0386009038294286e-06,0.00041872615880868047,-0.0018966599819803197,-0.001888221072957166,0.0,-0.0018359188330838766,-0.0018359188330838766,0.00039759880936935424,0.0005696962502592615,0.0,-0.002012901296123894,-0.0017245295732846886,0.0003641137430117799,0.000994845071758025,0.0,0.0,0.0,-0.0018891850937264257,-0.0018891850937264257,0.0,-3.0386009038294286e-06,0.00041872615880868047,-0.0018966599819803197,-0.001888221072957166,0.0,0.0,-0.0018891850937264257
2025-09-10,0.0,0.0,0.0018914290234725178,0.0018914290234725178,0.0,-0.0032238236168498774,-0.003215670643469674,0.001606589638061357,0.0016139650091925835,0.0,-0.0021411557180406873,-0.0021411557180406873,-0.002979324397162241,-0.002807410687304243,0.0,-0.005838656964957997,-0.005795415931004482,-0.00556240187000356,-0.0050702500809477495,0.0,0.0,0.0,0.0018914290234725178,0.0018914290234725178,0.0,-0.0032238236168498774,-0.003215670643469674,0.001606589638061357,0.0016139650091925835,0.0,0.0,0.0018914290234725178
2025-09-11,0.0,0.0,0.0033077865286472493,0.0033077865286472493,0.0,-0.0007074260786237715,-0.0006339368751150144,0.003053015267702891,0.003127453423531574,0.0,-0.0010495426259495252,-0.0008017225828186522,-0.0038828874876437494,-0.0036842748671420604,0.0,-0.0020800772249273685,-0.0016754807343915402,-0.004702139823811075,-0.004448949675901547,0.0,0.0,0.0,0.0033077865286472493,0.0033077865286472493,0.0,-0.0007074260786237715,-0.0006339368751150144,0.003053015267702891,0.003127453423531574,0.0,0.0,0.0033077865286472493
2025-09-12,0.0,0.0,-0.0041137000176338255,-0.0041137000176338255,0.0,-0.00031532948791972095,-0.00031532948791972095,-0.003967857431681194,-0.0038704852746012045,0.0,0.002619660169833836,0.003041643249752545,0.004386120774059234,0.0045162036142113865,0.0,-0.0003897938275304237,0.00035478223123237786,0.004372926424931311,0.004597622981330422,0.0,0.0,0.0,-0.0041137000176338255,-0.0041137000176338255,0.0,-0.00031532948791972095,-0.00031532948791972095,-0.003967857431681194,-0.0038704852746012045,0.0,0.0,-0.0041137000176338255
2025-09-15,0.0,0.0,0.007529486680007423,0.00821906129258334,0.0,0.0006334524299659523,0.0006375303553875459,0.006143915951354071,0.006696743277690415,0.0,-0.0014155091723286658,-0.0013864499014875813,-0.007878523848872108,-0.007807492385856855,0.0,-0.0013951617650703229,-0.0010215856514502958,-0.008716999024760036,-0.008583836094398185,0.0,0.0,0.0,0.007529486680007423,0.00821906129258334,0.0,0.0006334524299659523,0.0006375303553875459,0.006143915951354071,0.006696743277690415,0.0,0.0,0.00821906129258334
2025-09-16,0.0,0.0,-0.007225193143989806,-0.007225193143989806,0.0,0.004150685126276295,0.004150685126276295,-0.004154101860922211,-0.0038216590811154527,0.0,-9.935314172929545e-05,2.6804682285066616e-05,-0.007153789586587882,-0.007128661239620593,0.0,0.0062199381621165254,0.006343432375162056,-0.006439853036587511,-0.0064081579748641775,0.0,0.0,0.0,-0.007225193143989806,-0.007225193143989806,0.0,0.004150685126276295,0.004150685126276295,-0.004154101860922211,-0.0038216590811154527,0.0,0.0,0.007066143189414042
2025-09-17,0.0,0.0,0.001545327959022323,0.001545327959022323,0.0,-0.0007749103364941646,-0.0007693430151405116,0.001400498359819343,0.0014202437626881434,0.0,0.002599228525336509,0.0027526608776847284,0.001820309390374895,0.0018321028592761146,0.0,0.0008633445477678795,0.0010567587897391578,0.0016527082237145314,0.0016703447521753175,0.0,0.0,0.0,0.001545327959022323,0.001545327959022323,0.0,-0.0007749103364941646,-0.0007693430151405116,0.001400498359819343,0.0014202437626881434,0.0,0.0,-0.0022396635940422896
2025-09-18,0.0,0.0,0.012384673101256672,0.012388166869200896,0.0,0.0028078214742910043,0.0028679582349774926,0.01326330095880451,0.013298755233727932,0.0,0.00021481977469017344,0.0002193605227540881,0.013187042768593405,0.013220632049543043,0.0,-0.0006867874973039217,-0.00030221636338425553,0.0128403913480852,0.012892644779615176,0.0,0.0,0.0,0.012384673101256672,0.012388166869200896,0.0,0.0028078214742910043,0.0028679582349774926,0.01326330095880451,0.013298755233727932,0.0,0.0,0.011908570905710165
2025-09-19,0.0,0.0,0.003341047870944485,0.003341047870944485,0.0,0.0037444657772704145,0.0038558452040502464,0.0034889369019840237,0.003490991347899288,0.0,-0.004447837113065818,-0.004322642644145655,0.0026091526214850145,0.002633411312900181,0.0,-0.0026958650977375325,-0.002377869269114563,0.002868757057305495,0.0028953598900984152,0.0,0.0,0.0,0.003341047870944485,0.003341047870944485,0.0,0.0037444657772704145,0.0038558452040502464,0.0034889369019840237,0.003490991347899288,0.0,0.0,-0.0031820496600648207
2025-09-22,0.0,0.0,0.00017698335351539276,0.00017698335351539276,0.0,-0.0041423925331841235,-0.00392924862549545,-0.00015015680966317394,-0.00011948358971003453,0.0,0.0026259222665957994,0.003302455837675189,0.0006219516452785428,0.0006734055733054244,0.0,0.00012192179335775242,0.0006724094880976559,0.00038225154087073883,0.0004275276424057475,0.0,0.0,0.0,0.00017698335351539276,0.00017698335351539276,0.0,-0.0041423925331841235,-0.00392924862549545,-0.00015015680966317394,-0.00011948358971003453,0.0,0.0,-0.0009403804556097659
2025-09-23,0.0,0.0,-0.0012148608453350182,-0.0012148608453350182,0.0,-0.001258489196364858,-0.0012312366646916443,-0.001245172476274153,-0.001245172476274153,0.0,0.0009630261543309376,0.001131157047940973,-0.0011563661507244935,-0.0011319178425200234,0.0,0.0005302775224988185,0.000794615115835569,-0.0011967001697872433,-0.001168304368473539,0.0,0.0,0.0,-0.0012148608453350182,-0.0012148608453350182,0.0,-0.001258489196364858,-0.0012312366646916443,-0.001245172476274153,-0.001245172476274153,0.0,0.0,-0.001180069223987202
2025-09-24,0.0,0.0,0.008145153096936952,0.008145153096936952,0.0,-0.0029157131913909377,-0.001715084543890761,0.0083483842674567,0.008353528728449418,0.0,-0.002100303638233928,-0.0018302232915227837,0.008542441568067258,0.008555532139183485,0.0,-0.0033011427600550345,-0.003046676211339828,0.00818573933296201,0.008197235716358931,0.0,0.0,0.0,0.008145153096936952,0.008145153096936952,0.0,-0.0029157131913909377,-0.001715084543890761,0.0083483842674567,0.008353528728449418,0.0,0.0,0.008203403085514803
2025-09-25,0.0,0.0,0.009511553318105118,0.009517247658439101,0.0,0.0001031320367227023,0.00030630173072217757,0.009580590762899114,0.009580590762899114,0.0,-0.0007131864434219574,-0.0005383273004816408,0.009415719702810996,0.009421517906965169,0.0,-0.0022537084046204007,-0.002153114323285819,0.009031056367084105,0.009033228962887255,0.0,0.0,0.0,0.009511553318105118,0.009517247658439101,0.0,0.0001031320367227023,0.00030630173072217757,0.009580590762899114,0.009580590762899114,0.0,0.0,0.00951518233319668
2025-09-26,0.0,0.0,-0.001928888745473341,-0.0019256166744576596,0.0,0.0013486662622140123,0.0013486662622140123,-0.0019831445636323344,-0.001963948321040737,0.0,0.002659788767465994,0.003097572883317797,-0.0015243761179522374,-0.0015051047000403267,0.0,0.00418018999593068,0.0045906743312004936,-0.0014205072985623967,-0.001408947920768872,0.0,0.0,0.0,-0.001928888745473341,-0.0019256166744576596,0.0,0.0013486662622140123,0.0013486662622140123,-0.0019831445636323344,-0.001963948321040737,0.0,0.0,-0.0019370129413136044
2025-09-29,0.0,0.0,-0.004683756551841912,-0.004681559802932943,0.0,-0.0008259355262105948,-0.0008259355262105948,-0.00490291397096951,-0.004855183690442703,0.0,-0.005051576105655933,-0.004523175525181746,-0.005117057884456134,-0.005091446711339762,0.0,-0.005049381745711327,-0.004456353793996732,-0.005045628279169717,-0.004967947129537537,0.0,0.0,0.0,-0.004683756551841912,-0.004681559802932943,0.0,-0.0008259355262105948,-0.0008259355262105948,-0.00490291397096951,-0.004855183690442703,0.0,0.0,-0.004747593031304941
2025-09-30,0.0,0.0,-0.0009701242626894173,-0.0009701242626894173,0.0,0.0030518215813108525,0.0030573839873693906,-0.0007033983408819551,-0.0007033983408819551,0.0,-0.0029156068023410008,-0.0019979747865788255,-0.001086364967954896,-0.0010451665217974882,0.0,0.0013248551084144053,0.0015311279550861267,-0.0008350777063115311,-0.0007873213510010463,0.0,0.0,0.0,-0.0009701242626894173,-0.0009701242626894173,0.0,0.0030518215813108525,0.0030573839873693906,-0.0007033983408819551,-0.0007033983408819551,0.0,0.0,-0.0009063983584944893
2025-10-01,0.0,0.0,-0.000685304922272787,-0.0006829500742238867,0.0,0.000999460454411424,0.0010059841771574642,-0.000709706023522992,-0.0006752663390817615,0.0,-0.0030665632003646407,-0.0029259738187025664,-0.0009115099892083626,-0.0009051537398842391,0.0,-0.0003760236123170382,0.00028878675512313955,-0.000800537360362759,-0.0007456353483484325,0.0,0.0,0.0,-0.000685304922272787,-0.0006829500742238867,0.0,0.000999460454411424,0.0010059841771574642,-0.000709706023522992,-0.0006752663390817615,0.0,0.0,-0.0006860030465598837
2025-10-02,0.0,0.0,0.004613254167879251,0.004613254167879251,0.0,0.0006921223651449027,0.0007002013430039622,0.0047408762293853265,0.0047408762293853265,0.0,-0.0019762487916155833,-0.0016915647897572865,0.004776269482625769,0.004786014451703778,0.0,-0.0030089763358076534,-0.002594438594381066,0.004566128330696958,0.00457721156596444,0.0,0.0,0.0,0.004613254167879251,0.004613254167879251,0.0,0.0006921223651449027,0.0007002013430039622,0.0047408762293853265,0.0047408762293853265,0.0,0.0,0.004586998850209921
2025-10-03,0.0,0.0,-0.007045689152470476,-0.007042454784521217,0.0,0.0008750910636560025,0.0008750910636560025,-0.007254635896892205,-0.007254635896892205,0.0,0.007467984156666458,0.007505352943376394,-0.007130102820993006,-0.007127160056582194,0.0,0.006803385905226264,0.007409782889547694,-0.00689572162485348,-0.006883319702961724,0.0,0.0,0.0,-0.007045689152470476,-0.007042454784521217,0.0,0.0008750910636560025,0.0008750910636560025,-0.007254635896892205,-0.007254635896892205,0.0,0.0,-0.0070114019091086595
2025-10-06,0.0,0.0,0.003236421376508924,0.003260170646525595,0.0,0.0013468557766958403,0.0013618390175261143,0.0034014671921603176,0.0034245079676514345,0.0,0.015782633328912065,0.016783830618123816,0.003984538132872959,0.004054055732690174,0.0,0.011588631928369113,0.012017137811824008,0.0038778131271279,0.0039361788680469115,0.0,0.0,0.0,0.003236421376508924,0.003260170646525595,0.0,0.0013468557766958403,0.0013618390175261143,0.0034014671921603176,0.0034245079676514345,0.0,0.0,0.0032637254608868264
2025-10-07,0.0,0.0,0.004740391868712393,0.004740391868712393,0.0,-0.0011023951130989121,-0.0011023951130989121,0.004856710684784952,0.004873559383955688,0.0,0.002544077277540902,0.003002276709653178,0.004952424002906287,0.004966927380051021,0.0,-0.0009711629967376722,-0.0008769636483919926,0.004882709723099709,0.004895985884961358,0.0,0.0,0.0,0.004740391868712393,0.004740391868712393,0.0,-0.0011023951130989121,-0.0011023951130989121,0.004856710684784952,0.004873559383955688,0.0,0.0,0.0047980417487029844
2025-10-08,0.0,0.0,0.006290350518517999,0.006294707579391401,0.0,-0.0007389745662221246,-0.0007389745662221246,0.00633895477503352,0.006341906316232018,0.0,0.0003923801947218581,0.001281183827333692,0.006419445802226243,0.006580568555665798,0.0,-0.0018786042085275753,-0.0015784902709914703,0.006265918842020349,0.006364827096814221,0.0,0.0,0.0,0.006290350518517999,0.006294707579391401,0.0,-0.0007389745662221246,-0.0007389745662221246,0.00633895477503352,0.006341906316232018,0.0,0.0,0.006317299228038321
2025-10-09,0.0,0.0,0.009355682213375712,0.009355682213375712,0.0,0.0005194297236370852,0.0005401027108878674,0.009101419879892826,0.009113759657816354,0.0,-0.0005657327295983693,-0.0004898097918484485,0.008931959450210022,0.008991630947738794,0.0,-0.00034790187917777124,-0.00026720717967655314,0.008463903788238268,0.008493123224561656,0.0,0.0,0.0,0.009355682213375712,0.009355682213375712,0.0,0.0005194297236370852,0.0005401027108878674,0.009101419879892826,0.009113759657816354,0.0,0.0,0.009384648975669213
2025-10-10,0.0,0.0,-0.001739740678168342,-0.001739740678168342,0.0,-0.0019908502516542024,-0.0019908502516542024,-0.001731718827942112,-0.0017223471509402758,0.0,0.004832616846797438,0.004989268053251765,-0.00041815227261431977,-0.00030461693651755997,0.0,0.00015451226099480773,0.0002740858969457768,-0.0011960756515193558,-0.0011337635462914017,0.0,0.0,0.0,-0.001739740678168342,-0.001739740678168342,0.0,-0.0019908502516542024,-0.0019908502516542024,-0.001731718827942112,-0.0017223471509402758,0.0,0.0,-0.001559940803040024
2025-10-13,0.0,0.0,0.0,0.0,0.0,-0.0001773198829914372,0.0,-6.808753863504545e-05,0.0,0.0,-0.0008608732695210515,0.0,-2.5109938484948425e-05,0.0,0.0,-0.00014254791136647993,0.0,-1.927666469181427e-05,0.0,0.0,0.0,0.0,0.0,0.0,0.0,-0.0001773198829914372,0.0,-6.808753863504545e-05,0.0,0.0,0.0,0.0
2025-10-14,0.0,0.0,0.0032486269589503294,0.0032486269589503294,0.0,0.001983640768534574,0.0021135027909458923,0.0029872486522774496,0.003031458366935778,0.0,-0.0012944075702798008,-0.0009401207538202044,0.0034910023031535244,0.003504364199003587,0.0,0.0020422502008147986,0.0021943238101559018,0.0034493780179069558,0.003472082317018369,0.0,0.0,0.0,0.0032486269589503294,0.0032486269589503294,0.0,0.001983640768534574,0.0021135027909458923,0.0029872486522774496,0.003031458366935778,0.0,0.0,0.0033145357675821016
2025-10-15,0.0,0.0,-0.005418613702005557,-0.005415291234801601,0.0,0.00026018832801351615,0.0004176213420344118,-0.005487689450465046,-0.005411382714170394,0.0,-0.003936380104414689,-0.0028371362275267345,-0.006233974602113983,-0.006182678567967238,0.0,0.0006206112770122823,0.0008308987940031699,-0.005602287865975025,-0.005539447833011384,0.0,0.0,0.0,-0.005418613702005557,-0.005415291234801601,0.0,0.00026018832801351615,0.0004176213420344118,-0.005487689450465046,-0.005411382714170394,0.0,0.0,-0.005479845393724162
2025-10-16,0.0,0.0,-0.0017670813424976355,-0.0017670813424976355,0.0,-0.0013043001230329512,-0.0012759758398170748,-0.0023575347917037938,-0.002321262160310273,0.0,1.6655430035246097e-05,0.0006265409594777914,-0.0015988352075421888,-0.001561601208224829,0.0,0.0005231652161676084,0.000630370674175783,-0.0017576808505886674,-0.0017285430354818008,0.0,0.0,0.0,-0.0017670813424976355,-0.0017670813424976355,0.0,-0.0013043001230329512,-0.0012759758398170748,-0.0023575347917037938,-0.002321262160310273,0.0,0.0,-0.001722134872821354
2025-10-17,0.0,0.0,-0.000845016815079264,-0.0008333476583100831,0.0,-0.0028024197050001737,-0.0028024197050001737,-0.0017912269925251622,-0.0017631466861078545,0.0,-0.0005596267527846611,-0.0005569986969977321,-0.0009886940759180967,-0.0009886940759180967,0.0,-0.0025308123351789873,-0.0024745832597209767,-0.0013511454718251731,-0.0013447451617430168,0.0,0.0,0.0,-0.000845016815079264,-0.0008333476583100831,0.0,-0.0028024197050001737,-0.0028024197050001737,-0.0017912269925251622,-0.0017631466861078545,0.0,0.0,-0.0009177135834280215
2025-10-20,0.0,0.0,-0.002001411221100963,-0.001994631962239006,0.0,0.002843538213328515,0.002882059869242549,-0.0006708201199580851,-0.0005738024811704249,0.0,0.002771316646450663,0.0031332865127441257,-0.0019714420057613345,-0.0018105998843913102,0.0,0.002022620569390998,0.0021322796591428063,-0.0014662791936572834,-0.0014032749043762407,0.0,0.0,0.0,-0.002001411221100963,-0.001994631962239006,0.0,0.002843538213328515,0.002882059869242549,-0.0006708201199580851,-0.0005738024811704249,0.0,0.0,-0.0027942174055010315
2025-10-21,0.0,0.0,0.0027907746193438086,0.0027952307902736223,0.0,-0.0014919688920061905,-0.001451004714905789,0.0021837711042630307,0.00228968883990954,0.0,0.002412812468203031,0.0025121258152661532,0.0030586302405281197,0.003066222431707819,0.0,-0.0014512785958803742,-0.0013623493374853041,0.002846322619882466,0.0028868065131527126,0.0,0.0,0.0,0.0027907746193438086,0.0027952307902736223,0.0,-0.0014919688920061905,-0.001451004714905789,0.0021837711042630307,0.00228968883990954,0.0,0.0,-0.003780609668832001
2025-10-22,0.0,0.0,-0.0014734858376136465,-0.0014646528827163407,0.0,-0.0022349364319618537,-0.0022349364319618537,-0.0017271456174002627,-0.0017071667915589744,0.0,-0.0029901748127856443,-0.002602144977444485,-0.002470420032677028,-0.0023430661304369767,0.0,-0.003269122065432467,-0.0031372631130703772,-0.002101287181516735,-0.00204225156161624,0.0,0.0,0.0,-0.0014734858376136465,-0.0014646528827163407,0.0,-0.0022349364319618537,-0.0022349364319618537,-0.0017271456174002627,-0.0017071667915589744,0.0,0.0,-0.0015120457394927397
2025-10-23,0.0,0.0,0.001361661835870525,0.0013645933026014488,0.0,0.0004648997249572347,0.0007325944676909649,0.0013005887593295644,0.0013851003894269397,0.0,-0.004093184829615651,-0.0038602639299256426,0.001013357863052893,0.0010340491274155744,0.0,-0.0004753936870638676,-0.00023534167422635516,0.0012000093292527084,0.001251840866017983,0.0,0.0,0.0,0.001361661835870525,0.0013645933026014488,0.0,0.0004648997249572347,0.0007325944676909649,0.0013005887593295644,0.0013851003894269397,0.0,0.0,0.0013898590868124151
2025-10-24,0.0,0.0,0.0019614199486282504,0.00196433511154851,0.0,0.002181656945669981,0.0023869567399845285,0.002153215747512986,0.0021820703984159677,0.0,-0.004069979660869084,-0.003878908002329903,0.0010483520552147867,0.0018878603843823895,0.0,0.00047253469510961466,0.0006801600900634874,0.001436637641891154,0.0020350412090085804,0.0,0.0,0.0,0.0019614199486282504,0.00196433511154851,0.0,0.002181656945669981,0.0023869567399845285,0.002153215747512986,0.0021820703984159677,0.0,0.0,0.0019871300024654768
2025-10-27,0.0,0.0,-0.0030704408318058124,-0.003067999295595333,0.0,0.0020165478856609027,0.002355083478657638,-0.0026634390068070073,-0.0023703137903414847,0.0,0.0005621261941991635,0.0012511048999010526,0.002558387617837197,0.003408977348979051,0.0,0.0025850394310268075,0.0029281093812494946,0.0027675493574614253,0.00335768622210491,0.0,0.0,0.0,-0.0030704408318058124,-0.003067999295595333,0.0,0.0020165478856609027,0.002355083478657638,-0.0026634390068070073,-0.0023703137903414847,0.0,0.0,-0.0030295713809851015
2025-10-28,0.0,0.0,-0.00563963170758614,-0.005629601030428692,0.0,-0.0018935743584663932,-0.001876710428093688,-0.0044938687515553525,-0.004478573756965296,0.0,0.0032796749041340703,0.004106007297821329,-0.005876280788698406,-0.00581466104046031,0.0,-0.0026578477347650943,-0.0023967660589527037,-0.005685825284514685,-0.005642755448021928,0.0,0.0,0.0,-0.00563963170758614,-0.005629601030428692,0.0,-0.0018935743584663932,-0.001876710428093688,-0.0044938687515553525,-0.004478573756965296,0.0,0.0,-0.005611835697457111
2025-10-29,0.0,0.0,-0.0018560069438042955,-0.0018560069438042955,0.0,0.00233804990713033,0.0024308944795640446,0.0011381140824282192,0.0011862256354522752,0.0,-0.005428884775672954,-0.005196704349839346,-0.0024053626076343724,-0.0023954294327337934,0.0,0.0001703613376074444,0.00033886122007564904,-0.0012470121644385466,-0.0012194659729347812,0.0,0.0,0.0,-0.0018560069438042955,-0.0018560069438042955,0.0,0.00233804990713033,0.0024308944795640446,0.0011381140824282192,0.0011862256354522752,0.0,0.0,-0.0019231834867225685
2025-10-30,0.0,0.0,0.016929196717770517,0.016950073348082184,0.0,0.0036267677989074783,0.0037508382822358287,0.012925990087714853,0.013102993281513549,0.0,0.006376091708392705,0.00641199796594271,0.017741382655873564,0.017797625476882628,0.0,0.0028736924835089978,0.003041805666951798,0.01810495531127803,0.018185490366875893,0.0,0.0,0.0,0.016929196717770517,0.016950073348082184,0.0,0.0036267677989074783,0.0037508382822358287,0.012925990087714853,0.013102993281513549,0.0,0.0,0.017031551371313527
2025-10-31,0.0,0.0,0.004607556870020133,0.004607556870020133,0.0,0.0007675298503994168,0.0008178652099627506,0.004468764845530548,0.004518882615802115,0.0,0.002509929728823286,0.003097443828394624,0.0048258587071372885,0.004863897031051793,0.0,-0.0006089553976810359,-0.00034160810156415864,0.004415571753523953,0.004450733438950554,0.0,0.0,0.0,0.004607556870020133,0.004607556870020133,0.0,0.0007675298503994168,0.0008178652099627506,0.004468764845530548,0.004518882615802115,0.0,0.0,0.0047105178645746966
2025-11-03,0.0,0.0,0.0032890191322901196,0.0032890191322901196,0.0,-0.0009378865152552646,-0.0008318034778064104,0.0029360621468100916,0.002961443276348979,0.0,-0.0031700665164857327,-0.0020466316073322723,0.0033255318756693357,0.0033731350470511774,0.0,-0.002861643566831504,-0.0023856500011932855,0.002961099348902675,0.0030198474069920264,0.0,0.0,0.0,0.0032890191322901196,0.0032890191322901196,0.0,-0.0009378865152552646,-0.0008318034778064104,0.0029360621468100916,0.002961443276348979,0.0,0.0,0.003300787943073703
2025-11-04,0.0,0.0,0.009133456841358793,0.009133456841358793,0.0,0.0013695805726822363,0.0014370623662245652,0.008755395980593172,0.0088814461126326,0.0,0.005117949128873385,0.00515835289680723,0.009143218951508979,0.009148750540319082,0.0,3.799214938459748e-05,0.00015744385078654902,0.00894203981346061,0.008989014464476178,0.0,0.0,0.0,0.009133456841358793,0.009133456841358793,0.0,0.0013695805726822363,0.0014370623662245652,0.008755395980593172,0.0088814461126326,0.0,0.0,0.009099417907862499
2025-11-05,0.0,0.0,0.001791644616846743,0.001791644616846743,0.0,0.0021246000504016316,0.0022993560399478864,0.002633574461145395,0.00280821613473166,0.0,-0.002208312267141082,-0.0015567389621293183,0.001686448117115806,0.0017042216633058427,0.0,0.0021529018664690567,0.0024209340983538242,0.0023040023952808357,0.0023694480708774802,0.0,0.0,0.0,0.001791644616846743,0.001791644616846743,0.0,0.0021246000504016316,0.0022993560399478864,0.002633574461145395,0.00280821613473166,0.0,0.0,0.001804744506864074
2025-11-06,0.0,0.0,-0.00068293801582019,-0.00068293801582019,0.0,-0.013332060133838452,-0.013146494192415006,-0.0035202228507321956,-0.0035040299689902622,0.0,-0.006877863533813852,-0.006856993621395005,-0.0011798583257562208,-0.001148903983670765,0.0,-0.01686673279974911,-0.016650181621320693,-0.0029290924424073316,-0.0029145525981911402,0.0,0.0,0.0,-0.00068293801582019,-0.00068293801582019,0.0,-0.013332060133838452,-0.013146494192415006,-0.0035202228507321956,-0.0035040299689902622,0.0,0.0,-0.0006593924451248402
2025-11-07,0.0,0.0,-0.006067765731514917,-0.006065574995626378,0.0,-0.00553409211995716,-0.005505006680294742,-0.007463019192123075,-0.007404663555786197,0.0,-0.00037393066630427984,0.00012345718658241466,-0.006678183002725396,-0.006631706423477587,0.0,-0.002799177323957518,-0.0025328111025834797,-0.006660645542205744,-0.006583999133232824,0.0,0.0,0.0,-0.006067765731514917,-0.006065574995626378,0.0,-0.00553409211995716,-0.005505006680294742,-0.007463019192123075,-0.007404663555786197,0.0,0.0,-0.005966701516554696
2025-11-10,0.0,0.0,-0.00219645681021223,-0.001393980004469654,0.0,0.010864739472526577,0.010904455615805525,0.0013473817433292527,0.002141478015157344,0.0,-0.002765914322812718,-0.002307794336470451,-0.0025829999871322595,-0.0017937512815843417,0.0,0.008279058090979608,0.008665200282348939,0.0001998448256779531,0.001013509389078024,0.0,0.0,0.0,-0.00219645681021223,-0.001393980004469654,0.0,0.010864739472526577,0.010904455615805525,0.0013473817433292527,0.002141478015157344,0.0,0.0,-0.002224894391400809
2025-11-11,0.0,0.0,0.0,0.0,0.0,-0.00021974924436711602,0.0,-8.216440725297792e-05,0.0,0.0,-8.10085050831031e-05,0.0,-0.000186612545907602,0.0,0.0,-0.00029581266347682947,0.0,-0.00033317704072916894,0.0,0.0,0.0,0.0,0.0,0.0,0.0,-0.00021974924436711602,0.0,-8.216440725297792e-05,0.0,0.0,0.0,0.0
2025-11-12,0.0,0.0,0.007104482436206861,0.007111741586930439,0.0,-0.0006201447979854403,-0.0003447774448191614,0.007082165385729,0.007101925706952284,0.0,0.008924065133715825,0.010110713490718638,0.0075323374952839675,0.007608540959192134,0.0,0.007235025038835088,0.008051333409460806,0.007829484506849017,0.007911286945722584,0.0,0.0,0.0,0.007104482436206861,0.007111741586930439,0.0,-0.0006201447979854403,-0.0003447774448191614,0.007082165385729,0.007101925706952284,0.0,0.0,0.007104482436206862
2025-11-13,0.0,0.0,0.0061656572859295445,0.006976086888362952,0.0,-0.004177101082114988,-0.004005333881975245,0.005669743857552383,0.00646873222697994,0.0,0.0016436028065741398,0.0017398045592515797,0.006806175277448773,0.007662288375688519,0.0,0.002156037784240279,0.0025814324834898855,0.006858904448046252,0.0077221620542644535,0.0,0.0,0.0,0.0061656572859295445,0.006976086888362952,0.0,-0.004177101082114988,-0.004005333881975245,0.005669743857552383,0.00646873222697994,0.0,0.0,0.0061656572859295445
2025-11-14,0.0,0.0,0.005341208825206815,0.005341208825206815,0.0,0.0028425428884331625,0.0033703050660760956,0.006050714044480518,0.0061421722664922246,0.0,-0.0012942274656272037,-0.0010431852870528178,0.00035977882365914826,0.0006138127833012243,0.0,-0.0014966127002475772,-0.0009867280204396344,-1.37966560370688e-05,0.000319336266477055,0.0,0.0,0.0,0.005341208825206815,0.005341208825206815,0.0,0.0028425428884331625,0.0033703050660760956,0.006050714044480518,0.0061421722664922246,0.0,0.0,0.005341208825206813
2025-11-17,0.0,0.0,0.0025140376700758813,0.0025140376700758813,0.0,-0.003328117741405616,-0.0028223173593234,0.0020539398827569165,0.002114014835848447,0.0,0.002728437732463403,0.002965747710998482,0.0040695724489084335,0.004295892750027916,0.0,0.003597436908161306,0.004181377321861381,0.004914169423910617,0.00536650715086008,0.0,0.0,0.0,0.0025140376700758813,0.0025140376700758813,0.0,-0.003328117741405616,-0.0028223173593234,0.0020539398827569165,0.002114014835848447,0.0,0.0,0.002514037670075881
2025-11-18,0.0,0.0,0.0025728371829589246,0.0025728371829589246,0.0,0.002948729113356336,0.003466385515664054,0.0029599929921576545,0.0030297459935647317,0.0,-0.001283086511629469,-0.0003496356649670255,0.0015406942011513586,0.0019455627113628352,0.0,0.0012327557940193415,0.0019894770520913303,0.0022210116254366636,0.002536568864976636,0.0,0.0,0.0,0.0025728371829589246,0.0025728371829589246,0.0,0.002948729113356336,0.003466385515664054,0.0029599929921576545,0.0030297459935647317,0.0,0.0,0.002572837182958924
2025-11-19,0.0,0.0,0.010877408994098926,0.011700497304205035,0.0,-0.0042628174200957675,-0.0035587081969951223,0.011481349063193157,0.011786187308453091,0.0,-0.004475432623183374,-0.004259059308753601,0.006739858549263848,0.007376553904810365,0.0,-0.004754896541214569,-0.004357829656793722,0.008195279843951202,0.008834041685728019,0.0,0.0,0.0,0.010877408994098926,0.011700497304205035,0.0,-0.0042628174200957675,-0.0035587081969951223,0.011481349063193157,0.011786187308453091,0.0,0.0,0.010877408994098923
2025-11-20,0.0,0.0,-0.004608471022403054,-0.0037846611830596334,0.0,0.003275669811123113,0.003275669811123113,0.004220343544479433,0.004545781702391385,0.0,0.002828401629989281,0.0030706814616816786,-0.0030840086609385396,-0.0025848731986685023,0.0,0.004047863546352018,0.004431653861704479,-0.0005094440701555468,4.431848176289205e-05,0.0,0.0,0.0,-0.004608471022403054,-0.0037846611830596334,0.0,0.003275669811123113,0.003275669811123113,0.004220343544479433,0.004545781702391385,0.0,0.0,-0.004608471022403054
2025-11-21,0.0,0.0,2.5526918820143233e-05,0.0008597166004968373,0.0,0.001942641708803121,0.001974336243217167,0.0005780655005168289,0.0011199542254996312,0.0,-0.006174805811872618,-0.005908467135470981,-0.0023722325914204015,-0.0018615927198322249,0.0,-0.005713395994010496,-0.005287244953341186,-0.002219195314204105,-0.0016698655221574355,0.0,0.0,0.0,2.5526918820143233e-05,0.0008597166004968373,0.0,0.001942641708803121,0.001974336243217167,0.0005780655005168289,0.0011199542254996312,0.0,0.0,2.5526918820143124e-05
2025-11-24,0.0,0.0,-0.0005712202932269764,-0.0005712202932269764,0.0,0.0011951094029774708,0.0012340666204254953,0.0008865960802511305,0.001279474378156495,0.0,0.000990976765942393,0.0018408401243813727,-0.00024036359197248595,-0.00013218619214173732,0.0,0.0011963710997792412,0.001759492907961528,0.0005194409120028744,0.0009018084232382047,0.0,0.0,0.0,-0.0005712202932269764,-0.0005712202932269764,0.0,0.0011951094029774708,0.0012340666204254953,0.0008865960802511305,0.001279474378156495,0.0,0.0,-0.0005712202932269764
2025-11-25,0.0,0.0,0.002416878649080526,0.002416878649080526,0.0,0.0033669613424188146,0.0034117219119937313,0.00468785602712304,0.004810536896113269,0.0,-0.003385849514456159,-0.003000229017986201,0.002149942110389887,0.0021536037830150495,0.0,-0.0007546935294511554,-0.0005321661496398842,0.002337723265223567,0.002441638636056942,0.0,0.0,0.0,0.002416878649080526,0.002416878649080526,0.0,0.0033669613424188146,0.0034117219119937313,0.00468785602712304,0.004810536896113269,0.0,0.0,0.0024168786490805258
2025-11-26,0.0,0.0,0.011516028313258863,0.011524327279810613,0.0,0.0031923288048936564,0.0032037958125237928,0.006296063306678636,0.006556296578507989,0.0,-0.011601009211136003,-0.011438082163869217,0.011033693063739695,0.011155959432081804,0.0,0.0027292358034432408,0.0032822224243398562,0.012388162162961482,0.012565202955503391,0.0,0.0,0.0,0.011516028313258863,0.011524327279810613,0.0,0.0031923288048936564,0.0032037958125237928,0.006296063306678636,0.006556296578507989,0.0,0.0,0.011516028313258863
2025-11-27,0.0,0.0,-2.5982252596124605e-06,0.0,0.0,0.0,0.0,-6.213384488966872e-05,0.0,0.0,-1.888609280133399e-05,0.0,-1.022179885581679e-05,0.0,0.0,-2.8435435671920467e-05,0.0,-4.882308523978512e-05,0.0,0.0,0.0,0.0,-2.5982252596124605e-06,0.0,0.0,0.0,0.0,-6.213384488966872e-05,0.0,0.0,0.0,-2.598225259612472e-06
2025-11-28,0.0,0.0,0.008051887018149507,0.008075658906396888,0.0,-0.0036476736013192337,-0.0033866772786346,0.005487715119653085,0.005849016659312615,0.0,-0.006656931524449317,-0.006535321696530691,0.00714086752826794,0.007163728350958813,0.0,-0.008010674622273353,-0.00772550160463823,0.00670055233976725,0.006754312788711211,0.0,0.0,0.0,0.008051887018149507,0.008075658906396888,0.0,-0.0036476736013192337,-0.0033866772786346,0.005487715119653085,0.005849016659312615,0.0,0.0,0.008051887018149507
2025-12-01,0.0,0.0,0.000750568562183612,0.0007534549748577312,0.0,0.001625415379139342,0.0017231529752324967,0.0008926578746775008,0.0008926578746775008,0.0,0.005441505677850864,0.0056549083411920964,0.00221480240401666,0.0023349776100394675,0.0,0.005798219247332488,0.006001412714453346,0.0024587319233849462,0.0025862641294063606,0.0,0.0,0.0,0.000750568562183612,0.0007534549748577312,0.0,0.001625415379139342,0.0017231529752324967,0.0008926578746775008,0.0008926578746775008,0.0,0.0,0.0007505685621836123
2025-12-02,0.0,0.0,-0.0037033101086438066,-0.0037033101086438066,0.0,-0.00016159395615724325,-0.0001117919568839947,-0.0037789442799269824,-0.0037760352601989696,0.0,-0.0006495870525258566,-0.0006495870525258566,-0.004792624244897392,-0.0047750552016740545,0.0,-0.0008778496099562629,-0.0008778496099562629,-0.00478044006302597,-0.0047757388645548625,0.0,0.0,0.0,-0.0037033101086438066,-0.0037033101086438066,0.0,-0.00016159395615724325,-0.0001117919568839947,-0.0037789442799269824,-0.0037760352601989696,0.0,0.0,-0.003703310108643807
2025-12-03,0.0,0.0,0.012469661486876839,0.012479078130314092,0.0,0.0009248328397395017,0.0021345275139481,0.012462456347953225,0.012594950037638991,0.0,-0.008022811049182756,-0.008022811049182756,0.011595472184333983,0.011649758451529288,0.0,-0.007764612615641342,-0.007610520829264231,0.011284364112193778,0.011379972875826257,0.0,0.0,0.0,0.012469661486876839,0.012479078130314092,0.0,0.0009248328397395017,0.0021345275139481,0.012462456347953225,0.012594950037638991,0.0,0.0,0.01246966148687684
2025-12-04,0.0,0.0,0.000444332597179439,0.000444332597179439,0.0,-0.001094135855186819,-0.0010479099234768944,0.0003220247879708583,0.0003220247879708583,0.0,0.0012393684189036028,0.001253792571271823,0.0008710176772196805,0.0008885452240372741,0.0,0.00033718445402568947,0.00036834492413691255,0.0007124828599064011,0.0007331793100191042,0.0,0.0,0.0,0.000444332597179439,0.000444332597179439,0.0,-0.001094135855186819,-0.0010479099234768944,0.0003220247879708583,0.0003220247879708583,0.0,0.0,0.00044433259717943934
2025-12-05,0.0,0.0,0.0005552468974162646,0.0005552468974162646,0.0,0.00446451750235403,0.0044883682936798,0.0010649458956820523,0.0010863241407067603,0.0,-0.0032152221018924253,-0.0032018837065514597,-0.00045844230239580245,-0.0003920388102423624,0.0,-0.0027046386901201495,-0.0027046386901201495,-0.0002795320288223411,-0.00022121279535934464,0.0,0.0,0.0,0.0005552468974162646,0.0005552468974162646,0.0,0.00446451750235403,0.0044883682936798,0.0010649458956820523,0.0010863241407067603,0.0,0.0,0.0005552468974162654
2025-12-08,0.0,0.0,-0.0018130801405535153,-0.0018103188031604173,0.0,-0.0005827804792945982,-0.0005538773360356052,-0.002040929164096296,-0.002033961911151778,0.0,-0.002367105432598309,-0.0022204095032765546,-0.0027523037860123353,-0.0027200192989749084,0.0,-0.0025689081625229425,-0.0023981782111367283,-0.0027119104611618675,-0.0026781195232507184,0.0,0.0,0.0,-0.0018130801405535153,-0.0018103188031604173,0.0,-0.0005827804792945982,-0.0005538773360356052,-0.002040929164096296,-0.002033961911151778,0.0,0.0,-0.0018130801405535158
2025-12-09,0.0,0.0,0.002800634857554916,0.002808790252859976,0.0,-0.0031137193300090067,-0.0030090462855790322,0.002529154973308487,0.002538796557875066,0.0,-0.009917258780052217,-0.009747896638053364,0.000745054462347902,0.0007852988559737784,0.0,-0.010740378048915478,-0.010533345241436134,0.0005675575991559282,0.0006121250312466991,0.0,0.0,0.0,0.002800634857554916,0.002808790252859976,0.0,-0.0031137193300090067,-0.0030090462855790322,0.002529154973308487,0.002538796557875066,0.0,0.0,0.0028006348575549157
2025-12-10,0.0,0.0,0.001148456546703909,0.0020058059393228797,0.0,-0.001236442709674767,-0.001217552787620089,0.0012756750477217445,0.001982648339630924,0.0,0.0017597816659278278,0.0017597816659278278,0.002674738108973846,0.0027219173334747187,0.0,0.0020577342283577813,0.0020577342283577813,0.002687494725001296,0.002729098118766608,0.0,0.0,0.0,0.001148456546703909,0.0020058059393228797,0.0,-0.001236442709674767,-0.001217552787620089,0.0012756750477217445,0.001982648339630924,0.0,0.0,0.00200580593932288
2025-12-11,0.0,0.0,-0.015141520999843915,-0.015119391121181915,0.0,-0.000501587248191069,-0.00044066023989925156,-0.011975123807368008,-0.01155445671834992,0.0,-0.0031381939255048334,-0.003101990187427934,0.015022779342324473,0.01512116480733563,0.0,-0.0031739208047633196,-0.0030306470952915438,0.015109911726976824,0.0151852205234279,0.0,0.0,0.0,-0.015141520999843915,-0.015119391121181915,0.0,-0.000501587248191069,-0.00044066023989925156,-0.011975123807368008,-0.01155445671834992,0.0,0.0,0.013513200743519431
2025-12-12,0.0,0.0,0.007968975603825128,0.007968975603825128,0.0,0.0008511698364447916,0.0009031093539331818,0.007560496416116989,0.007927068024415701,0.0,0.000251905897295775,0.00029517017902340437,-0.008170129533255254,-0.008122673119984452,0.0,0.00017639621738718968,0.00024306312408028464,-0.008105627739101267,-0.008075624132123777,0.0,0.0,0.0,0.007968975603825128,0.007968975603825128,0.0,0.0008511698364447916,0.0009031093539331818,0.007560496416116989,0.007927068024415701,0.0,0.0,0.007008051633939772
2025-12-15,0.0,0.0,-0.0025248277795695572,-0.0025248277795695572,0.0,-0.0014586760491732283,-0.00042673925578164595,-0.0026808768538732564,-0.0021665628820464553,0.0,0.002006081826651367,0.002006081826651367,0.0033396403353395075,0.00353158804957511,0.0,0.0018411411827770922,0.002024744825782924,0.003426780632287227,0.00356018879364226,0.0,0.0,0.0,-0.0025248277795695572,-0.0025248277795695572,0.0,-0.0014586760491732283,-0.00042673925578164595,-0.0026808768538732564,-0.0021665628820464553,0.0,0.0,0.0024508957978346033
2025-12-16,0.0,0.0,-0.0027212723252503274,-0.0018856182854287504,0.0,-0.0027507978701531294,-0.002165633805544214,-0.00263412883856455,-0.002059058382665362,0.0,0.0033944764416221247,0.0033944764416221247,0.0025529128005825218,0.0025611463984299182,0.0,0.004030705268851242,0.004253256564726433,0.0026100646973234738,0.0026277513170836608,0.0,0.0,0.0,-0.0027212723252503274,-0.0018856182854287504,0.0,-0.0027507978701531294,-0.002165633805544214,-0.00263412883856455,-0.002059058382665362,0.0,0.0,0.0018315381159056852
2025-12-17,0.0,0.0,-0.006932805781962682,-0.006096304534890711,0.0,0.001178374810554364,0.001178374810554364,0.001481780264495911,0.0019715653853469733,0.0,-0.000806166889802849,-0.000806166889802849,-0.006184680380738162,-0.006152658159857948,0.0,0.00036719681983567333,0.000451243780548201,-0.006267802893621989,-0.0062417023473739525,0.0,0.0,0.0,-0.006932805781962682,-0.006096304534890711,0.0,0.001178374810554364,0.001178374810554364,0.001481780264495911,0.0019715653853469733,0.0,0.0,-0.005931159910423557
2025-12-18,0.0,0.0,-0.0031003180627442142,-0.002259047822254081,0.0,-0.003202707075881951,-0.00317594577425685,-0.003655072943858146,-0.0028396424911056725,0.0,-0.002252641580893179,-0.0021059268177752374,0.0019554630716738888,0.0019898433309240276,0.0,-0.003250535491644784,-0.003027277734661656,0.0018312785264781486,0.0018709295396503313,0.0,0.0,0.0,-0.0031003180627442142,-0.002259047822254081,0.0,-0.003202707075881951,-0.00317594577425685,-0.003655072943858146,-0.0028396424911056725,0.0,0.0,0.0022133623409886574
2025-12-19,0.0,0.0,-0.0030130595445944422,-0.003009058898554304,0.0,0.0012204621415463435,0.0012559667653835322,-0.0026192047379606453,-0.0025999908224099994,0.0,-0.009411375604569998,-0.009290829429874902,-0.003444091487465273,-0.003431006366708475,0.0,-0.005692328248444955,-0.005483443056040847,-0.003387450241658273,-0.003368047127413118,0.0,0.0,0.0,-0.0030130595445944422,-0.003009058898554304,0.0,0.0012204621415463435,0.0012559667653835322,-0.0026192047379606453,-0.0025999908224099994,0.0,0.0,-0.0029249064976602777
2025-12-22,0.0,0.0,0.006673304138439185,0.007519223038305766,0.0,0.0015781149919091371,0.0026606453374118356,0.0074381410772020986,0.008315752594138127,0.0,-0.0010603986245253747,-0.0007911276021441095,0.0076913836046658395,0.007698739951157193,0.0,-0.0019240047461152536,-0.0012635493761481939,0.007602996382652299,0.007652588967088918,0.0,0.0,0.0,0.006673304138439185,0.007519223038305766,0.0,0.0015781149919091371,0.0026606453374118356,0.0074381410772020986,0.008315752594138127,0.0,0.0,0.007320939280658368
2025-12-23,0.0,0.0,-0.007418996765599001,-0.007418996765599001,0.0,-0.0003526399487093437,-6.622179211804042e-05,-0.005628861219732106,-0.005215745505620465,0.0,-0.003223502005131651,-0.003223502005131651,0.0073950083067154775,0.007404319630228644,0.0,-0.002175596088317384,-0.0017773252618002264,0.00735683585889045,0.007382391935551021,0.0,0.0,0.0,-0.007418996765599001,-0.007418996765599001,0.0,-0.0003526399487093437,-6.622179211804042e-05,-0.005628861219732106,-0.005215745505620465,0.0,0.0,0.00717273297675877
2025-12-24,0.0,0.0,-0.00421857458008504,-0.00421857458008504,0.0,0.0034998075780721307,0.0037237523464871665,0.004878681896023748,0.0051263076221679344,0.0,-0.0011425815171303675,-0.0010903155377048287,0.004098896379978472,0.004098896379978472,0.0,0.0032719427014216034,0.003570005723274577,0.004688221085519173,0.004707175448026572,0.0,0.0,0.0,-0.00421857458008504,-0.00421857458008504,0.0,0.0034998075780721307,0.0037237523464871665,0.004878681896023748,0.0051263076221679344,0.0,0.0,0.00410417148195669
2025-12-25,0.0,0.0,0.0,0.0,0.0,-0.000205814360725132,0.0,-0.0003689380011501024,0.0,0.0,0.0,0.0,-8.648057375454349e-06,0.0,0.0,-0.00019473970837321337,0.0,-4.844025660039369e-06,0.0,0.0,0.0,0.0,0.0,0.0,0.0,-0.000205814360725132,0.0,-0.0003689380011501024,0.0,0.0,0.0,0.0
2025-12-26,0.0,0.0,0.0015931708569084672,0.0015931708569084672,0.0,-0.0006883475809129913,0.0004244663802172944,0.0013556038194894857,0.001983734205365753,0.0,-0.0018795992853420141,-0.0017994141237238912,-0.00167493895938414,-0.00167493895938414,0.0,-0.0012275123140077465,-0.00028689465387569013,-0.0017803389868212732,-0.0016585279163035308,0.0,0.0,0.0,0.0015931708569084672,0.0015931708569084672,0.0,-0.0006883475809129913,0.0004244663802172944,0.0013556038194894857,0.001983734205365753,0.0,0.0,-0.0015817474866796537
2025-12-29,0.0,0.0,0.0019910610573598067,0.0028651148130180177,0.0,9.304022476541501e-05,0.0012058541858957004,0.002011731242794279,0.0028172088456976324,0.0,0.005192996212884555,0.005252055223530708,-0.0027245529153805768,-0.0027163493896624883,0.0,0.003171939832297253,0.003997184182965366,-0.002581758439014261,-0.0024711510984646913,0.0,0.0,0.0,0.0019910610573598067,0.0028651148130180177,0.0,9.304022476541501e-05,0.0012058541858957004,0.002011731242794279,0.0028172088456976324,0.0,0.0,-0.00278212301172924
2025-12-30,0.0,0.0,-0.0006153703811825189,0.00028777460742553335,0.0,-0.001998312682590342,-0.0016075635916781655,-0.0009481453976429898,-0.00025627390669251686,0.0,-0.0026578261407998096,-0.002251260964725204,0.00016954138440888197,0.00017781269286719934,0.0,-0.0026979961785657067,-0.0023376623465725384,1.6307909923949256e-05,4.240331739002219e-05,0.0,0.0,0.0,-0.0006153703811825189,0.00028777460742553335,0.0,-0.001998312682590342,-0.0016075635916781655,-0.0009481453976429898,-0.00025627390669251686,0.0,0.0,0.0002497672612355208
2025-12-31,0.0,0.0,0.008443182797136383,0.008443182797136383,0.0,0.0004614793846937767,0.0004868837893348294,0.004627953595849003,0.00504995464024055,0.0,0.0033812058019061296,0.003802727069143688,-0.008246374327676546,-0.008222589194847117,0.0,0.0026927139543419672,0.0027494297620763593,-0.008036578210024164,-0.00798768649430448,0.0,0.0,0.0,0.008443182797136383,0.008443182797136383,0.0,0.0004614793846937767,0.0004868837893348294,0.004627953595849003,0.00504995464024055,0.0,0.0,-0.007934183189783691
2026-01-01,0.0,0.0,0.0,0.0,0.0,-4.191424068934209e-05,0.0,-0.0003591090954003456,0.0,0.0,-0.00018336987258856397,0.0,-3.1323369426615205e-06,0.0,0.0,-0.00022480341019975799,0.0,-0.000540700806168784,0.0,0.0,0.0,0.0,0.0,0.0,0.0,-4.191424068934209e-05,0.0,-0.0003591090954003456,0.0,0.0,0.0,0.0
2026-01-02,0.0,0.0,-0.0016554194833511618,-0.0016554194833511618,0.0,-0.002622692461170385,-0.002608761674812547,-0.004378825221937615,-0.004062714609410836,0.0,0.0023406477738759355,0.0024164823957298575,0.0018334351333634342,0.0018882951644856576,0.0,-0.002516053787471936,-0.002501923014132144,-0.0023831960605404305,-0.0019444931657885294,0.0,0.0,0.0,-0.0016554194833511618,-0.0016554194833511618,0.0,-0.002622692461170385,-0.002608761674812547,-0.004378825221937615,-0.004062714609410836,0.0,0.0,0.001611990120592732
2026-01-05,0.0,0.0,-0.0019723301858495003,-0.0019723301858495003,0.0,-0.003446639094035457,-0.003287651801179379,-0.003535299415254061,-0.00306211961945331,0.0,-5.949309147425285e-05,0.0009490529660017849,0.0014685709461836874,0.0023963891432092228,0.0,-0.004430154595337153,-0.004171496921523414,-0.005952412881539505,-0.005722539480226737,0.0,0.0,0.0,-0.0019723301858495003,-0.0019723301858495003,0.0,-0.003446639094035457,-0.003287651801179379,-0.003535299415254061,-0.00306211961945331,0.0,0.0,0.0019479164376932502
2026-01-06,0.0,0.0,0.004509690401118509,0.004512676637996747,0.0,-0.0021397456652699214,-0.00205894547258311,-0.002238184067178426,-0.0020804663587709,0.0,0.0007822422087361561,0.00099879866874128,0.004682865237859193,0.004693994875548451,0.0,-0.002388890869382482,-0.002289676850652563,-0.00047829420882021246,-0.000293569508788491,0.0,0.0,0.0,0.004509690401118509,0.004512676637996747,0.0,-0.0021397456652699214,-0.00205894547258311,-0.002238184067178426,-0.0020804663587709,0.0,0.0,-0.004457118403863215
2026-01-07,0.0,0.0,0.0025816999849363107,0.0025893739774754607,0.0,-0.004174018219332853,-0.004174018219332853,-0.00524634076131576,-0.004993756745777603,0.0,2.0169382833417964e-05,0.0006676917559466731,0.0026766112406368735,0.0027137333991778373,0.0,-0.004342893661205122,-0.004189959087597365,-0.004267092558612861,-0.003818293554880121,0.0,0.0,0.0,0.0025816999849363107,0.0025893739774754607,0.0,-0.004174018219332853,-0.004174018219332853,-0.00524634076131576,-0.004993756745777603,0.0,0.0,-0.00244186176325941
2026-01-08,0.0,0.0,0.007722712471341579,0.00772616884003603,0.0,0.0018988203877021912,0.0019381825553707267,0.003095929659846339,0.0034727662322689154,0.0,0.001953163931609576,0.0019691652617716596,0.007822085068077689,0.007835521438370564,0.0,0.0020004394299626372,0.002092263561385549,0.008446428145581152,0.008495711214507002,0.0,0.0,0.0,0.007722712471341579,0.00772616884003603,0.0,0.0018988203877021912,0.0019381825553707267,0.003095929659846339,0.0034727662322689154,0.0,0.0,-0.008412099068537408
2026-01-09,0.0,0.0,0.004643472315490572,0.004643472315490572,0.0,-0.0016135622268348493,-0.0016135622268348493,0.0035700666146802427,0.003664056162490223,0.0,-0.0022459391939478406,-0.0020900647025457247,0.004625669852452472,0.004656119658276556,0.0,-0.00237294396103543,-0.002245447107617675,0.00348885150050229,0.0036172687824269044,0.0,0.0,0.0,0.004643472315490572,0.004643472315490572,0.0,-0.0016135622268348493,-0.0016135622268348493,0.0035700666146802427,0.003664056162490223,0.0,0.0,0.004700044505204162
2026-01-12,0.0,0.0,-0.006989786134741195,-0.006989786134741195,0.0,-0.002699125570829851,-0.0026904631355899886,-0.008676741528114158,-0.008471399111338275,0.0,-0.001410065941040713,-0.0014003531197045154,-0.006863720719374292,-0.006863720719374292,0.0,-0.001761566055392105,-0.0016497820981391138,-0.008518998989173934,-0.008214416062355243,0.0,0.0,0.0,-0.006989786134741195,-0.006989786134741195,0.0,-0.002699125570829851,-0.0026904631355899886,-0.008676741528114158,-0.008471399111338275,0.0,0.0,-0.0070954020784757404
2026-01-13,0.0,0.0,0.006155610907457351,0.006155610907457351,0.0,0.0014177390710837395,0.0014476997140495753,0.004776675486835321,0.004931130934753717,0.0,0.001060608911052639,0.001238390325473954,0.006017932567781392,0.006047850653963687,0.0,0.0009397670178054351,0.0010865721204585798,0.004963575579579831,0.005298582496536408,0.0,0.0,0.0,0.006155610907457351,0.006155610907457351,0.0,0.0014177390710837395,0.0014476997140495753,0.004776675486835321,0.004931130934753717,0.0,0.0,0.006300725736839288
2026-01-14,0.0,0.0,-0.003302536649351808,-0.0032932980345530246,0.0,0.0026141900614419585,0.0026141900614419585,0.001609382092355569,0.001733968146575469,0.0,0.0012533053373485236,0.0013176327195552101,-0.0034796447976284434,-0.003476375070609912,0.0,0.0027920356360397157,0.002800925863694757,0.0027741814791961265,0.0031411698936771155,0.0,0.0,0.0,-0.003302536649351808,-0.0032932980345530246,0.0,0.0026141900614419585,0.0026141900614419585,0.001609382092355569,0.001733968146575469,0.0,0.0,-0.0033897537281148233
2026-01-15,0.0,0.0,0.007022637347787587,0.007022637347787587,0.0,-0.0019944238106573467,-0.0019746346287239,-0.002493735893335657,-0.0021348618870635503,0.0,-0.0015477221973920288,-0.00033543990391791305,0.006200882102450764,0.007169208054623363,0.0,-0.0020953773403318467,-0.002031175582339381,-0.008024225685618575,-0.007707983733821754,0.0,0.0,0.0,0.007022637347787587,0.007022637347787587,0.0,-0.0019944238106573467,-0.0019746346287239,-0.002493735893335657,-0.0021348618870635503,0.0,0.0,0.007011706975245882
2026-01-16,0.0,0.0,0.0011782315207610034,0.0011782315207610034,0.0,0.00021801519358491476,0.0002505219164613587,0.0006752134102634907,0.0008549501045954634,0.0,-0.0027147013562175575,-0.002058695901307204,-0.0012160278218927743,-0.0012160278218927743,0.0,0.0002283666585000209,0.0003308014461069441,-0.001315460850368681,-0.0012888651319187426,0.0,0.0,0.0,0.0011782315207610034,0.0011782315207610034,0.0,0.00021801519358491476,0.0002505219164613587,0.0006752134102634907,0.0008549501045954634,0.0,0.0,0.0001310570141399625
2026-01-19,0.0,0.0,-0.0009757414528639189,0.0,0.0,-6.294207920863921e-06,0.0,-0.0006159633436355737,0.0,0.0,-0.0005290159396290723,0.0,-1.576140612686231e-05,0.0,0.0,-0.00020234118093974093,0.0,-2.2302149316720457e-05,0.0,0.0,0.0,0.0,-0.0009757414528639189,0.0,0.0,-6.294207920863921e-06,0.0,-0.0006159633436355737,0.0,0.0,0.0,0.0
2026-01-20,0.0,0.0,0.025131515224538128,0.025221303549254552,0.0,-0.002323924903256607,-0.0021396687368893793,0.02222442565677041,0.022382168834291873,0.0,0.005340612802915529,0.005407275449744586,0.025259781616514723,0.025349945511463887,0.0,0.006622274279344331,0.006956139816541298,0.02576049974772618,0.02586310034270844,0.0,0.0,0.0,0.025131515224538128,0.025221303549254552,0.0,-0.002323924903256607,-0.0021396687368893793,0.02222442565677041,0.022382168834291873,0.0,0.0,0.02472014966644364
2026-01-21,0.0,0.0,-0.0015092858618001247,-0.0015092858618001247,0.0,0.002714214079776265,0.0028352591689790544,-0.0014059654938674848,-0.0013735529592009796,0.0,-0.0023991954407650336,-0.0021117267619254858,-0.0015483982849716599,-0.001545046010383554,0.0,-0.0011449115024575892,-0.000940882805975774,-0.001562257367136978,-0.001557888758011541,0.0,0.0,0.0,-0.0015092858618001247,-0.0015092858618001247,0.0,0.002714214079776265,0.0028352591689790544,-0.0014059654938674848,-0.0013735529592009796,0.0,0.0,-0.0015060523552849017
2026-01-22,0.0,0.0,0.00902686185817981,0.009033035325148146,0.0,-0.005033148349887396,-0.003822705286668837,0.008259694778469225,0.008370644851098327,0.0,-0.00693221426305493,-0.005892310212108651,0.00895686103852227,0.009004797197782294,0.0,-0.005199299762001271,-0.00438560313642373,0.008635672714924178,0.00866887769879858,0.0,0.0,0.0,0.00902686185817981,0.009033035325148146,0.0,-0.005033148349887396,-0.003822705286668837,0.008259694778469225,0.008370644851098327,0.0,0.0,0.008970198484185295
2026-01-23,0.0,0.0,0.010132672519122487,0.010138558087972078,0.0,7.433769792326568e-05,0.0012743376979232656,0.010203820345614964,0.010291281620546676,0.0,0.004076717054115613,0.004087270326897357,0.009790600808615064,0.009814045636970747,0.0,0.003810812648138205,0.004159828387442064,0.009811920066060475,0.009831815351075735,0.0,0.0,0.0,0.010132672519122487,0.010138558087972078,0.0,7.433769792326568e-05,0.0012743376979232656,0.010203820345614964,0.010291281620546676,0.0,0.0,0.010102939899787987
2026-01-26,0.0,0.0,0.016890606329405467,0.017664801669468783,0.0,-0.0074899976744447535,-0.006289997674444753,0.01679685548813637,0.017576347806870896,0.0,-0.009821893128314661,-0.00968291181822168,0.015292307791713238,0.01605696126575699,0.0,-0.011674637406127666,-0.011164268689810254,0.015944680323930458,0.01621037747919393,0.0,0.0,0.0,0.016890606329405467,0.017664801669468783,0.0,-0.0074899976744447535,-0.006289997674444753,0.01679685548813637,0.017576347806870896,0.0,0.0,0.01708259608970727
2026-01-27,0.0,0.0,-0.014659481576356935,-0.014640485199655098,0.0,-0.00045953356657346624,-3.4113010998587136e-05,-0.014699590607769276,-0.014677865971920055,0.0,0.011275834794752698,0.011891981936872418,-0.014414489254510922,-0.01417095656305566,0.0,0.01005585809997681,0.010674498004021555,0.013579300908828563,0.014317086348494507,0.0,0.0,0.0,-0.014659481576356935,-0.014640485199655098,0.0,-0.00045953356657346624,-3.4113010998587136e-05,-0.014699590607769276,-0.014677865971920055,0.0,0.0,-0.014659481576356935
2026-01-28,0.0,0.0,0.0012187817320773726,0.0012227231311005768,0.0,0.0027221350221011925,0.0033901700820932875,0.0012403164693627232,0.0012429712665770307,0.0,-0.0045317284853109326,-0.004217995661105363,-0.0008520959170215789,-0.00047725131485440377,0.0,-0.0043284906882448595,-0.004005450896754874,-0.0011573541981137352,-0.0006652570975788428,0.0,0.0,0.0,0.0012187817320773726,0.0012227231311005768,0.0,0.0027221350221011925,0.0033901700820932875,0.0012403164693627232,0.0012429712665770307,0.0,0.0,0.0012187817320773726
2026-01-29,0.0,0.0,-0.004923999005498753,-0.004923999005498753,0.0,0.005940846816539114,0.006155101723074443,-0.005530259531445592,-0.005003713356342655,0.0,0.005168355336795353,0.005251279413114681,0.0019173145227331665,0.0019592860466943283,0.0,0.005085707680257628,0.005454628610690451,0.0032683069140454187,0.0035936770309154967,0.0,0.0,0.0,-0.004923999005498753,-0.004923999005498753,0.0,0.005940846816539114,0.006155101723074443,-0.005530259531445592,-0.005003713356342655,0.0,0.0,-0.00562235057806679
2026-01-30,0.0,0.0,0.006457328401695719,0.006460626637234375,0.0,0.0003745910855172818,0.0005376720201240468,-0.00243143285464894,-0.0019218087813514966,0.0,-0.0015554899565281893,-0.0014324103348330253,0.00025324518568137954,0.0003387204429887065,0.0,-0.0015783001260278333,-0.001302017989662197,-0.007114956149434026,-0.006758852777138832,0.0,0.0,0.0,0.006457328401695719,0.006460626637234375,0.0,0.0003745910855172818,0.0005376720201240468,-0.00243143285464894,-0.0019218087813514966,0.0,0.0,-0.006502989895413399
2026-02-02,0.0,0.0,0.013787582366064066,0.0138070412674293,0.0,-0.006436528338080064,-0.005236528338080065,0.012112461708449365,0.012253794542787144,0.0,-0.00697439523341654,-0.0063583106948314145,-0.0013727651882703006,-0.0008986306209579495,0.0,-0.008484257463858103,-0.007333998906171423,-0.005495681925155508,-0.004444502708579123,0.0,0.0,0.0,0.013787582366064066,0.0138070412674293,0.0,-0.006436528338080064,-0.005236528338080065,0.012112461708449365,0.012253794542787144,0.0,0.0,-0.014470289197966725
2026-02-03,0.0,0.0,-0.0066684104896566065,-0.0066684104896566065,0.0,0.003647704970634943,0.003647704970634943,-0.006708240306246255,-0.0065112628306498044,0.0,-0.009656858707698918,-0.009491527076273685,-0.007960543915881656,-0.007752884896052869,0.0,-0.003960361745082461,-0.00389635824324378,-0.0048811226694611964,-0.004730773006876127,0.0,0.0,0.0,-0.0066684104896566065,-0.0066684104896566065,0.0,0.003647704970634943,0.003647704970634943,-0.006708240306246255,-0.0065112628306498044,0.0,0.0,-0.007307927900584382
2026-02-04,0.0,0.0,0.006493971457183029,0.006498718791149791,0.0,-0.002852880122865462,-0.002836885674533135,0.005100555502889531,0.0052270257503236935,0.0,0.001438431045754332,0.0018721582723303146,0.0010277778346226313,0.001591857609117463,0.0,0.0011254319826749814,0.0011742769091215343,-0.001097738012106016,-0.0008173555750826981,0.0,0.0,0.0,0.006493971457183029,0.006498718791149791,0.0,-0.002852880122865462,-0.002836885674533135,0.005100555502889531,0.0052270257503236935,0.0,0.0,-0.006394177217578577
2026-02-05,0.0,0.0,0.0035900241689791248,0.004247623947498504,0.0,-0.0032233893524635307,-0.003215659543419121,0.0032062242065481555,0.0038685914948960397,0.0,-0.006287032827242366,-0.00615008341112561,-0.005774798110592513,-0.005469248564080115,0.0,-0.00640424136690855,-0.006364307965729361,-0.005713912309563527,-0.005437997697540263,0.0,0.0,0.0,0.0035900241689791248,0.004247623947498504,0.0,-0.0032233893524635307,-0.003215659543419121,0.0032062242065481555,0.0038685914948960397,0.0,0.0,-0.004269311750715111
2026-02-06,0.0,0.0,0.004581856573507901,0.004581856573507901,0.0,0.0015341923361768758,0.001583012319219072,0.004637242071106088,0.004652418061953728,0.0,-0.0005411922805888067,-0.0005086179076885398,0.004050112029602282,0.004071895029288553,0.0,-0.0007674368110093678,-0.000709399179982966,0.003706534487326909,0.0037492733855530227,0.0,0.0,0.0,0.004581856573507901,0.004581856573507901,0.0,0.0015341923361768758,0.001583012319219072,0.004637242071106088,0.004652418061953728,0.0,0.0,0.004616607846290625
2026-02-09,0.0,0.0,0.011440059031945827,0.011440059031945827,0.0,0.0013346350960848287,0.0015133743766143693,0.01188060454517503,0.011900310719229184,0.0,-0.006558657729611957,-0.006512992225079482,0.009201215866843106,0.009339896665548688,0.0,-0.006570301076174789,-0.006549984418958683,0.008604839467788115,0.009206970438047265,0.0,0.0,0.0,0.011440059031945827,0.011440059031945827,0.0,0.0013346350960848287,0.0015133743766143693,0.01188060454517503,0.011900310719229184,0.0,0.0,0.01140934526829894
2026-02-10,0.0,0.0,0.0031967093082200058,0.0031967093082200058,0.0,-0.006806241065488235,-0.0067878203925451725,0.0022837060908961057,0.002301775312588292,0.0,-0.003092795817150327,-0.0030883043178713066,0.001123519744851462,0.0012029419448531993,0.0,-0.0028380219738980217,-0.0024218904723841486,-0.0017660873864697485,-0.0014505079262164449,0.0,0.0,0.0,0.0031967093082200058,0.0031967093082200058,0.0,-0.006806241065488235,-0.0067878203925451725,0.0022837060908961057,0.002301775312588292,0.0,0.0,0.003055757728565722
2026-02-11,0.0,0.0,0.0008376168696446474,0.001500015265268946,0.0,0.0006176356555487139,0.0012477649638476128,0.0005782314446685943,0.001241159082426372,0.0,-0.0017692904530817158,-0.0017565691283706383,0.00011058861668595751,0.0006713286392698204,0.0,0.004088495713623209,0.004694648839898064,0.00034383878707486927,0.0005432220411985367,0.0,0.0,0.0,0.0008376168696446474,0.001500015265268946,0.0,0.0006176356555487139,0.0012477649638476128,0.0005782314446685943,0.001241159082426372,0.0,0.0,0.0008185991598064701
2026-02-12,0.0,0.0,0.004253383083601845,0.004253383083601845,0.0,-0.009884087605254983,-0.00912872533479122,0.004229281958012282,0.004235162753183364,0.0,0.003541680825597514,0.0035575141652027364,0.0045301503572615495,0.004550748086541601,0.0,-5.786680135962932e-05,0.00030274226771756946,0.004235510219617751,0.004235510219617751,0.0,0.0,0.0,0.004253383083601845,0.004253383083601845,0.0,-0.009884087605254983,-0.00912872533479122,0.004229281958012282,0.004235162753183364,0.0,0.0,0.0042533830836018445
2026-02-13,0.0,0.0,0.0006758679798571813,0.0006758679798571813,0.0,-0.002428312841631514,-0.002161184279989307,0.0006607723188547743,0.0006753906108193276,0.0,0.0019448358207153767,0.00202612200128583,0.0009190776558409351,0.0010178103163097857,0.0,-0.003396030848841589,-0.003079993358736865,0.0005486766737527607,0.0005649667866793386,0.0,0.0,0.0,0.0006758679798571813,0.0006758679798571813,0.0,-0.002428312841631514,-0.002161184279989307,0.0006607723188547743,0.0006753906108193276,0.0,0.0,5.576625662229466e-06
2026-02-16,0.0,0.0,-0.0006759937004225593,0.0,0.0,-0.0011945240952397716,0.0,-0.0006888668615020675,0.0,0.0,-0.0007019579961442917,0.0,-0.00045098474892847726,0.0,0.0,-0.001046032514081744,0.0,-6.062995493854196e-05,0.0,0.0,0.0,0.0,-0.0006759937004225593,0.0,0.0,-0.0011945240952397716,0.0,-0.0006888668615020675,0.0,0.0,0.0,0.0
2026-02-17,0.0,0.0,-0.006943107741535995,-0.006943107741535995,0.0,0.0007731225824621378,0.0007731225824621378,-0.007013197516231695,-0.006924987542090046,0.0,-0.0035632616018617664,-0.003530174035083903,0.0010852977734806203,0.0011975067721306243,0.0,-0.0018983300684899047,-0.0018010782548243426,0.007056045440115521,0.007067989655980794,0.0,0.0,0.0,-0.006943107741535995,-0.006943107741535995,0.0,0.0007731225824621378,0.0007731225824621378,-0.007013197516231695,-0.006924987542090046,0.0,0.0,-0.006828337725285572
2026-02-18,0.0,0.0,-0.003025129644297405,-0.002330917529168054,0.0,0.001769573609893935,0.0017812437290827526,-0.00209371206564002,-0.0018054593640778008,0.0,0.004139376987253545,0.004203024941228897,0.005505118815181455,0.005679234663285307,0.0,0.004497432808866593,0.004952705814512085,0.0028136206913462287,0.003051711463444259,0.0,0.0,0.0,-0.003025129644297405,-0.002330917529168054,0.0,0.001769573609893935,0.0017812437290827526,-0.00209371206564002,-0.0018054593640778008,0.0,0.0,-0.0022923873129220033
2026-02-19,0.0,0.0,0.007304438235333212,0.007304438235333212,0.0,0.0019260390199386484,0.0019410328267417212,-0.004961314203602488,-0.004948790397918979,0.0,-0.006532181240118375,-0.006472964639805535,0.005676738832649479,0.00570045264572199,0.0,0.00039452680525398716,0.000637641169141129,0.007565129163425778,0.00768514274849335,0.0,0.0,0.0,0.007304438235333212,0.007304438235333212,0.0,0.0019260390199386484,0.0019410328267417212,-0.004961314203602488,-0.004948790397918979,0.0,0.0,-0.007189715655994329
2026-02-20,0.0,0.0,-0.0035431958866996034,-0.0035431958866996034,0.0,-0.0018133513571299369,-0.0018133513571299369,0.0013490091021771005,0.0014438487446450945,0.0,0.006053333212268286,0.00613358352707727,-0.0022501305538342132,-0.0022316605222118036,0.0,0.001802210550837922,0.0022718411421295266,-0.003046011690547473,-0.0028447789192292336,0.0,0.0,0.0,-0.0035431958866996034,-0.0035431958866996034,0.0,-0.0018133513571299369,-0.0018133513571299369,0.0013490091021771005,0.0014438487446450945,0.0,0.0,0.0035568784246231013
2026-02-23,0.0,0.0,-0.000434894522829421,-0.000434894522829421,0.0,0.0007906699684943913,0.0007906699684943913,0.0008984700381218648,0.001202889074146254,0.0,-0.003919332124148089,-0.0036346531569146742,-0.001843345492402121,-0.0017371577772081117,0.0,-0.00045859992150506645,-0.00020910381683972092,-0.0007558421288707687,-0.0004926885295073152,0.0,0.0,0.0,-0.000434894522829421,-0.000434894522829421,0.0,0.0007906699684943913,0.0007906699684943913,0.0008984700381218648,0.001202889074146254,0.0,0.0,0.0003353339053922642
2026-02-24,0.0,0.0,0.0007661835051023708,0.0007661835051023708,0.0,-0.0034651627276675815,-0.0034651627276675815,-0.004093287709616519,-0.004074377075589086,0.0,0.009300699448439835,0.009362938751712607,0.001929188959312281,0.0019311516912211449,0.0,0.00012186111950184381,0.000200083092686825,0.00109171039695662,0.0011675411697367397,0.0,0.0,0.0,0.0007661835051023708,0.0007661835051023708,0.0,-0.0034651627276675815,-0.0034651627276675815,-0.004093287709616519,-0.004074377075589086,0.0,0.0,-0.0007866997447306586
2026-02-25,0.0,0.0,-0.002690469906401641,-0.0026787393222304345,0.0,-0.00363331206804616,-0.0035277889419316603,-0.0030168013170369865,-0.0027795001456473634,0.0,0.00593082103166413,0.006071930123906787,-0.0022221052719023976,-0.002198729424580076,0.0,-0.002815849878576294,-0.002648768451317558,-0.004378426939188083,-0.00428331605111543,0.0,0.0,0.0,-0.002690469906401641,-0.0026787393222304345,0.0,-0.00363331206804616,-0.0035277889419316603,-0.0030168013170369865,-0.0027795001456473634,0.0,0.0,0.0027027848344675838
2026-02-26,0.0,0.0,0.0027085625617272804,0.002711831582985463,0.0,0.0032523309372053163,0.0039011017695467186,0.00015741597369085098,0.0005384701864664188,0.0,-0.005563946624839166,-0.005563946624839166,0.002175263944901863,0.002181248805270117,0.0,-0.001738168095239114,-0.001477778716783437,0.0018547099211411776,0.0020110768902274717,0.0,0.0,0.0,0.0027085625617272804,0.002711831582985463,0.0,0.0032523309372053163,0.0039011017695467186,0.00015741597369085098,0.0005384701864664188,0.0,0.0,-0.002643112330904717
2026-02-27,0.0,0.0,-0.004895484883594825,-0.00488943815485747,0.0,0.004159604834743155,0.004416905994253414,0.00802997222108792,0.008253750881927285,0.0,0.0009555193929527994,0.0010555280128683473,-0.0053771781437972005,-0.005358864240658335,0.0,-0.005973263560321746,-0.00555913463140127,-0.006658690688478908,-0.006591029681348884,0.0,0.0,0.0,-0.004895484883594825,-0.00488943815485747,0.0,0.004159604834743155,0.004416905994253414,0.00802997222108792,0.008253750881927285,0.0,0.0,0.004804311252294684
2026-03-02,0.0,0.0,0.01661738726951973,0.01664305827572819,0.0,0.004403594877135558,0.004505667237178415,-0.014638928479650577,-0.014395030430650772,0.0,-0.0024611847791374416,-0.0023708253919149727,0.01702925584215706,0.01708016253879677,0.0,0.003432649437129095,0.004303679728502248,0.017893804481495378,0.018192890441137356,0.0,0.0,0.0,0.01661738726951973,0.01664305827572819,0.0,0.004403594877135558,0.004505667237178415,-0.014638928479650577,-0.014395030430650772,0.0,0.0,-0.016428401322283404
2026-03-03,0.0,0.0,0.00732681019984691,0.007329969157034281,0.0,0.008397734862819441,0.008602732438139131,-0.004771630224367129,-0.004429045186853243,0.0,-0.007946774741293414,-0.007881614652637762,0.007041735561639694,0.007055103428096766,0.0,0.005078721496041442,0.005166807956399658,0.008290056728598111,0.008324091654764337,0.0,0.0,0.0,0.00732681019984691,0.007329969157034281,0.0,0.008397734862819441,0.008602732438139131,-0.004771630224367129,-0.004429045186853243,0.0,0.0,-0.008143301689432166
2026-03-04,0.0,0.0,-0.007197633692977821,-0.007193099710652861,0.0,-0.0038339918131175487,-0.0037925500020188074,0.003166384324993707,0.0032699230413319744,0.0,0.002471504196859976,0.0032409009165882186,-0.0077349695942603835,-0.0074041075507738415,0.0,0.00019944910598128606,0.0004741962917660165,-0.005713428546898657,-0.005629129064057779,0.0,0.0,0.0,-0.007197633692977821,-0.007193099710652861,0.0,-0.0038339918131175487,-0.0037925500020188074,0.003166384324993707,0.0032699230413319744,0.0,0.0,-0.007037857911086197
2026-03-05,0.0,0.0,0.00821713428999814,0.008221833958809847,0.0,0.0029920912127579594,0.0030364671645938847,-0.0015909193894441285,-0.0014821694538178153,0.0,0.003241033344664086,0.0034374971280203385,0.00566196054557708,0.005725804790816741,0.0,0.003158739246365788,0.0032412889831472127,0.008927736796710809,0.008961876553365299,0.0,0.0,0.0,0.00821713428999814,0.008221833958809847,0.0,0.0029920912127579594,0.0030364671645938847,-0.0015909193894441285,-0.0014821694538178153,0.0,0.0,0.008186673712636913
2026-03-06,0.0,0.0,-0.00788475682156658,-0.007881884825517296,0.0,0.0028976266750798184,0.0028976266750798184,0.004546060727796271,0.00481915200865192,0.0,0.002757417584721015,0.0027649757360102708,-0.0034943369880102034,-0.00333758935211019,0.0,0.0049432825753308735,0.004950274779671137,-0.005717457043522756,-0.005586153194872135,0.0,0.0,0.0,-0.00788475682156658,-0.007881884825517296,0.0,0.0028976266750798184,0.0028976266750798184,0.004546060727796271,0.00481915200865192,0.0,0.0,-0.008634877675837394
2026-03-09,0.0,0.0,-0.0007353091576202436,-5.050603908849006e-05,0.0,-1.9877765985256445e-05,3.4772234823243016e-05,-0.000758277892303816,-0.0005383860021499127,0.0,0.0007662127131200158,0.00107345383291455,0.0005652718655898372,0.0008862402412201166,0.0,-0.000598466282808865,-0.0004591982456278092,-0.00029429507006754446,-0.00023215240243050893,0.0,0.0,0.0,-0.0007353091576202436,-5.050603908849006e-05,0.0,-1.9877765985256445e-05,3.4772234823243016e-05,-0.000758277892303816,-0.0005383860021499127,0.0,0.0,1.8860942937801753e-05
2026-03-10,0.0,0.0,0.008154845602333151,0.008160557736846699,0.0,-0.0066598181539696075,-0.006639928216994953,0.0047798137488835254,0.004836692987883268,0.0,-0.0030937656782966537,-0.0025204877461618602,-0.007671786234215481,-0.0075212732195869235,0.0,-0.007255276605304928,-0.006735920731732679,-0.011414213240887644,-0.011009004107422154,0.0,0.0,0.0,0.008154845602333151,0.008160557736846699,0.0,-0.0066598181539696075,-0.006639928216994953,0.0047798137488835254,0.004836692987883268,0.0,0.0,0.008014971516245408
2026-03-11,0.0,0.0,-0.009002598505696985,-0.009002598505696985,0.0,0.00158634522710497,0.00158634522710497,-0.008065529245623933,-0.008061047251129015,0.0,0.003299953960927457,0.0033061211651534846,0.00948395300916938,0.009659395100366995,0.0,-0.002084903381736338,-0.0017111327524200867,0.007294181683256021,0.007693425730999294,0.0,0.0,0.0,-0.009002598505696985,-0.009002598505696985,0.0,0.00158634522710497,0.00158634522710497,-0.008065529245623933,-0.008061047251129015,0.0,0.0,-0.008840350453734226
2026-03-12,0.0,0.0,-0.00706688166756716,-0.007064690816801262,0.0,0.004247621614021138,0.004262225924706621,-0.005323987124284735,-0.005300772921617209,0.0,-0.000983373975575567,-0.0008025034677961927,0.006940374085432275,0.006997928353099292,0.0,0.001583615488254804,0.0020211195930349988,0.0074471423257672555,0.007575823816268858,0.0,0.0,0.0,-0.00706688166756716,-0.007064690816801262,0.0,0.004247621614021138,0.004262225924706621,-0.005323987124284735,-0.005300772921617209,0.0,0.0,-0.00695523241499937
2026-03-13,0.0,0.0,-0.01362290941682146,-0.013604961820184879,0.0,0.0015706734653024353,0.0015977403021491129,-0.010919248293064706,-0.010884814115895806,0.0,-0.002108204378399732,-0.0020626777431448557,0.012075914581667277,0.012100256058716927,0.0,-0.004928492613114963,-0.004537998491276928,0.011897516892362056,0.01198539480716293,0.0,0.0,0.0,-0.01362290941682146,-0.013604961820184879,0.0,0.0015706734653024353,0.0015977403021491129,-0.010919248293064706,-0.010884814115895806,0.0,0.0,-0.013520951858079786
2026-03-16,0.0,0.0,0.006936524706139675,0.0069399124175256125,0.0,-0.0019554408531720535,-0.001945724352260452,0.006050507605912397,0.006114112080286037,0.0,-4.319923313507085e-05,0.00012012929252162705,-0.006177064459731371,-0.006111163824124802,0.0,0.0027040032268233318,0.003013144197593461,-0.005861635899170512,-0.005729445251002888,0.0,0.0,0.0,0.006936524706139675,0.0069399124175256125,0.0,-0.0019554408531720535,-0.001945724352260452,0.006050507605912397,0.006114112080286037,0.0,0.0,0.006969472622683077
2026-03-17,0.0,0.0,0.004414237130114441,0.004414237130114441,0.0,-0.0032245308812911765,-0.0032110412209569762,0.003873347908205328,0.0039004629993015572,0.0,0.00015462505951645983,0.0006775294689445903,-0.004225844105836021,-0.004127712599150366,0.0,-0.001304840503753772,-0.0009834006136827376,-0.004425672135061365,-0.004276241672109528,0.0,0.0,0.0,0.004414237130114441,0.004414237130114441,0.0,-0.0032245308812911765,-0.0032110412209569762,0.003873347908205328,0.0039004629993015572,0.0,0.0,0.004428547871677874
2026-03-18,0.0,0.0,-0.00338564434846316,-0.0027430262371209843,0.0,0.0018321282065496222,0.0018321282065496222,-0.0028562692204936505,-0.0024080491853455577,0.0,-0.0008541243028468822,-0.00065243245911542,0.0025911252176075315,0.0026413477292382024,0.0,-7.478128304945207e-05,3.9817655697910615e-05,0.0026482948874766853,0.0026919631662218387,0.0,0.0,0.0,-0.00338564434846316,-0.0027430262371209843,0.0,0.0018321282065496222,0.0018321282065496222,-0.0028562692204936505,-0.0024080491853455577,0.0,0.0,-0.0026854005753148055
2026-03-19,0.0,0.0,-0.00020871964435813126,-0.00020871964435813126,0.0,0.000794652593568611,0.0008187837780141399,0.0008971945820731303,0.001508047791418418,0.0,-0.0003855066357888747,0.0002833089296322609,-0.0002013964972151068,0.00020874546450837763,0.0,0.00011465904537474956,0.0008129626742634096,-4.443619313135305e-05,0.0003741450688468014,0.0,0.0,0.0,-0.00020871964435813126,-0.00020871964435813126,0.0,0.000794652593568611,0.0008187837780141399,0.0008971945820731303,0.001508047791418418,0.0,0.0,-0.00044059188439676865
2026-03-20,0.0,0.0,0.0016705112250631126,0.0016705112250631126,0.0,-0.0016347045917998182,-0.0016313299880176373,0.0006574634366690442,0.0010669921070119725,0.0,0.0005895220807897137,0.0006799567971025802,0.0026109784616761976,0.0027371617320933028,0.0,0.000213612925109629,0.00030489463234895727,0.001651973445134285,0.0018112155904207053,0.0,0.0,0.0,0.0016705112250631126,0.0016705112250631126,0.0,-0.0016347045917998182,-0.0016313299880176373,0.0006574634366690442,0.0010669921070119725,0.0,0.0,0.001608280235369519
2026-03-23,0.0,0.0,-0.0011882631014900062,-0.001170330718418371,0.0,-0.006990294465190696,-0.005774692489403062,-0.0071512224855223025,-0.006427595891271903,0.0,0.009952623694372685,0.01010997466823429,0.007659122792841237,0.007793725023046416,0.0,0.009780850891270194,0.010088230627813262,0.007075682971064553,0.007286479931124504,0.0,0.0,0.0,-0.0011882631014900062,-0.001170330718418371,0.0,-0.006990294465190696,-0.005774692489403062,-0.0071512224855223025,-0.006427595891271903,0.0,0.0,-0.001180383681245298
2026-03-24,0.0,0.0,0.0024422385476684885,0.00311717788698009,0.0,-0.0003115601992236277,-0.0001732488069194337,0.0021468580650347772,0.0027494096821204708,0.0,0.0023937435878255736,0.0024588510023593147,0.0045516052810319965,0.004777992381541407,0.0,0.0020101673594694453,0.002061969066740917,0.004096877526604378,0.004268928763693702,0.0,0.0,0.0,0.0024422385476684885,0.00311717788698009,0.0,-0.0003115601992236277,-0.0001732488069194337,0.0021468580650347772,0.0027494096821204708,0.0,0.0,0.0022972852208070814
2026-03-25,0.0,0.0,-0.0021915395894475265,-0.0021915395894475265,0.0,0.0027099698189065003,0.0028146180895077255,-0.0009312059271748238,-0.0008427405052368916,0.0,0.0005323510879244164,0.0006712311466923052,0.001416425557813589,0.0016591143311255687,0.0,0.001071143986551066,0.0012470180138036513,0.002528611752656466,0.0026751511802953175,0.0,0.0,0.0,-0.0021915395894475265,-0.0021915395894475265,0.0,0.0027099698189065003,0.0028146180895077255,-0.0009312059271748238,-0.0008427405052368916,0.0,0.0,-0.002191539589447526
2026-03-26,0.0,0.0,-0.005681864118117109,-0.005681864118117109,0.0,-0.003173103202282492,-0.0030466058449685244,-0.0070063268945399415,-0.006898980547437057,0.0,0.0016925375879494485,0.0018446150761006843,0.007321508939163825,0.007437975172649538,0.0,0.0001167262697088139,0.00024437208996929457,0.006182987154718936,0.006288798795443903,0.0,0.0,0.0,-0.005681864118117109,-0.005681864118117109,0.0,-0.003173103202282492,-0.0030466058449685244,-0.0070063268945399415,-0.006898980547437057,0.0,0.0,-0.005681864118117108
2026-03-27,0.0,0.0,-0.005798162762336892,-0.005798162762336892,0.0,0.001791298185413338,0.0021261879586008075,-0.003145933330133685,-0.0028946903170923967,0.0,-0.0020870581614929767,-0.0019460466322870687,0.005600111653916202,0.00570290197780835,0.0,-0.0012545764191870543,-0.0010662287625143167,0.005809585377099038,0.005957204900149585,0.0,0.0,0.0,-0.005798162762336892,-0.005798162762336892,0.0,0.001791298185413338,0.0021261879586008075,-0.003145933330133685,-0.0028946903170923967,0.0,0.0,-0.0057981627623368915
2026-03-30,0.0,0.0,-0.008472592325948727,-0.007784835839479009,0.0,0.0039298260687343845,0.004219845250998085,-0.0078857396760618,-0.007226658910606984,0.0,-0.007331275573866054,-0.006747547427491605,0.0030437825941485018,0.0033988578679347834,0.0,-0.0063201544148771185,-0.00570039164041403,0.0035067356320731408,0.0038756193760874904,0.0,0.0,0.0,-0.008472592325948727,-0.007784835839479009,0.0,0.0039298260687343845,0.004219845250998085,-0.0078857396760618,-0.007226658910606984,0.0,0.0,-0.008472592325948726
2026-03-31,0.0,0.0,-0.00042807906959635623,-0.00042807906959635623,0.0,-0.005570709914355401,-0.005173304801340911,-0.0028596081495792895,-0.0026804684211593887,0.0,0.008056393097670336,0.008112364748572106,0.0027738964661586005,0.002834576461606959,0.0,0.008041018521968094,0.008174434654498932,0.0024932283275844796,0.0027195794990848075,0.0,0.0,0.0,-0.00042807906959635623,-0.00042807906959635623,0.0,-0.005570709914355401,-0.005173304801340911,-0.0028596081495792895,-0.0026804684211593887,0.0,0.0,-0.00042807906959635623
2026-04-01,0.0,0.0,-0.01474012990443837,-0.014724470328950577,0.0,-0.0030996653064023203,-0.0025559428276631406,-0.0150944523377513,-0.014698547377456182,0.0,-0.007222206952061001,-0.006931835597899436,-0.016151269253961594,-0.016048545849917883,0.0,-0.003449115598006062,-0.0031579167181229923,-0.014777504526240787,-0.014556610499942106,0.0,0.0,0.0,-0.01474012990443837,-0.014724470328950577,0.0,-0.0030996653064023203,-0.0025559428276631406,-0.0150944523377513,-0.014698547377456182,0.0,0.0,-0.015400225003437823
2026-04-02,0.0,0.0,0.007677235327971545,0.008338104107336807,0.0,-0.001140752873753806,-9.933879806477478e-05,0.006244035081965328,0.007030576968487567,0.0,0.0032740985348536688,0.0034861876780214454,0.007276990505598113,0.007755769756407397,0.0,-0.0016633087921175695,-0.00096270661768263,0.0040742545942665884,0.00471756350484898,0.0,0.0,0.0,0.007677235327971545,0.008338104107336807,0.0,-0.001140752873753806,-9.933879806477478e-05,0.006244035081965328,0.007030576968487567,0.0,0.0,-0.008206885583659673
2026-04-03,0.0,0.0,-0.005434096157047104,-0.0047780959639909405,0.0,-0.00012585166707298646,4.90300257229492e-06,-0.004896788676390886,-0.004764594785097814,0.0,0.00037471237003714196,0.0007673934837694722,0.002204470290280598,0.002613199623932562,0.0,0.002181732470047605,0.0026163048271156415,-0.0023415242820928332,-0.002004191877205343,0.0,0.0,0.0,-0.005434096157047104,-0.0047780959639909405,0.0,-0.00012585166707298646,4.90300257229492e-06,-0.004896788676390886,-0.004764594785097814,0.0,0.0,-0.0048184041338123675
2026-04-06,0.0,0.0,-0.004450474785255582,-0.004450474785255582,0.0,-0.0004248164487243981,0.0007254888592230523,0.0038601674308871526,0.004540206444179605,0.0,0.0013308138386115248,0.0017785659684163573,-0.0034898055980111045,-0.00321504802243632,0.0,0.0012584405506448708,0.0018633395640227886,-2.4902005209079736e-05,0.0005536681626392544,0.0,0.0,0.0,-0.004450474785255582,-0.004450474785255582,0.0,-0.0004248164487243981,0.0007254888592230523,0.0038601674308871526,0.004540206444179605,0.0,0.0,0.004466602628628832
2026-04-07,0.0,0.0,-0.00020179370204688961,-0.00020179370204688961,0.0,-0.0017840315400381066,-0.001606492889860895,-0.0010783033106045482,-0.000914759662493814,0.0,0.002364441536867255,0.002366334959240264,0.000911044820098794,0.0009192972037735329,0.0,0.0019773945027553716,0.0024482331716100497,0.0005574997854057545,0.0007150880099495976,0.0,0.0,0.0,-0.00020179370204688961,-0.00020179370204688961,0.0,-0.0017840315400381066,-0.001606492889860895,-0.0010783033106045482,-0.000914759662493814,0.0,0.0,0.00020349976418354413
2026-04-08,0.0,0.0,-0.018624458064248634,-0.01860238217372584,0.0,0.009351228664093113,0.00949520294625926,-0.015421230481973597,-0.015356396369225525,0.0,-0.013366721554574142,-0.012516802381455812,-0.020702292393691462,-0.020422190826829015,0.0,-0.00448158523973665,-0.003893686608402353,0.014763855995950094,0.015403600931019279,0.0,0.0,0.0,-0.018624458064248634,-0.01860238217372584,0.0,0.009351228664093113,0.00949520294625926,-0.015421230481973597,-0.015356396369225525,0.0,0.0,0.018101838907065543
2026-04-09,0.0,0.0,-0.0033655320536251252,-0.0033655320536251252,0.0,-0.00170768583921064,-0.00170768583921064,-0.0031116339433735155,-0.0030903155484832277,0.0,0.002858166738574217,0.0029825354893334628,-0.002563984925709436,-0.0025260535625999236,0.0,-9.907581849052144e-05,-1.8576813589654163e-06,-0.0022807177181086834,-0.002147222109808155,0.0,0.0,0.0,-0.0033655320536251252,-0.0033655320536251252,0.0,-0.00170768583921064,-0.00170768583921064,-0.0031116339433735155,-0.0030903155484832277,0.0,0.0,-0.004066887539291245
2026-04-10,0.0,0.0,0.00140656580376281,0.00140656580376281,0.0,0.0028887242193966827,0.0028887242193966827,0.002164150525715549,0.002183396754762336,0.0,-0.004752295973967485,-0.004542621518189522,0.00036560311004641305,0.00040704904622509286,0.0,0.0006977659578940598,0.0008152128133807389,0.001030450629459032,0.0014133357508733773,0.0,0.0,0.0,0.00140656580376281,0.00140656580376281,0.0,0.0028887242193966827,0.0028887242193966827,0.002164150525715549,0.002183396754762336,0.0,0.0,-0.0014630783040880096
2026-04-13,0.0,0.0,-0.0007749691699286518,-0.00014314053021568444,0.0,-0.001539863049857327,-0.001539863049857327,-0.0004790263303960799,-0.00041572480263896925,0.0,-0.00042406462470766194,0.00025740426239735496,-0.0003474214821630451,-0.0001350485080261009,0.0,-0.0022898589305806946,-0.0017260200047795437,-0.0007532916876322449,-0.00039514471443360906,0.0,0.0,0.0,-0.0007749691699286518,-0.00014314053021568444,0.0,-0.001539863049857327,-0.001539863049857327,-0.0004790263303960799,-0.00041572480263896925,0.0,0.0,0.00015170306205637734
2026-04-14,0.0,0.0,0.00995284569787292,0.00995284569787292,0.0,0.00034188195274281865,0.00035691076313149,-0.007319159675667646,-0.007061756161750687,0.0,0.0009936641608343016,0.0010477987716189343,-0.008901197090648325,-0.008772834802942041,0.0,0.0021604162997347553,0.0024057521953654024,-0.0035097695560941788,-0.0032975580102721004,0.0,0.0,0.0,0.00995284569787292,0.00995284569787292,0.0,0.00034188195274281865,0.00035691076313149,-0.007319159675667646,-0.007061756161750687,0.0,0.0,0.009634268472593393
2026-04-15,0.0,0.0,0.0019011681915301947,0.0019011681915301947,0.0,-0.0006940357172596906,-0.0006888590474195182,-0.002005075385313394,-0.0018100799388817632,0.0,0.003260398253493957,0.0033434488435798294,-2.236303572846927e-05,0.00014788138184738324,0.0,0.0022779298543917663,0.00242389500890945,0.0007948335776283648,0.000917033537885587,0.0,0.0,0.0,0.0019011681915301947,0.0019011681915301947,0.0,-0.0006940357172596906,-0.0006888590474195182,-0.002005075385313394,-0.0018100799388817632,0.0,0.0,0.00184063989867097
2026-04-16,0.0,0.0,-0.0005605484678434202,9.086338248204408e-05,0.0,-0.00390701854926398,-0.00390701854926398,-0.002125029037017459,-0.0020428827244526643,0.0,0.0028884461121657925,0.0029775543691834164,0.002076507541759578,0.002194397623037055,0.0,-0.0017637215475365163,-0.0015929738039907005,-0.0014649696645026293,-0.0013179016663987702,0.0,0.0,0.0,-0.0005605484678434202,9.086338248204408e-05,0.0,-0.00390701854926398,-0.00390701854926398,-0.002125029037017459,-0.0020428827244526643,0.0,0.0,9.417186482749097e-05
2026-04-17,0.0,0.0,-0.004648597432489546,-0.004648597432489546,0.0,-0.003482916402759753,-0.003471522544422508,-0.005449169979534776,-0.005431547185068119,0.0,-0.0030846601945959365,-0.0025868690591774445,-0.004238761026071342,-0.0038626986677299194,0.0,-0.0037043133593430253,-0.0033159559429704654,-0.0056339823700684724,-0.0053451808430310796,0.0,0.0,0.0,-0.004648597432489546,-0.004648597432489546,0.0,-0.003482916402759753,-0.003471522544422508,-0.005449169979534776,-0.005431547185068119,0.0,0.0,0.004499424623022265
2026-04-20,0.0,0.0,5.563712541452315e-05,5.563712541452315e-05,0.0,-0.003909252353359172,-0.003909252353359172,-0.0017291214942747018,-0.0016763118928566048,0.0,0.003769839351898826,0.003881811828468385,0.0033924151723568165,0.0035596248128017,0.0,-0.0010919411788410387,-0.0010403586185205947,-0.0009333682278866286,-0.0008894015509961706,0.0,0.0,0.0,5.563712541452315e-05,5.563712541452315e-05,0.0,-0.003909252353359172,-0.003909252353359172,-0.0017291214942747018,-0.0016763118928566048,0.0,0.0,-6.539760317949043e-05
2026-04-21,0.0,0.0,0.002845661010258115,0.002845661010258115,0.0,0.0007684612250360715,0.0007684612250360715,0.0031498860881021937,0.003181588273592679,0.0,0.00404320244234623,0.004044583192812595,0.004162443720616916,0.00430599733401004,0.0,0.0027217304077050315,0.002738652355016045,0.003477967528751074,0.0035361216578262073,0.0,0.0,0.0,0.002845661010258115,0.002845661010258115,0.0,0.0007684612250360715,0.0007684612250360715,0.0031498860881021937,0.003181588273592679,0.0,0.0,-0.0033772942962788034
2026-04-22,0.0,0.0,0.0021479680540258264,0.0021479680540258264,0.0,0.0001581568641016508,0.0001581568641016508,0.0018796781891032292,0.0018849669489969505,0.0,0.0014730990819747406,0.0016209416498571823,0.0029551593712091617,0.0030154282582194767,0.0,0.0007186473696823402,0.0008869548512918455,0.0019204625636928168,0.002140948142422997,0.0,0.0,0.0,0.0021479680540258264,0.0021479680540258264,0.0,0.0001581568641016508,0.0001581568641016508,0.0018796781891032292,0.0018849669489969505,0.0,0.0,0.0015590277628608166
2026-04-23,0.0,0.0,0.00210202443507684,0.002108169808771156,0.0,0.0003241314190964965,0.0003241314190964965,0.0018238784780422834,0.0018360389375684282,0.0,-0.0005815862315579585,-0.0005815862315579585,-9.154406835386919e-05,-2.0983561524424742e-05,0.0,-0.0006604079144709011,-0.0005949874261090187,-0.0004469626776275519,-0.00036227846010231774,0.0,0.0,0.0,0.00210202443507684,0.002108169808771156,0.0,0.0003241314190964965,0.0003241314190964965,0.0018238784780422834,0.0018360389375684282,0.0,0.0,-0.0022467855720805004
2026-04-24,0.0,0.0,-0.0003684563699323223,-0.0003664987349260945,0.0,0.001110036068103047,0.001175397553970891,4.254374852868457e-05,0.00015305443002164326,0.0,0.00017271626431308211,0.0005384944363283832,0.00034023882277077017,0.0007373340881965276,0.0,0.0002422809787583735,0.0008057957059824876,0.0003049930324533121,0.0007677580429986746,0.0,0.0,0.0,-0.0003684563699323223,-0.0003664987349260945,0.0,0.001110036068103047,0.001175397553970891,4.254374852868457e-05,0.00015305443002164326,0.0,0.0,-0.0003298601836547638
2026-04-27,0.0,0.0,-0.004860940523407905,-0.004850571458681766,0.0,-0.0021512035247397794,-0.0020866428277360924,-0.005323532723213329,-0.005290110591259677,0.0,0.004273505292011366,0.004378828022111385,-0.003439702494926934,-0.003337190249907754,0.0,0.0029471190777496997,0.0034809864739749675,-0.0026432105051434718,-0.0023680755574066632,0.0,0.0,0.0,-0.004860940523407905,-0.004850571458681766,0.0,-0.0021512035247397794,-0.0020866428277360924,-0.005323532723213329,-0.005290110591259677,0.0,0.0,-0.00510926233299117
2026-04-28,0.0,0.0,0.005694915334581017,0.005694915334581017,0.0,0.003791617980081915,0.003834095576941705,0.006081311067572208,0.006164275338994925,0.0,-0.0030332996367609284,-0.0029074768022176634,0.005305814815583956,0.005348552743817714,0.0,-0.0007313279329001273,-0.00026615533536122676,0.005671549149353343,0.0057668753245900765,0.0,0.0,0.0,0.005694915334581017,0.005694915334581017,0.0,0.003791617980081915,0.003834095576941705,0.006081311067572208,0.006164275338994925,0.0,0.0,0.00585324762932501
2026-04-29,0.0,0.0,0.0031812445420407627,0.0038853460714992315,0.0,-0.004568360620008657,-0.00383599037641279,0.0031539905761128655,0.003870351040944583,0.0,0.002598391004048925,0.0026562596930357267,0.004259291179620702,0.004276137709181456,0.0,0.001556371923819951,0.001676312406357362,0.004183006371013145,0.004197364051915373,0.0,0.0,0.0,0.0031812445420407627,0.0038853460714992315,0.0,-0.004568360620008657,-0.00383599037641279,0.0031539905761128655,0.003870351040944583,0.0,0.0,0.003174891045884318
2026-04-30,0.0,0.0,0.012341210429527185,0.01304239466167769,0.0,-0.01883251282308918,-0.017974719299973112,0.011678594179121534,0.012366798059487713,0.0,-0.016055158514619444,-0.01557633394151075,-0.014184322353713823,-0.01412750962633213,0.0,-0.017861098575773268,-0.017391254196423764,-0.014218153656971684,-0.01414905577000106,0.0,0.0,0.0,0.012341210429527185,0.01304239466167769,0.0,-0.01883251282308918,-0.017974719299973112,0.011678594179121534,0.012366798059487713,0.0,0.0,0.012341210429527186
2026-05-01,0.0,0.0,-0.00517807001349043,-0.00517807001349043,0.0,-0.0011541526758923777,4.584732410762215e-05,-0.005230852571311502,-0.005131121856548885,0.0,0.0025517691558029237,0.003357432870430855,-0.004976511749051118,-0.0049247244816361425,0.0,0.0010494065607925987,0.0020475531633916467,-0.00505523851821964,-0.004980969747453511,0.0,0.0,0.0,-0.00517807001349043,-0.00517807001349043,0.0,-0.0011541526758923777,4.584732410762215e-05,-0.005230852571311502,-0.005131121856548885,0.0,0.0,-0.00517807001349043
2026-05-04,0.0,0.0,0.008020668857367859,0.008020668857367859,0.0,-0.004745530631996448,-0.003545530631996448,0.007884068991138067,0.007909141160536058,0.0,-0.002881626901171933,-0.002152304636020678,0.007756760606008448,0.007773929927679944,0.0,-0.0038705287608772673,-0.002974665661018906,0.007838674332099196,0.007862434460147031,0.0,0.0,0.0,0.008020668857367859,0.008020668857367859,0.0,-0.004745530631996448,-0.003545530631996448,0.007884068991138067,0.007909141160536058,0.0,0.0,0.008020668857367859
2026-05-05,0.0,0.0,-0.002567432909303975,-0.002567432909303975,0.0,-0.0031843504117798644,-0.0019843504117798643,-0.0024372732845333455,-0.0024280352890952497,0.0,0.005831029549111474,0.005971985103867718,-0.002376650344211212,-0.002376650344211212,0.0,0.00023548992838364396,0.00051232026856134,-0.0025166520836515933,-0.00251099281973628,0.0,0.0,0.0,-0.002567432909303975,-0.002567432909303975,0.0,-0.0031843504117798644,-0.0019843504117798643,-0.0024372732845333455,-0.0024280352890952497,0.0,0.0,-0.002567432909303975
2026-05-06,0.0,0.0,-0.003703296635918101,-0.003703296635918101,0.0,0.001609657558600158,0.001775348228304237,-0.0036522582007828667,-0.0035752811139036964,0.0,-0.008815019733501543,-0.008172578733923692,-0.003894107033540755,-0.003769865743761167,0.0,-0.0050314690013527836,-0.00439811406855561,-0.003790001772973429,-0.003707792767370335,0.0,0.0,0.0,-0.003703296635918101,-0.003703296635918101,0.0,0.001609657558600158,0.001775348228304237,-0.0036522582007828667,-0.0035752811139036964,0.0,0.0,-0.003703296635918101
2026-05-07,0.0,0.0,-0.00021315775155636798,-0.00021315775155636798,0.0,0.0021948188342768337,0.0021948188342768337,4.435690338990926e-05,7.225519916709917e-05,0.0,-0.0012360811748774838,-0.0011245557462291201,-0.0004188233274765609,-0.0003933925375786541,0.0,6.991792523458373e-05,0.00030000084204086523,-0.0002347798393006592,-0.00019662077931789125,0.0,0.0,0.0,-0.00021315775155636798,-0.00021315775155636798,0.0,0.0021948188342768337,0.0021948188342768337,4.435690338990926e-05,7.225519916709917e-05,0.0,0.0,-0.00021315775155636776
2026-05-08,0.0,0.0,6.828588861238013e-05,6.828588861238013e-05,0.0,0.001305262612500062,0.001305262612500062,-0.00018692642450790273,-0.00012652303715643862,0.0,-0.0010734664822412044,-0.0007424843195479758,-1.84508092333347e-05,2.158330731189347e-05,0.0,-0.00017220305537712439,0.00027745393366311496,6.492836093723421e-07,8.324364362686702e-05,0.0,0.0,0.0,6.828588861238013e-05,6.828588861238013e-05,0.0,0.001305262612500062,0.001305262612500062,-0.00018692642450790273,-0.00012652303715643862,0.0,0.0,6.82858886123804e-05
2026-05-11,0.0,0.0,-0.0018084690126721483,-0.0018048733357308904,0.0,0.0005283531422919328,0.0005283531422919328,-0.001796017298455003,-0.0017733175134939615,0.0,-1.2047253486178433e-05,3.0375514258737448e-05,-0.0018293409249210432,-0.0017499309297533611,0.0,-0.00010168963638484117,0.00014966842905803172,-0.0018056448002544809,-0.0017672903681810275,0.0,0.0,0.0,-0.0018084690126721483,-0.0018048733357308904,0.0,0.0005283531422919328,0.0005283531422919328,-0.001796017298455003,-0.0017733175134939615,0.0,0.0,-0.0018084690126721483
2026-05-12,0.0,0.0,0.00843934115341817,0.008442100647354515,0.0,-0.0011808666786808266,-0.0011725430075975928,0.009112645750244274,0.009118788900798619,0.0,0.0011132010531598802,0.0019679376179493674,0.008930153973099464,0.009044364471179867,0.0,0.005914319715872057,0.006049692493161575,0.009465127988545425,0.009488472480097349,0.0,0.0,0.0,0.00843934115341817,0.008442100647354515,0.0,-0.0011808666786808266,-0.0011725430075975928,0.009112645750244274,0.009118788900798619,0.0,0.0,0.008439341153418172
2026-05-13,0.0,0.0,-0.0003267753618081122,-0.0003267753618081122,0.0,-0.0027221335795093674,-0.0015232390654434374,-0.0004954894911019469,-0.0004895027524104501,0.0,-0.00022656921693528092,4.562546207530937e-05,-0.0005249576799931129,-0.0004789589791458369,0.0,0.0028885979899868023,0.0030188744751563964,0.0002686923821918789,0.00029399003315417607,0.0,0.0,0.0,-0.0003267753618081122,-0.0003267753618081122,0.0,-0.0027221335795093674,-0.0015232390654434374,-0.0004954894911019469,-0.0004895027524104501,0.0,0.0,-0.0003267753618081122
2026-05-14,0.0,0.0,0.0047790651106178915,0.0047790651106178915,0.0,0.00045435597944640076,0.0016543559794464009,0.00506315348369659,0.00506315348369659,0.0,0.0009875612280699322,0.0016327318609726102,0.005136129843698712,0.0051681924448571176,0.0,0.001512064971263355,0.0015489964637361126,0.005002799750733212,0.005012041174608542,0.0,0.0,0.0,0.0047790651106178915,0.0047790651106178915,0.0,0.00045435597944640076,0.0016543559794464009,0.00506315348369659,0.00506315348369659,0.0,0.0,0.0047790651106178915
2026-05-15,0.0,0.0,0.011016366584377697,0.011035054501640704,0.0,-0.00515071780671243,-0.003950717806712431,0.011534208142645028,0.011545072350132345,0.0,-0.009681874332864748,-0.00873948105861651,0.011739253733575856,0.011799718455717513,0.0,-0.001048227953926965,-0.000930526026532519,0.011012346903628198,0.011024257021960582,0.0,0.0,0.0,0.011016366584377697,0.011035054501640704,0.0,-0.00515071780671243,-0.003950717806712431,0.011534208142645028,0.011545072350132345,0.0,0.0,0.011016366584377699
2026-05-18,0.0,0.0,-0.003936792572105417,-0.003927907531531086,0.0,-0.0030814862575096907,-0.0030022313344940962,-0.0039967571459389355,-0.003956923271204861,0.0,-0.004835392948151308,-0.004680396291828549,-0.004292069955765326,-0.004257694760555485,0.0,-0.0033540865754651443,-0.0031675471177190807,-0.004297553364334874,-0.004286358497942035,0.0,0.0,0.0,-0.003936792572105417,-0.003927907531531086,0.0,-0.0030814862575096907,-0.0030022313344940962,-0.0039967571459389355,-0.003956923271204861,0.0,0.0,-0.003936792572105417
2026-05-19,0.0,0.0,0.005149357782936673,0.005149357782936673,0.0,0.0007456913242714457,0.0011273347655111603,0.005249153615664406,0.005262609239381484,0.0,-0.0032146824320609863,-0.0026215762740439013,0.005040142465052881,0.005066449866375006,0.0,-0.0028572562895092875,-0.002776274788911868,0.005199415782122475,0.005216664150641384,0.0,0.0,0.0,0.005149357782936673,0.005149357782936673,0.0,0.0007456913242714457,0.0011273347655111603,0.005249153615664406,0.005262609239381484,0.0,0.0,0.004418285734867101
2026-05-20,0.0,0.0,-0.004183234514350423,-0.004183234514350423,0.0,-0.003170559874530532,-0.0020851385893649456,-0.004694883511330043,-0.004425446020473405,0.0,-0.0005281588783811657,8.571655096955422e-05,-0.004291251054531044,-0.00420553917295757,0.0,0.0020166646441758087,0.0022997614196685894,-0.0038416227595134762,-0.003802069746844686,0.0,0.0,0.0,-0.004183234514350423,-0.004183234514350423,0.0,-0.003170559874530532,-0.0020851385893649456,-0.004694883511330043,-0.004425446020473405,0.0,0.0,0.004188022453660934
2026-05-21,0.0,0.0,0.004549257984736764,0.004549257984736764,0.0,0.0004611256297684446,0.0004611256297684446,0.0033250898554886624,0.0034292247294258433,0.0,0.0023284890514228204,0.002362817854874546,0.004645244396168524,0.004663869769273501,0.0,0.0026605772335013596,0.0027649793394238123,0.004734429483846806,0.00474714137409636,0.0,0.0,0.0,0.004549257984736764,0.004549257984736764,0.0,0.0004611256297684446,0.0004611256297684446,0.0033250898554886624,0.0034292247294258433,0.0,0.0,-0.004642519498046574
2026-05-22,0.0,0.0,-0.00045508904888884495,-0.00045508904888884495,0.0,0.0025605600869122148,0.0025849794494800546,-0.00019488666573066213,-0.0001399371622995514,0.0,-0.003241185893366487,-0.0031848609273512755,-0.0009404314677680106,-0.0009404314677680106,0.0,-0.0026042040005395915,-0.002265096193025615,-0.0010338405478990014,-0.0009694408510403143,0.0,0.0,0.0,-0.00045508904888884495,-0.00045508904888884495,0.0,0.0025605600869122148,0.0025849794494800546,-0.00019488666573066213,-0.0001399371622995514,0.0,0.0,0.00046471733095111137
2026-05-25,0.0,0.0,-0.0007511316086836932,0.0,0.0,0.0,0.0,-0.00020347338231887748,0.0,0.0,-0.0007370630703848147,0.0,-0.00026313874803762403,0.0,0.0,-0.00018847157829087366,0.0,-6.905760134983539e-05,0.0,0.0,0.0,0.0,-0.0007511316086836932,0.0,0.0,0.0,0.0,-0.00020347338231887748,0.0,0.0,0.0,0.0
2026-05-26,0.0,0.0,0.0009813939156871506,0.0009813939156871506,0.0,0.0010682840628582746,0.0010682840628582746,0.0004079987242228818,0.00045378050270045666,0.0,-0.0004120092498369129,-0.0003841974811671894,-0.0007223089804803787,-0.0007009206745064463,0.0,1.3689217728211976e-05,0.0004874504390764524,-0.0007430069563807016,-0.0006454456069919677,0.0,0.0,0.0,0.0009813939156871506,0.0009813939156871506,0.0,0.0010682840628582746,0.0010682840628582746,0.0004079987242228818,0.00045378050270045666,0.0,0.0,0.0009529806085512907
2026-05-27,0.0,0.0,-0.0003570430527311049,-0.0003570430527311049,0.0,0.004292035737059838,0.004292035737059838,0.0030874274937753654,0.003206294477653755,0.0,-0.0022175844861110233,-0.0011503415842636416,-0.0007462726571270778,-2.6092294683414775e-05,0.0,0.0020779943787564955,0.002657309241673669,0.0010346775801735684,0.001233824941027578,0.0,0.0,0.0,-0.0003570430527311049,-0.0003570430527311049,0.0,0.004292035737059838,0.004292035737059838,0.0030874274937753654,0.003206294477653755,0.0,0.0,-0.00037052433600951205
2026-05-28,0.0,0.0,0.00438608351252825,0.00438608351252825,0.0,-0.0016416434856980423,-0.0016416434856980423,-0.004490714395844593,-0.004271978386047826,0.0,0.0017721504329470136,0.0019971380462389674,0.00477220271390754,0.004848208765906807,0.0,-0.0009864799268215609,-0.0006169491296007174,-0.0042334371503471285,-0.00381822593999022,0.0,0.0,0.0,0.00438608351252825,0.00438608351252825,0.0,-0.0016416434856980423,-0.0016416434856980423,-0.004490714395844593,-0.004271978386047826,0.0,0.0,0.004301703446717676
2026-05-29,0.0,0.0,0.005174279282419025,0.0051801417955040716,0.0,0.00209416719179794,0.0020987787659180568,0.0016439341737651148,0.0017728656060754327,0.0,-0.0018773433674526521,-0.0015825175926381695,0.004890482299889649,0.0049200590796054265,0.0,0.0011642141837948283,0.0014142298154168384,-0.0003032316351329695,-8.193519240292006e-05,0.0,0.0,0.0,0.005174279282419025,0.0051801417955040716,0.0,0.00209416719179794,0.0020987787659180568,0.0016439341737651148,0.0017728656060754327,0.0,0.0,0.005114243657108416
2026-06-01,0.0,0.0,-0.009510168980069391,-0.009505402269420102,0.0,0.0006851546120713856,0.0018907460440540994,0.004620266351729161,0.005453084274526284,0.0,-0.0028636716938486204,-0.002485878914931075,-0.010019108977430469,-0.009938983357276296,0.0,-0.001753807768966982,-0.0012770902481066405,0.0009718264439871244,0.001609542804190985,0.0,0.0,0.0,-0.009510168980069391,-0.009505402269420102,0.0,0.0006851546120713856,0.0018907460440540994,0.004620266351729161,0.005453084274526284,0.0,0.0,-0.009459894083131776
2026-06-02,0.0,0.0,0.002372388407938596,0.002375875817098909,0.0,-0.0014450498455386386,-0.0013774147915978586,0.0013256206855412089,0.0014705611445053684,0.0,-0.0014218360911994448,-0.0008762911056697961,0.0019987913171462678,0.002098843685554639,0.0,-0.0010903390395860615,-0.0005812587701184255,0.0018358073367857426,0.001968784829580958,0.0,0.0,0.0,0.002372388407938596,0.002375875817098909,0.0,-0.0014450498455386386,-0.0013774147915978586,0.0013256206855412089,0.0014705611445053684,0.0,0.0,0.002305282895295085
2026-06-03,0.0,0.0,-0.00962738948003389,-0.00962738948003389,0.0,-0.0014358936834406805,-0.0013686486380705006,-0.009885971610685093,-0.009869520434722745,0.0,-0.0006147680736099535,0.0001364082583905443,-0.009904531139387622,-0.009757061821543058,0.0,-0.007497669950526979,-0.006833264418696211,-0.011061760469323898,-0.010815594453459872,0.0,0.0,0.0,-0.00962738948003389,-0.00962738948003389,0.0,-0.0014358936834406805,-0.0013686486380705006,-0.009885971610685093,-0.009869520434722745,0.0,0.0,-0.009308915220689223
2026-06-04,0.0,0.0,0.0016163601479275119,0.0016205192441154674,0.0,-0.0013169945887905484,-0.001309168043009079,0.0014295858239798719,0.0014495202560841538,0.0,0.00037824137407591594,0.0004429187097995255,0.001607678601887219,0.0016826833275123483,0.0,-0.000395975100712495,-0.0003575133712226829,0.001419805352973714,0.0015162227275280402,0.0,0.0,0.0,0.0016163601479275119,0.0016205192441154674,0.0,-0.0013169945887905484,-0.001309168043009079,0.0014295858239798719,0.0014495202560841538,0.0,0.0,0.001598339167809652
2026-06-05,0.0,0.0,-0.014505202107373064,-0.013722137253231022,0.0,0.0011863379781218747,0.0011863379781218747,-0.014679814588467753,-0.013895303098472676,0.0,0.0007070283759606039,0.0007992694736604647,-0.013779445314467356,-0.01373970688502223,0.0,0.0029023408558428877,0.0030490937490944077,-0.0136022014467564,-0.013547408364662915,0.0,0.0,0.0,-0.014505202107373064,-0.013722137253231022,0.0,0.0011863379781218747,0.0011863379781218747,-0.014679814588467753,-0.013895303098472676,0.0,0.0,-0.013644855929416815
2026-06-08,0.0,0.0,-6.680489159256666e-05,0.0007037992263372748,0.0,-0.0025680218257887032,-0.0025680218257887032,-0.0002943637147493313,0.000450209108948124,0.0,0.002130247341357377,0.00253127982388802,-0.00016724998496246723,-3.658188526513604e-05,0.0,0.001961213955060841,0.0025218993090371867,-4.960043287706377e-05,0.00015145599021653425,0.0,0.0,0.0,-6.680489159256666e-05,0.0007037992263372748,0.0,-0.0025680218257887032,-0.0025680218257887032,-0.0002943637147493313,0.000450209108948124,0.0,0.0,-0.0006893896240076657
2026-06-09,0.0,0.0,-0.000858191377040606,-0.000858191377040606,0.0,-0.0025071993519103033,-0.002314397789971662,-0.0016473490271171618,-0.0015441094772512913,0.0,0.0009069101353635055,0.0010814458492133462,-0.0007924000869470149,-0.0007391515490040944,0.0,-0.0040535617054584345,-0.003596803517045149,-0.0022995430541594246,-0.002138309670958063,0.0,0.0,0.0,-0.000858191377040606,-0.000858191377040606,0.0,-0.0025071993519103033,-0.002314397789971662,-0.0016473490271171618,-0.0015441094772512913,0.0,0.0,-0.0008523985517774472
2026-06-10,0.0,0.0,0.0007389060788031078,0.0007389060788031078,0.0,0.0005405326012165111,0.0007222342991597631,0.0007715855456919363,0.000825604434573784,0.0,-0.0034608178496748215,-0.003247681448685733,0.00011982212629600513,0.00015443907278015937,0.0,-0.0032844687162520733,-0.0029395366110849296,4.2286706119765396e-05,0.00011403170153805072,0.0,0.0,0.0,0.0007389060788031078,0.0007389060788031078,0.0,0.0005405326012165111,0.0007222342991597631,0.0007715855456919363,0.000825604434573784,0.0,0.0,0.0006509169681390183
2026-06-11,0.0,0.0,-0.008610268073194783,-0.008610268073194783,0.0,-0.0028075720290931996,-0.0028075720290931996,-0.008630061854815936,-0.00852886133976998,0.0,0.0037044966822086228,0.003952866879359145,-0.007903920670227358,-0.00786599074840803,0.0,0.0062126394054362755,0.0067495285111067675,-0.00829580632251721,-0.008259516930378644,0.0,0.0,0.0,-0.008610268073194783,-0.008610268073194783,0.0,-0.0028075720290931996,-0.0028075720290931996,-0.008630061854815936,-0.00852886133976998,0.0,0.0,-0.008554304029108053
2026-06-12,0.0,0.0,0.008729065880171041,0.008734722869318753,0.0,-0.004576049471666906,-0.0033615565854905674,0.005388843770382646,0.006263603931915353,0.0,-0.0005178107344709709,-5.5680297083601e-05,0.00882449753523213,0.008887582693970213,0.0,-0.005170594866523587,-0.004422293980613155,0.008455805673899551,0.008558393930920316,0.0,0.0,0.0,0.008729065880171041,0.008734722869318753,0.0,-0.004576049471666906,-0.0033615565854905674,0.005388843770382646,0.006263603931915353,0.0,0.0,0.008845031634558048
2026-06-15,0.0,0.0,0.0015363112411407574,0.0015363112411407574,0.0,0.002936206756928659,0.002936206756928659,0.002087417091812096,0.002549086165025509,0.0,-0.001844625171236433,-0.0015440854574303488,0.001342064623013793,0.0013873463702882304,0.0,-0.00030420864288186264,-0.0002195096553294271,0.001553586677847935,0.0016175033662152274,0.0,0.0,0.0,0.0015363112411407574,0.0015363112411407574,0.0,0.002936206756928659,0.002936206756928659,0.002087417091812096,0.002549086165025509,0.0,0.0,0.001555605441752692
2026-06-16,0.0,0.0,0.0014350150199670527,0.0014350150199670527,0.0,7.59685320056311e-05,7.59685320056311e-05,0.0013719955948762116,0.0015409155304979911,0.0,-0.0009631811003359157,-0.0008310158535414912,0.0011506708607104158,0.0011593508293866776,0.0,-0.0012193607911711397,-0.001146033284795395,0.0012052604916658642,0.0012072852362025642,0.0,0.0,0.0,0.0014350150199670527,0.0014350150199670527,0.0,7.59685320056311e-05,7.59685320056311e-05,0.0013719955948762116,0.0015409155304979911,0.0,0.0,0.0014169494390628464
2026-06-17,0.0,0.0,-0.004246629059734977,-0.0042427173846827995,0.0,0.0008423304221448797,0.0008423304221448797,-0.002005390473299425,-0.0015828227721484717,0.0,-0.001515388095951398,-0.0013022062103069142,-0.0042193865467428935,-0.004153997919993547,0.0,0.0006777465338982983,0.0007778590578609339,-0.004197606151046729,-0.004144936415737116,0.0,0.0,0.0,-0.004246629059734977,-0.0042427173846827995,0.0,0.0008423304221448797,0.0008423304221448797,-0.002005390473299425,-0.0015828227721484717,0.0,0.0,-0.004147220582302868
2026-06-18,0.0,0.0,-0.02292617739723677,-0.02218299071561346,0.0,0.007175093830017361,0.007213453041631486,-0.02075340070222297,-0.02004947926828632,0.0,0.004470175328418725,0.004481936875836928,-0.022905056506396904,-0.022527985419872023,0.0,0.006508912787576366,0.006538009094201874,-0.02282581926640827,-0.022179309891238987,0.0,0.0,0.0,-0.02292617739723677,-0.02218299071561346,0.0,0.007175093830017361,0.007213453041631486,-0.02075340070222297,-0.02004947926828632,0.0,0.0,-0.022467714628891515
2026-06-19,0.0,0.0,0.0,0.0,0.0,-3.9603604182385485e-05,0.0,-1.7373873439570258e-05,0.0,0.0,-0.00012715311990475872,0.0,-0.0004145517287714998,0.0,0.0,-6.24071058847938e-05,0.0,-0.0004714542013488103,0.0,0.0,0.0,0.0,0.0,0.0,0.0,-3.9603604182385485e-05,0.0,-1.7373873439570258e-05,0.0,0.0,0.0,0.0
2026-06-22,0.0,0.0,0.003737022290842103,0.003737022290842103,0.0,0.0004676914166150836,0.0005347666410832335,0.0039618049627814155,0.0039618049627814155,0.0,0.007528670139172717,0.007690266843537635,0.006991068960586261,0.0074276659945102,0.0,0.006183255488286545,0.006341678639413611,0.007024562123155099,0.007269626752094314,0.0,0.0,0.0,0.003737022290842103,0.003737022290842103,0.0,0.0004676914166150836,0.0005347666410832335,0.0039618049627814155,0.0039618049627814155,0.0,0.0,0.0037370222908421026
2026-06-23,0.0,0.0,0.0072434943974344496,0.0072434943974344496,0.0,-0.004599270234727041,-0.003396107145349659,0.007540801402298277,0.0075436751445255665,0.0,0.0030243347585621493,0.0032842262592897966,-0.0015142235414911424,-0.0013476444931070594,0.0,0.0024260516696403187,0.002656323148042112,0.000374366964592618,0.0008654964841895501,0.0,0.0,0.0,0.0072434943974344496,0.0072434943974344496,0.0,-0.004599270234727041,-0.003396107145349659,0.007540801402298277,0.0075436751445255665,0.0,0.0,0.007243494397434448
2026-06-24,0.0,0.0,0.005523226203021148,0.005523226203021148,0.0,-0.001961404525581207,-0.0016849777645771844,0.005769655863229064,0.005785713774024336,0.0,0.0021678851812974584,0.0022153495828513134,-0.0025716203676661386,-0.002504393962357846,0.0,0.0019160245543521353,0.0019703430316833407,-0.0017841866497214204,-0.001536234530195808,0.0,0.0,0.0,0.005523226203021148,0.005523226203021148,0.0,-0.001961404525581207,-0.0016849777645771844,0.005769655863229064,0.005785713774024336,0.0,0.0,0.005523226203021147
2026-06-25,0.0,0.0,-0.005221844594077725,-0.005215084310646861,0.0,-0.0010208194994225763,-7.196679243204177e-05,-0.0054111629415066675,-0.00523718161332838,0.0,-0.0010422773437504696,-0.0010084279701641813,0.00365332052825803,0.0036710952156732545,0.0,-0.0011362990250901365,-0.0008612126227840418,0.0029971405608251334,0.003366047443018573,0.0,0.0,0.0,-0.005221844594077725,-0.005215084310646861,0.0,-0.0010208194994225763,-7.196679243204177e-05,-0.0054111629415066675,-0.00523718161332838,0.0,0.0,-0.0052218445940777234
2026-06-26,0.0,0.0,-0.0005201628533019864,0.00019542525171987446,0.0,0.0006077577465418979,0.0006077577465418979,-0.00023304710651236464,0.00045313084002822807,0.0,0.0006304729833826424,0.0006412524628848481,3.037660377726226e-05,0.0001419692689712704,0.0,0.0005572859128465124,0.0006749758317757005,3.75739853187933e-05,0.00043611570039097915,0.0,0.0,0.0,-0.0005201628533019864,0.00019542525171987446,0.0,0.0006077577465418979,0.0006077577465418979,-0.00023304710651236464,0.00045313084002822807,0.0,0.0,-0.0005201628533019866
2026-06-29,0.0,0.0,-0.001124914312698609,-0.001124914312698609,0.0,0.0036210668149745523,0.0036210668149745523,-0.00011488580172603542,-1.518385576937273e-05,0.0,0.0024272313802413716,0.002451247689450434,-0.00020618837643285667,-0.00020618837643285667,0.0,0.003282025607943395,0.0033007611814133636,-1.96313723824213e-05,6.627922158525033e-06,0.0,0.0,0.0,-0.001124914312698609,-0.001124914312698609,0.0,0.0036210668149745523,0.0036210668149745523,-0.00011488580172603542,-1.518385576937273e-05,0.0,0.0,-0.001124914312698609
2026-06-30,0.0,0.0,3.0687378472289044e-06,3.0687378472289044e-06,0.0,0.0029968969889909414,0.003208318060474517,0.0004602795495686161,0.000526134015013802,0.0,-0.0026997006468501036,-0.0026878069876664036,-0.0008711159184135204,-0.0008474407730853167,0.0,-0.0020140011225767388,-0.0019388254408693297,-0.0006998898175135373,-0.0006716436039368868,0.0,0.0,0.0,3.0687378472289044e-06,3.0687378472289044e-06,0.0,0.0029968969889909414,0.003208318060474517,0.0004602795495686161,0.000526134015013802,0.0,0.0,3.0687378472289044e-06
2026-07-01,0.0,0.0,-0.000691503978388812,-0.000691503978388812,0.0,-0.002017883788748438,-0.0018378433832226277,-0.0008603518955439807,-0.0008078897523079935,0.0,0.003630523774175119,0.00373574579240748,0.00038333444990250884,0.0004113031350347047,0.0,0.0036707021691911256,0.0037686985228094646,0.0004009369884024226,0.0004372003881396555,0.0,0.0,0.0,-0.000691503978388812,-0.000691503978388812,0.0,-0.002017883788748438,-0.0018378433832226277,-0.0008603518955439807,-0.0008078897523079935,0.0,0.0,-0.0006915039783888118
2026-07-02,0.0,0.0,0.009832980204020915,0.0098422066660393,0.0,-0.007674974501104105,-0.007380067153714251,0.00912870306572518,0.009190064183643161,0.0,0.0006778549814833242,0.0006942750344412037,0.010481635172936944,0.01053788372660627,0.0,-0.0012871214886179814,-0.001262075426894404,0.009540382803875815,0.009611568273478432,0.0,0.0,0.0,0.009832980204020915,0.0098422066660393,0.0,-0.007674974501104105,-0.007380067153714251,0.00912870306572518,0.009190064183643161,0.0,0.0,0.009832980204020915
2026-07-03,0.0,0.0,-1.0947575860032221e-05,0.0,0.0,-0.0002494069015877274,0.0,-2.391186404850679e-06,0.0,0.0,-3.3154792270488616e-05,0.0,-2.297545297696723e-05,0.0,0.0,-9.853639773705989e-05,0.0,-3.270287776568786e-05,0.0,0.0,0.0,0.0,-1.0947575860032221e-05,0.0,0.0,-0.0002494069015877274,0.0,-2.391186404850679e-06,0.0,0.0,0.0,-1.0947575860032211e-05
2026-07-06,0.0,0.0,-0.004546541136323057,-0.004539423867738118,0.0,0.008710910922079582,0.009398522742445011,-0.004239351533610501,-0.004205112784776044,0.0,0.0018829768084946369,0.002098150434508198,-0.004209561829602608,-0.0041211788323916405,0.0,0.0031483772332734773,0.0034526353100661814,-0.004061763081819672,-0.003991091961102416,0.0,0.0,0.0,-0.004546541136323057,-0.004539423867738118,0.0,0.008710910922079582,0.009398522742445011,-0.004239351533610501,-0.004205112784776044,0.0,0.0,-0.004546541136323057
2026-07-07,0.0,0.0,8.359077520841735e-06,0.0007638743155233428,0.0,0.0033363027111904245,0.0033486758046505577,0.00021796359643250663,0.0008938839959812466,0.0,0.0006076001642858957,0.0007959416387864196,0.0004531650002050682,0.0010035974808359014,0.0,0.0018002466106995239,0.0019949937180633454,0.0007991907815335141,0.001131348407724802,0.0,0.0,0.0,8.359077520841735e-06,0.0007638743155233428,0.0,0.0033363027111904245,0.0033486758046505577,0.00021796359643250663,0.0008938839959812466,0.0,0.0,0.0007578166343188322
2026-07-08,0.0,0.0,0.003916615254684042,0.003916615254684042,0.0,0.0005220214464933903,0.0005919402646526066,0.004316805039087711,0.004373554908761735,0.0,0.0031304067526882026,0.003193067343584494,0.000654408792545255,0.001092424881521928,0.0,0.003360969154066206,0.003741089500641985,-0.000689016685717047,-0.0005543259685455195,0.0,0.0,0.0,0.003916615254684042,0.003916615254684042,0.0,0.0005220214464933903,0.0005919402646526066,0.004316805039087711,0.004373554908761735,0.0,0.0,-0.004689569888597105
2026-07-09,0.0,0.0,-0.009014141679628681,-0.008245307789103238,0.0,-0.0011639094847101558,-0.0011591546175992785,-0.010157456118641274,-0.009442650439768621,0.0,-0.004433654808060334,-0.004399520692106999,-0.00888021542023429,-0.008171060506272898,0.0,-0.0017442113934662148,-0.0017313041395536793,-0.0009562958041146986,-0.0005642777687568719,0.0,0.0,0.0,-0.009014141679628681,-0.008245307789103238,0.0,-0.0011639094847101558,-0.0011591546175992785,-0.010157456118641274,-0.009442650439768621,0.0,0.0,-0.009114786535537715
2026-07-10,0.0,0.0,0.0028203349252564486,0.0028203349252564486,0.0,0.0018514127110836537,0.0018514127110836537,0.0028539078076408033,0.0028648459085666325,0.0,-0.001035933066436764,-0.001035933066436764,0.0023134765883851306,0.002429322454606445,0.0,0.0014792030894746125,0.0015489516074970017,0.002946198003835586,0.0030001545481845395,0.0,0.0,0.0,0.0028203349252564486,0.0028203349252564486,0.0,0.0018514127110836537,0.0018514127110836537,0.0028539078076408033,0.0028648459085666325,0.0,0.0,0.002820334925256448
2026-07-13,0.0,0.0,-0.00649190227849799,-0.005715357733132327,0.0,-0.001409340133374883,-0.001409340133374883,-0.006357045442795024,-0.005704179648986688,0.0,0.002087964908157844,0.0021942795376271706,-0.003894052550690727,-0.003303654211893452,0.0,-0.0009098863774467738,-0.0008328458735478842,-0.006302136754479696,-0.005623897859080143,0.0,0.0,0.0,-0.00649190227849799,-0.005715357733132327,0.0,-0.001409340133374883,-0.001409340133374883,-0.006357045442795024,-0.005704179648986688,0.0,0.0,-0.006491902278497989
2026-07-14,0.0,0.0,-0.007872896624746741,-0.0070970256818651805,0.0,0.004523021480559702,0.004523021480559702,-0.004565195299773292,-0.003873692687997658,0.0,-0.007266468380822274,-0.007125182065855619,-0.010589447953032531,-0.009822312634964907,0.0,-0.001397614698107269,-0.001299880029262445,-0.006909548352320183,-0.006132570548581728,0.0,0.0,0.0,-0.007872896624746741,-0.0070970256818651805,0.0,0.004523021480559702,0.004523021480559702,-0.004565195299773292,-0.003873692687997658,0.0,0.0,-0.007872896624746741
2026-07-15,0.0,0.0,0.004929400930900621,0.004935187907381942,0.0,-0.0024707793430800884,-0.0024707793430800884,0.004500124626667987,0.004500124626667987,0.0,0.006292913810585935,0.006331108554782647,0.007014069244230702,0.007072321315510728,0.0,0.005918793113706673,0.005969757054114811,0.005930477988043123,0.005964895042367139,0.0,0.0,0.0,0.004929400930900621,0.004935187907381942,0.0,-0.0024707793430800884,-0.0024707793430800884,0.004500124626667987,0.004500124626667987,0.0,0.0,0.004929400930900622
2026-07-16,0.0,0.0,0.00015506922401611678,0.00015506922401611678,0.0,-0.00037779264242092023,-0.00037779264242092023,2.566419323202885e-05,4.0243878539550076e-05,0.0,-0.0012145763478073606,-0.0011277949606603485,-1.1449164532916793e-05,3.588477816737159e-06,0.0,-0.0017696103026856936,-0.0016651545462581126,-3.400641132183263e-05,-3.400641132183263e-05,0.0,0.0,0.0,0.00015506922401611678,0.00015506922401611678,0.0,-0.00037779264242092023,-0.00037779264242092023,2.566419323202885e-05,4.0243878539550076e-05,0.0,0.0,0.00015506922401611678
2026-07-17,0.0,0.0,-0.00023008226539696831,-0.00023008226539696831,0.0,0.003657385956213653,0.003657385956213653,0.00021769012619748048,0.00022228666070984472,0.0,-0.004422528263561837,-0.004386382441790238,-0.00076418461302485,-0.00076418461302485,0.0,-0.001006002212278312,-0.0007135964117935087,-0.0004377192501553857,-0.0003931549054989087,0.0,0.0,0.0,-0.00023008226539696831,-0.00023008226539696831,0.0,0.003657385956213653,0.003657385956213653,0.00021769012619748048,0.00022228666070984472,0.0,0.0,-0.00023008226539696831
2026-07-20,0.0,0.0,-0.004282289353403355,-0.004277661985734816,0.0,-0.0034437179435720996,-0.0034437179435720996,-0.004707417317947162,-0.0047013208399560935,0.0,0.0010400077237211773,0.0013369998099241158,-0.0044253878131706266,-0.004407239284333082,0.0,-0.0024816197875078684,-0.0022697855106935923,-0.004813972896758528,-0.004796009112659646,0.0,0.0,0.0,-0.004282289353403355,-0.004277661985734816,0.0,-0.0034437179435720996,-0.0034437179435720996,-0.004707417317947162,-0.0047013208399560935,0.0,0.0,-0.004282289353403357
2026-07-21,0.0,0.0,-0.003118032706894337,-0.003106574282253475,0.0,-0.0017584287905111776,-0.0017175045238672943,-0.0033176161803104903,-0.0032633497950141665,0.0,-0.001625048627059455,-0.0011962244775789413,-0.003490044593479633,-0.003452745192370109,0.0,-0.004134667207272765,-0.003829629084236436,-0.003762276616181855,-0.0037179539196853743,0.0,0.0,0.0,-0.003118032706894337,-0.003106574282253475,0.0,-0.0017584287905111776,-0.0017175045238672943,-0.0033176161803104903,-0.0032633497950141665,0.0,0.0,-0.0031180327068943375
2026-07-22,0.0,0.0,-0.0005608216874953052,0.0002485007875998389,0.0,0.0005388047657317966,0.0005388047657317966,-0.0004579174695742517,0.00025341990889351536,0.0,-0.00024816888959589,-9.182894695256609e-05,-0.000549036893519388,0.0002555024367026801,0.0,0.00035240412331916045,0.00045417039531396,-0.000160902750649176,0.00026905154044706695,0.0,0.0,0.0,-0.0005608216874953052,0.0002485007875998389,0.0,0.0005388047657317966,0.0005388047657317966,-0.0004579174695742517,0.00025341990889351536,0.0,0.0,-0.0005608216874953055
2026-07-23,0.0,0.0,0.007217847393177596,0.007217847393177596,0.0,0.002272616541813514,0.002272616541813514,0.008752628351159392,0.009030696975925697,0.0,0.00023288103530023533,0.0003494305715061784,0.006411730702322578,0.006510885707589502,0.0,0.002136294130543508,0.002174974661974586,0.0012968159497113577,0.0017934747545235072,0.0,0.0,0.0,0.007217847393177596,0.007217847393177596,0.0,0.002272616541813514,0.002272616541813514,0.008752628351159392,0.009030696975925697,0.0,0.0,0.007217847393177596
2026-07-24,0.0,0.0,-0.0036521478322087534,-0.0036521478322087534,0.0,-0.0017425410731440527,-0.0017425410731440527,-0.004283313277713572,-0.004243406571710055,0.0,-0.0006662210583171667,-0.0003034345639960298,-0.003701167870902695,-0.0036756496113576616,0.0,-0.0014202239564317742,-0.001323057754662094,-0.004041814483586521,-0.0039944195347209645,0.0,0.0,0.0,-0.0036521478322087534,-0.0036521478322087534,0.0,-0.0017425410731440527,-0.0017425410731440527,-0.004283313277713572,-0.004243406571710055,0.0,0.0,-0.003652147832208754
2026-07-27,0.0,0.0,0.0036498986400724438,0.00448658564845817,0.0,-0.0032123318130685592,-0.0020184509455495295,0.0033545288072629144,0.004084260992909958,0.0,0.0006080310859168431,0.0009253913022741144,0.0036575913301017107,0.00448216040136303,0.0,-0.0032523679320926578,-0.0021838129505350463,0.0020831745617812003,0.0027849439446084967,0.0,0.0,0.0,0.0036498986400724438,0.00448658564845817,0.0,-0.0032123318130685592,-0.0020184509455495295,0.0033545288072629144,0.004084260992909958,0.0,0.0,0.0036498986400724438
2026-07-28,0.0,0.0,0.00144363536691171,0.0022956314695125584,0.0,0.0005461643331623046,0.0005461643331623046,0.0018481126291656747,0.0026035360191885583,0.0,-0.0016977649002141134,-0.0013826786626794994,0.0013479364034499643,0.0021768013353133196,0.0,-0.0008523614925060642,-0.0006427814711788922,0.001352437818824236,0.002162372910881776,0.0,0.0,0.0,0.00144363536691171,0.0022956314695125584,0.0,0.0005461643331623046,0.0005461643331623046,0.0018481126291656747,0.0026035360191885583,0.0,0.0,0.0022956314695125584
2026-07-29,0.0,0.0,0.003990001350996213,0.003990001350996213,0.0,-0.004433766402848825,-0.003233766402848825,0.0033194505939381615,0.0034562678566276176,0.0,-0.0004053728797625064,-0.0002638315203344749,0.0038548579596849675,0.004137067778412582,0.0,-0.002734916340247244,-0.0022753857375402476,0.0028712363681161765,0.0032836211336857994,0.0,0.0,0.0,0.003990001350996213,0.003990001350996213,0.0,-0.004433766402848825,-0.003233766402848825,0.0033194505939381615,0.0034562678566276176,0.0,0.0,-0.003924884836920647
2026-07-30,0.0,0.0,-0.030071487869661767,-0.02930418391704295,0.0,0.006187626195111437,0.006248337177401609,-0.02995423153060599,-0.029199939370461524,0.0,-0.004058661927126345,-0.003913621628640857,-0.01197201339376205,-0.011327857997479991,0.0,-0.007727933316063997,-0.0075469247433880594,-0.011822344069410854,-0.011070520414468998,0.0,0.0,0.0,-0.030071487869661767,-0.02930418391704295,0.0,0.006187626195111437,0.006248337177401609,-0.02995423153060599,-0.029199939370461524,0.0,0.0,0.028761044651853578
2026-07-31,0.0,0.0,-0.0011634296205764458,-0.0004809493280519602,0.0,-0.0015097069466487418,-0.0015036968837545048,-0.0011609542756777149,-0.0004912033614951804,0.0,0.0006469783419521113,0.0012382959729185558,-0.0008127894835682698,-0.00025355051348462446,0.0,-0.0007427046052408154,7.957411790053448e-05,-0.001115129512640206,-0.00047396065493830313,0.0,0.0,0.0,-0.0011634296205764458,-0.0004809493280519602,0.0,-0.0015097069466487418,-0.0015036968837545048,-0.0011609542756777149,-0.0004912033614951804,0.0,0.0,-0.0005729528229120314
2026-08-03,0.0,0.0,0.0017926112039014298,0.0017950419484162965,0.0,0.0017891304753068374,0.002982067841341568,0.0019802129355381026,0.002202985643525578,0.0,0.009570640206720474,0.009629558530471675,0.009014878138249858,0.009253024930337795,0.0,0.00969890306536962,0.009840263244550883,0.010094123970764986,0.01044071764457986,0.0,0.0,0.0,0.0017926112039014298,0.0017950419484162965,0.0,0.0017891304753068374,0.002982067841341568,0.0019802129355381026,0.002202985643525578,0.0,0.0,-0.0017879067018807785
2026-08-04,0.0,0.0,-0.0013340295410842946,-0.0006368295730083841,0.0,0.006181023780719889,0.006181023780719889,0.00032339573598383353,0.0008924377325748485,0.0,-0.0012816255919542471,-0.0012290508420792444,-0.002035560752911333,-0.001430046826879769,0.0,0.0007778008631657836,0.0009336759419922577,7.884659464138348e-05,0.0005075861072841834,0.0,0.0,0.0,-0.0013340295410842946,-0.0006368295730083841,0.0,0.006181023780719889,0.006181023780719889,0.00032339573598383353,0.0008924377325748485,0.0,0.0,0.00048401896472000756
2026-08-05,0.0,0.0,0.003539213560099757,0.003539213560099757,0.0,-0.00278813380516771,-0.00278813380516771,0.0006063952548396734,0.0006812203739507063,0.0,-0.002695792331048748,-0.002695792331048748,0.0025284988868422044,0.002558729410277482,0.0,-0.0036950500402559107,-0.0036616245327163845,8.497433253150768e-05,0.00019596866941946542,0.0,0.0,0.0,0.003539213560099757,0.003539213560099757,0.0,-0.00278813380516771,-0.00278813380516771,0.0006063952548396734,0.0006812203739507063,0.0,0.0,0.0034702424637027677
2026-08-06,0.0,0.0,-0.004014732707149738,-0.004014732707149738,0.0,0.00166510516158295,0.00166510516158295,-0.0015081184069538648,-0.0012775053745426015,0.0,-0.0013447597567796457,-0.0013447597567796457,-0.004403365587149226,-0.0043753900366852285,0.0,-0.00022084160519795183,-0.00021901063978571627,-0.003338739354812946,-0.003278760829008127,0.0,0.0,0.0,-0.004014732707149738,-0.004014732707149738,0.0,0.00166510516158295,0.00166510516158295,-0.0015081184069538648,-0.0012775053745426015,0.0,0.0,-0.004007787600369064
2026-08-07,0.0,0.0,0.009199240119026187,0.009212213817227298,0.0,-0.0057094929140712875,-0.0057094929140712875,0.005077254644635672,0.005343303640942282,0.0,-0.0037490291822009155,-0.0036559652776628412,0.008915394743706716,0.008957749020813402,0.0,-0.005840201983241756,-0.005746040490284064,0.006042823552507584,0.006134252455600951,0.0,0.0,0.0,0.009199240119026187,0.009212213817227298,0.0,-0.0057094929140712875,-0.0057094929140712875,0.005077254644635672,0.005343303640942282,0.0,0.0,0.009363394725611781
2026-08-10,0.0,0.0,-0.0006107196366628022,-0.0006041742867772351,0.0,0.0017834824136204418,0.0017834824136204418,-0.0004497642509352043,-0.00043202781605266915,0.0,-0.004689259599480225,-0.0043551743259717165,-0.0012211150094892937,-0.0011558506888811166,0.0,-0.003431417870546808,-0.0030126512103022317,-0.0011615586799935235,-0.0010889429186708808,0.0,0.0,0.0,-0.0006107196366628022,-0.0006041742867772351,0.0,0.0017834824136204418,0.0017834824136204418,-0.0004497642509352043,-0.00043202781605266915,0.0,0.0,-0.0006550728684285344
2026-08-11,0.0,0.0,-0.0016530485326212794,-0.0016510959856552883,0.0,-0.00026131711971197883,-0.00026131711971197883,-0.0017751431915506836,-0.001758655535965525,0.0,-0.0004832187258479252,-0.00040467490140945456,-0.0020759998582638452,-0.002007099294446245,0.0,-0.0002979636597046835,-0.00022250626189341253,-0.0019631987899810612,-0.001904274730180108,0.0,0.0,0.0,-0.0016530485326212794,-0.0016510959856552883,0.0,-0.00026131711971197883,-0.00026131711971197883,-0.0017751431915506836,-0.001758655535965525,0.0,0.0,-0.0016420995457278144
2026-08-12,0.0,0.0,-0.0005182116825631738,-0.0005058691379594595,0.0,-0.0013326250508441395,-0.0013326250508441395,-0.0006247587534532864,-0.0005924136911272403,0.0,0.0003913594579976781,0.0003913594579976781,-0.0004887704579185986,-0.0004012995875557465,0.0,0.0003128985006639153,0.00033359099312578857,-0.0005542278934312414,-0.00045932634134431563,0.0,0.0,0.0,-0.0005182116825631738,-0.0005058691379594595,0.0,-0.0013326250508441395,-0.0013326250508441395,-0.0006247587534532864,-0.0005924136911272403,0.0,0.0,-0.0004206424321518976
2026-08-13,0.0,0.0,-0.002659811109497652,-0.002659811109497652,0.0,0.0005506824114804053,0.0005506824114804053,-0.002785984390609012,-0.002785984390609012,0.0,0.0019812183056569597,0.0020750621522477265,-0.0025210805057349177,-0.0025210805057349177,0.0,0.0017226683017352357,0.001843607774176283,-0.0024772600290744293,-0.002473993354150332,0.0,0.0,0.0,-0.002659811109497652,-0.002659811109497652,0.0,0.0005506824114804053,0.0005506824114804053,-0.002785984390609012,-0.002785984390609012,0.0,0.0,-0.002618425338391692
2026-08-14,0.0,0.0,0.008226376835922389,0.008226376835922389,0.0,0.00027127852965964157,0.00027127852965964157,0.008693469066943467,0.008693469066943467,0.0,-0.007801970105960699,-0.007784090287643137,0.0077628277980317,0.0077628277980317,0.0,-0.006594999047818145,-0.006576885065937584,0.007856501069052692,0.007856501069052692,0.0,0.0,0.0,0.008226376835922389,0.008226376835922389,0.0,0.00027127852965964157,0.00027127852965964157,0.008693469066943467,0.008693469066943467,0.0,0.0,0.00827530595506147
2026-08-17,0.0,0.0,0.0020333049410836477,0.0020352265642735513,0.0,0.0007955080348607084,0.0007955080348607084,0.0021500899272715295,0.0021500899272715295,0.0,-0.0031659779453590904,-0.003042681495747754,0.0017140856739502957,0.0017167069135343137,0.0,-0.0032045816000126045,-0.0030800807760854964,0.0016801896569955425,0.0016824520782760242,0.0,0.0,0.0,0.0020333049410836477,0.0020352265642735513,0.0,0.0007955080348607084,0.0007955080348607084,0.0021500899272715295,0.0021500899272715295,0.0,0.0,0.0020422281561061806
2026-08-18,0.0,0.0,-0.0034336792894705025,-0.0034336792894705025,0.0,-0.00035553102072216473,-0.00032160770175611693,-0.0036410448311556807,-0.0036391568857632828,0.0,0.0019836602302813018,0.002086744641001487,-0.0033862809243412825,-0.0033542774938475485,0.0,0.001996338391328965,0.002114835182586874,-0.0033384387861000024,-0.0033013422229448753,0.0,0.0,0.0,-0.0034336792894705025,-0.0034336792894705025,0.0,-0.00035553102072216473,-0.00032160770175611693,-0.0036410448311556807,-0.0036391568857632828,0.0,0.0,-0.003496737810032994
2026-08-19,0.0,0.0,0.012353512709342028,0.012358510039154502,0.0,-0.002768799288961311,-0.002747149492220013,0.012901193956122159,0.012914715053354795,0.0,-0.00458511010733674,-0.0045354931290371246,0.013030109996459751,0.01311590486046261,0.0,-0.0060633402212964095,-0.005961366365495458,0.012426731324881389,0.012513924544185706,0.0,0.0,0.0,0.012353512709342028,0.012358510039154502,0.0,-0.002768799288961311,-0.002747149492220013,0.012901193956122159,0.012914715053354795,0.0,0.0,0.012510484649568027
2026-08-20,0.0,0.0,0.0017729988451219794,0.001781780746079762,0.0,-0.0020747108339604814,-0.0008860878699751762,0.0018430810093179614,0.0018589806583279704,0.0,-0.00490817737986946,-0.004863183882696573,0.00018975726897936364,0.00020405100403919754,0.0,-0.004833448292835234,-0.0047750714557881395,0.00020237129488363237,0.00020861144697490635,0.0,0.0,0.0,0.0017729988451219794,0.001781780746079762,0.0,-0.0020747108339604814,-0.0008860878699751762,0.0018430810093179614,0.0018589806583279704,0.0,0.0,0.0018142808491532446
2026-08-21,0.0,0.0,0.0029081359412234473,0.0036507328747053635,0.0,-0.002756480590944462,-0.002756480590944462,0.0029151123356621674,0.0036150952085439,0.0,-0.0046059314971256754,-0.0046059314971256754,0.002228424827354529,0.0025473368181565684,0.0,-0.004390894429643313,-0.004390894429643313,0.0022708266644880315,0.0025692756172965223,0.0,0.0,0.0,0.0029081359412234473,0.0036507328747053635,0.0,-0.002756480590944462,-0.002756480590944462,0.0029151123356621674,0.0036150952085439,0.0,0.0,0.0036256202167795955
2026-08-24,0.0,0.0,0.004994047969380671,0.005738409915877282,0.0,-0.0029255430247555284,-0.0017255430247555287,0.0028074170883301062,0.0035953896405568142,0.0,0.0038113293266385474,0.004099765224110966,-0.001486599150310301,-0.0011868104551994315,0.0,0.0033404087512990408,0.003727163356620347,-0.00245714247909633,-0.0018347850671773245,0.0,0.0,0.0,0.004994047969380671,0.005738409915877282,0.0,-0.0029255430247555284,-0.0017255430247555287,0.0028074170883301062,0.0035953896405568142,0.0,0.0,-0.005707428975823996
2026-08-25,0.0,0.0,0.0005621448332389473,0.00130961388681564,0.0,0.0018721631416399463,0.0018721631416399463,6.782406808355148e-05,0.00030291376322178203,0.0,-0.0019529548468217152,-0.0017889674274248544,-0.0007546381953303215,-0.0003361870663623512,0.0,-0.0013113507374758247,-0.001179944897426604,-0.0008334552929303055,-0.000529173168975288,0.0,0.0,0.0,0.0005621448332389473,0.00130961388681564,0.0,0.0018721631416399463,0.0018721631416399463,6.782406808355148e-05,0.00030291376322178203,0.0,0.0,0.0013204721587131872
2026-08-26,0.0,0.0,0.005578232583619925,0.005578232583619925,0.0,0.0005764535484248769,0.0005764535484248769,0.005744553179438822,0.005754463035464309,0.0,0.005148335551134695,0.005266352475802642,0.005078572087124255,0.005322407284128503,0.0,0.004882382027341062,0.00522423958365458,0.006750657176765528,0.006973887708303132,0.0,0.0,0.0,0.005578232583619925,0.005578232583619925,0.0,0.0005764535484248769,0.0005764535484248769,0.005744553179438822,0.005754463035464309,0.0,0.0,-0.006307841814880563
2026-08-27,0.0,0.0,-0.002910944019086165,-0.002910944019086165,0.0,-0.0005847385419352125,-0.0005847385419352125,-0.003228451524880963,-0.0031479330487313843,0.0,-0.0029839051534514627,-0.0027454957020455945,-0.003554370201942725,-0.003225303114337903,0.0,-0.003297372503380665,-0.003097754919007505,-0.0039192921191507695,-0.0036260085862520395,0.0,0.0,0.0,-0.002910944019086165,-0.002910944019086165,0.0,-0.0005847385419352125,-0.0005847385419352125,-0.003228451524880963,-0.0031479330487313843,0.0,0.0,-0.003686931175278932
2026-08-28,0.0,0.0,0.008701213547065004,0.008701213547065004,0.0,-0.0009112480966373569,-0.0009112480966373569,0.008059230358345973,0.008238309410938975,0.0,0.004981990684716843,0.005048222227833031,0.004316241083712832,0.00467916478163974,0.0,0.003526084572231224,0.003641636134341348,0.006692127307885706,0.007060369105370229,0.0,0.0,0.0,0.008701213547065004,0.008701213547065004,0.0,-0.0009112480966373569,-0.0009112480966373569,0.008059230358345973,0.008238309410938975,0.0,0.0,-0.00961026089450698
2026-08-31,0.0,0.0,-0.002356804319097071,-0.002356804319097071,0.0,-0.0035025397545377125,-0.0023025397545377124,-0.0024193002190021195,-0.0024193002190021195,0.0,-0.0010497134264951234,-0.0007122009148877607,-0.002302306860069855,-0.0022920460405884907,0.0,-0.0018285265159520788,-0.001280497715014809,-0.0023740688762126753,-0.0023415513984164985,0.0,0.0,0.0,-0.002356804319097071,-0.002356804319097071,0.0,-0.0035025397545377125,-0.0023025397545377124,-0.0024193002190021195,-0.0024193002190021195,0.0,0.0,-0.002341619979379035
2026-09-01,0.0,0.0,0.0036130283506726852,0.003615663224351442,0.0,-0.0007010203289461687,-0.0007010203289461687,0.00361848262856862,0.0036439814724904436,0.0,0.0018043082679266738,0.0019734700243276386,0.0037172698854321925,0.0037172698854321925,0.0,0.0011301343686004551,0.0013206538901339405,0.0035952534618458242,0.003604810249548783,0.0,0.0,0.0,0.0036130283506726852,0.003615663224351442,0.0,-0.0007010203289461687,-0.0007010203289461687,0.00361848262856862,0.0036439814724904436,0.0,0.0,0.003614376873925145
2026-09-02,0.0,0.0,-0.0007742615073007526,-0.0007700671859397012,0.0,0.006995300119496216,0.006995300119496216,-0.0005885006184556342,-0.0005752842792359304,0.0,0.007017402320903956,0.007402998373953315,-0.0005004873159910368,-0.00043390570460202527,0.0,0.008085980555013769,0.00840508598715922,-0.0003374434725616305,-0.0002522048415659642,0.0,0.0,0.0,-0.0007742615073007526,-0.0007700671859397012,0.0,0.006995300119496216,0.006995300119496216,-0.0005885006184556342,-0.0005752842792359304,0.0,0.0,-0.0007403622373918319
2026-09-03,0.0,0.0,-0.010921253394468075,-0.0101537267911331,0.0,0.005263475904098684,0.005344180498340868,-0.010701539911227605,-0.01000294810369623,0.0,0.012739995859885578,0.012826593499190242,-0.006879551685957749,-0.006415532277249161,0.0,0.012993469259067388,0.013087620627042823,-0.006534089036392553,-0.006007262704697972,0.0,0.0,0.0,-0.010921253394468075,-0.0101537267911331,0.0,0.005263475904098684,0.005344180498340868,-0.010701539911227605,-0.01000294810369623,0.0,0.0,-0.010680293675192697
2026-09-04,0.0,0.0,-0.0034628406536318474,-0.002691078388667214,0.0,-0.00482849005534405,-0.003628555697370138,-0.004959816691663592,-0.00426438691047876,0.0,-0.001249223916674804,-0.0009089840618844517,-0.0035246024150500906,-0.0030010997940783245,0.0,-0.002140424649022948,-0.001595405334828964,-0.0046513308594005095,-0.004131513708084379,0.0,0.0,0.0,-0.0034628406536318474,-0.002691078388667214,0.0,-0.00482849005534405,-0.003628555697370138,-0.004959816691663592,-0.00426438691047876,0.0,0.0,-0.0034628406536318466
2026-09-07,0.0,0.0,0.0,0.0,0.0,-0.0012000000000000001,0.0,-0.000113832738196683,0.0,0.0,-0.0003126439514799639,0.0,-1.776155225342392e-05,0.0,0.0,-0.0004982899189894791,0.0,-5.911407272285244e-05,0.0,0.0,0.0,0.0,0.0,0.0,0.0,-0.0012000000000000001,0.0,-0.000113832738196683,0.0,0.0,0.0,0.0
2026-09-08,0.0,0.0,-0.003549283853709383,-0.003549283853709383,0.0,0.005881420554095912,0.005886220555238017,-0.002676195786503029,-0.0025131737953476537,0.0,0.0037095809023504687,0.003940225354381434,-0.0032106030132129713,-0.003182388277795311,0.0,0.008310380797453195,0.008567067886559285,-0.0027279674176936674,-0.0026109591845813154,0.0,0.0,0.0,-0.003549283853709383,-0.003549283853709383,0.0,0.005881420554095912,0.005886220555238017,-0.002676195786503029,-0.0025131737953476537,0.0,0.0,-0.0035492838537093817
2026-09-09,0.0,0.0,1.785388845742053e-05,1.785388845742053e-05,0.0,0.0005839481613098156,0.0005839481613098156,4.28537251121733e-05,0.00030744469617095414,0.0,0.001499014870467419,0.0017260429802914388,7.813925730050159e-05,0.0002579856980202517,0.0,0.0016967399142405358,0.0019822802888013876,0.0004926246269323498,0.000596023098885822,0.0,0.0,0.0,1.785388845742053e-05,1.785388845742053e-05,0.0,0.0005839481613098156,0.0005839481613098156,4.28537251121733e-05,0.00030744469617095414,0.0,0.0,1.7853888457420745e-05
2026-09-10,0.0,0.0,0.004827357658851838,0.0048461387361517,0.0,0.0016495209123901125,0.0016495209123901125,0.0038790628209808583,0.004268613658170468,0.0,0.003533203571012342,0.0036709837772003775,0.006286944598366407,0.006454474934655373,0.0,0.0035311536196695244,0.0036417970569691486,0.0061384327238446015,0.006245392332348948,0.0,0.0,0.0,0.004827357658851838,0.0048461387361517,0.0,0.0016495209123901125,0.0016495209123901125,0.0038790628209808583,0.004268613658170468,0.0,0.0,0.004827357658851835
2026-09-11,0.0,0.0,0.004133993674235486,0.004133993674235486,0.0,-0.0028771208710275413,-0.0028771208710275413,0.0034107440025503448,0.003437279053799587,0.0,0.0008872869047479772,0.0010014102692281215,0.0044055548237388826,0.004450109962247313,0.0,-0.0042188536511843806,-0.004121926732554232,0.0033410431478110053,0.003393818097184669,0.0,0.0,0.0,0.004133993674235486,0.004133993674235486,0.0,-0.0028771208710275413,-0.0028771208710275413,0.0034107440025503448,0.003437279053799587,0.0,0.0,0.004133993674235486
2026-09-14,0.0,0.0,0.007905348062578735,0.007905348062578735,0.0,0.0026456943466126827,0.00271526242754744,0.008650793955560811,0.008676839325046764,0.0,-0.0009122579912702335,-0.0007942563407731172,0.007804961760031943,0.008000125578183893,0.0,-0.0004375194615127443,-6.594450863496126e-05,0.007894422652645729,0.008007214208421307,0.0,0.0,0.0,0.007905348062578735,0.007905348062578735,0.0,0.0026456943466126827,0.00271526242754744,0.008650793955560811,0.008676839325046764,0.0,0.0,0.007905348062578735
2026-09-15,0.0,0.0,0.003211480221378661,0.003211480221378661,0.0,0.00017655857324362423,0.00017655857324362423,0.003227036570572989,0.003227036570572989,0.0,0.0017142275915624228,0.0017619162869414926,0.0036199100352129637,0.003740512379420971,0.0,0.0011113388608821333,0.0011835749004940619,0.0036638710905425483,0.0036996748564835976,0.0,0.0,0.0,0.003211480221378661,0.003211480221378661,0.0,0.00017655857324362423,0.00017655857324362423,0.003227036570572989,0.003227036570572989,0.0,0.0,0.0032114802213786607
2026-09-16,0.0,0.0,0.0014474780250318608,0.0014501598412845363,0.0,2.495516064053208e-05,6.744297722451387e-05,0.0014551958263317446,0.0014551958263317446,0.0,0.0004195567700316273,0.0007600589740102826,0.001461074436101036,0.001522142030360716,0.0,-0.001335738595959909,-0.0009671305960759239,0.0012619846875637274,0.0013116615279582646,0.0,0.0,0.0,0.0014474780250318608,0.0014501598412845363,0.0,2.495516064053208e-05,6.744297722451387e-05,0.0014551958263317446,0.0014551958263317446,0.0,0.0,0.0014474780250318606
2026-09-17,0.0,0.0,0.011005113008284132,0.011007574504297155,0.0,0.0018346810821591147,0.0018720053197675535,0.010982945700174926,0.011030013950306783,0.0,-0.005982567007269775,-0.005931025299241633,0.011051555678860217,0.011069630670324992,0.0,-0.0018058386208076147,-0.0013709118840162645,0.010917490719309185,0.010984533455910127,0.0,0.0,0.0,0.011005113008284132,0.011007574504297155,0.0,0.0018346810821591147,0.0018720053197675535,0.010982945700174926,0.011030013950306783,0.0,0.0,0.011005113008284132
2026-09-18,0.0,0.0,0.0022181625631384526,0.0022181625631384526,0.0,-0.0004443395534646476,-0.00037400158232489696,0.0023597318854394773,0.0023597318854394773,0.0,0.001888260642128425,0.0021282440438132235,0.002492928997024651,0.0025340669018086154,0.0,0.00044221971376011947,0.0007206758382397714,0.0024262499696017363,0.0024571969320650268,0.0,0.0,0.0,0.0022181625631384526,0.0022181625631384526,0.0,-0.0004443395534646476,-0.00037400158232489696,0.0023597318854394773,0.0023597318854394773,0.0,0.0,0.0022181625631384518
2026-09-21,0.0,0.0,-0.000534892610593529,-0.0005300171612562555,0.0,-0.0023780601378930438,-0.0015040400739014827,-0.001182618245551968,-0.0006771516335737752,0.0,0.0015078975170201227,0.0015894704892485212,-0.0005329518767513859,-0.0003256939071817206,0.0,-1.6088873554240295e-05,0.00013423703011177903,-0.0006979417152819609,-0.0006374984905444564,0.0,0.0,0.0,-0.000534892610593529,-0.0005300171612562555,0.0,-0.0023780601378930438,-0.0015040400739014827,-0.001182618245551968,-0.0006771516335737752,0.0,0.0,-0.0013569333156897138
2026-09-22,0.0,0.0,0.005630259952893061,0.005630259952893061,0.0,0.003523924279646041,0.004153666829909103,0.00565046223822023,0.005997075401838938,0.0,-0.006174980514672852,-0.005963349444737105,0.0034752423886287177,0.0036087700971537736,0.0,-0.007050730765144102,-0.006644223576408004,0.004383351739476899,0.004475756465001801,0.0,0.0,0.0,0.005630259952893061,0.005630259952893061,0.0,0.003523924279646041,0.004153666829909103,0.00565046223822023,0.005997075401838938,0.0,0.0,-0.005571472392031671
2026-09-23,0.0,0.0,0.009503667010755439,0.009519391605438798,0.0,-0.004702244266941965,-0.00466950703803254,0.006730206615662474,0.006897746990022886,0.0,-0.002016763603481746,-0.0016657138334136017,0.008510727190421159,0.008678596578891796,0.0,-0.005559629286663871,-0.005072974425030325,0.008595573256435028,0.008696751303114049,0.0,0.0,0.0,0.009503667010755439,0.009519391605438798,0.0,-0.004702244266941965,-0.00466950703803254,0.006730206615662474,0.006897746990022886,0.0,0.0,-0.010273511947032217
2026-09-24,0.0,0.0,0.0056448467684963866,0.0056448467684963866,0.0,0.0003066650018102268,0.0003084173377704243,0.005963373407124163,0.005963373407124163,0.0,-0.0012225273881194874,-0.0011270481240388823,0.006070408418693566,0.006141020829562404,0.0,-0.0023122712540993885,-0.001966896539579829,0.005739978370697005,0.005828437834125213,0.0,0.0,0.0,0.0056448467684963866,0.0056448467684963866,0.0,0.0003066650018102268,0.0003084173377704243,0.005963373407124163,0.005963373407124163,0.0,0.0,0.005793016550990433
