,A1_theory_dollar_neutral,A1_theory_with_dollar,A1_gated_frozen,A1+S_theory_dollar_neutral,A1+S_theory_with_dollar,A1+S_gated_frozen,A2_theory_dollar_neutral,A2_theory_with_dollar,A2_gated_frozen,A2+S_theory_dollar_neutral,A2+S_theory_with_dollar,A2+S_gated_frozen,A3_theory_dollar_neutral,A3_theory_with_dollar,A3_gated_frozen,A3+S_theory_dollar_neutral,A3+S_theory_with_dollar,A3+S_gated_frozen,A1_theory_dollar_neutral_D12,A1_theory_with_dollar_D12,A1_theory_with_dollar_weekly,A1_gated20_frozen,A2_gated20_frozen,A1_theory_with_dollar_cost0.5x,A2_theory_with_dollar_cost0.5x,A1_theory_with_dollar_weekly_cost0.5x,A1_gated20_frozen_cost0.5x,A2_gated20_frozen_cost0.5x,base_carry,pm_timed,vix_timed,pm_timed_level_misspecified,pm_timed_prob_index_D12,base_carry__coarse12,pm_timed__coarse12,base_carry__previous,pm_timed__previous,base_carry__primary_cap20,pm_timed__primary_cap20,base_carry__previous_cap20,pm_timed__previous_cap20,b2_oil_tilt,b2_brent_tilt,pm_timed_min3events
2024-01-01,0.0,0.0,0.0,0.0,0.0,0.0,0.0,0.0,0.0,0.0,0.0,0.0,0.0,0.0,0.0,0.0,0.0,0.0,0.0,0.0,0.0,0.0,0.0,0.0,0.0,0.0,0.0,0.0,0.0,0.0,0.0,0.0,0.0,0.0,0.0,0.0,0.0,0.0,0.0,0.0,0.0,0.0,0.0,0.0
2024-01-02,0.0,0.0,0.0,0.0,0.0,0.0,0.0,0.0,0.0,0.0,0.0,0.0,0.0,0.0,0.0,0.0,0.0,0.0,0.0,0.0,0.0,0.0,0.0,0.0,0.0,0.0,0.0,0.0,0.0,0.0,0.0,0.0,0.0,-0.0032014494775536306,-0.0032014494775536306,-0.002175455672917437,-0.002175455672917437,0.0,0.0,-0.002307300631607667,-0.002307300631607667,0.0,-0.0006096626313774056,0.0
2024-01-03,0.0,0.0,0.0,0.0,0.0,0.0,0.0,0.0,0.0,0.0,0.0,0.0,0.0,0.0,0.0,0.0,0.0,0.0,0.0,0.0,0.0,0.0,0.0,0.0,0.0,0.0,0.0,0.0,-0.0035127693935849136,-0.0035127693935849136,-0.0013639579702630078,-0.0035127693935849136,-0.0035127693935849136,-0.0006541437021650998,-0.0006541437021650998,0.0,0.0,-0.004781454655994555,-0.004781454655994555,0.0,0.0,-0.0035127693935849136,-0.003425307290291002,-0.0035127693935849136
2024-01-04,0.0,0.0,0.0,0.0,0.0,0.0,0.0,0.0,0.0,0.0,0.0,0.0,0.0,0.0,0.0,0.0,0.0,0.0,0.0,0.0,0.0,0.0,0.0,0.0,0.0,0.0,0.0,0.0,0.0,0.0,0.0,0.0,0.0,0.0,0.0,0.0,0.0,0.0,0.0,0.0,0.0,0.0,0.0,0.0
2024-01-05,0.0,0.0,0.0,0.0,0.0,0.0,0.0,0.0,0.0,0.0,0.0,0.0,0.0,0.0,0.0,0.0,0.0,0.0,0.0,0.0,0.0,0.0,0.0,0.0,0.0,0.0,0.0,0.0,0.0,0.0,0.0,0.0,0.0,0.0,0.0,0.0,0.0,0.0,0.0,0.0,0.0,0.0,0.0,0.0
2024-01-08,0.0,0.0,0.0,0.0,0.0,0.0,0.0,0.0,0.0,0.0,0.0,0.0,0.0,0.0,0.0,0.0,0.0,0.0,0.0,0.0,0.0,0.0,0.0,0.0,0.0,0.0,0.0,0.0,0.0,0.0,0.0,0.0,0.0,0.0,0.0,0.0,0.0,0.0,0.0,0.0,0.0,0.0,0.0,0.0
2024-01-09,0.0,0.0,0.0,0.0,0.0,0.0,0.0,0.0,0.0,0.0,0.0,0.0,0.0,0.0,0.0,0.0,0.0,0.0,0.0,0.0,0.0,0.0,0.0,0.0,0.0,0.0,0.0,0.0,-0.0043063522229993545,-0.0043063522229993545,-0.002782751314676646,-0.0043063522229993545,-0.0043063522229993545,-0.009236845075513256,-0.009236845075513256,-0.003512352468297175,-0.003512352468297175,-0.0037518286821113245,-0.0037518286821113245,-0.005193108947565972,-0.005193108947565972,-0.0043063522229993545,-0.006840306404030327,-0.0043063522229993545
2024-01-10,0.0,0.0,0.0,0.0,0.0,0.0,0.0,0.0,0.0,0.0,0.0,0.0,0.0,0.0,0.0,0.0,0.0,0.0,0.0,0.0,0.0,0.0,0.0,0.0,0.0,0.0,0.0,0.0,-0.003653409606481972,-0.003653409606481972,-0.0025412463794889373,-0.003653409606481972,-0.003653409606481972,-0.00739104585160244,-0.00739104585160244,0.0,0.0,-0.003525965814432208,-0.003525965814432208,0.0,0.0,-0.003653409606481972,-0.005077644048523511,-0.003653409606481972
2024-01-11,0.0,0.0,0.0,0.0,0.0,0.0,0.0,0.0,0.0,0.0,0.0,0.0,0.0,0.0,0.0,0.0,0.0,0.0,0.0,0.0,0.0,0.0,0.0,0.0,0.0,0.0,0.0,0.0,-0.004711074238680779,-0.004711074238680779,-0.003240283452370152,-0.004711074238680779,-0.004711074238680779,-0.004198113131884229,-0.004198113131884229,-0.0012738635577406177,-0.0012738635577406177,-0.004509213318407146,-0.004509213318407146,-0.00045970319899857337,-0.00045970319899857337,-0.004711074238680779,-0.006700214282988282,-0.004711074238680779
2024-01-12,0.0,0.0,0.0,0.0,0.0,0.0,0.0,0.0,0.0,0.0,0.0,0.0,0.0,0.0,0.0,0.0,0.0,0.0,0.0,0.0,0.0,0.0,0.0,0.0,0.0,0.0,0.0,0.0,-0.002328507343157815,-0.002328507343157815,-0.001333349280127516,-0.002328507343157815,-0.002328507343157815,-0.0007590318717475286,-0.0007590318717475286,-0.00017198520554884134,-0.00017198520554884134,-0.002309830462851381,-0.002309830462851381,0.0,0.0,-0.002328507343157815,-0.003859797588255498,-0.002328507343157815
2024-01-15,0.0,0.0,0.0,0.0,0.0,0.0,0.0,0.0,0.0,0.0,0.0,0.0,0.0,0.0,0.0,0.0,0.0,0.0,0.0,0.0,0.0,0.0,0.0,0.0,0.0,0.0,0.0,0.0,0.0,0.0,0.0,0.0,0.0,0.0,0.0,0.0,0.0,0.0,0.0,0.0,0.0,0.0,0.0,0.0
2024-01-16,0.0,0.0,0.0,0.0,0.0,0.0,0.0,0.0,0.0,0.0,0.0,0.0,0.0,0.0,0.0,0.0,0.0,0.0,0.0,0.0,0.0,0.0,0.0,0.0,0.0,0.0,0.0,0.0,-0.0030483888726996478,-0.0030483888726996478,-0.0033920105388999255,-0.0030483888726996478,-0.0030483888726996478,-0.0049173871645668,-0.0049173871645668,0.0,0.0,-0.0020258764319379674,-0.0020258764319379674,-0.002161661133844972,-0.002161661133844972,-0.0030483888726996478,-0.0025661789200375207,-0.0030483888726996478
2024-01-17,0.0,0.0,0.0,0.0,0.0,0.0,0.0,0.0,0.0,0.0,0.0,0.0,0.0,0.0,0.0,0.0,0.0,0.0,0.0,0.0,0.0,0.0,0.0,0.0,0.0,0.0,0.0,0.0,-0.0006186078538661377,-0.0006186078538661377,-0.0009630669984281859,-0.0006186078538661377,-0.0006186078538661377,-0.0011343628673013972,-0.0011343628673013972,0.0,0.0,-0.0008503603980068997,-0.0008503603980068997,0.0,0.0,-0.0006186078538661377,-0.0001352226540034529,-0.0006186078538661377
2024-01-18,0.0,0.0,0.0,0.0,0.0,0.0,0.0,0.0,0.0,0.0,0.0,0.0,0.0,0.0,0.0,0.0,0.0,0.0,0.0,0.0,0.0,0.0,0.0,0.0,0.0,0.0,0.0,0.0,0.0,0.0,0.0,0.0,0.0,0.0,0.0,0.0,0.0,0.0,0.0,0.0,0.0,0.0,0.0,0.0
2024-01-19,0.0,0.0,0.0,0.0,0.0,0.0,0.0,0.0,0.0,0.0,0.0,0.0,0.0,0.0,0.0,0.0,0.0,0.0,0.0,0.0,0.0,0.0,0.0,0.0,0.0,0.0,0.0,0.0,0.0,0.0,0.0,0.0,0.0,0.0,0.0,-0.000337067159126736,-0.000337067159126736,-0.0006530974204621565,-0.0006530974204621565,0.0,0.0,0.0,0.0,0.0
2024-01-22,0.0,0.0,0.0,0.0,0.0,0.0,0.0,0.0,0.0,0.0,0.0,0.0,0.0,0.0,0.0,0.0,0.0,0.0,0.0,0.0,0.0,0.0,0.0,0.0,0.0,0.0,0.0,0.0,-0.002054988028193483,-0.002054988028193483,-0.002054988028193372,-0.002054988028193483,-0.002054988028193483,-0.0025936672012032425,-0.0025936672012032425,-0.0007026666041277663,-0.0007026666041277663,-0.0023115092158024764,-0.0023115092158024764,-0.001656170564782955,-0.001656170564782955,-0.002054988028193483,-0.002054988028193261,-0.002054988028193483
2024-01-23,0.0,0.0,0.0,0.0,0.0,0.0,0.0,0.0,0.0,0.0,0.0,0.0,0.0,0.0,0.0,0.0,0.0,0.0,0.0,0.0,0.0,0.0,0.0,0.0,0.0,0.0,0.0,0.0,-0.01079455071959834,-0.01079455071959834,-0.01079455071959845,-0.01079455071959834,-0.01079455071959834,-0.006279864925621381,-0.006279864925621381,-0.0046516678381011145,-0.0046516678381011145,-0.010788584277557245,-0.010788584277557245,-0.006622088985326902,-0.006622088985326902,-0.01079455071959834,-0.010794550719598228,-0.01079455071959834
2024-01-24,0.0,0.0,0.0,0.0,0.0,0.0,0.0,0.0,0.0,0.0,0.0,0.0,0.0,0.0,0.0,0.0,0.0,0.0,0.0,0.0,0.0,0.0,0.0,0.0,0.0,0.0,0.0,0.0,-0.004622102694623487,-0.004622102694623487,-0.004622102694623598,-0.004622102694623487,-0.004622102694623487,-0.00043418182644150427,-0.00043418182644150427,0.0,0.0,-0.0048456478652161294,-0.0048456478652161294,-0.0002708249469443036,-0.0002708249469443036,-0.004622102694623487,-0.004622102694623487,-0.004622102694623487
2024-01-25,0.0,0.0,0.0,0.0,0.0,0.0,0.0,0.0,0.0,0.0,0.0,0.0,0.0,0.0,0.0,0.0,0.0,0.0,0.0,0.0,0.0,0.0,0.0,0.0,0.0,0.0,0.0,0.0,-0.006831234100331929,-0.006831234100331929,-0.006831234100332151,-0.006831234100331929,-0.006831234100331929,-2.6984536376395418e-05,-2.6984536376395418e-05,0.0,0.0,-0.00747296220564686,-0.00747296220564686,0.0,0.0,-0.006831234100331929,-0.006831234100331929,-0.006831234100331929
2024-01-26,0.0,0.0,0.0,0.0,0.0,0.0,0.0,0.0,0.0,0.0,0.0,0.0,0.0,0.0,0.0,0.0,0.0,0.0,0.0,0.0,0.0,0.0,0.0,0.0,0.0,0.0,0.0,0.0,0.0,0.0,0.0,0.0,0.0,0.0,0.0,-0.00030166765456507427,-0.00030166765456507427,0.0,0.0,-0.00033549438784130636,-0.00033549438784130636,0.0,0.0,0.0
2024-01-29,0.0,-0.000936398338904576,0.0,0.0,-0.000936398338904576,0.0,0.0,-0.000936398338904576,0.0,0.0,-0.000936398338904576,0.0,0.0,-0.000936398338904576,0.0,0.0,-0.000936398338904576,0.0,0.0,-0.000936398338904576,0.0,-0.000936398338904576,0.0,-0.000468199169452288,-0.000468199169452288,0.0,-0.000468199169452288,0.0,-0.0005385028713841278,-0.0005385028713841278,-0.0005385028713841278,-0.0005385028713841278,-0.0005385028713841278,-0.004588831357592582,-0.004588831357592582,-0.00535542037903991,-0.00535542037903991,0.0,0.0,-0.006016106764991869,-0.006016106764991869,-0.0005385028713841278,-0.0005385028713840168,-0.0005385028713841278
2024-01-30,0.0,-0.0021212393370886318,0.0,0.0,-0.0021212393370886318,0.0,0.0,-0.0016144544757015211,0.0,0.0,-0.0016144544757015211,0.0,0.0,-0.0021212393370886318,0.0,0.0,-0.0021212393370886318,0.0,0.0,0.0,0.0,-0.002058748606897254,0.0,-0.0016223354212925312,-0.00024594799729760197,0.0,-0.0015910754134313976,0.0,0.0,0.0,0.0,0.0,0.0,-0.005348007045843484,-0.005348007045843484,-0.004388464885379473,-0.004388464885379473,0.0,0.0,-0.004406076033953044,-0.004406076033953044,0.0,0.0,0.0
2024-01-31,0.0,0.0,0.0,0.0,0.0,0.0,0.0,0.0,0.0,0.0,0.0,0.0,0.0,0.0,0.0,0.0,0.0,0.0,0.0,-0.005820466775165345,0.0,0.0,0.0,0.0,0.0,0.0,0.0,0.0,-0.0010015528762502557,-0.0010015528762502557,-0.0010015528762503667,-0.0010015528762502557,-0.0010015528762502557,-0.005000569052258541,-0.005000569052258541,-0.0009710750936550161,-0.0009710750936550161,-0.0013024485015799003,-0.0013024485015799003,-0.0019492374230203335,-0.0019492374230203335,-0.0010015528762502557,-0.0010015528762502557,-0.0010015528762502557
2024-02-01,0.0,-0.011908628503756624,0.0,0.0,-0.011908628503756624,0.0,0.0,0.0,0.0,0.0,0.0,0.0,0.0,-0.011908628503756624,0.0,0.0,-0.011908628503756624,0.0,0.0,0.0,0.0,-0.011277916215800543,0.0,-0.011886950028581311,0.0,0.0,-0.011277916215800543,0.0,0.0,0.0,0.0,0.0,0.0,0.0,0.0,0.0,0.0,0.0,0.0,0.0,0.0,0.0,0.0,0.0
2024-02-02,0.0,0.0,0.0,0.0,0.0,0.0,0.0,0.0,0.0,0.0,0.0,0.0,0.0,0.0,0.0,0.0,0.0,0.0,0.0,-0.029768220727604322,-0.0007173268228042318,0.0,0.0,0.0,0.0,-0.0003586634114021159,0.0,0.0,-0.005375409757733651,-0.005375409757733651,-0.00537540975773354,-0.005375409757733651,-0.005375409757733651,-0.015239803328167989,-0.015239803328167989,-0.016956060776847526,-0.016956060776847526,-0.006108300465517025,-0.006108300465517025,-0.017699953182301664,-0.017699953182301664,-0.005375409757733651,-0.005375409757733651,-0.005375409757733651
2024-02-05,0.0,0.0,0.0,0.0,0.0,0.0,0.0,0.0,0.0,-0.0008288839256339608,0.0,0.0,0.0,0.0,0.0,0.0,0.0,0.0,0.0,-0.04226941916082405,0.0,0.0,0.0,0.0,0.0,0.0,0.0,0.0,-0.0028199922989671222,-0.0028199922989671222,-0.002819992298967011,-0.0028199922989671222,-0.0028199922989671222,-0.01018007363772877,-0.01018007363772877,-0.007520290722636602,-0.007520290722636602,-0.004402077276086436,-0.004402077276086436,-0.010418599635541037,-0.010418599635541037,-0.0028199922989671222,-0.002819992298967011,-0.0028199922989671222
2024-02-06,0.0,-0.00996724506805935,0.0,0.0,-0.00996724506805935,0.0,0.0,-0.009967245068059238,0.0,0.0,-0.009769564439379042,0.0,0.0,-0.00996724506805935,0.0,0.0,-0.00996724506805935,0.0,0.0,-0.032778297849800464,-0.010608203650652182,-0.013174966622422679,0.0,-0.009952936738955032,-0.009952936738955032,-0.010608203650652293,-0.013174966622422679,0.0,-0.0019800224163614155,-0.0019800224163614155,-0.0019800224163613045,-0.0019800224163614155,-0.0019800224163614155,-0.002666447918836745,-0.002666447918836745,0.0,0.0,-0.0036762536538930135,-0.0036762536538930135,-0.002300529913281224,-0.002300529913281224,-0.0019800224163614155,-0.0019800224163613045,-0.0019800224163614155
2024-02-07,0.0,-0.011519311400065568,0.0,0.0,-0.011519311400065568,0.0,0.0,-0.011519311400065457,0.0,0.0,-0.010798114683377102,0.0,0.0,-0.011519311400065568,0.0,0.0,-0.011519311400065568,0.0,0.0,-0.0312619922205023,-0.012538927069721595,-0.016348443792928213,0.0,-0.011505025502012822,-0.011505025502012711,-0.012538927069721706,-0.016348443792928324,0.0,-0.0013162964582800196,-0.0013162964582800196,-0.0013162964582800196,-0.0013162964582800196,-0.0013162964582800196,-0.005649896750692385,-0.005649896750692385,-0.0058083865551039615,-0.0058083865551039615,-0.0030957806067858362,-0.0030957806067858362,-0.007658549934326797,-0.007658549934326797,-0.0013162964582800196,-0.0013162964582800196,-0.0013162964582800196
2024-02-08,0.0,-0.008559308558478862,0.0,0.0,-0.008559308558478862,0.0,0.0,-0.008559308558478862,0.0,-0.002539482322920228,-0.00895883322096025,0.0,0.0,-0.008559308558478862,0.0,0.0,-0.008559308558478862,0.0,0.0,-0.034162875655910585,-0.00954591561113416,-0.014021597288196186,0.0,-0.00854497988134173,-0.008544979881341508,-0.009545915611134381,-0.014021597288196297,0.0,-0.00028153681231479766,-0.00028153681231479766,-0.00028153681231468664,-0.00028153681231479766,-0.00028153681231479766,-0.004976209785334529,-0.004976209785334529,-0.0039543673879023356,-0.0039543673879023356,-0.0014651706494869243,-0.0014651706494869243,-0.0067339582044979585,-0.0067339582044979585,-0.00028153681231479766,-0.0002815368123149087,-0.00028153681231479766
2024-02-09,0.0,-0.012675947895797512,0.0,0.0,-0.012675947895797512,0.0,0.0,-0.012675947895797623,0.0,-0.0074816261420705965,-0.010533408691822288,0.0,0.0,-0.012675947895797512,0.0,0.0,-0.012675947895797512,0.0,0.0,-0.030202091663313557,-0.013846099218653873,-0.019734629063641762,0.0,-0.012648963995253282,-0.01264896399525306,-0.013800459278645816,-0.019734629063641762,0.0,0.0,0.0,0.0,0.0,0.0,-0.0021552327256447734,-0.0021552327256447734,-0.0025698688349438115,-0.0025698688349438115,-0.0004755669622931169,-0.0004755669622931169,-0.004176034135146889,-0.004176034135146889,0.0,0.0,0.0
2024-02-12,0.0,-0.013059777551822749,0.0,0.0,-0.013059777551822749,0.0,0.0,-0.01305977755182297,0.0,-0.008240955433749253,-0.01111300270977389,0.0,0.0,-0.013059777551822749,0.0,0.0,-0.013059777551822749,0.0,0.0,-0.02985179850316233,-0.014215887084588763,-0.020625368193486704,0.0,-0.013026002452138363,-0.013026002452138252,-0.014170264258639653,-0.020625368193486815,0.0,0.0,0.0,0.0,0.0,0.0,0.0,0.0,-0.0016210990284506455,-0.0016210990284506455,0.0,0.0,-0.0027789785626337604,-0.0027789785626337604,0.0,0.0,0.0
2024-02-13,0.0,0.0,0.0,0.0,0.0,0.0,0.0,0.0,0.0,-0.010277426624390573,-0.02827873344244458,0.0,0.0,0.0,0.0,0.0,0.0,0.0,0.0,-0.0523753240056859,0.0,0.0,0.0,0.0,0.0,0.0,0.0,0.0,-0.00598063617124267,-0.00598063617124267,-0.005980636171242781,-0.00598063617124267,-0.00598063617124267,-0.00883433335823669,-0.00883433335823669,-0.004046865684538936,-0.004046865684538936,-0.005330611042032363,-0.005330611042032363,-0.007404081789843753,-0.007404081789843753,-0.00598063617124267,-0.005980636171242781,-0.00598063617124267
2024-02-14,0.0,-0.004108334235635724,0.0,0.0,-0.004108334235635724,0.0,0.0,-0.004108334235635724,0.0,-0.013942927633273539,-0.03254816886628675,0.0,0.0,-0.004108334235635724,0.0,0.0,-0.004108334235635724,0.0,0.0,-0.057218890150109836,-0.005091687129396338,-0.006798922471974556,0.0,-0.0041083342356358354,-0.004108334235635724,-0.005091687129396116,-0.006798922471974556,0.0,0.0,0.0,0.0,0.0,0.0,0.0,0.0,0.0,0.0,0.0,0.0,0.0,0.0,0.0,0.0,0.0
2024-02-15,0.0,-0.013849129810587057,0.0,0.0,-0.013849129810587057,0.0,0.0,-0.013849129810586835,0.0,-0.013329614458151395,-0.04172151953960346,0.0,0.0,-0.013849129810587057,0.0,0.0,-0.013849129810587057,0.0,0.0,-0.048919976453370206,-0.016099479316704635,-0.021217884585694735,0.0,-0.01384561050056543,-0.01384561050056543,-0.016099479316704413,-0.021217884585694735,0.0,0.0,0.0,-3.38221124374094e-06,0.0,0.0,0.0,0.0,0.0,0.0,0.0,0.0,0.0,0.0,0.0,0.0,0.0
2024-02-16,0.0,-0.013863485577684354,0.0,0.0,-0.013863485577684354,0.0,0.0,-0.013863485577684131,0.0,-0.016236668386448105,-0.04184605487093351,0.0,0.0,-0.013863485577684354,0.0,0.0,-0.013863485577684354,0.0,0.0,-0.04897390217028674,-0.016330334919667622,-0.022038693031323664,0.0,-0.013859966318894523,-0.013859966318894634,-0.01626594839016826,-0.022038693031323775,0.0,-0.0004750831505186959,-0.0004750831505186959,-0.0002880293802275391,-0.0004750831505186959,-0.0004750831505186959,-0.00018577954658760554,-0.00018577954658760554,-0.004351964530302177,-0.004351964530302177,-0.0003299438327101223,-0.0003299438327101223,-0.0031892892333087453,-0.0031892892333087453,-0.0004750831505186959,-0.0004750831505188069,-0.0004750831505186959
2024-02-19,0.0,-0.014510448027698186,0.0,0.0,-0.014510448027698186,0.0,0.0,-0.014510448027697964,0.0,-0.018995906117888928,-0.042570219348788796,0.0,0.0,-0.014510448027698186,0.0,0.0,-0.014510448027698186,0.0,0.0,-0.05067313527938677,-0.016975678974184727,-0.02353483103841203,0.0,-0.014506931077745366,-0.014506931077745255,-0.01691133468596351,-0.02353483103841203,0.0,-0.0010558907964950404,-0.0010558907964950404,-0.0005937934509413489,-0.0010558907964950404,-0.0010558907964950404,-0.000398498479608822,-0.000398498479608822,-0.002573493740061661,-0.002573493740061661,-0.0010325953960527157,-0.0010325953960527157,-0.0019751351499767145,-0.0019751351499767145,-0.0010558907964950404,-0.0010558907964951514,-0.0010558907964950404
2024-02-20,0.0,-0.01682620707123683,0.0,0.0,-0.01682620707123683,0.0,0.0,-0.01682620707123661,0.0,-0.023450666911557838,-0.04487002897173542,0.0,0.0,-0.01682620707123683,0.0,0.0,-0.01682620707123683,0.0,0.0,-0.04942282648759544,-0.019285645078724434,-0.026938899854222487,0.0,-0.01682269838561168,-0.016822698385611567,-0.01922145199034797,-0.026938899854222487,0.0,-0.0057350077864630755,-0.0057350077864630755,-0.0029761677768419537,-0.0057350077864630755,-0.0057350077864630755,0.0,0.0,0.0,0.0,-0.005534745175573175,-0.005534745175573175,0.0,0.0,-0.0057350077864630755,-0.0057350077864629645,-0.0057350077864630755
2024-02-21,0.0,-0.018709143765113123,0.0,0.0,-0.018709143765113123,0.0,0.0,-0.0187091437651129,0.0,-0.024724367726740137,-0.04669024000004418,0.0,0.0,-0.018709143765113123,0.0,0.0,-0.018709143765113123,0.0,0.0,-0.05229536141311353,-0.021163871551372337,-0.03028008074672628,0.0,-0.01870564179918799,-0.018705641799187656,-0.02109980140313361,-0.03028008074672628,0.0,-0.005025270159606188,-0.005025270159606188,-0.0025818814649399835,-0.005025270159606188,-0.005025270159606188,-0.00211006222274035,-0.00211006222274035,-0.0027934816575528876,-0.0027934816575528876,-0.0050707774736554745,-0.0050707774736554745,-0.0019589469185080643,-0.0019589469185080643,-0.005025270159606188,-0.005025270159606077,-0.005025270159606188
2024-02-22,0.0,-0.020339440680938292,0.0,0.0,-0.020339440680938292,0.0,0.0,-0.02033944068093818,0.0,-0.02809717045572535,-0.04833565537163276,0.0,0.0,-0.020339440680938292,0.0,0.0,-0.020339440680938292,0.0,0.0,-0.05067629129382667,-0.02278757325620484,-0.03338977874945148,0.0,-0.02033468288478746,-0.020334682884787014,-0.022723609388073718,-0.03338977874945137,0.0,-0.00722374869861564,-0.00722374869861564,-0.003848028800797043,-0.00722374869861564,-0.00722374869861564,-0.010941595730053932,-0.010941595730053932,-0.0014185092855926174,-0.0014185092855926174,-0.007050575875993115,-0.007050575875993115,-0.004075191443023929,-0.004075191443023929,-0.00722374869861564,-0.007223748698615529,-0.00722374869861564
2024-02-23,0.0,-0.019686604041136868,0.0,0.0,-0.019686604041136868,0.0,0.0,-0.019686604041136646,0.0,-0.026820267225909467,-0.04764970228811127,0.0,0.0,-0.019686604041136868,0.0,0.0,-0.019686604041136868,0.0,0.0,-0.05132117155547311,-0.0221402957134591,-0.03225935713723982,0.0,-0.019673607710854357,-0.019673607710854024,-0.02206681771352348,-0.0322593571372396,0.0,-0.007170497314957558,-0.007170497314957558,-0.00396468167981745,-0.007170497314957558,-0.007170497314957558,-0.013348098639855088,-0.013348098639855088,-0.004235175077073383,-0.004235175077073383,-0.00775462975416108,-0.00775462975416108,-0.007407670269400923,-0.007407670269400923,-0.007170497314957558,-0.007170497314957336,-0.007170497314957558
2024-02-26,0.0,-0.020578645394853434,0.0,0.0,-0.020578645394853434,0.0,0.0,-0.0205786453948531,0.0,-0.02794254781264549,-0.04857529896859614,0.0,0.0,-0.020578645394853434,0.0,0.0,-0.020578645394853434,0.0,0.0,-0.05042612350866327,-0.02302265147456395,-0.03444803254290918,0.0,-0.020561925069155773,-0.02056192506915533,-0.022949239776303698,-0.0342446457265968,0.0,-0.00723574278914052,-0.00723574278914052,-0.004091877585888581,-0.00723574278914052,-0.00723574278914052,-0.011931902382181003,-0.011931902382181003,-0.008964087922357145,-0.008964087922357145,-0.007759944740689417,-0.007759944740689417,-0.009912912579155053,-0.009912912579155053,-0.00723574278914052,-0.007235742789140187,-0.00723574278914052
2024-02-27,0.0,-0.019730545693360413,0.0,0.0,-0.019730545693360413,0.0,0.0,-0.01973054569336019,0.0,-0.024098934365948343,-0.04766939199760589,0.0,0.0,-0.019730545693360413,0.0,0.0,-0.019730545693360413,0.0,0.0,-0.05126402336431446,-0.022165963071480888,-0.03361988329095611,0.0,-0.01970821667822409,-0.019708216678223867,-0.022092487000233252,-0.033416322030755174,0.0,-0.007977029353064102,-0.007977029353064102,-0.004804262296171924,-0.007977029353064102,-0.007977029353064102,-0.009593831593604163,-0.009593831593604163,-0.009343046827128054,-0.009343046827128054,-0.0079797088430823,-0.0079797088430823,-0.009655488792625677,-0.009655488792625677,-0.007977029353064102,-0.007977029353063658,-0.007977029353064102
2024-02-28,0.0,-0.014041802846990525,0.0,0.0,-0.014041802846990525,0.0,0.0,-0.012955822107320603,0.0,-0.019040766815212606,-0.04127450892947737,0.0,0.0,-0.014041802846990525,0.0,0.0,-0.014041802846990525,0.0,0.0,-0.057731050150610086,-0.015501357006550975,-0.02699874093281418,0.0,-0.013468745535872406,-0.012925742797560202,-0.015427380145750402,-0.026793784974958545,0.0,-0.002579451745741812,-0.002579451745741812,0.0,-0.002579451745741812,-0.002579451745741812,-0.0090888752077678,-0.0090888752077678,-0.008563877621339588,-0.008563877621339588,-0.002525298718209057,-0.002525298718209057,-0.009851338216340655,-0.009851338216340655,-0.002579451745741812,-0.002579451745741479,-0.002579451745741812
2024-02-29,0.0,-0.019571514521484534,0.0,0.0,-0.019571514521484534,0.0,0.0,-0.008733013159230363,0.0,-0.018046555710176104,-0.03982955613332251,0.0,0.0,-0.019571514521484534,0.0,0.0,-0.019571514521484534,0.0,0.0,-0.061785951310368015,-0.011497251241772588,-0.023075330849940845,0.0,-0.018439081232683008,-0.00869971552586879,-0.011422973505824108,-0.022869548452998822,0.0,-0.002256061919332697,-0.002256061919332697,0.0,-0.002256061919332697,-0.002256061919332697,-0.012943273850041792,-0.012943273850041792,-0.01261958416454434,-0.01261958416454434,-0.002509055487287082,-0.002509055487287082,-0.014092944122614193,-0.014092944122614193,-0.002256061919332697,-0.002256061919332253,-0.002256061919332697
2024-03-01,0.0,-0.025464170139270936,0.0,0.0,-0.025464170139270936,0.0,0.0,-0.014398037163069977,0.0,-0.024009395187760463,-0.04752325094882104,0.0,0.0,-0.025464170139270936,0.0,0.0,-0.025464170139270936,0.0,0.0,-0.05634952006002847,-0.017063576266777902,-0.028510048679694977,0.0,-0.024338543098431198,-0.014364929823438177,-0.01696115296260503,-0.028305411068320407,0.0,-0.0035100871113599164,-0.0035100871113599164,-0.001256860747698041,-0.0035100871113599164,-0.0035100871113599164,-0.017307591015336965,-0.017307591015336965,-0.01693123243976713,-0.01693123243976713,-0.004493641753972599,-0.004493641753972599,-0.018458011804153518,-0.018458011804153518,-0.0035100871113599164,-0.0035100871113594723,-0.0035100871113599164
2024-03-04,0.0,-0.02419113073651824,0.0,0.0,-0.02419113073651824,0.0,0.0,-0.013075338475277087,0.0,-0.026263362942355317,-0.047101012174674994,0.0,0.0,-0.02419113073651824,0.0,0.0,-0.02419113073651824,0.0,0.0,-0.057659084123587334,-0.01577956314024964,-0.027219941052828545,0.0,-0.02306403328532325,-0.013042186704895098,-0.01567700604017319,-0.02701503168924202,0.0,0.0,0.0,0.0,0.0,0.0,-0.011723360099787361,-0.011723360099787361,-0.019596050577613933,-0.019596050577613933,0.0,0.0,-0.021118691280009427,-0.021118691280009427,0.0,0.0,0.0
2024-03-05,0.0,-0.02452365345354668,0.0,0.0,-0.02452365345354668,0.0,0.0,-0.013451648685415929,0.0,-0.025151906525258894,-0.046489493940776505,0.0,0.0,-0.02452365345354668,0.0,0.0,-0.02452365345354668,0.0,0.0,-0.05731164295554869,-0.01611495223552062,-0.027523186646770004,0.0,-0.02339694007910964,-0.013416446109913327,-0.01601243008344122,-0.027318341159761728,0.0,0.0,0.0,0.0,0.0,0.0,-0.013264992974334588,-0.013264992974334588,-0.02322122922123704,-0.02322122922123704,0.0,0.0,-0.024738239749907187,-0.024738239749907187,0.0,0.0,0.0
2024-03-06,0.0,-0.03513070495357795,0.0,0.0,-0.03513070495357795,0.0,0.0,-0.023954994832520282,0.0,-0.027096421852696895,-0.05768867283866963,0.0,0.0,-0.03513070495357795,0.0,0.0,-0.03513070495357795,0.0,0.0,-0.04694064251474328,-0.026801391645697503,-0.03744835684357417,0.0,-0.034010264762381115,-0.02391734608002294,-0.0266999830350515,-0.03724560202473892,0.0,0.0,0.0,0.0,0.0,0.0,-0.013113895597967384,-0.013113895597967384,-0.0231482007508943,-0.0231482007508943,0.0,0.0,-0.024665324698244007,-0.024665324698244007,0.0,0.0,0.0
2024-03-07,0.0,-0.04951794928940334,0.0,0.0,-0.04951794928940334,0.0,0.0,-0.038606533800243925,0.0,-0.028337479235216012,-0.07005485243891407,0.0,0.0,-0.04951794928940334,0.0,0.0,-0.04951794928940334,0.0,0.0,-0.03359764351416983,-0.04023519873683212,-0.04991418413128479,0.0,-0.04784009469014461,-0.03799582209179553,-0.040135189947046124,-0.04971405515239413,0.0,-0.0021775793741872773,-0.0021775793741872773,-0.0021775793741873883,-0.0021775793741872773,-0.0021775793741872773,-0.013130340733608303,-0.013130340733608303,-0.026535755177969023,-0.026535755177969023,-0.002102428347790064,-0.002102428347790064,-0.028047617999784502,-0.028047617999784502,-0.0021775793741872773,-0.0021775793741871663,-0.0021775793741872773
2024-03-08,0.0,-0.04772429172358017,0.0,0.0,-0.04772429172358017,0.0,0.0,-0.03679228526909817,0.0,-0.0288309614281822,-0.06848262575635222,0.0,0.0,-0.04772429172358017,0.0,0.0,-0.04772429172358017,0.0,0.0,-0.031802538735580144,-0.043308843657895335,-0.051738043966840785,0.0,-0.0460432708398093,-0.036180421084729186,-0.04263876881073603,-0.05153829917135799,0.0,-0.013247108884794412,-0.013247108884794412,-0.013247108884794523,-0.013247108884794412,-0.013247108884794412,-0.012679393255747073,-0.012679393255747073,-0.036318930027767204,-0.036318930027767204,-0.014232565732941183,-0.014232565732941183,-0.03781559884691266,-0.03781559884691266,-0.013247108884794412,-0.0132471088847943,-0.013247108884794412
2024-03-11,0.0,-0.050742056080367304,0.0,0.0,-0.050742056080367304,0.0,0.0,-0.03984469318461492,0.0,-0.025927263728959593,-0.06976784672443692,0.0,0.0,-0.050742056080367304,0.0,0.0,-0.050742056080367304,0.0,0.0,-0.03503705662705747,-0.04634060058183087,-0.04884148163033397,0.0,-0.04906636235643258,-0.03923476799954073,-0.04567264920371794,-0.04864112669411125,0.0,-0.016695418691717867,-0.016695418691717867,-0.01669541869171809,-0.016695418691717867,-0.016695418691717867,-0.02017946127573733,-0.02017946127573733,-0.04146913518534856,-0.04146913518534856,-0.016479523239940952,-0.016479523239940952,-0.04295780535046645,-0.04295780535046645,-0.016695418691717867,-0.016695418691717645,-0.016695418691717867
2024-03-12,0.0,-0.05474344702422784,0.0,0.0,-0.05474344702422784,0.0,0.0,-0.04389201959784117,0.0,-0.0272635472700401,-0.07350010693176501,0.0,0.0,-0.05474344702422784,0.0,0.0,-0.05474344702422784,0.0,0.0,-0.03805891600881417,-0.049250214309803475,-0.045800783473703754,0.0,-0.052521238306029394,-0.04272536351730216,-0.04858430085057497,-0.04559978803553166,0.0,-0.020786742800342095,-0.020786742800342095,-0.020786742800342317,-0.020786742800342095,-0.020786742800342095,-0.01556584102154468,-0.01556584102154468,-0.03957983351977623,-0.03957983351977623,-0.021581802693582564,-0.021581802693582564,-0.04107143791176748,-0.04107143791176748,-0.020786742800342095,-0.020786742800342095,-0.020786742800342095
2024-03-13,0.0,-0.05667405994966235,0.0,0.0,-0.05667405994966235,0.0,0.0,-0.04584479571905875,0.0,-0.029575048527633485,-0.07555328811319395,0.0,0.0,-0.05667405994966235,0.0,0.0,-0.05667405994966235,0.0,0.0,-0.036091913417888755,-0.047420792711354354,-0.04770973773148268,0.0,-0.054456389919781634,-0.04468052244274523,-0.0467535979092496,-0.04750914440126752,0.0,-0.017552761048446497,-0.017552761048446497,-0.01755276104844672,-0.017552761048446497,-0.017552761048446497,-0.005962326074759661,-0.005962326074759661,-0.030795878470556537,-0.030795878470556537,-0.020834778061074366,-0.020834778061074366,-0.03230112500209037,-0.03230112500209037,-0.017552761048446497,-0.017552761048446275,-0.017552761048446497
2024-03-14,0.0,-0.04513907925833116,0.0,0.0,-0.04513907925833116,0.0,0.0,-0.03417739488692795,0.0,-0.027454191488599733,-0.06397419954937333,0.0,0.0,-0.04513907925833116,0.0,0.0,-0.04513907925833116,0.0,0.0,-0.047891237531742625,-0.05854098024599186,-0.03682899353935931,0.0,-0.04289137356231776,-0.03299593670098755,-0.05788157412042405,-0.03662610825594548,0.0,-0.017936057417949125,-0.017936057417949125,-0.017936057417949236,-0.017936057417949125,-0.017936057417949125,-0.0006579546153300253,-0.0006579546153300253,-0.028878130085391307,-0.028878130085391307,-0.021679056537465602,-0.021679056537465602,-0.0303863550236827,-0.0303863550236827,-0.017936057417949125,-0.017936057417949014,-0.017936057417949125
2024-03-15,0.0,-0.04119154403976377,0.0,0.0,-0.04119154403976377,0.0,0.0,-0.030184542456009433,0.0,-0.027510003875811262,-0.06032479596193541,0.0,0.0,-0.04119154403976377,0.0,0.0,-0.04119154403976377,0.0,0.0,-0.0518649702546341,-0.06335488333935202,-0.03270783691464385,0.0,-0.038934545998442927,-0.028998199948492176,-0.062183644115105685,-0.032504083538208106,0.0,-0.009048087048322495,-0.009048087048322495,-0.009048087048322717,-0.009048087048322495,-0.009048087048322495,0.0,0.0,-0.019705359481657414,-0.019705359481657414,-0.013613302640396396,-0.013613302640396396,-0.021227830419144667,-0.021227830419144667,-0.009048087048322495,-0.009048087048322495,-0.009048087048322495
2024-03-18,0.0,-0.03800227431210845,0.0,0.0,-0.03800227431210845,0.0,0.0,-0.026958660309340687,0.0,-0.030640475798338285,-0.057925707383927105,0.0,0.0,-0.03800227431210845,0.0,0.0,-0.03800227431210845,0.0,0.0,-0.05502363082383532,-0.06022858756383631,-0.02982094140073266,0.0,-0.0357322549362572,-0.02576280076446713,-0.059053439025193555,-0.02961657991980593,0.0,-0.010321020075258702,-0.010321020075258702,-0.010321020075258813,-0.010321020075258702,-0.010321020075258702,0.0,0.0,-0.023423262472939133,-0.023423262472939133,-0.01412975690625251,-0.01412975690625251,-0.024939959228850173,-0.024939959228850173,-0.010321020075258702,-0.010321020075258591,-0.010321020075258702
2024-03-19,0.0,-0.03306555110538223,0.0,0.0,-0.03306555110538223,0.0,0.0,-0.021965264135436202,0.0,-0.031823805471242306,-0.05296242108240168,0.0,0.0,-0.03306555110538223,0.0,0.0,-0.03306555110538223,0.0,0.0,-0.0600249499388088,-0.05540183345958982,-0.02453225925317648,0.0,-0.030782839449188693,-0.02076221383551624,-0.05422064924784942,-0.024326783748084835,0.0,0.0,0.0,0.0,0.0,0.0,0.0,0.0,-0.015132001701889553,-0.015132001701889553,0.0,0.0,-0.01666157540625779,-0.01666157540625779,0.0,0.0,0.0
2024-03-20,0.0,-0.04238382520366557,0.0,0.0,-0.04238382520366557,0.0,0.0,-0.03139051085908595,0.0,-0.04166637966910747,-0.0639154845844736,0.0,0.0,-0.04238382520366557,0.0,0.0,-0.04238382520366557,0.0,0.0,-0.05079659014448212,-0.0645137346116702,-0.03370588786225481,0.0,-0.040123111866928074,-0.03019905426384939,-0.06334394448702552,-0.03350234471831992,0.0,0.0,0.0,0.0,0.0,0.0,0.0,0.0,-0.0032629446833707387,-0.0032629446833707387,0.0,0.0,-0.004810951921514706,-0.004810951921514706,0.0,0.0,0.0
2024-03-21,0.0,-0.02971306246486105,0.0,0.0,-0.02971306246486105,0.0,0.0,-0.018574289343122663,0.0,-0.04041352744318405,-0.06697579784315699,0.0,0.0,-0.02971306246486105,0.0,0.0,-0.02971306246486105,0.0,0.0,-0.06442152647548482,-0.05109395294874863,-0.020583505405837976,0.0,-0.026967476475920016,-0.016907404259884795,-0.04990738189567645,-0.020377198123171958,0.0,-0.009879846006170978,-0.009879846006170978,-0.009879846006171089,-0.009879846006170978,-0.009879846006170978,-0.007810599781803318,-0.007810599781803318,-0.00010498877603515311,-0.00010498877603515311,-0.007161764758583766,-0.007161764758583766,-0.0016579005560303228,-0.0016579005560303228,-0.009879846006170978,-0.009879846006170978,-0.009879846006170978
2024-03-22,0.0,-0.03966183400091605,0.0,0.0,-0.03966183400091605,0.0,0.0,-0.028637271536554598,0.0,-0.034050520743438395,-0.07343302021814302,0.0,0.0,-0.03966183400091605,0.0,0.0,-0.03966183400091605,0.0,0.0,-0.07426511281611725,-0.041739968853511056,-0.010188095577471468,0.0,-0.036944399692349195,-0.02698747774685928,-0.04008594659558107,-0.009979598573920057,0.0,0.0,0.0,0.0,0.0,0.0,0.0,0.0,0.0,0.0,0.0,0.0,0.0,0.0,0.0,0.0,0.0
2024-03-25,0.0,-0.036723250916032124,0.0,0.0,-0.036723250916032124,0.0,0.0,-0.025664953884074526,0.0,-0.03830332823992866,-0.07260914817680386,0.0,0.0,-0.036723250916032124,0.0,0.0,-0.036723250916032124,0.0,0.0,-0.0714963650648428,-0.038807744749392525,-0.014521932334471854,0.0,-0.03399750140478319,-0.02401011181420487,-0.03714866127240313,-0.013856475140781921,0.0,0.0,0.0,0.0,0.0,0.0,0.0,0.0,0.0,0.0,0.0,0.0,0.0,0.0,0.0,0.0,0.0
2024-03-26,0.0,-0.03914648515403196,0.0,0.0,-0.03914648515403196,0.0,0.0,-0.028116006549133266,0.0,-0.04201682480058799,-0.07529995281205792,0.0,0.0,-0.03914648515403196,0.0,0.0,-0.03914648515403196,0.0,0.0,-0.07383904361544191,-0.041225735201709135,-0.017075286830944836,0.0,-0.03642759258140027,-0.02646532742616947,-0.03957082534137657,-0.016411553823894476,0.0,0.0,0.0,0.0,0.0,0.0,0.0,0.0,0.0,0.0,0.0,0.0,0.0,0.0,0.0,0.0,0.0
2024-03-27,0.0,-0.03875407898781791,0.0,0.0,-0.03875407898781791,0.0,0.0,-0.027719095609034516,0.0,-0.04248759999004548,-0.07519676841871203,0.0,0.0,-0.03875407898781791,0.0,0.0,-0.03875407898781791,0.0,0.0,-0.07348864784011122,-0.04083233718907242,-0.016667568478847428,0.0,-0.03603315093186288,-0.026066807689431926,-0.0391767482969031,-0.01600356015454818,0.0,0.0,0.0,0.0,0.0,0.0,0.0,0.0,0.0,0.0,0.0,0.0,0.0,0.0,0.0,0.0,0.0
2024-03-28,0.0,-0.04238399398409265,0.0,0.0,-0.04238399398409265,0.0,0.0,-0.03139068157709146,0.0,-0.04754310710210308,-0.08142916376862086,0.0,0.0,-0.04238399398409265,0.0,0.0,-0.04238399398409265,0.0,0.0,-0.07699058427142513,-0.04444488544551517,-0.02023230306085555,0.0,-0.03967334086126173,-0.029744633127083975,-0.042795532058354624,-0.019570701871072127,0.0,-0.005131229371716173,-0.005131229371716173,-0.005131229371716062,-0.005131229371716173,-0.005131229371716173,-0.002250610918999363,-0.002250610918999363,-0.004176925357923911,-0.004176925357923911,-0.004378378083810253,-0.004378378083810253,-0.004176925357923911,-0.004176925357923911,-0.005131229371716173,-0.005131229371715951,-0.005131229371716173
2024-03-29,0.0,-0.041344714661765036,0.0,0.0,-0.041344714661765036,0.0,0.0,-0.030339471457662692,0.0,-0.04668991068196604,-0.08085210172310753,0.0,0.0,-0.041344714661765036,0.0,0.0,-0.041344714661765036,0.0,0.0,-0.07597968535749489,-0.04340933329403651,-0.019184929970655906,0.0,-0.0386291004548579,-0.0286895964382895,-0.04175525593449736,-0.018522621528240357,0.0,-0.001566170773076636,-0.001566170773076636,-0.001566170773076525,-0.002007638286222413,-0.002007638286222413,-0.0007605378945902963,-0.0007605378945902963,-0.002412247982300997,-0.002412247982300997,-0.0014458674195799714,-0.0014458674195799714,-0.002412247982300997,-0.002412247982300997,-0.001566170773076636,-0.001566170773076525,-0.001566170773076636
2024-04-01,0.0,-0.05107902556556121,0.0,0.0,-0.05107902556556121,0.0,0.0,-0.04018553103750422,0.0,-0.0521316763539762,-0.08148336459922267,0.0,0.0,-0.05107902556556121,0.0,0.0,-0.05107902556556121,0.0,0.0,-0.0852968139585284,-0.053112640555644686,-0.028874509554558392,0.0,-0.048385941358429774,-0.03854731220649055,-0.05147534155430278,-0.028218744129841045,0.0,-0.0014163643054587727,-0.0014163643054587727,-0.0014163643054587727,-0.0015167449353692408,-0.0015167449353692408,-0.006391616568414693,-0.006391616568414693,-0.002385245349723508,-0.002385245349723508,-0.0006469285542459735,-0.0006469285542459735,-0.002385245349723397,-0.002385245349723397,-0.0014163643054587727,-0.0014163643054587727,-0.0014163643054587727
2024-04-02,0.0,-0.047512535516470056,0.0,0.0,-0.047512535516470056,0.0,0.0,-0.03657809812712043,0.0,-0.0591945289213619,-0.08129550902609883,0.0,0.0,-0.047512535516470056,0.0,0.0,-0.047512535516470056,0.0,0.0,-0.08187977706034344,-0.04943153807794576,-0.025208588013684197,0.0,-0.0447989047056403,-0.03492318959110874,-0.04778787394209194,-0.024550347126609084,0.0,0.0,0.0,0.0,0.0,0.0,0.0,0.0,0.0,0.0,0.0,0.0,0.0,0.0,0.0,0.0,0.0
2024-04-03,0.0,-0.03753649464442477,0.0,0.0,-0.03753649464442477,0.0,0.0,-0.02729447652211814,0.0,-0.06409588801224886,-0.07657459474816619,0.0,0.0,-0.03753649464442477,0.0,0.0,-0.03753649464442477,0.0,0.0,-0.07230834572574851,-0.039117643718645456,-0.014942730415443028,0.0,-0.034789761293914645,-0.025214727333608966,-0.03745614543518594,-0.01427755737126335,0.0,-0.007033759046892629,-0.007033759046892629,-0.007033759046892629,-0.00351687952344637,-0.00351687952344637,0.0,0.0,0.0,0.0,-0.00971860564180027,-0.00971860564180027,0.0,0.0,-0.007033759046892629,-0.007033759046892518,-0.007033759046892629
2024-04-04,0.0,-0.03661693067062832,0.0,0.0,-0.03661693067062832,0.0,0.0,-0.02911927916119772,0.0,-0.06167106521759569,-0.0761801599639137,0.0,0.0,-0.03661693067062832,0.0,0.0,-0.03661693067062832,0.0,0.0,-0.07139549915543397,-0.038222005041584906,-0.014075795074837916,0.0,-0.03386757301590215,-0.026613778751297335,-0.03655895807517284,-0.013410036621020027,0.0,-0.00869000735470693,-0.00869000735470693,-0.008690007354707152,-0.004347936720552337,-0.004347936720552337,0.0,0.0,0.0,0.0,-0.012457109303126934,-0.012457109303126934,0.0,0.0,-0.00869000735470693,-0.008690007354706819,-0.00869000735470693
2024-04-05,0.0,-0.03923108246137297,0.0,0.0,-0.03923108246137297,0.0,0.0,-0.03270124592761359,0.0,-0.06232286482548077,-0.07935041034366141,0.0,0.0,-0.03923108246137297,0.0,0.0,-0.03923108246137297,0.0,0.0,-0.07381799090835794,-0.04063747518635408,-0.016413587879716918,0.0,-0.03648918522241029,-0.02976890750005612,-0.038956831479532106,-0.015749408051634495,0.0,0.0,0.0,0.0,0.0,0.0,0.0,0.0,0.0,0.0,-0.0015303233957952855,-0.0015303233957952855,0.0,0.0,0.0,0.0,0.0
2024-04-08,0.0,-0.03665411735517876,0.0,0.0,-0.03665411735517876,0.0,0.0,-0.035322850050416355,0.0,-0.06723200356715253,-0.08254437538856674,0.0,0.0,-0.03665411735517876,0.0,0.0,-0.03665411735517876,0.0,0.0,-0.07128614433286262,-0.03806134823621743,-0.013609720976841655,0.0,-0.03390339245403795,-0.03239845894056059,-0.0363761915831059,-0.012943647800280123,0.0,0.0,0.0,0.0,0.0,0.0,0.0,0.0,0.0,0.0,-4.163848288918359e-05,-4.163848288918359e-05,0.0,0.0,0.0,0.0,0.0
2024-04-09,0.0,-0.03420912489955685,0.0,0.0,-0.03420912489955685,0.0,0.0,-0.038676299027328054,0.0,-0.06953232424669031,-0.08246664799586167,0.0,0.0,-0.03420912489955685,0.0,0.0,-0.03420912489955685,0.0,0.0,-0.06888897990592568,-0.03562471857900207,-0.01117717836283838,0.0,-0.0314514185997804,-0.0353467907837508,-0.03393529335567502,-0.010509462579470608,0.0,-0.0028544941696311277,-0.0028544941696311277,-0.001080613113252027,-0.0014272470848155638,-0.0014272470848155638,-0.00313685503792438,-0.00313685503792438,-0.002598504668783752,-0.002598504668783752,-0.0033402956193834266,-0.0033402956193834266,-0.002598504668783974,-0.002598504668783974,-0.0028544941696311277,-0.0028544941696310167,-0.0028544941696311277
2024-04-10,0.0,-0.05822730923439634,0.0,0.0,-0.05822730923439634,0.0,0.0,-0.06369279617322954,0.0,-0.06535569225383087,-0.10146981521004006,0.0,0.0,-0.05822730923439634,0.0,0.0,-0.05822730923439634,0.0,0.0,-0.0918853525481157,-0.05856615952762079,-0.03430336777715359,0.0,-0.05514353330296007,-0.06004881458858946,-0.05691692389619307,-0.03365126826127396,0.0,-0.004086142391478087,-0.004086142391478087,-0.0016597376556495291,-0.002043952644997793,-0.002043952644997793,-0.009668516499031554,-0.009668516499031554,-0.01089254906695969,-0.01089254906695969,-0.002753668393448927,-0.002753668393448927,-0.0108925490669598,-0.0108925490669598,-0.004086142391478087,-0.004086142391477976,-0.004086142391478087
2024-04-11,0.0,-0.059188018256971064,0.0,0.0,-0.059188018256971064,0.0,0.0,-0.06464792981369094,0.0,-0.06651850992112707,-0.10365291904686047,0.0,0.0,-0.059188018256971064,0.0,0.0,-0.059188018256971064,0.0,0.0,-0.09091844865512266,-0.057358599539942046,-0.03310835907964904,0.0,-0.056107388107303535,-0.06100766548059233,-0.05570724846410047,-0.03245545261822669,0.0,-0.0006630663289706185,-0.0006630663289706185,-0.00047613264633317165,-0.00032890498749327257,-0.00032890498749327257,-0.005969767245798341,-0.005969767245798341,-0.0019633187958192355,-0.0019633187958192355,-0.00047291681798589114,-0.00047291681798589114,-0.0019633187958192355,-0.0019633187958192355,-0.0006630663289706185,-0.0006630663289703964,-0.0006630663289706185
2024-04-12,0.0,-0.0483295975696475,0.0,0.0,-0.0483295975696475,0.0,0.0,-0.05314497322200129,0.0,-0.062263660966538126,-0.10709351727997962,0.0,0.0,-0.0483295975696475,0.0,0.0,-0.0483295975696475,0.0,0.0,-0.10219818022315952,-0.07118944263594984,-0.04716846813800468,0.0,-0.04485640608068997,-0.04945994093046158,-0.06953347468112736,-0.04652505595253198,0.0,-0.0007870633021633822,-0.0007870633021633822,-0.001064114040568942,-0.00039092420533337613,-0.00039092420533337613,-0.007952448678120616,-0.007952448678120616,-0.002366135206299691,-0.002366135206299691,0.0,0.0,-0.002366135206299691,-0.002366135206299691,-0.0007870633021633822,-0.0007870633021631601,-0.0007870633021633822
2024-04-15,0.0,-0.05208286452847699,0.0,0.0,-0.05208286452847699,0.0,0.0,-0.05014862669962061,0.0,-0.06304894106816294,-0.1104210550010094,0.0,0.0,-0.05208286452847699,0.0,0.0,-0.05208286452847699,0.0,0.0,-0.1057992279759461,-0.07485255327495233,-0.05108188367887212,0.0,-0.04862337086475799,-0.0460888815354199,-0.07320311624700737,-0.0504411140793779,0.0,-6.88901362285721e-05,-6.88901362285721e-05,-0.0013070331715198114,-3.169526208468554e-05,-3.169526208468554e-05,-0.014854194741104276,-0.014854194741104276,-0.00824605933095035,-0.00824605933095035,0.0,0.0,-0.008246059330950462,-0.008246059330950462,-6.88901362285721e-05,-6.889013622823903e-05,-6.88901362285721e-05
2024-04-16,0.0,-0.05681004595160655,0.0,0.0,-0.05681004595160655,0.0,0.0,-0.054916251123184434,0.0,-0.0642702218292941,-0.11542277551183644,0.0,0.0,-0.05681004595160655,0.0,0.0,-0.05681004595160655,0.0,0.0,-0.1104548717331233,-0.0794661842139468,-0.056507494484110854,0.0,-0.05336780448596323,-0.05087688318929817,-0.07782497278693812,-0.05587038860059268,0.0,-0.007693782267271798,-0.007693782267271798,-0.0012771597746149554,-0.003844283140827409,-0.003844283140827409,-0.02519474069274885,-0.02519474069274885,-0.016224234500427426,-0.016224234500427426,-0.007438938226894898,-0.007438938226894898,-0.016224234500427537,-0.016224234500427537,-0.007693782267271798,-0.007693782267271465,-0.007693782267271798
2024-04-17,0.0,-0.051288150588968406,0.0,0.0,-0.051288150588968406,0.0,0.0,-0.05002231088164388,0.0,-0.06489563795744857,-0.11154714995168324,0.0,0.0,-0.051288150588968406,0.0,0.0,-0.051288150588968406,0.0,0.0,-0.10497593066224353,-0.07407692896719309,-0.05001919219843187,0.0,-0.047825756557975274,-0.04560952854090328,-0.07242610908567426,-0.049377705002358385,0.0,-0.007198698258348846,-0.007198698258348846,-0.0012190891757528632,-0.0035957808352885534,-0.0035957808352885534,-0.022249803084914865,-0.022249803084914865,-0.01307046173310733,-0.01307046173310733,-0.0068488399801639455,-0.0068488399801639455,-0.013070461733107663,-0.013070461733107663,-0.007198698258348846,-0.007198698258348402,-0.007198698258348846
2024-04-18,0.0,-0.05425724257113296,0.0,0.0,-0.05425724257113296,0.0,0.0,-0.04697696764191084,0.0,-0.06379720592275351,-0.11243074402396636,0.0,0.0,-0.05425724257113296,0.0,0.0,-0.05425724257113296,0.0,0.0,-0.10790759160330321,-0.07697470110739713,-0.05360121216351643,0.0,-0.05080568446082845,-0.042550039245927374,-0.0753290476376578,-0.05296214377414399,0.0,-0.02678035954443403,-0.02678035954443403,-0.00718775025085705,-0.013422142811991056,-0.013422142811991056,-0.033465133199238606,-0.033465133199238606,-0.024362083442657334,-0.024362083442657334,-0.026712318909938415,-0.026712318909938415,-0.024362083442657667,-0.024362083442657667,-0.02678035954443403,-0.026780359544433807,-0.02678035954443403
2024-04-19,0.0,-0.05407128262470695,0.0,0.0,-0.05407128262470695,0.0,0.0,-0.047844180619556975,0.0,-0.06054796626343262,-0.10949488406463515,0.0,0.0,-0.05407128262470695,0.0,0.0,-0.05407128262470695,0.0,0.0,-0.10771964963275316,-0.0767932080599657,-0.05340271701437327,0.0,-0.05061506349996869,-0.04307101753808862,-0.0751433515556934,-0.05276351458850692,0.0,-0.023511324687647273,-0.023511324687647273,-0.006292500564487713,-0.011765190326644581,-0.011765190326644581,-0.025796270593259618,-0.025796270593259618,-0.014103971228068946,-0.014103971228068946,-0.025743535499919923,-0.025743535499919923,-0.014103971228069168,-0.014103971228069168,-0.023511324687647273,-0.02351132468764694,-0.023511324687647273
2024-04-22,0.0,-0.05233479607255198,0.0,0.0,-0.05233479607255198,0.0,0.0,-0.04677915165116109,0.0,-0.05704794644782851,-0.10825732799276755,0.0,0.0,-0.05233479607255198,0.0,0.0,-0.05233479607255198,0.0,0.0,-0.10600727844070557,-0.07509090878689328,-0.051221039011436154,0.0,-0.04886836329820432,-0.04163933001214237,-0.07343801011530549,-0.05055328860994268,0.0,-0.0275486003325206,-0.0275486003325206,-0.008229101575074282,-0.013808110244396987,-0.013808110244396987,-0.022664533174246437,-0.022664533174246437,-0.008503841662452438,-0.008503841662452438,-0.02966013766692288,-0.02966013766692288,-0.00850384166245266,-0.00850384166245266,-0.0275486003325206,-0.02754860033252038,-0.0275486003325206
2024-04-23,0.0,-0.046248966434361494,0.0,0.0,-0.046248966434361494,0.0,0.0,-0.05308342836846813,0.0,-0.05922696552787943,-0.11299804485593146,0.0,0.0,-0.046248966434361494,0.0,0.0,-0.046248966434361494,0.0,0.0,-0.10009894057791324,-0.06932397801016665,-0.04494146763148399,0.0,-0.04275678943224581,-0.047975695945786434,-0.0676607732962764,-0.04426929766918375,0.0,-0.0204139594135343,-0.0204139594135343,-0.004275558730888029,-0.010190384457263058,-0.010190384457263058,-0.015010337809064023,-0.015010337809064023,-0.0044628803023235575,-0.0044628803023235575,-0.02277395780405156,-0.02277395780405156,-0.0044628803023238905,-0.0044628803023238905,-0.0204139594135343,-0.020413959413534077,-0.0204139594135343
2024-04-24,0.0,-0.04979103813199626,0.0,0.0,-0.04979103813199626,0.0,0.0,-0.04955979934725163,0.0,-0.06504448670459984,-0.11368173455594255,0.0,0.0,-0.04979103813199626,0.0,0.0,-0.04979103813199626,0.0,0.0,-0.10354774592990301,-0.07259256417797422,-0.04841784370457869,0.0,-0.04631183049073784,-0.04443306022985527,-0.07093520073192972,-0.0477481204149115,0.0,-0.03373156849838965,-0.03373156849838965,-0.01249057607813997,-0.016918684464650502,-0.016918684464650502,-0.024394359449536496,-0.024394359449536496,-0.013141395643055387,-0.013141395643055387,-0.035557842241471516,-0.035557842241471516,-0.013141395643055609,-0.013141395643055609,-0.03373156849838965,-0.03373156849838921,-0.03373156849838965
2024-04-25,0.0,-0.04608602303123932,0.0,0.0,-0.04608602303123932,0.0,0.0,-0.0533686688775431,0.0,-0.06456949723915106,-0.11716065073944304,0.0,0.0,-0.04608602303123932,0.0,0.0,-0.04608602303123932,0.0,0.0,-0.09979038100290094,-0.06894553023884387,-0.04446974163559869,0.0,-0.042587814014093284,-0.048262475061577104,-0.06728164920354596,-0.04379723967265747,0.0,-0.03769238386365714,-0.03769238386365714,-0.015621970851337208,-0.018933550858365122,-0.018933550858365122,-0.03223283844816882,-0.03223283844816882,-0.015889223252127715,-0.015889223252127715,-0.04008547737939294,-0.04008547737939294,-0.01588922325212805,-0.01588922325212805,-0.03769238386365714,-0.03769238386365681,-0.03769238386365714
2024-04-26,0.0,-0.053876574238366115,0.0,0.0,-0.053876574238366115,0.0,0.0,-0.04583525771502284,0.0,-0.07023157594416218,-0.11149423591768881,0.0,0.0,-0.053876574238366115,0.0,0.0,-0.053876574238366115,0.0,0.0,-0.10727908906495087,-0.07600388142414538,-0.05195449444238531,0.0,-0.050397253833492583,-0.04067898655203861,-0.07433640307069067,-0.051287260246645316,0.0,-0.02898708595047117,-0.02898708595047117,-0.008831994727356074,-0.014496053134560483,-0.014496053134560483,-0.019837355840325976,-0.019837355840325976,-0.0003865295700463678,-0.0003865295700463678,-0.03094534467226051,-0.03094534467226051,-0.0003865295700468119,-0.0003865295700468119,-0.02898708595047117,-0.028987085950470837,-0.02898708595047117
2024-04-29,0.0,-0.04740535800179235,0.0,0.0,-0.04740535800179235,0.0,0.0,-0.05314339064233542,0.0,-0.0691465347621909,-0.11180438244563806,0.0,0.0,-0.04740535800179235,0.0,0.0,-0.04740535800179235,0.0,0.0,-0.10108719096162844,-0.06893353667342494,-0.04390691145805892,0.0,-0.04351660461879259,-0.048019738538186085,-0.0672532989083382,-0.04323401337537591,0.0,-0.021448200789146443,-0.021448200789146443,-0.002458000382505765,-0.010670356805524861,-0.010670356805524861,-0.01082194610005216,-0.01082194610005216,0.0,0.0,-0.025146407063406984,-0.025146407063406984,0.0,0.0,-0.021448200789146443,-0.02144820078914611,-0.021448200789146443
2024-04-30,0.0,-0.03129312510774673,0.0,0.0,-0.03129312510774673,0.0,0.0,-0.03751739495101314,0.0,-0.07281302349747798,-0.09762744606067664,0.0,0.0,-0.03129312510774673,0.0,0.0,-0.03129312510774673,0.0,0.0,-0.08588293524559198,-0.08441961936766462,-0.060122797041023746,0.0,-0.027327122882631394,-0.03230091258126999,-0.08276732837329825,-0.05946131169466162,0.0,-0.022482469061619215,-0.022482469061619215,-0.0036380965716005242,-0.011582479845143268,-0.011582479845143268,-0.021416767135504222,-0.021416767135504222,-0.005578604443082669,-0.005578604443082669,-0.024017478991951058,-0.024017478991951058,-0.005578604443082669,-0.005578604443082669,-0.022482469061619215,-0.02248246906161877,-0.022482469061619215
2024-05-01,0.0,-0.04104760221082171,0.0,0.0,-0.04104760221082171,0.0,0.0,-0.0471651279877936,0.0,-0.0684824751342642,-0.10608450861569718,0.0,0.0,-0.04104760221082171,0.0,0.0,-0.04104760221082171,0.0,0.0,-0.09508771556540618,-0.07414636939588692,-0.04827381093971217,0.0,-0.03711791334650594,-0.04199733047860976,-0.07247553890595015,-0.04760398627981999,0.0,-0.018196972360683294,-0.018196972360683294,0.0,-0.007328713180094204,-0.007328713180094204,-0.01916120584628278,-0.01916120584628278,-0.003205979273776416,-0.003205979273776416,-0.019805866970618036,-0.019805866970618036,-0.003205979273776305,-0.003205979273776305,-0.018196972360683294,-0.01819697236068285,-0.018196972360683294
2024-05-02,0.0,-0.04712775429648086,0.0,0.0,-0.04712775429648086,0.0,0.0,-0.05330289361699991,0.0,-0.06519510959577357,-0.11154971841043038,0.0,0.0,-0.04712775429648086,0.0,0.0,-0.04712775429648086,0.0,0.0,-0.10082523113575992,-0.0673465304527553,-0.041072582399000135,0.0,-0.043222981273659755,-0.04816696546096155,-0.06566342871620079,-0.04039768951621636,0.0,-0.02358918874836391,-0.02358918874836391,-0.0054921570171218015,-0.012780619753697375,-0.012780619753697375,-0.015999014500399422,-0.015999014500399422,-0.00024376961099725758,-0.00024376961099725758,-0.026739891298099616,-0.026739891298099616,-0.00024376961099714656,-0.00024376961099714656,-0.02358918874836391,-0.023589188748363465,-0.02358918874836391
2024-05-03,0.0,-0.05280136527032231,0.0,0.0,-0.05280136527032231,0.0,0.0,-0.058815656801668115,0.0,-0.06544654357531487,-0.11688133293006131,0.0,0.0,-0.05280136527032231,0.0,0.0,-0.05280136527032231,0.0,0.0,-0.10617911551956105,-0.06190547142457581,-0.03481018117181833,0.0,-0.04891819804891051,-0.0537096359469903,-0.05984949694570618,-0.0341308808125772,0.0,-0.03248391052884825,-0.03248391052884825,-0.014551735700507162,-0.021773803383379753,-0.021773803383379753,-0.0192564527252439,-0.0192564527252439,-0.0028494120037714232,-0.0028494120037714232,-0.03522975678950335,-0.03522975678950335,-0.002849412003771312,-0.002849412003771312,-0.03248391052884825,-0.032483910528847804,-0.03248391052884825
2024-05-06,0.0,-0.053597677626216145,0.0,0.0,-0.053597677626216145,0.0,0.0,-0.05961197449662592,0.0,-0.06760493005964885,-0.11811827640092509,0.0,0.0,-0.053597677626216145,0.0,0.0,-0.053597677626216145,0.0,0.0,-0.10693055306198396,-0.06269412993474588,-0.03490967741873008,0.0,-0.04971777499358754,-0.05450864530522204,-0.06063988391896813,-0.0342304470849234,0.0,-0.030522549806692334,-0.030522549806692334,-0.012554022649171492,-0.019790730998013317,-0.019790730998013317,-0.015589690744789997,-0.015589690744789997,0.0,0.0,-0.0346752792323638,-0.0346752792323638,0.0,0.0,-0.030522549806692334,-0.03052254980669189,-0.030522549806692334
2024-05-07,0.0,-0.04806897545651845,0.0,0.0,-0.04806897545651845,0.0,0.0,-0.05404092634500246,0.0,-0.06938581536954203,-0.11316472065482142,0.0,0.0,-0.04806897545651845,0.0,0.0,-0.04806897545651845,0.0,0.0,-0.10171341139585566,-0.05721856750744503,-0.041499811793979546,0.0,-0.04416640717145426,-0.04890736400314577,-0.05515232097757716,-0.04082521959514007,0.0,-0.028934877701161432,-0.028934877701161432,-0.010936924248743596,-0.01818548384794627,-0.01818548384794627,-0.014407682978295755,-0.014407682978295755,0.0,0.0,-0.031756216950974414,-0.031756216950974414,0.0,0.0,-0.028934877701161432,-0.0289348777011611,-0.028934877701161432
2024-05-08,0.0,-0.04658727973319643,0.0,0.0,-0.04658727973319643,0.0,0.0,-0.05257474105811544,0.0,-0.06863931004206669,-0.11165757831579382,0.0,0.0,-0.04658727973319643,0.0,0.0,-0.04658727973319643,0.0,0.0,-0.10110001902668675,-0.05575111326912807,-0.04383025699548415,0.0,-0.04267863703875918,-0.04743322197290212,-0.05368165059379637,-0.043157304963409415,0.0,-0.028484066349930948,-0.028484066349930948,-0.010477757452003744,-0.017729682152961668,-0.017729682152961668,-0.015058884463891031,-0.015058884463891031,0.0,0.0,-0.03152553200029784,-0.03152553200029784,0.0,0.0,-0.028484066349930948,-0.028484066349930504,-0.028484066349930948
2024-05-09,0.0,-0.05268744415166182,0.0,0.0,-0.05268744415166182,0.0,0.0,-0.057919589514274894,0.0,-0.07020813522399971,-0.11688006171317533,0.0,0.0,-0.05268744415166182,0.0,0.0,-0.05268744415166182,0.0,0.0,-0.09600052371419054,-0.06098189174926549,-0.0384043515447724,0.0,-0.04839282097190101,-0.05280707603144086,-0.0589238931073891,-0.037727580761763635,0.0,-0.025907447128507677,-0.025907447128507677,-0.007853382553080657,-0.015124540544949827,-0.015124540544949827,-0.014200316336619334,-0.014200316336619334,0.0,0.0,-0.03183204914491111,-0.03183204914491111,0.0,0.0,-0.025907447128507677,-0.025907447128507344,-0.025907447128507677
2024-05-10,0.0,-0.053687756304383494,0.0,0.0,-0.053687756304383494,0.0,0.0,-0.05696834096569092,0.0,-0.06966698125892867,-0.11587760952172133,0.0,0.0,-0.053687756304383494,0.0,0.0,-0.053687756304383494,0.0,0.0,-0.0969479921982368,-0.0608502415479798,-0.039743328344095996,0.0,-0.049397668020451424,-0.05185066521541559,-0.05838793972423617,-0.03906749993263248,0.0,-0.025090573404446315,-0.025090573404446315,-0.007021368695855679,-0.014298624278646366,-0.014298624278646366,-0.016236690948214005,-0.016236690948214005,-0.0015917516783592323,-0.0015917516783592323,-0.03078363055808686,-0.03078363055808686,-0.0015917516783593433,-0.0015917516783593433,-0.025090573404446315,-0.02509057340444587,-0.025090573404446315
2024-05-13,0.0,-0.05376242703093603,0.0,0.0,-0.05376242703093603,0.0,0.0,-0.05771203500227762,0.0,-0.07315303972686005,-0.1174676488272568,0.0,0.0,-0.05376242703093603,0.0,0.0,-0.05376242703093603,0.0,0.0,-0.09701232601931775,-0.06007274499267423,-0.039520443176004894,0.0,-0.04904168372807427,-0.05259585182237447,-0.05760840469618567,-0.038844457898014384,0.0,-0.026304412153306145,-0.026304412153306145,-0.008257705022683193,-0.015525899851140279,-0.015525899851140279,-0.01632260917051398,-0.01632260917051398,-0.0012166859807042352,-0.0012166859807042352,-0.03232250581188356,-0.03232250581188356,-0.0012166859807044572,-0.0012166859807044572,-0.026304412153306145,-0.0263044121533057,-0.026304412153306145
2024-05-14,0.0,-0.057352325424234074,0.0,0.0,-0.057352325424234074,0.0,0.0,-0.0611618053916283,0.0,-0.07576622371398489,-0.12086327791268581,0.0,0.0,-0.057352325424234074,0.0,0.0,-0.057352325424234074,0.0,0.0,-0.1004381400987775,-0.05661464290033014,-0.03632848328225402,0.0,-0.052649491988072006,-0.056064352852353116,-0.054141236008219074,-0.035650251503668295,0.0,-0.02450195282084633,-0.02450195282084633,-0.006421838477441821,-0.013703487845245998,-0.013703487845245998,-0.014041338247822943,-0.014041338247822943,0.0,0.0,-0.03185340028870265,-0.03185340028870265,0.0,0.0,-0.02450195282084633,-0.024501952820845996,-0.02450195282084633
2024-05-15,0.0,-0.06970909057551633,0.0,0.0,-0.06970909057551633,0.0,0.0,-0.07309622922290848,0.0,-0.07937081850578387,-0.13245031640397198,0.0,0.0,-0.06970909057551633,0.0,0.0,-0.06970909057551633,0.0,0.0,-0.11223011173531983,-0.044642118210013626,-0.02280059294160308,0.0,-0.06506640216335402,-0.06806357502632199,-0.04213732125565273,-0.022112840237092812,0.0,-0.020535623184296803,-0.020535623184296803,-0.002381995937858039,-0.00969325215292749,-0.00969325215292749,-0.01055417908940215,-0.01055417908940215,0.0,0.0,-0.029820753273751666,-0.029820753273751666,0.0,0.0,-0.020535623184296803,-0.02053562318429647,-0.020535623184296803
2024-05-16,0.0,-0.06609790195434917,0.0,0.0,-0.06609790195434917,0.0,0.0,-0.0695970407964841,0.0,-0.08138411432649062,-0.12918042849510314,0.0,0.0,-0.06609790195434917,0.0,0.0,-0.06609790195434917,0.0,0.0,-0.10878398054534655,-0.048228243284349936,-0.026914995865796265,0.0,-0.06143719162732586,-0.06454538764242868,-0.04573284858158022,-0.02623013887706127,0.0,-0.03515606950332817,-0.03515606950332817,-0.017273421109142317,-0.024475542340288592,-0.024475542340288592,-0.021098115234712722,-0.021098115234712722,-0.01028309041480946,-0.01028309041480946,-0.04268068549656856,-0.04268068549656856,-0.01028309041480957,-0.01028309041480957,-0.03515606950332817,-0.035156069503327836,-0.03515606950332817
2024-05-17,0.0,-0.06644015353018451,0.0,0.0,-0.06644015353018451,0.0,0.0,-0.06996901154687707,0.0,-0.08493285121756733,-0.12957867628951059,0.0,0.0,-0.06644015353018451,0.0,0.0,-0.06644015353018451,0.0,0.0,-0.10911058874946811,-0.04875245799940353,-0.026801382968953957,0.0,-0.06178115123600225,-0.0649193780201196,-0.04580848631048362,-0.026116446019490036,0.0,-0.03094723753606954,-0.03094723753606954,-0.012986581642596251,-0.020220119890641985,-0.020220119890641985,-0.014443872457930884,-0.014443872457930884,-0.0016708796771504053,-0.0016708796771504053,-0.041067442469161164,-0.041067442469161164,-0.0016708796771506274,-0.0016708796771506274,-0.03094723753606954,-0.030947237536069316,-0.03094723753606954
2024-05-20,0.0,-0.06424472576411921,0.0,0.0,-0.06424472576411921,0.0,0.0,-0.06778122337695103,0.0,-0.08626266403706195,-0.12754132240979765,0.0,0.0,-0.06424472576411921,0.0,0.0,-0.06424472576411921,0.0,0.0,-0.10701550790666081,-0.046515434551997914,-0.03079334159827629,0.0,-0.05957476701863129,-0.06271971118310671,-0.04356453960345741,-0.029641506142909835,0.0,-0.027784522265730693,-0.027784522265730693,-0.009765247850274106,-0.017022394329741064,-0.017022394329741064,-0.013415665106005004,-0.013415665106005004,0.0,0.0,-0.03824288780120788,-0.03824288780120788,0.0,0.0,-0.027784522265730693,-0.02778452226573047,-0.027784522265730693
2024-05-21,0.0,-0.06332268361188942,0.0,0.0,-0.06332268361188942,0.0,0.0,-0.06683008341742913,0.0,-0.08669602618276251,-0.12661872162606724,0.0,0.0,-0.06332268361188942,0.0,0.0,-0.06332268361188942,0.0,0.0,-0.10613560974774328,-0.04557592292427948,-0.029838338278633803,0.0,-0.05864812334404723,-0.061763406978212476,-0.04262212032498425,-0.02868536786750331,0.0,-0.025994547968917536,-0.025994547968917536,-0.007942097741318932,-0.015212605565018578,-0.015212605565018578,-0.010720200540696667,-0.010720200540696667,0.0,0.0,-0.037330089446997006,-0.037330089446997006,0.0,0.0,-0.025994547968917536,-0.025994547968917314,-0.025994547968917536
2024-05-22,0.0,-0.058398311782296264,0.0,0.0,-0.058398311782296264,0.0,0.0,-0.06206749891304231,0.0,-0.08977796818012895,-0.12199155654846316,0.0,0.0,-0.058398311782296264,0.0,0.0,-0.058398311782296264,0.0,0.0,-0.10143631731712477,-0.040558251463246986,-0.02473792998055091,0.0,-0.0536991760576816,-0.05697496386622436,-0.03758891990637403,-0.023578898084943734,0.0,-0.02002900797750118,-0.02002900797750118,-0.0018659910035346838,-0.009181028870767105,-0.009181028870767105,-0.014090920032382326,-0.014090920032382326,-0.0038456741580401577,-0.0038456741580401577,-0.027816608031854595,-0.027816608031854595,-0.0038456741580401577,-0.0038456741580401577,-0.02002900797750118,-0.02002900797750118,-0.02002900797750118
2024-05-23,0.0,-0.05722191810026567,0.0,0.0,-0.05722191810026567,0.0,0.0,-0.06087857320234169,0.0,-0.08885594201947311,-0.12076346902339086,0.0,0.0,-0.05722191810026567,0.0,0.0,-0.05722191810026567,0.0,0.0,-0.10031369333244278,-0.039355334700716615,-0.02351517821508342,0.0,-0.05251482322504408,-0.05577786241557414,-0.0363822802928121,-0.022354693163098904,0.0,-0.0269366958718259,-0.0269366958718259,-0.008901707639012768,-0.01616518275700729,-0.01616518275700729,-0.01599476199378802,-0.01599476199378802,-0.007678213324618155,-0.007678213324618155,-0.034694698316618755,-0.034694698316618755,-0.007678213324617933,-0.007678213324617933,-0.0269366958718259,-0.02693669587182579,-0.0269366958718259
2024-05-24,0.0,-0.06274014236957448,0.0,0.0,-0.06274014236957448,0.0,0.0,-0.06626449364551601,0.0,-0.09188649187137454,-0.12605670102911748,0.0,0.0,-0.06274014236957448,0.0,0.0,-0.06274014236957448,0.0,0.0,-0.1055796948523483,-0.04481764481221018,-0.02905755085199835,0.0,-0.05805783530120501,-0.06119139608339186,-0.04185655837843616,-0.027903652528710632,0.0,-0.026203437244796235,-0.026203437244796235,-0.008154858621045591,-0.015423807181281668,-0.015423807181281668,-0.013785668370808635,-0.013785668370808635,-0.006182117925018327,-0.006182117925018327,-0.03596037862782575,-0.03596037862782575,-0.006182117925018216,-0.006182117925018216,-0.026203437244796235,-0.026203437244796235,-0.026203437244796235
2024-05-27,0.0,-0.0671568523932966,0.0,0.0,-0.0671568523932966,0.0,0.0,-0.07053725191572602,0.0,-0.09651559558114386,-0.131061715204971,0.0,0.0,-0.0671568523932966,0.0,0.0,-0.0671568523932966,0.0,0.0,-0.10979452929234412,-0.04931881217608991,-0.033491142611690505,0.0,-0.06249661006225127,-0.06548408337434042,-0.04637167946072873,-0.03234251330728444,0.0,-0.028155481793877835,-0.028155481793877835,-0.01014308283112475,-0.017397460266387332,-0.017397460266387332,-0.01613505492029943,-0.01613505492029943,-0.0069985792540973035,-0.0069985792540973035,-0.037526289815963954,-0.037526289815963954,-0.0069985792540970815,-0.0069985792540970815,-0.028155481793877835,-0.028155481793877724,-0.028155481793877835
2024-05-28,0.0,-0.06669094422627186,0.0,0.0,-0.06669094422627186,0.0,0.0,-0.07009539154802169,0.0,-0.09639775661683958,-0.13064849591176886,0.0,0.0,-0.06669094422627186,0.0,0.0,-0.06669094422627186,0.0,0.0,-0.10934991649736692,-0.04884399480643831,-0.03308470145465492,0.0,-0.062028374338907954,-0.0650398207641425,-0.04589539014672639,-0.031935589122887076,0.0,-0.032320255957246524,-0.032320255957246524,-0.01438504791589601,-0.02160833720573241,-0.02160833720573241,-0.01709887886219552,-0.01709887886219552,-0.007195514660975011,-0.007195514660975011,-0.0416598509622389,-0.0416598509622389,-0.007195514660974789,-0.007195514660974789,-0.032320255957246524,-0.032320255957246524,-0.032320255957246524
2024-05-29,0.0,-0.05830879917428444,0.0,0.0,-0.05830879917428444,0.0,0.0,-0.061823701858437,0.0,-0.09035453631870372,-0.12235696649439742,0.0,0.0,-0.05830879917428444,0.0,0.0,-0.05830879917428444,0.0,0.0,-0.10135089608253256,-0.04029530904934331,-0.024672713761296983,0.0,-0.05360126991522551,-0.05672316074927075,-0.03732020327465113,-0.023513604360698492,0.0,-0.03251681625896097,-0.03251681625896097,-0.014585251313299685,-0.021807073369858876,-0.021807073369858876,-0.022498787283748434,-0.022498787283748434,-0.008669997201288915,-0.008669997201288915,-0.04014719281433876,-0.04014719281433876,-0.008669997201288804,-0.008669997201288804,-0.03251681625896097,-0.03251681625896086,-0.03251681625896097
2024-05-30,0.0,-0.06582080580740712,0.0,0.0,-0.06582080580740712,0.0,0.0,-0.06908761500573968,0.0,-0.08362941207280705,-0.1261057123361885,0.0,0.0,-0.06582080580740712,0.0,0.0,-0.06582080580740712,0.0,0.0,-0.10851954969590227,-0.047560846855285166,-0.031895426699855234,0.0,-0.06114443227120048,-0.06402111841206215,-0.04460826440853605,-0.030744900996835023,0.0,-0.02350080931697185,-0.02350080931697185,-0.005402139540190198,-0.012691261989035252,-0.012691261989035252,-0.019176652656329174,-0.019176652656329174,-0.007958386049134791,-0.007958386049134791,-0.031798159193050846,-0.031798159193050846,-0.007958386049134791,-0.007958386049134791,-0.02350080931697185,-0.023500809316971738,-0.02350080931697185
2024-05-31,0.0,-0.06981062521050319,0.0,0.0,-0.06981062521050319,0.0,0.0,-0.07297662737084343,0.0,-0.08833353454222481,-0.13095043427444852,0.0,0.0,-0.06981062521050319,0.0,0.0,-0.06981062521050319,0.0,0.0,-0.1131720524089379,-0.051626424791242354,-0.03586655077313139,0.0,-0.06515071128564587,-0.0679277946353618,-0.04867955324714779,-0.03472074447795426,0.0,-0.020145661106399704,-0.020885287886359905,-0.0019848062094514063,-0.010046787536279411,-0.010046787536279411,-0.02005689340581218,-0.020416146655559575,-0.011543392463893909,-0.012355690385780327,-0.029051823062340554,-0.02991119484895921,-0.01154339246389402,-0.012355690385780105,-0.020885287886359905,-0.020885287886359793,-0.020145661106399704
2024-06-03,0.0,-0.07853598055011635,0.0,0.0,-0.07853598055011635,0.0,0.0,-0.08170804307457025,0.0,-0.0864294437309816,-0.13236130153272263,0.0,0.0,-0.07853598055011635,0.0,0.0,-0.07853598055011635,0.0,0.0,-0.10468628262462198,-0.06050808183224976,-0.04456345654903093,0.0,-0.0739127444615213,-0.07670676411036736,-0.057588808170553896,-0.04342798592823027,0.0,-0.05182868211583169,-0.02513599621159135,-0.03425504791527689,-0.01434454990237144,-0.01434454990237144,-0.03961003681802666,-0.02304442716413624,-0.023153548984390482,-0.014799883286516269,-0.0613958619258288,-0.0330965215217629,-0.023153548984390593,-0.014799883286515936,-0.02513599621159135,-0.02513599621159124,-0.05182868211583169
2024-06-04,0.0,-0.07533087185012033,0.0,0.0,-0.07533087185012033,0.0,0.0,-0.07856708126607193,0.0,-0.07298313463618689,-0.12046460484061794,0.0,0.0,-0.07533087185012033,0.0,0.0,-0.07533087185012033,0.0,0.0,-0.10777560183123802,-0.05718820791433166,-0.04148755946795224,0.0,-0.07069033860249307,-0.0735486957312389,-0.054258618442247886,-0.040348433355018365,0.0,-0.06417456591159099,-0.02513599621159135,-0.04682975327694627,-0.01434454990237144,-0.01434454990237144,-0.05751727508096094,-0.02304442716413624,-0.04818172497012019,-0.014799883286516269,-0.07301945505771967,-0.0330965215217629,-0.04818172497012041,-0.014799883286515936,-0.02513599621159135,-0.02513599621159124,-0.06417456591159099
2024-06-05,0.0,-0.07370614297007094,0.0,-0.0006977146564228764,-0.07385973596976703,0.0,0.0,-0.0770031588557134,0.0,-0.07970137236861075,-0.12198252050213143,0.0,0.0,-0.07370614297007094,0.0,-0.0006977146564228764,-0.07385973596976703,0.0,0.0,-0.11015556130113957,-0.05556010083701535,-0.03990719474633797,0.0,-0.06905745587783396,-0.07197517027420575,-0.05262545236440441,-0.03876619047862351,0.0,-0.05440886224498487,-0.02513599621159135,-0.03688304972064638,-0.01434454990237144,-0.01434454990237144,-0.049567805289579714,-0.02304442716413624,-0.036492443558132304,-0.014799883286516269,-0.0628704166078321,-0.0330965215217629,-0.036492443558132526,-0.014799883286515936,-0.02513599621159135,-0.02513599621159124,-0.05440886224498487
2024-06-06,0.0,-0.0779638513609443,0.0,0.0,-0.0771201912950028,0.0,0.0,-0.08125244233074369,0.0,-0.07802269826295039,-0.1252935915851675,0.0,0.0,-0.0779638513609443,0.0,0.0,-0.0771201912950028,0.0,0.0,-0.11422929053786224,-0.05899050184394605,-0.04332797029258595,0.0,-0.0728901564920158,-0.07579998765178508,-0.05606651262142004,-0.04219103138134106,0.0,-0.06866406547435588,-0.02513599621159135,-0.05140246229940648,-0.01434454990237144,-0.01434454990237144,-0.06023137057928174,-0.02304442716413624,-0.0461770705572323,-0.014799883286516269,-0.07708522681310892,-0.0330965215217629,-0.046177070557232636,-0.014799883286515936,-0.02513599621159135,-0.02513599621159124,-0.06866406547435588
2024-06-07,0.0,-0.09410839282529548,0.0,0.0,-0.09311591964331833,0.0,0.0,-0.09733940167822275,0.0,-0.07410648652007301,-0.14040382678657648,0.0,0.0,-0.09410839282529548,0.0,0.0,-0.09311591964331833,0.0,0.0,-0.12973883641404826,-0.04382973607327456,-0.027745163389764627,0.0,-0.08910291961767824,-0.09196186532556783,-0.04042044273719669,-0.02658970538423866,0.0,-0.07788778752237613,-0.02513599621159135,-0.060797139020049684,-0.01434454990237144,-0.01434454990237144,-0.07775098753815923,-0.02304442716413624,-0.05782929991198793,-0.014799883286516269,-0.08390344798759342,-0.0330965215217629,-0.05782929991198815,-0.014799883286515936,-0.02513599621159135,-0.02513599621159124,-0.07788778752237613
2024-06-10,0.0,-0.09385488868623915,0.0,-0.0026697319032888966,-0.09314879914746377,0.0,0.0,-0.09708680170265704,0.0,-0.07797904791364485,-0.14064900113917567,0.0,0.0,-0.09385488868623915,0.0,-0.0026697319032888966,-0.09314879914746377,0.0,0.0,-0.12873704626207916,-0.04272905274499583,-0.02893993941641826,0.0,-0.08845118334661561,-0.09131217459692165,-0.039315834843934305,-0.027785901320028117,0.0,-0.06844114877067708,-0.02513599621159135,-0.0511754140041748,-0.01434454990237144,-0.01434454990237144,-0.06546626773801378,-0.02304442716413624,-0.036829999798412616,-0.014799883286516269,-0.07543913803753666,-0.0330965215217629,-0.03682999979841284,-0.014799883286515936,-0.02513599621159135,-0.02513599621159124,-0.06844114877067708
2024-06-11,0.0,-0.09284521474054552,0.0,-0.003157763633788724,-0.09253328771056768,0.0,0.0,-0.0960807289223029,0.0,-0.07730150010476922,-0.13951664459015234,0.0,0.0,-0.09284521474054552,0.0,-0.003157763633788724,-0.09253328771056768,0.0,0.0,-0.12971492570297916,-0.043803464981480245,-0.027665765782336926,0.0,-0.08743548831177916,-0.09029966742712814,-0.040394077973949116,-0.026510213418215134,0.0,-0.08201585557661661,-0.02513599621159135,-0.06500171767587892,-0.01434454990237144,-0.01434454990237144,-0.07994990469915353,-0.02304442716413624,-0.04469061333233737,-0.014799883286516269,-0.08882006340177895,-0.0330965215217629,-0.04469061333233748,-0.014799883286515936,-0.02513599621159135,-0.02513599621159124,-0.08201585557661661
2024-06-12,0.0,-0.10214839223752825,0.0,-0.009136581994708903,-0.10325365479083004,0.0,0.0,-0.10535072513289878,0.0,-0.07233992656921107,-0.1477523232902631,0.0,0.0,-0.10214839223752825,0.0,-0.009136581994708903,-0.10325365479083004,0.0,0.0,-0.12155003589660485,-0.03482946423310895,-0.03699985929657679,0.0,-0.09639170386979357,-0.09922777296637098,-0.03138807978526437,-0.03585539986063524,0.0,-0.09529627856947775,-0.02513599621159135,-0.07852828320786032,-0.01434454990237144,-0.01434454990237144,-0.09286567734258389,-0.02304442716413624,-0.053084401605690945,-0.014799883286516269,-0.10253338628444342,-0.0330965215217629,-0.053084401605691056,-0.014799883286515936,-0.02513599621159135,-0.02513599621159124,-0.09529627856947775
2024-06-13,0.0,-0.10858149462799271,0.0,-0.002870842960228548,-0.10940289306491568,0.0,0.0,-0.11176088282378693,0.0,-0.07814767513352205,-0.1541918284499424,0.0,0.0,-0.10858149462799271,0.0,-0.002870842960228548,-0.10940289306491568,0.0,0.0,-0.12725340680402897,-0.04106145978022857,-0.03061797281057388,0.0,-0.10246418966037063,-0.10528119962550386,-0.037642295957403205,-0.02946592894146416,0.0,-0.10045989566520608,-0.02513599621159135,-0.08378760401902541,-0.01434454990237144,-0.01434454990237144,-0.09476879198928112,-0.02304442716413624,-0.051482845885066575,-0.014799883286516269,-0.10737666912010568,-0.0330965215217629,-0.051482845885066686,-0.014799883286515936,-0.02513599621159135,-0.02513599621159124,-0.10045989566520608
2024-06-14,0.0,-0.10534158218838441,0.0,0.0,-0.10608147262074474,0.0,0.0,-0.10932733278778206,0.0,-0.08547896768931007,-0.153135416849692,0.0,0.0,-0.10534158218838441,0.0,0.0,-0.10608147262074474,0.0,0.0,-0.13042297655793622,-0.0455151873775268,-0.027308484266067024,0.0,-0.09920204351982143,-0.10242959448579514,-0.04168098161624212,-0.026152507297435457,0.0,-0.09188746685256033,-0.02513599621159135,-0.07505629175850248,-0.01434454990237144,-0.01434454990237144,-0.0926386404887658,-0.02304442716413624,-0.0550429169440938,-0.014799883286516269,-0.09717139960145793,-0.0330965215217629,-0.05504291694409402,-0.014799883286515936,-0.02513599621159135,-0.02513599621159124,-0.09188746685256033
2024-06-17,0.0,-0.10682527077831705,0.0,-0.002139272408424042,-0.10814372566508645,0.0,0.0,-0.10785696142828938,0.0,-0.08417696906372374,-0.15347270075743868,0.0,0.0,-0.10682527077831705,0.0,-0.002139272408424042,-0.10814372566508645,0.0,0.0,-0.12896260172593166,-0.047098091195965086,-0.029320690696464924,0.0,-0.10069591383194965,-0.10094783596105328,-0.04327024402610058,-0.02813246033863226,0.0,-0.0911191779859657,-0.02513599621159135,-0.07427376324212376,-0.01434454990237144,-0.01434454990237144,-0.09538247016652379,-0.02304442716413624,-0.056137660394188216,-0.014799883286516269,-0.09642275882083529,-0.0330965215217629,-0.05613766039418833,-0.014799883286515936,-0.02513599621159135,-0.02513599621159124,-0.0911191779859657
2024-06-18,0.0,-0.10998555944025878,0.0,-0.0008326043509173653,-0.11124755232738714,0.0,0.0,-0.1046322301845567,0.0,-0.08518875470532938,-0.1571744850488096,0.0,0.0,-0.10998555944025878,0.0,-0.0008326043509173653,-0.11124755232738714,0.0,0.0,-0.12580617013288198,-0.05046971043217008,-0.032801035684578705,0.0,-0.10387788978152812,-0.09769813106197855,-0.0466554071990235,-0.031617065695264124,0.0,-0.08790839643277526,-0.02513599621159135,-0.0710034722949563,-0.01434454990237144,-0.01434454990237144,-0.09472252094334876,-0.02304442716413624,-0.04064729515812027,-0.014799883286516269,-0.0931499299500983,-0.0330965215217629,-0.04064729515812038,-0.014799883286515936,-0.02513599621159135,-0.02513599621159124,-0.08790839643277526
2024-06-19,0.0,-0.11052335547154168,0.0,-0.0028672986148510216,-0.11244192889677052,0.0,0.0,-0.10496494133372558,0.0,-0.08570956116816442,-0.1577087477382363,0.0,0.0,-0.11052335547154168,0.0,-0.0028672986148510216,-0.11244192889677052,0.0,0.0,-0.12529488572250558,-0.05103562161904007,-0.033380016453414485,0.0,-0.10441567329867785,-0.09760020833556382,-0.04722359167500656,-0.03219675520747134,0.0,-0.0925594761039944,-0.02513599621159135,-0.07574075619028342,-0.01434454990237144,-0.01434454990237144,-0.09934998208787538,-0.02304442716413624,-0.03965450058216202,-0.014799883286516269,-0.09843488367204878,-0.0330965215217629,-0.03965450058216213,-0.014799883286515936,-0.02513599621159135,-0.02513599621159124,-0.0925594761039944
2024-06-20,0.0,-0.10538212286426907,0.0,-0.008877131703011631,-0.1080416795566499,0.0,0.0,-0.09964130969749951,0.0,-0.07918576162678137,-0.14977233250843358,0.0,0.0,-0.10538212286426907,0.0,-0.008877131703011631,-0.1080416795566499,0.0,0.0,-0.13043569344495887,-0.04556036935872643,-0.027853236050995434,0.0,-0.09923271204947803,-0.09223277157103382,-0.041726345095366435,-0.026663209348951056,0.0,-0.09094260216758254,-0.02513599621159135,-0.07409391472524995,-0.01434454990237144,-0.01434454990237144,-0.09818723599702106,-0.02304442716413624,-0.044558248420010216,-0.014799883286516269,-0.09710003444087156,-0.0330965215217629,-0.04455824842001044,-0.014799883286515936,-0.02513599621159135,-0.02513599621159124,-0.09094260216758254
2024-06-21,0.0,-0.10297388826219622,0.0,-0.012966639985924844,-0.10608166492244908,0.0,0.0,-0.0971758602016155,0.0,-0.0763536186382886,-0.14608806100877214,0.0,0.0,-0.10297388826219622,0.0,-0.012966639985924844,-0.10608166492244908,0.0,0.0,-0.13271985502590922,-0.04311486930547559,-0.025331992372294443,0.0,-0.09680297228822521,-0.08974703529746242,-0.03925501666101883,-0.024138879359200005,0.0,-0.07443569194954291,-0.02513599621159135,-0.05728106148142831,-0.01434454990237144,-0.01434454990237144,-0.08803345097488013,-0.02304442716413624,-0.03373089423531628,-0.014799883286516269,-0.07976883024394443,-0.0330965215217629,-0.0337308942353165,-0.014799883286515936,-0.02513599621159135,-0.02513599621159124,-0.07443569194954291
2024-06-24,0.0,-0.10707006408591901,0.0,-0.016451699551543797,-0.11044569990007758,0.0,0.0,-0.10133536036786817,0.0,-0.07977897077212637,-0.14468811977018337,0.0,0.0,-0.10707006408591901,0.0,-0.016451699551543797,-0.11044569990007758,0.0,0.0,-0.12883296717533388,-0.04748222681708336,-0.029584109144614623,0.0,-0.10092630837287409,-0.09394076161813625,-0.043639991079713836,-0.028396201243224617,0.0,-0.06126784705115562,-0.02513599621159135,-0.04386916059327517,-0.01434454990237144,-0.01434454990237144,-0.07496184798124284,-0.02304442716413624,-0.026536985856848827,-0.014799883286516269,-0.06643223159683431,-0.0330965215217629,-0.02653698585684916,-0.014799883286515936,-0.02513599621159135,-0.02513599621159124,-0.06126784705115562
2024-06-25,0.0,-0.10493206543683231,0.0,-0.016503963777965258,-0.10834092465948753,0.0,0.0,-0.09919656555134859,0.0,-0.07999966726757635,-0.1462744478105611,0.0,0.0,-0.10493206543683231,0.0,-0.016503963777965258,-0.10834092465948753,0.0,0.0,-0.13085961030469284,-0.04522153812112717,-0.027339141865876493,0.0,-0.09877359934071417,-0.09178269465535827,-0.04137018328997977,-0.02614848584958651,0.0,-0.06869999038048735,-0.02513599621159135,-0.05143905304634877,-0.01434454990237144,-0.01434454990237144,-0.08500887969654591,-0.02304442716413624,-0.03758942097455331,-0.014799883286516269,-0.07421085262261096,-0.0330965215217629,-0.037589420974553533,-0.014799883286515936,-0.02513599621159135,-0.02513599621159124,-0.06869999038048735
2024-06-26,0.0,-0.09791852837387272,0.0,-0.016333877862251933,-0.10098226858260617,0.0,0.0,-0.09207620095876146,0.0,-0.08062409373795443,-0.14033825609293527,0.0,0.0,-0.09791852837387272,0.0,-0.016333877862251933,-0.10098226858260617,0.0,0.0,-0.1384021401000567,-0.03773868690527471,-0.0201755400717597,0.0,-0.09171180601859452,-0.08460257876568189,-0.03385714798815176,-0.018976114929516896,0.0,-0.07491586254521332,-0.02513599621159135,-0.05777013167387324,-0.01434454990237144,-0.01434454990237144,-0.09549939847997546,-0.02304442716413624,-0.03658765670819253,-0.014799883286516269,-0.0791779036781406,-0.0330965215217629,-0.03658765670819275,-0.014799883286515936,-0.02513599621159135,-0.02513599621159124,-0.07491586254521332
2024-06-27,0.0,-0.0984455485888075,0.0,-0.0185716950352095,-0.10161045917271139,0.0,0.0,-0.0926226500332068,0.0,-0.08162410530047448,-0.1415882953995361,0.0,0.0,-0.0984455485888075,0.0,-0.0185716950352095,-0.10161045917271139,0.0,0.0,-0.13892358570627805,-0.0383033808180937,-0.020725604866550174,0.0,-0.09224245236736828,-0.08515352596423686,-0.03442411974522064,-0.019526853070984895,0.0,-0.08111125948467124,-0.02513599621159135,-0.06408035558340264,-0.01434454990237144,-0.01434454990237144,-0.09913539021377915,-0.02304442716413624,-0.041685910220101374,-0.014799883286516269,-0.08458660598229883,-0.0330965215217629,-0.04168591022010171,-0.014799883286515936,-0.02513599621159135,-0.02513599621159124,-0.08111125948467124
2024-06-28,0.0,-0.09976346227950672,0.0,-0.02116534073913512,-0.10304587766471973,0.0,0.0,-0.09399660864539183,0.0,-0.08311979843813933,-0.14396028272450567,0.0,0.0,-0.09976346227950672,0.0,-0.02116534073913512,-0.10304587766471973,0.0,0.0,-0.14025057865282098,-0.03966671358033458,-0.022025223858319842,0.0,-0.09356805800778534,-0.08653879438853074,-0.03579039823824459,-0.02082806295557027,0.0,-0.08637356480446767,-0.025880887644606942,-0.06944019372980692,-0.01434454990237144,-0.015097687055686815,-0.10456898748970245,-0.023592669412142442,-0.039841176103181164,-0.017846768551166514,-0.09096361024430244,-0.03386402858974724,-0.0398411761031815,-0.01784676855116618,-0.025880887644606942,-0.02588088764460672,-0.08637356480446767
2024-07-01,0.0,-0.09703345303533817,0.0,-0.026568627181605464,-0.10021344898108131,0.0,0.0,-0.0911763289515154,0.0,-0.08820520248037034,-0.1466573238462654,0.0,0.0,-0.09703345303533817,0.0,-0.026568627181605464,-0.10021344898108131,0.0,0.0,-0.1375153550753675,-0.036748546726312004,-0.01926596838947403,0.0,-0.0908164710991296,-0.08368552326670375,-0.0328604524163294,-0.01806542982009285,0.0,-0.08214316758493123,-0.024972519616691558,-0.0651313893154346,-0.01434454990237144,-0.01417926367157385,-0.10826295584799317,-0.029404555336214444,-0.042242166060309394,-0.02212440218439693,-0.08697347246738951,-0.03247719891683554,-0.04224216606030973,-0.022124402184396708,-0.024972519616691558,-0.024972519616691446,-0.08214316758493123
2024-07-02,0.0,-0.09967686543375087,0.0,-0.022054263553139664,-0.1026407731619482,0.0,0.0,-0.0938100565568788,0.0,-0.08590104416044109,-0.147349751842767,0.0,0.0,-0.09967686543375087,0.0,-0.022054263553139664,-0.1026407731619482,0.0,0.0,-0.14006999199384584,-0.03953110435850349,-0.021862890343612884,0.0,-0.09346998779167459,-0.08633862573495177,-0.035654241639670015,-0.02066553072475963,0.0,-0.07700990519741069,-0.019519521158662734,-0.059902985813906184,-0.01434454990237144,-0.008665902188697006,-0.10352913318330959,-0.024252109618814188,-0.03731615145693834,-0.01709491633273308,-0.08241626768880173,-0.027647985964606936,-0.03731615145693867,-0.017094916332732968,-0.019519521158662734,-0.019519521158662623,-0.07700990519741069
2024-07-03,0.0,-0.10649793782403894,0.0,-0.015529424814088144,-0.10930753413711924,0.0,0.0,-0.10059683041034029,0.0,-0.08478488729494138,-0.15355471779808572,0.0,0.0,-0.10649793782403894,0.0,-0.015529424814088144,-0.10930753413711924,0.0,0.0,-0.14645122870609395,-0.04661807213408342,-0.028598385277692984,0.0,-0.10033808503347297,-0.0931813557504928,-0.04276981544432934,-0.027409270729563895,0.0,-0.07426274505138841,-0.01660124835097676,-0.05710490914405941,-0.01434454990237144,-0.00571532499373506,-0.0935614440186674,-0.013402954298339376,-0.02585531611636438,-0.005393345420982465,-0.08036639323750239,-0.025475759625959715,-0.02585531611636449,-0.005393345420982243,-0.01660124835097676,-0.01660124835097665,-0.07426274505138841
2024-07-04,0.0,-0.10947205876508204,0.0,-0.015192979833286824,-0.11236633507265481,0.0,0.0,-0.10352449388451401,0.0,-0.0876852726711137,-0.1569734517527609,0.0,0.0,-0.10947205876508204,0.0,-0.015192979833286824,-0.11236633507265481,0.0,0.0,-0.1492821500035474,-0.049677250571813936,-0.031438862258858835,0.0,-0.10333270972929587,-0.09613135152847219,-0.04584134203293633,-0.030253224802440082,0.0,-0.07567359752613656,-0.01809997874668201,-0.05854191069633652,-0.01434454990237144,-0.007230645876456276,-0.09053107539117089,-0.01010460305815164,-0.023841175613310228,-0.003336897769276037,-0.0817684485602348,-0.026961500129896065,-0.02384117561331034,-0.003336897769275815,-0.01809997874668201,-0.0180999787466819,-0.07567359752613656
2024-07-05,0.0,-0.11337616490384228,0.0,-0.017670357529708247,-0.11692046621438812,0.0,0.0,-0.1074460222682393,0.0,-0.08472721592106558,-0.16044187892096373,0.0,0.0,-0.11337616490384228,0.0,-0.017670357529708247,-0.11692046621438812,0.0,0.0,-0.15389568946403365,-0.053678036635673276,-0.035246671035553345,0.0,-0.10726373099238717,-0.10008252070251078,-0.04984610027126779,-0.03406569480343569,0.0,-0.07388119110080416,-0.016195928508131896,-0.05671628338120993,-0.01434454990237144,-0.005305518384218111,-0.08832447152292389,-0.0077028640289801276,-0.02141279005259944,-0.0008575038162779158,-0.07996757964085977,-0.02505314184159313,-0.021412790052599773,-0.0008575038162774717,-0.016195928508131896,-0.016195928508132007,-0.07388119110080416
2024-07-08,0.0,-0.11142222472065522,0.0,-0.018169546996319563,-0.11479307084608192,0.0,-0.0006726253398545712,-0.10547721292138912,0.0,-0.08617813562141063,-0.1582630400953331,0.0,0.0,-0.11142222472065522,0.0,-0.018169546996319563,-0.11479307084608192,0.0,0.0,-0.15687083822329362,-0.050493794148541604,-0.03234664700831558,0.0,-0.10477805859529099,-0.09753879313964353,-0.046648963848402,-0.03116212079161018,0.0,-0.06654098441614775,-0.008398521574414453,-0.04924003154859391,-0.01434454990237144,0.0,-0.08463121498842952,-0.003683004147793101,-0.016438476776120647,0.0,-0.0731562235713189,-0.01783523293659517,-0.01643847677612098,0.0,-0.008398521574414453,-0.008398521574414564,-0.06654098441614775
2024-07-09,0.0,-0.11240506557333485,0.0,-0.018318743399624915,-0.11608621799375596,0.0,0.0,-0.10519129949673411,0.0,-0.08631298206709404,-0.15829518582332436,0.0,0.0,-0.11240506557333485,0.0,-0.018318743399624915,-0.11608621799375596,0.0,0.0,-0.1577587345878656,-0.04950652439920333,-0.03146114274865286,0.0,-0.10576824844777866,-0.09725034238355446,-0.045657696353052946,-0.030275532566282126,0.0,-0.06404274249952857,-0.005744671392856171,-0.04669548661820577,-0.01434454990237144,0.0,-0.07797094226729262,0.0,-0.011724374691813866,0.0,-0.07188400659282634,-0.01648708050345271,-0.011724374691814199,0.0,-0.005744671392856171,-0.005744671392856393,-0.06404274249952857
2024-07-10,0.0,-0.113794644338163,0.0,-0.022015525230190902,-0.11926858687586017,0.0,-0.002786872193637824,-0.10748384457465088,0.0,-0.08839758644073215,-0.160287705261425,0.0,0.0,-0.113794644338163,0.0,-0.022015525230190902,-0.11926858687586017,0.0,0.0,-0.1580598851655246,-0.04931696532896035,-0.03144133464768262,0.0,-0.10661748996647735,-0.09954331012890649,-0.04546736970230081,-0.030255700217770465,0.0,-0.06301337170812349,-0.004651184071437164,-0.0456470372221186,-0.01434454990237144,0.0,-0.07304147596252886,0.0,-0.004424479319090624,0.0,-0.07327683390231376,-0.01796304219707634,-0.004424479319090957,0.0,-0.004651184071437164,-0.004651184071437275,-0.06301337170812349
2024-07-11,0.0,-0.1217298563060557,0.0,-0.012701636175195596,-0.12652336056033342,0.0,-0.001157196843913133,-0.10522347023048739,0.0,-0.08351721630295073,-0.15546605477802977,0.0,0.0,-0.1217298563060557,0.0,-0.012701636175195596,-0.12652336056033342,0.0,0.0,-0.15192192002599625,-0.056065037164927056,-0.03744570684621906,0.0,-0.11407339980463282,-0.09716221520717938,-0.052242766468744484,-0.036267422503259095,0.0,-0.06608897210843279,-0.007918354727114663,-0.048779641536554785,-0.01434454990237144,-0.0032824378784532815,-0.07788623441940723,-0.005226510497769121,-0.008382030104660987,-0.0039751387045592335,-0.07495691695081197,-0.01974340520747908,-0.00838203010466132,-0.0039751387045591224,-0.007918354727114663,-0.007918354727114774,-0.06608897210843279
2024-07-12,0.0,-0.11685742282057243,0.0,-0.012580258015850276,-0.12166562323686314,0.0,-0.00166994126698905,-0.10064660708019191,0.0,-0.08258828043622535,-0.15090856823909282,0.0,0.0,-0.11685742282057243,0.0,-0.012580258015850276,-0.12166562323686314,0.0,0.0,-0.14731662307776405,-0.062339207511282524,-0.04211296627388983,0.0,-0.1091584901228384,-0.09254020332165835,-0.057982367755519904,-0.040940395228088566,0.0,-0.05841036972228453,0.0,-0.04095872209550255,-0.01434454990237144,0.0,-0.07178409602176927,0.0,-0.0057543758424977165,-0.0013358067728477252,-0.06895605318388709,-0.013384364866796172,-0.0057543758424979385,-0.0013358067728477252,0.0,0.0,-0.05841036972228453
2024-07-15,0.0,-0.12338425929178054,0.0,-0.008317992062612745,-0.1281459967832923,0.0,-0.006389965820280619,-0.10790378335417083,0.0,-0.08316837914157837,-0.15761787282770834,0.0,0.0,-0.12338425929178054,0.0,-0.008317992062612745,-0.1281459967832923,0.0,0.0,-0.1535516657727597,-0.06926895907821873,-0.036457884286118514,0.0,-0.11574222530555633,-0.09981908436420861,-0.06494431840486026,-0.03523441973551966,0.0,-0.05936824445577382,-0.0010172953298208665,-0.04193435030862014,-0.01434454990237144,-0.0010172953298208665,-0.07518443814991804,-0.003663309488207811,-0.010053860151525762,-0.00565439860211181,-0.07007168406301556,-0.014566584967307672,-0.010053860151525984,-0.005654398602111921,-0.0010172953298208665,-0.0010172953298208665,-0.05936824445577382
2024-07-16,0.0,-0.12474221264632845,0.0,-0.006789019577872368,-0.12942423601202901,0.0,-0.007301702207922256,-0.10882803166186439,0.0,-0.0855337704047473,-0.15925301724194352,0.0,0.0,-0.12474221264632845,0.0,-0.006789019577872368,-0.12942423601202901,0.0,0.0,-0.1537407939902541,-0.06950864392786882,-0.03624006548928149,0.0,-0.11654097951992615,-0.10063714934301671,-0.06518511694987872,-0.03501632436169444,0.0,-0.060649491714158454,-0.002378023206578539,-0.04323934451042588,-0.01434454990237144,-0.002378023206578428,-0.07573222864165696,-0.004253463663967061,-0.007622465839364767,-0.0032121988275554125,-0.07073177351563131,-0.015266073511070122,-0.0076224658393651,-0.0032121988275555236,-0.002378023206578539,-0.002378023206578428,-0.060649491714158454
2024-07-17,0.0,-0.1322539364151788,0.0,0.0,-0.13490015904931407,0.0,-0.005648788895138646,-0.10845978823805624,0.0,-0.08608657452531532,-0.16190634986786911,0.0,0.0,-0.1322539364151788,0.0,0.0,-0.13490015904931407,0.0,0.0,-0.14670525793083777,-0.06175558197828335,-0.04433874460753351,0.0,-0.1241124136985633,-0.0998877346186412,-0.05739603040717656,-0.043125286836165455,0.0,-0.0604372048058901,-0.002152567337649902,-0.0430231230257776,-0.01434454990237144,-0.002152567337649902,-0.08471515299537136,-0.013931087496110606,-0.019295622682105718,-0.014937232840803616,-0.06842295044879732,-0.012819442560636274,-0.01929562268210605,-0.014937232840803727,-0.002152567337649902,-0.002152567337649902,-0.0604372048058901
2024-07-18,0.0,-0.12446064029920811,0.0,0.0,-0.12660855348238753,0.0,-0.007476282356137731,-0.10376879239475678,0.0,-0.08765445292034713,-0.1586246942851428,0.0,0.0,-0.12446064029920811,0.0,0.0,-0.12660855348238753,0.0,0.0,-0.15435005645956446,-0.07045328727606592,-0.03550731164349541,0.0,-0.1162459979223277,-0.09493065519081134,-0.06613414958226838,-0.0342826400964279,0.0,-0.06300050578614291,-0.004874879582631553,-0.046166631157453786,-0.01434454990237144,-0.004874879582631553,-0.09379530283092419,-0.023713455797102156,-0.025738904693042297,-0.021409149714100906,-0.06950447819806649,-0.013965524000624452,-0.02573890469304263,-0.021409149714101128,-0.004874879582631553,-0.004874879582631553,-0.06300050578614291
2024-07-19,0.0,-0.1202318644331124,0.0,0.0,-0.12206778930628348,0.0,-0.010676974282330054,-0.10481688761079877,0.0,-0.08513534039717352,-0.16013369182111592,0.0,0.0,-0.1202318644331124,0.0,0.0,-0.12206778930628348,0.0,0.0,-0.15948520294885693,-0.07620788630183428,-0.02966751636743581,0.0,-0.11143807238988857,-0.09574794870419134,-0.07189225648423725,-0.028435429698199344,0.0,-0.06004313923549942,-0.0017340563879546522,-0.043740579070468466,-0.01434454990237144,-0.0017340563879547632,-0.09250825033182652,-0.022326868373226505,-0.020135913849159692,-0.01578125838140676,-0.06713237215413947,-0.011451832870215783,-0.020135913849159914,-0.01578125838140687,-0.0017340563879546522,-0.0017340563879546522,-0.06004313923549942
2024-07-22,0.0,-0.12297172443595206,0.0,0.0,-0.12494545318640737,0.0,-0.01474341901413545,-0.1081073618488192,0.0,-0.08406749543811598,-0.16286936860546564,0.0,0.0,-0.12297172443595206,0.0,0.0,-0.12494545318640737,0.0,0.0,-0.16204335297821038,-0.07908485008460342,-0.026766078000243998,0.0,-0.11420531888027918,-0.09906845429578293,-0.07478266042361847,-0.025530307208715297,0.0,-0.055831828567360575,0.0,-0.042720505647290685,-0.01434454990237144,0.0,-0.08678613797789914,-0.01616223326042221,-0.010244032578230922,-0.005845416182149621,-0.06374862357469335,-0.0078661167874704,-0.010244032578231144,-0.005845416182149732,0.0,0.0,-0.055831828567360575
2024-07-23,0.0,-0.12747911384233723,0.0,0.0,-0.12801309892197466,0.0,-0.013684430796323532,-0.11212417717917156,0.0,-0.07716633142820373,-0.1652711595941906,0.0,0.0,-0.12747911384233723,0.0,0.0,-0.12801309892197466,0.0,0.0,-0.16630918822601848,-0.08381779120698474,-0.021927503125918846,0.0,-0.11875776225428969,-0.10312098233621791,-0.07953771217189687,-0.020685588519047227,0.0,-0.06019105455025209,-0.004617001626179618,-0.044166911609381354,-0.01434454990237144,-0.004617001626179618,-0.09277813364609822,-0.022617623264534426,-0.014051804758094422,-0.009670110643559493,-0.0676397735704709,-0.011989519810078675,-0.014051804758094644,-0.009670110643559604,-0.004617001626179618,-0.004617001626179618,-0.06019105455025209
2024-07-24,0.0,-0.1282259236890032,0.0,0.0,-0.12811382308799724,0.0,-0.012151005080646149,-0.11268687618973117,0.0,-0.06978949206652174,-0.16448050893532662,0.0,0.0,-0.1282259236890032,0.0,0.0,-0.12811382308799724,0.0,0.0,-0.16699161597314716,-0.08460197174148176,-0.02173892061879612,0.0,-0.11951203689789702,-0.10367812438267643,-0.0803255561203231,-0.020496766557925983,0.0,-0.06836018038127623,-0.013269195248242438,-0.04740225489222383,-0.01434454990237144,-0.013269195248242438,-0.10352561161613905,-0.03419626345371707,-0.020889062732833974,-0.016537754365919533,-0.07492560725403075,-0.019710226713079426,-0.020889062732834196,-0.016537754365919644,-0.013269195248242438,-0.013269195248242438,-0.06836018038127623
2024-07-25,0.0,-0.1319812615910645,0.0,0.0,-0.131481614756365,0.0,-0.018024416034371105,-0.11682259613122858,0.0,-0.06348491170583226,-0.1675268164935505,0.0,0.0,-0.1319812615910645,0.0,0.0,-0.131481614756365,0.0,0.0,-0.1706276473105368,-0.08853151310294449,-0.017818307268420153,0.0,-0.12329831546644943,-0.10784576402736357,-0.08427345490832971,-0.01657117498047256,0.0,-0.06673927692137016,-0.011552442333932156,-0.04686372778560244,-0.01434454990237144,-0.011552442333932045,-0.10369029679548925,-0.03437368465350954,-0.024112891742839815,-0.019775910530909213,-0.07374897959876558,-0.018463369091175852,-0.024112891742839926,-0.019775910530909324,-0.011552442333932156,-0.011552442333932045,-0.06673927692137016
2024-07-26,0.0,-0.13166398358886544,0.0,-0.0021328438925893867,-0.13118754038190983,0.0,-0.016893999786088854,-0.11642233789268619,0.0,-0.06523445784846638,-0.1672889562261255,0.0,0.0,-0.13166398358886544,0.0,-0.0021328438925893867,-0.13118754038190983,0.0,0.0,-0.17028355606100065,-0.08822536477558629,-0.018117260372464417,0.0,-0.12296476979633097,-0.10744143746575296,-0.08394533953535754,-0.016870507682376745,0.0,-0.0653046685450851,-0.01003300075594693,-0.04652428924802787,-0.01434454990237144,-0.010033000755946597,-0.10441530104835439,-0.035154757515715174,-0.022207962115920576,-0.017862515125590117,-0.07246773300867937,-0.017105648091471082,-0.02220796211592091,-0.017862515125590228,-0.01003300075594693,-0.010033000755946708,-0.0653046685450851
2024-07-29,0.0,-0.13459775785191697,0.0,-0.0025878719940484185,-0.13408865018369542,0.0,-0.019604646663049174,-0.11947349742540214,0.0,-0.06724239231043305,-0.17031312295047885,0.0,0.0,-0.13459775785191697,0.0,-0.0025878719940484185,-0.13408865018369542,0.0,0.0,-0.17307907873149564,-0.09130590146641737,-0.014922023723447309,0.0,-0.1259279353653412,-0.11052360973354047,-0.08704033678944711,-0.013671213858580056,0.0,-0.07158946461808335,-0.016689437885639702,-0.048649064456736224,-0.01434454990237144,-0.01668943788563937,-0.10970573675899109,-0.040854332030612395,-0.02977738691694609,-0.025465579527825022,-0.07793524205399383,-0.02289949909902711,-0.029777386916946424,-0.025465579527825244,-0.016689437885639702,-0.01668943788563937,-0.07158946461808335
2024-07-30,0.0,-0.13254913216881425,0.0,0.0,-0.13205223217193784,0.0,-0.02267799491934719,-0.11751695272604246,0.0,-0.06522559030301534,-0.16796054495293955,0.0,0.0,-0.13254913216881425,0.0,0.0,-0.13205223217193784,0.0,0.0,-0.17111375443327914,-0.08915093611222802,-0.017507333696733962,0.0,-0.12385693104215756,-0.10854717823319038,-0.08487525566130294,-0.016259806547850753,0.0,-0.07551606972617941,-0.020848236314671698,-0.050369134235139335,-0.01434454990237144,-0.020848236314671365,-0.11431827949772999,-0.045823588341530996,-0.03168147610245642,-0.027378130756694152,-0.08209412109945191,-0.027306611249757196,-0.03168147610245686,-0.027378130756694263,-0.020848236314671698,-0.020848236314671365,-0.07551606972617941
2024-07-31,0.0,-0.12531347144472837,0.0,0.0,-0.124661632714131,0.0,-0.02815798014515236,-0.11027256548942366,0.0,-0.0639928930149889,-0.16089652025573975,0.0,0.0,-0.12531347144472837,0.0,0.0,-0.124661632714131,0.0,0.0,-0.16423069882449626,-0.081595589264854,-0.0257331881631504,0.0,-0.11654538974438866,-0.10122647763730741,-0.0772844427305831,-0.024496105852301775,0.0,-0.0785461851729452,-0.024057532643913526,-0.051588712556066674,-0.01434454990237144,-0.024057532643913193,-0.11991912713266917,-0.051857580660488733,-0.03678807862996736,-0.032507427752685336,-0.08516739377969507,-0.030563319902151664,-0.0367880786299678,-0.03250742775268545,-0.024057532643913526,-0.024057532643913193,-0.0785461851729452
2024-08-01,0.0,-0.1326751289487187,0.0,-0.015021964219328998,-0.13402526025496653,0.0,-0.026834396585628695,-0.11780804593632455,0.0,-0.07371942476989013,-0.16856351286221238,0.0,0.0,-0.1326751289487187,0.0,-0.015021964219328998,-0.13402526025496653,0.0,0.0,-0.17134747305240527,-0.08891512739600527,-0.019182316134146116,0.0,-0.12396953614658746,-0.10882787299145502,-0.08463834001885262,-0.017936915806293086,0.0,-0.08314101277975638,-0.028924067807706844,-0.0542283717781753,-0.01434454990237144,-0.0289240678077064,-0.1330202574169853,-0.06597189418190763,-0.04997284833984694,-0.04575079245580904,-0.08841433397091403,-0.03400406184559468,-0.04997284833984739,-0.04575079245580915,-0.028924067807706844,-0.029241621793583805,-0.08314101277975638
2024-08-02,0.0,-0.1211952094234302,0.0,-0.025030945455768006,-0.12262476055187821,0.0,-0.019638194996155156,-0.10591356251200534,0.0,-0.08243642644532623,-0.15777379554776316,0.0,0.0,-0.1211952094234302,0.0,-0.025030945455768006,-0.12262476055187821,0.0,0.0,-0.1604743492299432,-0.0763606313647267,-0.033123526571860684,0.0,-0.11236065483942004,-0.09679701778453043,-0.07199756649087252,-0.03189582819650638,0.0,-0.09798637077473138,-0.04464728157845843,-0.0638524156104876,-0.01434454990237144,-0.04464728157845799,-0.14884287889905967,-0.08301816694480746,-0.06850364730960845,-0.06436394493377251,-0.10287940367010306,-0.04933251543504724,-0.068503647309609,-0.06436394493377251,-0.04464728157845843,-0.049626162633498394,-0.09798637077473138
2024-08-05,0.0,-0.11782871698339648,0.0,-0.01734638611943551,-0.11920475513009043,0.0,-0.018433601089865026,-0.10252972630592339,0.0,-0.0795341731471022,-0.15433331936468808,0.0,0.0,-0.11782871698339648,0.0,-0.01734638611943551,-0.11920475513009043,0.0,0.0,-0.15721660203013454,-0.07281932245947287,-0.03812179150224149,0.0,-0.10895884614419626,-0.09336876020834306,-0.06843952923793595,-0.03690043970983059,0.0,-0.0997028072632905,-0.04646521670960635,-0.06319311508366221,-0.01434454990237144,-0.046465216709605905,-0.15856402211364018,-0.0934911002062575,-0.08809812278404472,-0.08404550104619579,-0.10502486670883027,-0.05160603580521583,-0.08809812278404516,-0.0840455010461959,-0.04646521670960635,-0.05023786722553436,-0.0997028072632905
2024-08-06,0.0,-0.11635117977673948,0.0,-0.020967964116458515,-0.1176709528942339,0.0,-0.013800038130389103,-0.10096000984813791,0.0,-0.0733252297405822,-0.15252788962402186,0.0,0.0,-0.11635117977673948,0.0,-0.020967964116458515,-0.1176709528942339,0.0,0.0,-0.1557743768798978,-0.0712800401825836,-0.03884326046152775,0.0,-0.1074664529062499,-0.09178302080286327,-0.06689297573738373,-0.03762282475953127,0.0,-0.10092247080275007,-0.04775700304212904,-0.0635103962021265,-0.01434454990237144,-0.04775700304212871,-0.14860737341113406,-0.08276444850827103,-0.07842949681016342,-0.07433390632230308,-0.10914841755645455,-0.0559757111061997,-0.07842949681016387,-0.0743339063223033,-0.04775700304212904,-0.046954979786951956,-0.10092247080275007
2024-08-07,0.0,-0.1159014981341221,0.0,-0.006943779629471791,-0.1168767459614235,0.0,-0.011788622005705407,-0.10041918772861658,0.0,-0.07398255303504309,-0.152179054786022,0.0,0.0,-0.1159014981341221,0.0,-0.006943779629471791,-0.1168767459614235,0.0,0.0,-0.1553238726952203,-0.07095807541746024,-0.03681916003649233,0.0,-0.10700502448617588,-0.09123111350234658,-0.06656949008304214,-0.035596154218383136,0.0,-0.09686258629146927,-0.04345704395208638,-0.06256901707685036,-0.01434454990237144,-0.04345704395208594,-0.14039318787801658,-0.07391501434331826,-0.0658266689838688,-0.06167506973532588,-0.10427427664552247,-0.05081064489529408,-0.06582666898386946,-0.061675069735325994,-0.04345704395208638,-0.04119225137755378,-0.09686258629146927
2024-08-08,0.0,-0.11232440451708936,0.0,-0.01854551744281363,-0.11321707098234868,0.0,-0.007518276539205004,-0.0968302757252234,0.0,-0.07920814019283928,-0.1490276999923189,0.0,0.0,-0.11232440451708936,0.0,-0.01854551744281363,-0.11321707098234868,0.0,0.0,-0.15208174405634312,-0.06762730608432388,-0.03906004658627227,0.0,-0.10337486451613154,-0.08758531761730504,-0.06322298694386219,-0.03783988615002121,0.0,-0.08257346754301331,-0.028322961718860507,-0.05799581392856834,-0.01434454990237144,-0.028322961718860173,-0.1289639590334577,-0.061601899694480045,-0.056750421100389525,-0.05255848571438504,-0.09115658863484133,-0.03690999484284985,-0.05675042110039008,-0.05255848571438526,-0.028322961718860507,-0.01901844189794355,-0.08257346754301331
2024-08-09,0.0,-0.11212219842548976,0.0,-0.02062890562640396,-0.11314702096143725,0.0,-0.00688074274337247,-0.09660384053835769,0.0,-0.07865248978271855,-0.14893341488224332,0.0,0.0,-0.11212219842548976,0.0,-0.02062890562640396,-0.11314702096143725,0.0,0.0,-0.15186284819416618,-0.06735877969563697,-0.03974033366349572,0.0,-0.10317061978393571,-0.08735484206905397,-0.0629335155809273,-0.038521037026667204,0.0,-0.08758874589309862,-0.03363481028761217,-0.059767610566221596,-0.01434454990237144,-0.03363481028761184,-0.13293556055641886,-0.06588064724226428,-0.06219373813877149,-0.05802599362845995,-0.09541585975720579,-0.04142349122287192,-0.06219373813877216,-0.05802599362846017,-0.03363481028761217,-0.026484830781135393,-0.08758874589309862
2024-08-12,0.0,-0.1118275128697318,0.0,-0.018752117904621057,-0.1125792426377622,0.0,-0.008502413242986395,-0.09625777478191944,0.0,-0.07594337412269847,-0.14827871478184385,0.0,0.0,-0.1118275128697318,0.0,-0.018752117904621057,-0.1125792426377622,0.0,0.0,-0.1516092437858888,-0.06704174644177474,-0.04113878038296437,0.0,-0.10286936163958549,-0.08700128081034131,-0.06261497804454885,-0.03928934223298308,0.0,-0.0876245398722858,-0.03367272088476014,-0.06003609881206973,-0.01434454990237144,-0.03367272088475981,-0.1300992628526738,-0.06282500286945303,-0.05800167519769417,-0.05381530056299544,-0.09661713231764668,-0.04269646474280131,-0.058001675197694724,-0.05381530056299566,-0.03367272088476014,-0.025711990861982725,-0.0876245398722858
2024-08-13,0.0,-0.10161118315832152,0.0,-0.007746276343172376,-0.10190598794615136,0.0,-0.0072390027999527096,-0.08575995529086966,0.0,-0.06993466914281077,-0.1375162975924089,0.0,0.0,-0.10161118315832152,0.0,-0.007746276343172376,-0.10190598794615136,0.0,0.0,-0.1420007754563103,-0.056734554327015574,-0.030119835688693475,0.0,-0.09254998952605398,-0.07639593839945658,-0.05225887961255238,-0.028249144351834565,0.0,-0.08613473614024292,-0.03209482006463149,-0.05916337688457207,-0.01434454990237144,-0.03209482006463116,-0.12706802402565798,-0.05955934149258557,-0.0535825884234421,-0.049376574738127954,-0.09531559688118563,-0.04131724390614411,-0.053582588423442434,-0.049376574738128176,-0.03209482006463149,-0.024000585989178314,-0.08613473614024292
2024-08-14,0.0,-0.1058470234193043,0.0,-0.01111717506426535,-0.1059735938889752,0.0,-0.014019492095287744,-0.0901151937885113,0.0,-0.07374818793195692,-0.14160374971436462,0.0,0.0,-0.1058470234193043,0.0,-0.01111717506426535,-0.1059735938889752,0.0,0.0,-0.1459065025508024,-0.061121437601142414,-0.03450067863101891,0.0,-0.09681235447448833,-0.08078618932044335,-0.056666578090538655,-0.032638437002940335,0.0,-0.08124271001874772,-0.02691351204185377,-0.055928269356642635,-0.01434454990237144,-0.026913512041853438,-0.12909756480980028,-0.06174583794825261,-0.0584158023156951,-0.05423126812085344,-0.08899011964799208,-0.034614214731968684,-0.05841580231569543,-0.05423126812085366,-0.02691351204185377,-0.017788630624482327,-0.08124271001874772
2024-08-15,0.0,-0.11026500606121481,0.0,-0.005561431284983209,-0.10966864935203846,0.0,-0.01225176470551681,-0.09461774374200482,0.0,-0.07205588863755996,-0.14592296884869294,0.0,0.0,-0.11026500606121481,0.0,-0.005561431284983209,-0.10966864935203846,0.0,0.0,-0.15015981019107172,-0.06560039086525726,-0.03918617309625372,0.0,-0.10127497714066658,-0.08533490369864971,-0.06116678341891979,-0.037332968784564824,0.0,-0.07905133962462463,-0.02459255857145881,-0.054431915240155226,-0.01434454990237144,-0.024592558571458478,-0.12501761363414843,-0.057350361466794286,-0.05161380571067231,-0.047399042474756126,-0.08739224277698276,-0.032920964580515966,-0.051613805710672644,-0.04739904247475646,-0.02459255857145881,-0.01423224422165048,-0.07905133962462463
2024-08-16,0.0,-0.09774157587301757,0.0,-0.0008683192110275906,-0.09888222630849042,0.0,-0.007907919661649165,-0.08179167248073216,0.0,-0.06935833918759648,-0.13386698175231626,0.0,0.0,-0.09774157587301757,0.0,-0.0008683192110275906,-0.09888222630849042,0.0,0.0,-0.13815173166589478,-0.05259595943318285,-0.02540162452153305,0.0,-0.0886204795235831,-0.07237343696396215,-0.04808153106530455,-0.023521832764765938,0.0,-0.08157669700966463,-0.027267248802975597,-0.05624697671846279,-0.01434454990237144,-0.027267248802975153,-0.12685115953654902,-0.05932570566693374,-0.052561898345254376,-0.04835134856795298,-0.08737294950234642,-0.03290051973849295,-0.05256189834525471,-0.04835134856795342,-0.027267248802975597,-0.020871527742497564,-0.08157669700966463
2024-08-19,0.0,-0.08619862769902342,0.0,-0.0004163074679329748,-0.09640369649414249,0.0,-0.004506979310315518,-0.06996223056352491,0.0,-0.06733919399835686,-0.12367830499972532,0.0,0.0,-0.08619862769902342,0.0,-0.0004163074679329748,-0.09640369649414249,0.0,0.0,-0.12707121470382643,-0.0404301211904895,-0.01249258933367603,0.0,-0.07693904109239036,-0.06039684958999003,-0.035857721985534274,-0.01058789880984301,0.0,-0.09381520460475568,-0.04022946037225661,-0.06647626407169294,-0.01434454990237144,-0.040229460372256276,-0.13503534490757696,-0.06814281959048474,-0.06474393395549927,-0.060587522878379096,-0.09994319179423583,-0.04622104840419328,-0.0647439339554996,-0.06058752287837954,-0.04022946037225661,-0.03880971238380393,-0.09381520460475568
2024-08-20,0.0,-0.07861331224129586,0.0,0.0,-0.08954342635607682,0.0,-0.002955003401486467,-0.062167412484247175,0.0,-0.06480910143611096,-0.11660002290794313,0.0,0.0,-0.07861331224129586,0.0,0.0,-0.08954342635607682,0.0,0.0,-0.11982517589352193,-0.03192243547659446,-0.0035726523771714147,0.0,-0.06927460727804968,-0.052519569153566925,-0.027309496717143666,-0.001650757203316755,0.0,-0.09846627180813927,-0.04515556076846694,-0.07090552443687625,-0.01434454990237144,-0.04515556076846661,-0.14360014228525142,-0.07736998036306642,-0.07759013231960266,-0.07349081157647541,-0.10521968166551088,-0.05181247878019679,-0.07759013231960299,-0.07349081157647586,-0.04515556076846694,-0.04723948721187865,-0.09846627180813927
2024-08-21,0.0,-0.07533674533571477,0.0,-0.0012746721598347888,-0.08760107207246015,0.0,-0.002086576503791626,-0.05881254846274753,0.0,-0.0657262934083851,-0.1139356228617665,0.0,0.0,-0.07533674533571477,0.0,-0.0012746721598347888,-0.08760107207246015,0.0,0.0,-0.11669516355656451,-0.028310245854466953,0.0,0.0,-0.06596483076348447,-0.049130192359845504,-0.023680094828019138,0.0,0.0,-0.10695006639071258,-0.054141030560040604,-0.0797755913391609,-0.01434454990237144,-0.05414103056004038,-0.14786739207645094,-0.08196724030324898,-0.08215806551942528,-0.07807904532161458,-0.11560655131855724,-0.06281931474624414,-0.0821580655194255,-0.07807904532161503,-0.054141030560040604,-0.05727314901290481,-0.10695006639071258
2024-08-22,0.0,-0.08110025433595414,0.0,-0.0020423643550917525,-0.09224474840006713,0.0,-0.002531419926340095,-0.06471369915607872,0.0,-0.06560362825726995,-0.1189115919488668,0.0,0.0,-0.08110025433595414,0.0,-0.0020423643550917525,-0.09224474840006713,0.0,0.0,-0.12220088182655786,-0.03489995456143857,-0.006871703535530016,0.0,-0.07178020860801182,-0.05509009554644406,-0.030301203831642365,-0.006871703535530127,0.0,-0.11015009954750432,-0.057530292403019434,-0.08307299779828514,-0.01434454990237144,-0.0575302924030191,-0.1573716006502509,-0.09220646216215689,-0.09125999551277686,-0.08722142558737922,-0.11933659060195079,-0.06677199076034845,-0.09125999551277719,-0.08722142558737966,-0.057530292403019434,-0.061581544804796495,-0.11015009954750432
2024-08-23,0.0,-0.06420798793803029,0.0,-0.0007618351768998721,-0.07981339365268769,0.0,0.0,-0.04760327001106557,0.0,-0.06733267748622052,-0.10521115804065018,0.0,0.0,-0.06420798793803029,0.0,-0.0007618351768998721,-0.07981339365268769,0.0,0.0,-0.1060641741846019,-0.015723709765279814,0.0,0.0,-0.054701890744322856,-0.03777996304445175,-0.010984048138085512,0.0,0.0,-0.10716439469043737,-0.05436803281049718,-0.07999644140078765,-0.01434454990237144,-0.05436803281049685,-0.14665172325407116,-0.08065755705264999,-0.07897229099714875,-0.07487911276391401,-0.11615940504663225,-0.06340516693284148,-0.07897229099714898,-0.07487911276391435,-0.05436803281049718,-0.05807570299953413,-0.10716439469043737
2024-08-26,0.0,-0.06703509055547308,0.0,0.0,-0.08232359551895996,0.0,0.0,-0.05157689583914005,0.0,-0.06572056855679309,-0.10881928893852744,0.0,0.0,-0.06703509055547308,0.0,0.0,-0.08232359551895996,0.0,0.0,-0.10876482591106829,-0.018682722380974792,-0.0037324331160244473,0.0,-0.057550717989124034,-0.041178469300583775,-0.013957309515726712,-0.0037324331160243363,0.0,-0.11309792773664817,-0.06065243555329192,-0.08611052498472715,-0.01434454990237144,-0.060652435553291584,-0.15486396967333105,-0.0895049021412907,-0.08873355126670268,-0.08468375346347412,-0.12319102302218454,-0.07085648462701455,-0.0887335512667029,-0.08468375346347445,-0.06065243555329192,-0.06496304486343452,-0.11309792773664817
2024-08-27,0.0,-0.05940490745058635,0.0,0.0,-0.07517601417944275,0.0,0.0,-0.06034803522642973,0.0,-0.06545754817845428,-0.11705501801071172,0.0,0.0,-0.05940490745058635,0.0,0.0,-0.07517601417944275,0.0,0.0,-0.1014759262976167,-0.010673511203572517,0.0,0.0,-0.04983868536616243,-0.04945693702628462,-0.005909530965262366,0.0,0.0,-0.11909578658329067,-0.0670049678967003,-0.09229089172869653,-0.01434454990237144,-0.06700496789669996,-0.15982992065883495,-0.09485489772337508,-0.09089789698002015,-0.08685771783720353,-0.12967983802346117,-0.07773260079278643,-0.09089789698002027,-0.08685771783720386,-0.0670049678967003,-0.07156871093335193,-0.11909578658329067
2024-08-28,0.0,-0.06588895062148659,0.0,0.0,-0.08092105208464417,0.0,-0.00423399359952592,-0.06665944168229576,0.0,-0.06287850829646402,-0.12298325252665687,0.0,0.0,-0.06588895062148659,0.0,0.0,-0.08092105208464417,0.0,0.0,-0.10766995062341689,-0.01767277168186332,-0.008143405219533606,0.0,-0.05638660038611054,-0.055841496255804035,-0.012942495523024178,-0.008143405219533495,0.0,-0.12006381370755215,-0.06803023770937844,-0.0932883747970743,-0.01434454990237144,-0.06803023770937822,-0.16604716631401195,-0.10155295754817495,-0.0955117063455756,-0.09149203162828579,-0.1295352452427938,-0.07757937763009737,-0.09551170634557582,-0.09149203162828601,-0.06803023770937844,-0.07241224585508921,-0.12006381370755215
2024-08-29,0.0,-0.06848047844249638,0.0,0.0,-0.08327636874269506,0.0,-0.0006779047299430019,-0.06929529241612808,0.0,-0.06356599702610155,-0.12552481410499006,0.0,0.0,-0.06848047844249638,0.0,0.0,-0.08327636874269506,0.0,0.0,-0.11014556436336909,-0.02051620276623134,-0.011090621212031415,0.0,-0.059004490816808364,-0.058507897991772584,-0.015799618800665605,-0.011090621212031304,0.0,-0.1280065970848252,-0.07644270448976243,-0.10147284787231658,-0.01434454990237144,-0.0764427044897622,-0.17761913436308274,-0.11401985021773031,-0.10460678578409643,-0.10062753089437904,-0.13719174763603192,-0.08569287753247701,-0.10460678578409666,-0.10062753089437937,-0.07644270448976243,-0.08078515824277854,-0.1280065970848252
2024-08-30,0.0,-0.07362606224167001,0.0,0.0,-0.08827995569837999,0.0,-0.0037784096017173807,-0.07443724683503916,0.0,-0.06380355195974108,-0.13051869083041512,0.0,0.0,-0.07362606224167001,0.0,0.0,-0.08827995569837999,0.0,0.0,-0.11506099604426256,-0.02622874417491572,-0.017744364936759238,0.0,-0.06420241864880083,-0.06370677818572057,-0.0215255353781999,-0.017744364936759238,0.0,-0.12969994394275197,-0.07823618462302862,-0.10321772131371043,-0.014704123171076278,-0.07823618462302839,-0.17760729610731274,-0.11400709644383,-0.1035919643527895,-0.0996081994521868,-0.13868733406037692,-0.08727773177592879,-0.10359196435278972,-0.09960819945218724,-0.07823618462302862,-0.08257020565121709,-0.13033616122972402
2024-09-02,0.0,-0.07277062836778458,0.0,-0.0020967721503616366,-0.08755683685573235,0.0,-0.0013227370876037758,-0.07354251495660791,0.0,-0.07061194264261372,-0.1299405980391236,0.0,0.0,-0.07277062836778458,0.0,-0.0020967721503616366,-0.08755683685573235,0.0,0.0,-0.11424382409085254,-0.025329542585043274,-0.01641405849570332,0.0,-0.06333828277714093,-0.06280167327494957,-0.020621990742871743,-0.0164140584957031,0.0,-0.12775473072407595,-0.07617594442691566,-0.101213317509949,-0.013918851093088214,-0.07617594442691555,-0.1725502429190352,-0.1085589532191733,-0.09366241247443396,-0.08963451923196175,-0.13632913048696527,-0.0847787729197853,-0.0936624124744343,-0.0896345192319623,-0.07617594442691566,-0.08051965245320947,-0.1304273964618894
2024-09-03,0.0,-0.07933137830151682,0.0,-0.0022113223090528544,-0.09384338799023162,0.0,0.0,-0.08026434045385733,0.0,-0.06852475682759329,-0.1360462451330503,0.0,0.0,-0.07933137830151682,0.0,-0.0022113223090528544,-0.09384338799023162,0.0,0.0,-0.12051112423274646,-0.032225969008248034,-0.025760451582964916,0.0,-0.06996577268115667,-0.0695932915497508,-0.027551726152376443,-0.025760451582964694,0.0,-0.12436877843514738,-0.07258976943036721,-0.09772433461484897,-0.012004926282706552,-0.0725897694303671,-0.17302375871832232,-0.10906908862760334,-0.09458231398615913,-0.09055850891693917,-0.13180560172342304,-0.07998524601984924,-0.09458231398615935,-0.09055850891693962,-0.07258976943036721,-0.0769503392140729,-0.1304273964618894
2024-09-04,0.0,-0.07347285390946334,0.0,-3.386451500786425e-05,-0.08806472950778554,0.0,-0.0012899049611950764,-0.07407151709844684,0.0,-0.06392260789913917,-0.13023171686224178,0.0,0.0,-0.07347285390946334,0.0,-3.386451500786425e-05,-0.08806472950778554,0.0,0.0,-0.11491464042762167,-0.026061761235904868,-0.018391696923904854,0.0,-0.06404479962406107,-0.06332861720085736,-0.02135774592983386,-0.01839169692390452,0.0,-0.1236936342108016,-0.0718747016651391,-0.09751309243428208,-0.011624035816906075,-0.0718747016651391,-0.1752936499911394,-0.11151452321139865,-0.09423946339225331,-0.09021413464619443,-0.12947712175274084,-0.0775177848940608,-0.09423946339225364,-0.0902141346461951,-0.0718747016651391,-0.07623863361025685,-0.1304273964618894
2024-09-05,0.0,-0.07054254274460259,0.0,-0.003455302034106933,-0.0852699244099393,0.0,-0.0004587761556900105,-0.07090942084275276,0.0,-0.06451952286542217,-0.1275003283020737,0.0,0.0,-0.07054254274460259,0.0,-0.003455302034106933,-0.0852699244099393,0.0,0.0,-0.11211539647459423,-0.023028335617608087,-0.014498872024668596,0.0,-0.06108467051716593,-0.06012983335625244,-0.01830966919715382,-0.014498872024668374,0.0,-0.1216091845641658,-0.06966699152439904,-0.09750943662011247,-0.010448522315170239,-0.06966699152439904,-0.1753876939338712,-0.11161584009503389,-0.09333907949494291,-0.08930974931468838,-0.12755791826043628,-0.07548402893765804,-0.09333907949494336,-0.08930974931468916,-0.06966699152439904,-0.07404130385331409,-0.1304273964618894
2024-09-06,0.0,-0.07776015860064545,0.0,-0.003993175750519717,-0.09235670216325587,0.0,0.0,-0.07834118096325493,0.0,-0.06464439632986207,-0.13393851484150054,0.0,0.0,-0.07776015860064545,0.0,-0.003993175750519717,-0.09235670216325587,0.0,0.0,-0.11901018218287696,-0.030530414641400383,-0.024489703935460128,0.0,-0.0683669636841846,-0.06759068399601009,-0.025835805541588264,-0.024489703935459795,0.0,-0.12414715693562894,-0.07235504270876836,-0.09844623850058776,-0.011878099142689003,-0.07235504270876825,-0.1796571472090679,-0.11621547392688092,-0.09983350904897592,-0.09583304103804369,-0.12988473005712653,-0.07794972232031461,-0.09983350904897648,-0.09583304103804446,-0.07235504270876836,-0.0767167161488882,-0.1304273964618894
2024-09-09,0.0,-0.08396049900874158,0.0,-0.0008828492463202053,-0.09851811698937618,0.0,-0.0010744273500069568,-0.08467898691690812,0.0,-0.06254858855552203,-0.1396939015088049,0.0,0.0,-0.08396049900874158,0.0,-0.0008828492463202053,-0.09851811698937618,0.0,0.0,-0.12493319322764418,-0.03704828686366124,-0.033301263609077814,0.0,-0.07463045578383343,-0.07390607200325339,-0.03238524024162892,-0.03267066324711532,0.0,-0.1263824475193216,-0.07472251351675052,-0.09964415305965835,-0.013139007066900854,-0.0747225135167503,-0.17568467094261153,-0.11193578398682402,-0.09274097728130071,-0.08870898904967783,-0.13177479619145127,-0.07995260178259733,-0.09274097728130126,-0.08870898904967861,-0.07472251351675052,-0.07907305539790244,-0.1304273964618894
2024-09-10,0.0,-0.08551655941741465,0.0,-0.004346511596796443,-0.10004041722489232,0.0,-0.0030606554999065283,-0.08662045978923871,0.0,-0.06776032613457106,-0.14163432389345987,0.0,0.0,-0.08551655941741465,0.0,-0.004346511596796443,-0.10004041722489232,0.0,0.0,-0.12641965403145117,-0.03868403623326133,-0.031623737140350605,0.0,-0.07620236497507293,-0.07574732115123284,-0.03402891064763036,-0.030992042488348748,0.0,-0.13141373629314934,-0.08005131925926301,-0.10224580592989374,-0.015980744060951513,-0.08005131925926279,-0.18535210821310766,-0.1223508579249698,-0.09924290793477752,-0.09523981520843039,-0.1364444833409758,-0.08490101089760926,-0.09924290793477786,-0.09523981520843117,-0.08005131925926301,-0.0843768057457921,-0.1304273964618894
2024-09-11,0.0,-0.08623286517418605,0.0,-0.0007803805298337574,-0.1007205527607663,0.0,-0.0026348613365813067,-0.08748286899785862,0.0,-0.06537770342065419,-0.14244691158572143,0.0,0.0,-0.08623286517418605,0.0,-0.0007803805298337574,-0.1007205527607663,0.0,0.0,-0.12816241079440438,-0.039425903126686035,-0.030962427728448927,0.0,-0.07692062233294972,-0.07661869219950712,-0.03477436999523964,-0.030330301688736627,0.0,-0.12860123585615724,-0.07707250624470807,-0.10062827766445237,-0.014387606624304827,-0.07707250624470785,-0.1838038506913271,-0.12068286504190784,-0.0965310429097812,-0.09251589826926987,-0.13373903782561625,-0.08203408409508539,-0.09653104290978165,-0.09251589826927065,-0.07707250624470807,-0.08141199874669236,-0.1304273964618894
2024-09-12,0.0,-0.07854954379741896,0.0,-0.006974791693911686,-0.0947666461965947,0.0,-0.0033227869977640045,-0.08036268590698592,0.0,-0.07207270345284811,-0.1371776860836872,0.0,0.0,-0.07854954379741896,0.0,-0.006974791693911686,-0.0947666461965947,0.0,0.0,-0.1355964550818185,-0.031699374951109194,-0.038637781005564364,0.0,-0.06915816064211944,-0.06937274294285434,-0.027010426484482708,-0.038010661779632415,0.0,-0.12041486966883708,-0.06840205278629652,-0.09548020239115063,-0.009757932872780706,-0.0684020527862963,-0.17461387131917694,-0.1107821734756862,-0.08552041730723003,-0.0814563398793442,-0.1272245001283271,-0.07513070990980697,-0.08552041730723026,-0.08145633987934497,-0.06840205278629652,-0.07278231270286772,-0.1304273964618894
2024-09-13,0.0,-0.07759403377224272,0.0,-0.005122114917297638,-0.0937030144387393,0.0,-0.0037908029161357604,-0.07948131180089135,0.0,-0.070444162836522,-0.13596559780176476,0.0,0.0,-0.07759403377224272,0.0,-0.005122114917297638,-0.0937030144387393,0.0,0.0,-0.13750229591124752,-0.030762211846732335,-0.03961213624203108,0.0,-0.06819291210013556,-0.06846861984958297,-0.02606243035552669,-0.03898565261097664,0.0,-0.11645782881147215,-0.06421101884012925,-0.0924825659959615,-0.007530503040702685,-0.06421101884012892,-0.1731116876196761,-0.10916381755971605,-0.08512414936761503,-0.08105831086860293,-0.12283378296149461,-0.07047792179915047,-0.08512414936761548,-0.08105831086860382,-0.06421101884012925,-0.06861098448711589,-0.1304273964618894
2024-09-16,0.0,-0.07025268334068291,0.0,-0.011984750689179813,-0.08702980339516753,0.0,-0.0031312709454476284,-0.07186447489022252,0.0,-0.07690559563776778,-0.12966018721612615,0.0,0.0,-0.07025268334068291,0.0,-0.011984750689179813,-0.08702980339516753,0.0,0.0,-0.13068865294928722,-0.02304813093782143,-0.046713315261552646,0.0,-0.060776738942822095,-0.06075665285930487,-0.01831094428647817,-0.04609146389688201,0.0,-0.12264343482890472,-0.07076240047381321,-0.0974891200153768,-0.01100460167045536,-0.07076240047381277,-0.1744201793503618,-0.11057350223014417,-0.08790948452466629,-0.08385602445154261,-0.12889702326040942,-0.07690306177126038,-0.08790948452466663,-0.08385602445154361,-0.07076240047381321,-0.07513156232345986,-0.1304273964618894
2024-09-17,0.0,-0.07442003265528685,0.0,-0.011114802174829741,-0.09077366235699269,0.0,-0.0029035002855031244,-0.07601081277914712,0.0,-0.07735261203432475,-0.13364177190176652,0.0,0.0,-0.07442003265528685,0.0,-0.011114802174829741,-0.09077366235699269,0.0,0.0,-0.13459628743683671,-0.027427062319485218,-0.04276925203616755,0.0,-0.06498656170121431,-0.06494964085942057,-0.0227111088690245,-0.04214482786612972,0.0,-0.11539514336199796,-0.06308549323820023,-0.09123394403932994,-0.00691930317774736,-0.06308549323819979,-0.17221689572038812,-0.1081998264285009,-0.0867534601437635,-0.08269486253374858,-0.12075219120151015,-0.0682720850248627,-0.08675346014376395,-0.08269486253374947,-0.06308549323820023,-0.06749075096928159,-0.1304273964618894
2024-09-18,0.0,-0.07275157414734879,0.0,-0.013548766948964897,-0.08998056300189183,0.0,-0.0031533168413598878,-0.07444014542126476,0.0,-0.07937176731102447,-0.13255044627219992,0.0,0.0,-0.07275157414734879,0.0,-0.013548766948964897,-0.08998056300189183,0.0,0.0,-0.13304104865722322,-0.02567389387406338,-0.044309226050394446,0.0,-0.06330109833639963,-0.06335744179318281,-0.020949439404852277,-0.04368580644168918,0.0,-0.11560304699357626,-0.06330569090834914,-0.09151476126851887,-0.007036002222394311,-0.0633056909083487,-0.17229133131635332,-0.10828001854290681,-0.08415589389039879,-0.08008575232622939,-0.12155294297552299,-0.06912063167274474,-0.08415589389039912,-0.08008575232623039,-0.06330569090834914,-0.06770991329684384,-0.1304273964618894
2024-09-19,0.0,-0.06595211552988545,0.0,-0.014901599944193267,-0.0852159736934055,0.0,-0.004266796176344623,-0.0675966990587864,0.0,-0.08204637873641563,-0.12757583810420559,0.0,0.0,-0.06595211552988545,0.0,-0.014901599944193267,-0.0852159736934055,0.0,0.0,-0.1266694832516414,-0.018524394355566298,-0.05102125576943006,0.0,-0.05643002155153165,-0.05643205163479015,-0.013765272350773072,-0.050402214575851256,0.0,-0.11549514207999623,-0.06370763243127064,-0.0913129155260628,-0.007157839435435354,-0.06319140521556144,-0.1735529057613766,-0.10991267178732655,-0.08469862340696177,-0.08222635635098596,-0.12134413031476365,-0.0694360565394464,-0.08469862340696233,-0.08222635635098696,-0.06352615309612664,-0.06759616496144405,-0.1304273964618894
2024-09-20,0.0,-0.0669937095618266,0.0,-0.017329401532124034,-0.08694477808577605,0.0,-0.0032071200253577237,-0.06864226458538591,0.0,-0.08490294960733236,-0.12925172641586147,0.0,0.0,-0.0669937095618266,0.0,-0.017329401532124034,-0.08694477808577605,0.0,0.0,-0.12759368857011366,-0.01953737449544868,-0.0500576444936075,0.0,-0.057480100673271695,-0.0574901368194084,-0.014778493552863314,-0.049437974713689936,0.0,-0.11381983280029317,-0.061835414667111954,-0.08959180354874108,-0.0061826565197504735,-0.06141702928297621,-0.17687307148666043,-0.11084845431165091,-0.08677388451359946,-0.08263232933290388,-0.12046589927372553,-0.06813921721229921,-0.08677388451359991,-0.08263232933290499,-0.0660233853982014,-0.06583013192806508,-0.1304273964618894
2024-09-23,0.0,-0.06555419763256931,0.0,-0.014307878087313486,-0.08508527665141064,0.0,-0.01269517703643197,-0.06728344094927052,0.0,-0.0822242301451045,-0.1275326204218975,0.0,0.0,-0.06555419763256931,0.0,-0.014307878087313486,-0.08508527665141064,0.0,0.0,-0.12616397861923623,-0.01801749212718662,-0.05157316564343817,0.0,-0.0560224731818445,-0.056115042555772376,-0.013251234116828381,-0.05095448447367357,0.0,-0.11716007960337615,-0.06307446683561058,-0.09302337218484169,-0.007244501087133037,-0.0649547960751089,-0.17856956953970948,-0.11150875904408075,-0.08403940745775285,-0.08201991097207662,-0.12478653933511763,-0.06970917886489847,-0.08403940745775329,-0.08201991097207773,-0.07079305625948895,-0.06935126457225871,-0.1304273964618894
2024-09-24,0.0,-0.052269933186342765,0.0,-0.012473999329732255,-0.0742110796346821,0.0,-0.016764246633757973,-0.054213926163599324,0.0,-0.08127547173842498,-0.11655711945762948,0.0,0.0,-0.052269933186342765,0.0,-0.012473999329732255,-0.0742110796346821,0.0,0.0,-0.11380872744955672,-0.004510342711065318,-0.06412859675986882,0.0,-0.042593853355847866,-0.04288312583679532,0.0,-0.06351810579363759,0.0,-0.1200433521786195,-0.06427991422217227,-0.09598547298811222,-0.008210634902379832,-0.0680085662216584,-0.1777709816587909,-0.11092741790392768,-0.08446774945189695,-0.08204506542877432,-0.12855045415399124,-0.07131038987063842,-0.08446774945189728,-0.08204506542877543,-0.07195698948561535,-0.07239067626406148,-0.1304273964618894
2024-09-25,0.0,-0.06514948973142864,0.0,-0.013243994347158838,-0.08688506928450312,0.0,-0.00994332017051236,-0.06689589752666802,0.0,-0.0817792342748358,-0.12869409138989218,0.0,0.0,-0.06514948973142864,0.0,-0.013243994347158838,-0.08688506928450312,0.0,0.0,-0.12590435181600512,-0.018087433870565883,-0.05189570518475706,0.0,-0.05559439959624746,-0.05570658030530651,-0.013638605946420301,-0.05127723441513432,0.0,-0.12695665145269097,-0.06799513063503904,-0.10308778079931469,-0.010821897334642228,-0.07533067205327271,-0.18596495485924225,-0.11507736270481561,-0.09126893686304416,-0.08525410997668559,-0.13533652414052733,-0.07492878208127851,-0.09126893686304449,-0.08525410997668681,-0.08215124642355309,-0.07967835444716609,-0.1304273964618894
2024-09-26,0.0,-0.05708136806023334,0.0,-0.019295605356868695,-0.0807240803960938,0.0,-0.012651082309806827,-0.058997467818256766,0.0,-0.08772105321772727,-0.12239446292532596,0.0,0.0,-0.05708136806023334,0.0,-0.019295605356868695,-0.0807240803960938,0.0,0.0,-0.11832166410087219,-0.009346899689412491,-0.059908849334766257,0.0,-0.047441919880795935,-0.047713436582324076,-0.004858470344653254,-0.05929560572786885,0.0,-0.13309855602917064,-0.07117980262681944,-0.10939760410072974,-0.01310839496130034,-0.08183576803332493,-0.18515334308175213,-0.11442305253655116,-0.08999627915728425,-0.08454879534578297,-0.1416698108824026,-0.0783538490083121,-0.08999627915728448,-0.08454879534578419,-0.09264518311221259,-0.08615286425937607,-0.1304273964618894
2024-09-27,0.0,-0.056717795129267556,0.0,-0.01812889982430066,-0.07925849222644066,0.0,-0.015451543121588807,-0.0587043462695197,0.0,-0.0858199359978894,-0.12093842913429542,0.0,0.0,-0.056717795129267556,0.0,-0.01812889982430066,-0.07925849222644066,0.0,0.0,-0.11793434300869998,-0.009252840303489274,-0.05984715628018944,0.0,-0.04707398643407179,-0.04741680006673121,-0.004744776171824783,-0.0592338724294591,0.0,-0.13850735088470867,-0.07470273717892617,-0.11495427457437102,-0.015382366535446224,-0.08756440305745516,-0.1897613965001479,-0.11737999150626777,-0.09520863514339284,-0.08763076057758712,-0.14643726049782968,-0.08149531368014218,-0.09520863514339306,-0.08763076057758823,-0.10112028311245624,-0.09185456394037039,-0.1304273964618894
2024-09-30,0.0,-0.060537203789916894,0.0,-0.020342477938623205,-0.08388957381010953,0.0,-0.015394553384678988,-0.06249184389711171,0.0,-0.08842261739387658,-0.1255877022604498,0.0,0.0,-0.060537203789916894,0.0,-0.020342477938623205,-0.08388957381010953,0.0,0.0,-0.12157588671365449,-0.01326443753570572,-0.05621249030648945,0.0,-0.05093244347945891,-0.0512465904382049,-0.00877462683774155,-0.05559683547750871,0.0,-0.1399922167198434,-0.07643839954056397,-0.11647973641268872,-0.016394854156214445,-0.08977090453589276,-0.19286673101096752,-0.11995649835827948,-0.09898504236834793,-0.09131617449017027,-0.14809941755854972,-0.08336357070782086,-0.09884177871712552,-0.09131617449017149,-0.10329288077333354,-0.09405069071799355,-0.1312050440954009
2024-10-01,0.0,-0.06663483092314848,0.0,-0.009643370517250505,-0.08457296020672689,0.0,-0.01857469854912941,-0.06888345456420852,0.0,-0.07786180357554551,-0.12637600640953728,0.0,0.0,-0.06663483092314848,0.0,-0.009643370517250505,-0.08457296020672689,0.0,0.0,-0.1273778015625805,-0.019654770266567256,-0.050363321587346244,0.0,-0.05708562002916173,-0.057714867405743275,-0.015194036643910835,-0.049743851207798784,0.0,-0.13811623667227024,-0.07683643044541721,-0.11455246735961733,-0.016637087358030378,-0.09033131159840124,-0.18789036691254213,-0.11700819919294136,-0.09019105966042884,-0.08687131123577663,-0.14518868573224997,-0.08366365262901954,-0.09030196279809577,-0.08687131123577796,-0.10414080246412172,-0.09460846281484947,-0.12984479314600783
2024-10-02,0.0,-0.07096617914838121,0.0,-0.010945290147103881,-0.08827613859576133,0.0,-0.018249014063006386,-0.07319412093177002,0.0,-0.07994424153914903,-0.13066902038701167,0.0,0.0,-0.07096617914838121,0.0,-0.010945290147103881,-0.08827613859576133,0.0,0.0,-0.13141015157851244,-0.02327341786894055,-0.047051299300467475,0.0,-0.06099169343640809,-0.06160921284593679,-0.018829149693902814,-0.04642966841074836,0.0,-0.12452403378064703,-0.07683643044541721,-0.10058865573487175,-0.016637087358030378,-0.09033131159840124,-0.1790422653533036,-0.11700819919294136,-0.0787793916606635,-0.08687131123577663,-0.13202906726933206,-0.08366365262901954,-0.07898578544621437,-0.08687131123577796,-0.10414080246412172,-0.09460846281484947,-0.11612214674982035
2024-10-03,0.0,-0.06259144595628041,0.0,-0.008590753442174082,-0.09282005729794951,0.0,-0.010869211326977934,-0.06479677117862326,0.0,-0.0776660662564519,-0.13506491179966384,0.0,0.0,-0.06259144595628041,0.0,-0.008590753442174082,-0.09282005729794951,0.0,0.0,-0.12358028783121733,-0.03193710098723823,-0.03836733513169199,0.0,-0.05252466324943639,-0.053104459635887724,-0.027532254009355994,-0.03774003948754412,0.0,-0.12152695326399687,-0.07683643044541721,-0.09750963549860892,-0.016637087358030378,-0.09033131159840124,-0.17535504677273783,-0.11700819919294136,-0.07368553481501372,-0.08687131123577663,-0.12797033853084594,-0.08366365262901954,-0.07470986976164407,-0.08687131123577796,-0.10414080246412172,-0.09460846281484947,-0.11309630344253419
2024-10-04,0.0,-0.05530091917835189,0.0,-0.007171880944048636,-0.09826207816436205,0.0,-0.011581698684276831,-0.05754169280541144,0.0,-0.07716389939516721,-0.1395914713887001,0.0,0.0,-0.05530091917835189,0.0,-0.007171880944048636,-0.09826207816436205,0.0,0.0,-0.11676409082436467,-0.040441564895719595,-0.030954193833579113,0.0,-0.045155843875845925,-0.045758675163731444,-0.03560484743714187,-0.030322062422702856,0.0,-0.10594180003849674,-0.07683643044541721,-0.08149838658488029,-0.016637087358030378,-0.09033131159840124,-0.16733433208794302,-0.11700819919294136,-0.06331811988725156,-0.08687131123577663,-0.11463255046150189,-0.08366365262901954,-0.06424255757269448,-0.08687131123577796,-0.10414080246412172,-0.09460846281484947,-0.09736158049517829
2024-10-07,0.0,-0.05295309245006752,0.0,-0.0055765003968893945,-0.09667807089055536,0.0,-0.009045128803364721,-0.05518278651813169,0.0,-0.07539769701819676,-0.13703418621979369,0.0,0.0,-0.05295309245006752,0.0,-0.0055765003968893945,-0.09667807089055536,0.0,0.0,-0.11456901631117733,-0.03805680874741357,-0.02830935363155418,0.0,-0.04278280395593348,-0.0433702768191524,-0.033208070768484976,-0.027665359576165005,0.0,-0.11171182634670729,-0.07683643044541721,-0.08742616452346119,-0.016637087358030378,-0.09033131159840124,-0.1658820497533674,-0.11700819919294136,-0.055171838374159066,-0.08687131123577663,-0.11895847440677165,-0.08366365262901954,-0.05665481836926678,-0.08687131123577796,-0.10414080246412172,-0.09460846281484947,-0.10318698137799409
2024-10-08,0.0,-0.05134150709654617,0.0,-0.011088154680343965,-0.09649716044754053,0.0,-0.006746115016937448,-0.05355819943338336,0.0,-0.0802967629692608,-0.1366922289948187,0.0,0.0,-0.05134150709654617,0.0,-0.011088154680343965,-0.09649716044754053,0.0,0.0,-0.11306228249103467,-0.03641987445663708,-0.026646417033281522,0.0,-0.04115391186940065,-0.04172537845046309,-0.031562885402658725,-0.026001320856257504,0.0,-0.11135011883062329,-0.07683643044541721,-0.08705456797960998,-0.016637087358030378,-0.09033131159840124,-0.16855235620067877,-0.11700819919294136,-0.05784557930513545,-0.08687131123577663,-0.11809469158620156,-0.08366365262901954,-0.059882026054365545,-0.08687131123577796,-0.10414080246412172,-0.09460846281484947,-0.10282180257793938
2024-10-09,0.0,-0.04277231496888112,0.0,-0.012202229862275371,-0.08899533460500075,0.0,-0.0038543744132059077,-0.04500100822206288,0.0,-0.08108136972951618,-0.12941660439591385,0.0,0.0,-0.04277231496888112,0.0,-0.012202229862275371,-0.08899533460500075,0.0,0.0,-0.10505061152254369,-0.027712662834597723,-0.017865686443244266,0.0,-0.03249108705761694,-0.033059493371397686,-0.022811784507254407,-0.017214770782084,0.0,-0.1145293894164614,-0.07683643044541721,-0.09032075933348516,-0.016637087358030378,-0.09033131159840124,-0.17401012698848484,-0.11700819919294136,-0.06119606581773562,-0.08687131123577663,-0.12138806862457974,-0.08366365262901954,-0.06373354915820395,-0.08687131123577796,-0.10414080246412172,-0.09460846281484947,-0.10603158442089167
2024-10-10,0.0,-0.04359384674586653,0.0,-0.013025493827902745,-0.09002888490728655,0.0,-0.005784701376856716,-0.04583497296747141,0.0,-0.08157021952276755,-0.13031015111298905,0.0,0.0,-0.04359384674586653,0.0,-0.013025493827902745,-0.09002888490728655,0.0,0.0,-0.10581869352949491,-0.02860123641839518,-0.018743823569111417,0.0,-0.03331964182425673,-0.033900213812763424,-0.023704837004694723,-0.01809348989882542,0.0,-0.10736892872149206,-0.07683643044541721,-0.08296453274621363,-0.016637087358030378,-0.09033131159840124,-0.16738375578734332,-0.11700819919294136,-0.05051061938614876,-0.08687131123577663,-0.1156847398713523,-0.08366365262901954,-0.05326017030987562,-0.08687131123577796,-0.10414080246412172,-0.09460846281484947,-0.09880240524115613
2024-10-11,0.0,-0.04384166026463254,0.0,-0.015539819655416176,-0.09069576994139872,0.0,-0.005753833951654075,-0.04606618037901966,0.0,-0.08385039662910942,-0.13089870574737072,0.0,0.0,-0.04384166026463254,0.0,-0.015539819655416176,-0.09069576994139872,0.0,0.0,-0.10605038402543876,-0.028877722453328314,-0.01902372699032051,0.0,-0.033560112497566075,-0.034134313181880316,-0.023969164821934452,-0.018373578827778236,0.0,-0.10811447062196589,-0.07683643044541721,-0.08373045764739262,-0.016637087358030378,-0.09033131159840124,-0.16964046206867933,-0.11700819919294136,-0.05264299509830994,-0.08687131123577663,-0.11635831634480709,-0.08366365262901954,-0.05504139289723642,-0.08687131123577796,-0.10414080246412172,-0.09460846281484947,-0.09955510205971585
2024-10-14,0.0,-0.03776755573524526,0.0,-0.018839278576833318,-0.08542907315153214,0.0,-0.003639605523501954,-0.04005462076684929,0.0,-0.08689260477920968,-0.12579448330972065,0.0,0.0,-0.03776755573524526,0.0,-0.018839278576833318,-0.08542907315153214,0.0,0.0,-0.10037146748433756,-0.02270765953706788,-0.012938738761951396,0.0,-0.027420246297391704,-0.028047560585181097,-0.01776791519508769,-0.012284557735389168,0.0,-0.10534495441447111,-0.07683643044541721,-0.08088522329344028,-0.016637087358030378,-0.09033131159840124,-0.16794973059113627,-0.11700819919294136,-0.05178180104794483,-0.08687131123577663,-0.11389401410968691,-0.08366365262901954,-0.05457603959419921,-0.08687131123577796,-0.10414080246412172,-0.09460846281484947,-0.09675900698175155
2024-10-15,0.0,-0.03796185478666436,0.0,-0.015887480009944,-0.08501099491241493,0.0,-0.006354568405575911,-0.04024849926032836,0.0,-0.08408816549175968,-0.12544013436214496,0.0,0.0,-0.03796185478666436,0.0,-0.015887480009944,-0.08501099491241493,0.0,0.0,-0.10055312522362836,-0.02288301974595386,-0.013121137597242205,0.0,-0.02761663473211995,-0.028233170934402918,-0.01794416176577529,-0.012467077456649212,0.0,-0.10809445768769688,-0.07683643044541721,-0.08370989756258385,-0.016637087358030378,-0.09033131159840124,-0.1742950249361629,-0.11700819919294136,-0.05484344881066516,-0.08687131123577663,-0.11586027116327535,-0.08366365262901954,-0.058460206767287914,-0.08687131123577796,-0.10414080246412172,-0.09460846281484947,-0.09953489706259278
2024-10-16,0.0,-0.032121266659492886,0.0,-0.010708859653343339,-0.07851257622504437,0.0,-0.005146165628100219,-0.03440980972100016,0.0,-0.07941546491005647,-0.11917873992461925,0.0,0.0,-0.032121266659492886,0.0,-0.010708859653343339,-0.07851257622504437,0.0,0.0,-0.0950925322482058,-0.01697043501712525,-0.007481197977399434,0.0,-0.021713240187423155,-0.02232138562835362,-0.012001691755182509,-0.006823399931536467,0.0,-0.11586503534695547,-0.07683643044541721,-0.09169292161795728,-0.016637087358030378,-0.09033131159840124,-0.1796665165423732,-0.11700819919294136,-0.05568902480304805,-0.08687131123577663,-0.12449586092384368,-0.08366365262901954,-0.05973229975666838,-0.08687131123577796,-0.10414080246412172,-0.09460846281484947,-0.10738004846022509
2024-10-17,0.0,-0.029516964150293146,0.0,-0.01355115520981609,-0.0764356509694476,0.0,-0.007493964246134577,-0.03181400797927203,0.0,-0.08189269237573027,-0.11731070496945739,0.0,0.0,-0.029516964150293146,0.0,-0.01355115520981609,-0.0764356509694476,0.0,0.0,-0.09265766855332325,-0.014347374216794662,-0.004933082716120696,0.0,-0.019079441799600527,-0.019691601377578194,-0.009365372639800529,-0.0042735958909256855,0.0,-0.1073697934866148,-0.07683643044541721,-0.08296542115388161,-0.016637087358030378,-0.09033131159840124,-0.175713675537148,-0.11700819919294136,-0.050745626021374,-0.08687131123577663,-0.11573777783552963,-0.08366365262901954,-0.05517292226318615,-0.08687131123577796,-0.10414080246412172,-0.09460846281484947,-0.09880327830537472
2024-10-18,0.0,-0.03230523462067669,0.0,-0.016660674158557875,-0.07958443722748898,0.0,-0.004837192909870391,-0.03457974610448411,0.0,-0.08471266117808396,-0.12023162760312711,0.0,0.0,-0.03230523462067669,0.0,-0.016660674158557875,-0.07958443722748898,0.0,0.0,-0.09526453104946853,-0.017135515758970432,-0.007504995714339713,0.0,-0.02189770005367464,-0.022491968595117484,-0.012165656296350691,-0.006847213440575817,0.0,-0.10847600142800728,-0.07683643044541721,-0.08410187264997593,-0.016637087358030378,-0.09033131159840124,-0.17993141147606717,-0.11700819919294136,-0.05673862964509435,-0.08687131123577663,-0.11553469168335595,-0.08366365262901954,-0.06092261461854587,-0.08687131123577796,-0.10414080246412172,-0.09460846281484947,-0.09992010245385319
2024-10-21,0.0,-0.02472185016008077,0.0,-0.013161636923365916,-0.0717589342674183,0.0,-0.005257537139919388,-0.02701280470023848,0.0,-0.08150576275272614,-0.11288468197902535,0.0,0.0,-0.02472185016008077,0.0,-0.013161636923365916,-0.0717589342674183,0.0,0.0,-0.08817453000611264,-0.009420221164997522,-0.0001945174819152351,0.0,-0.014226272074310042,-0.01482419573899807,-0.0044113492744596305,0.0,0.0,-0.10740925981731397,-0.07683643044541721,-0.0830059664879822,-0.016637087358030378,-0.09033131159840124,-0.17741850945364435,-0.11700819919294136,-0.05210361968617727,-0.08687131123577663,-0.11567307366134627,-0.08366365262901954,-0.056667383538686944,-0.08687131123577796,-0.10414080246412172,-0.09460846281484947,-0.09884312339193357
2024-10-22,0.0,-0.0259868591413136,0.0,-0.012931752084499815,-0.07290606610414374,0.0,-0.009149853698234067,-0.028297523319434026,0.0,-0.08111521772512276,-0.11396288494333007,0.0,0.0,-0.0259868591413136,0.0,-0.012931752084499815,-0.07290606610414374,0.0,0.0,-0.08935723609775281,-0.010657164473280911,-0.0014900518654720196,0.0,-0.015498812222136671,-0.016119308425237455,-0.005654547193123083,-0.0012957864366713867,0.0,-0.10744187123406856,-0.07683643044541721,-0.08303946949584695,-0.016637087358030378,-0.09033131159840124,-0.17438237888964792,-0.11700819919294136,-0.04612398423088104,-0.08687131123577663,-0.11630139004204287,-0.08366365262901954,-0.05078900342501924,-0.08687131123577796,-0.10414080246412172,-0.09460846281484947,-0.09887604777837555
2024-10-23,0.0,-0.019476291064268625,0.0,-0.01075464577320695,-0.06634015292774287,0.0,-0.005240334806750457,-0.02178064922982237,0.0,-0.07941039102400105,-0.10810023132472657,0.0,0.0,-0.019476291064268625,0.0,-0.01075464577320695,-0.06634015292774287,0.0,0.0,-0.0832702528122633,-0.004144574904770271,0.0,0.0,-0.00891813919414397,-0.009520759239589505,0.0,0.0,0.0,-0.10930551926783671,-0.07683643044541721,-0.08495406937975569,-0.016637087358030378,-0.09033131159840124,-0.1740363165289862,-0.11700819919294136,-0.04686227440195467,-0.08687131123577663,-0.11762475394293526,-0.08366365262901954,-0.052043124220205406,-0.08687131123577796,-0.10414080246412172,-0.09460846281484947,-0.10075758112350475
2024-10-24,0.0,-0.02302148896071632,0.0,-0.014290041761943595,-0.06992644702938977,0.0,-0.001783107590088373,-0.026664021622235023,0.0,-0.08282697529470706,-0.11289838562993204,0.0,0.0,-0.02302148896071632,0.0,-0.014290041761943595,-0.06992644702938977,0.0,0.0,-0.08658479619527704,-0.007677435705241709,-0.0032184353906147267,0.0,-0.01250151132081101,-0.0137714744180929,-0.0035475639449707996,-0.0032184353906146157,0.0,-0.10713863980831673,-0.07683643044541721,-0.08272794776962933,-0.016637087358030378,-0.09033131159840124,-0.17062314042270232,-0.11700819919294136,-0.04198224304160758,-0.08687131123577663,-0.11546178868258627,-0.08366365262901954,-0.047206901033758464,-0.08687131123577796,-0.10414080246412172,-0.09460846281484947,-0.09856990625996376
2024-10-25,0.0,-0.01709908403132976,0.0,-0.011879112831210348,-0.06409499756222314,0.0,-0.0027918514815877815,-0.034196561363083244,0.0,-0.08110628889844873,-0.1196273351126943,0.0,0.0,-0.01709908403132976,0.0,-0.011879112831210348,-0.06409499756222314,0.0,0.0,-0.08104770950968021,-0.0017569762213546225,0.0,0.0,-0.006515334704813247,-0.020702680262549067,0.0,0.0,0.0,-0.10900025458010298,-0.07683643044541721,-0.08464045880248672,-0.016637087358030378,-0.09033131159840124,-0.17363160564708313,-0.11700819919294136,-0.041468650849178834,-0.08687131123577663,-0.11800484578443837,-0.08366365262901954,-0.04712931898720818,-0.08687131123577796,-0.10414080246412172,-0.09460846281484947,-0.10044938683002547
2024-10-28,0.0,-0.01669946382899934,0.0,-0.012756979918959854,-0.06387736653688425,0.0,-0.007709142304602068,-0.03378245828780191,0.0,-0.0818029179308073,-0.12009164475202216,0.0,0.0,-0.01669946382899934,0.0,-0.012756979918959854,-0.06387736653688425,0.0,0.0,-0.08067408904164386,-0.0013444407176875783,0.0,0.0,-0.006108088546019297,-0.02028279147825307,0.0,0.0,0.0,-0.11351384885612581,-0.07683643044541721,-0.08927745405067822,-0.016637087358030378,-0.09033131159840124,-0.17426412155253357,-0.11700819919294136,-0.04063345124521667,-0.08687131123577663,-0.1220419084984109,-0.08366365262901954,-0.04654359198272784,-0.08687131123577796,-0.10414080246412172,-0.09460846281484947,-0.10560063103255901
2024-10-29,0.0,-0.01594334751653792,0.0,-0.01579683630643558,-0.06423596905739937,0.0,-0.005931023339038943,-0.03302359636959029,0.0,-0.08444136460976104,-0.12301550863961985,0.0,0.0,-0.01594334751653792,0.0,-0.01579683630643558,-0.06423596905739937,0.0,0.0,-0.07996716649642588,-0.0006663038577681135,0.0,0.0,-0.00533595992765068,-0.019513326996324687,0.0,0.0,0.0,-0.1162101647820587,-0.07683643044541721,-0.09204748683864761,-0.016637087358030378,-0.09033131159840124,-0.17942795082833973,-0.11700819919294136,-0.04273877234839263,-0.08687131123577663,-0.12333526306092868,-0.08366365262901954,-0.049098885278297755,-0.08687131123577796,-0.10414080246412172,-0.09460846281484947,-0.10611707348365196
2024-10-30,0.0,-0.01641304165033408,0.0,-0.015138783014054802,-0.06430622154065702,0.0,-0.0005885532945852923,-0.033442179517874315,0.0,-0.08394133779044344,-0.12248502412060969,0.0,0.0,-0.01641304165033408,0.0,-0.015138783014054802,-0.06430622154065702,0.0,0.0,-0.08040630180810315,-0.001092090822156555,-0.0004036341611355354,0.0,-0.005810717009512745,-0.01993775844769763,-0.00042607085704404746,-0.0004036341611355354,0.0,-0.1207836762961928,-0.07683643044541721,-0.09674603745300991,-0.016637087358030378,-0.09033131159840124,-0.18369929043239774,-0.11700819919294136,-0.047317666498115196,-0.08687131123577663,-0.12624618313104408,-0.08366365262901954,-0.05377627943680441,-0.08687131123577796,-0.10414080246412172,-0.09460846281484947,-0.10752986755949734
2024-10-31,0.0,-0.016547077835794344,0.0,-0.015477729534988938,-0.06567139241809883,0.0,0.0,-0.03486978381604999,0.0,-0.08381379754640517,-0.12194955910260297,0.0,0.0,-0.016547077835794344,0.0,-0.015477729534988938,-0.06567139241809883,0.0,0.0,-0.08180038706821158,-0.0011909159188705498,-0.0003501152702656274,0.0,-0.005926888600990887,-0.02069009331909688,-0.0005249618452050075,-0.0003501152702657384,0.0,-0.12027725936624356,-0.07683643044541721,-0.09622577516221142,-0.016637087358030378,-0.09033131159840124,-0.1841855765787107,-0.11700819919294136,-0.04770803129249579,-0.08687131123577663,-0.12516059397669332,-0.08366365262901954,-0.05384390408954842,-0.08687131123577796,-0.10414080246412172,-0.09460846281484947,-0.10758236816004241
2024-11-01,0.0,-0.010963687970334202,0.0,-0.016515150096863995,-0.07287079046512812,0.0,-0.001359769587229942,-0.0418430490520838,0.0,-0.08493440978144962,-0.1287592167376126,0.0,0.0,-0.010963687970334202,0.0,-0.016515150096863995,-0.07287079046512812,0.0,0.0,-0.08843416130885251,0.0,0.0,0.0,0.0,-0.02776580974890963,0.0,0.0,0.0,-0.1254596382920501,-0.07683643044541721,-0.10154983952948271,-0.016637087358030378,-0.09033131159840124,-0.1901523789571279,-0.11700819919294136,-0.05188131036520449,-0.08687131123577663,-0.1309336581724302,-0.08366365262901954,-0.05900803920031672,-0.08687131123577796,-0.10414080246412172,-0.09460846281484947,-0.10748632942516756
2024-11-04,0.0,-0.003021125203930608,0.0,-0.013510945871042068,-0.0653269687627126,0.0,-0.0020486192219647537,-0.034069685502917446,0.0,-0.08206203319937655,-0.12155711657856616,0.0,0.0,-0.003021125203930608,0.0,-0.013510945871042068,-0.0653269687627126,0.0,0.0,-0.0810389308193723,0.0,-0.006852280604339955,0.0,0.0,-0.019869552390018752,0.0,-0.006804626024385585,0.0,-0.12594523000134772,-0.07683643044541721,-0.1020487072413051,-0.016637087358030378,-0.09033131159840124,-0.18618605229076235,-0.11700819919294136,-0.04821687083745507,-0.08687131123577663,-0.13130584608741247,-0.08366365262901954,-0.054333783249520984,-0.08687131123577796,-0.10414080246412172,-0.09460846281484947,-0.10748632942516756
2024-11-05,0.0,0.0,0.0,-0.014090090408802047,-0.05833547530740346,0.0,-0.0035932631597532794,-0.024209710386097538,0.0,-0.08288786629194667,-0.11428175165317467,0.0,0.0,0.0,0.0,-0.014090090408802047,-0.05833547530740346,0.0,0.0,-0.07165851412322599,0.0,-0.016975585910725566,0.0,0.0,-0.009859576980389417,0.0,-0.01692841708113102,0.0,-0.12074302696369432,-0.07683643044541721,-0.09670427677402293,-0.016637087358030378,-0.09033131159840124,-0.18416749596756476,-0.11700819919294136,-0.04463212739007483,-0.08687131123577663,-0.12660831620687674,-0.08366365262901954,-0.05039291338906504,-0.08687131123577796,-0.10414080246412172,-0.09460846281484947,-0.10748632942516756
2024-11-06,0.0,-0.02753682985044481,0.0,-0.01244268291177053,-0.08034275752401421,0.0,-0.00967742795783888,-0.05107305158912778,0.0,-0.08121609747900782,-0.13640012432035198,0.0,0.0,-0.02753682985044481,0.0,-0.01244268291177053,-0.08034275752401421,0.0,0.0,-0.09721317977280453,-0.02705853995248031,0.0,0.0,-0.026898727023557223,-0.03648586809266585,-0.02705853995248031,0.0,0.0,-0.11135983150375028,-0.07683643044541721,-0.0870645461957239,-0.016637087358030378,-0.09033131159840124,-0.16839819539071366,-0.11700819919294136,-0.017066080164165665,-0.08687131123577663,-0.11787136801038767,-0.08366365262901954,-0.025379957302826828,-0.08687131123577796,-0.10414080246412172,-0.09460846281484947,-0.10748632942516756
2024-11-07,0.0,-0.04315660515974795,0.0,-0.015050812231028332,-0.09535885893715912,0.0,-0.020403844880943933,-0.0663835087093555,0.0,-0.08463901846882615,-0.15067353429302177,0.0,0.0,-0.04315660515974795,0.0,-0.015050812231028332,-0.09535885893715912,0.0,0.0,-0.11171380840019052,-0.008159369449616927,-0.019373275525124134,0.0,-0.042498272558189165,-0.05196663952815017,-0.008159369449616927,-0.019373275525124023,0.0,-0.10368305695959068,-0.07683643044541721,-0.07917788981816543,-0.016637087358030378,-0.09033131159840124,-0.1598660355566982,-0.11700819919294136,-0.008449391612645352,-0.08687131123577663,-0.11095483537500228,-0.08366365262901954,-0.014705148693307302,-0.08687131123577796,-0.10414080246412172,-0.09460846281484947,-0.10748632942516756
2024-11-08,0.0,-0.033315331807143744,0.0,-0.010937582594730988,-0.08558746667688,0.0,-0.017822674091115265,-0.05739383692002886,0.0,-0.08220000053835297,-0.14209508160748852,0.0,0.0,-0.033315331807143744,0.0,-0.010937582594730988,-0.08558746667688,0.0,0.0,-0.10257765584480094,-0.023678578053852317,-0.005293950745874909,0.0,-0.03264846180107417,-0.04281996165894597,-0.023073713249264882,-0.005293950745874909,0.0,-0.10426610464180452,-0.07683643044541721,-0.07977687793419008,-0.016637087358030378,-0.09033131159840124,-0.17201516848563214,-0.11700819919294136,-0.02445833831802746,-0.08687131123577663,-0.11081628983816139,-0.08366365262901954,-0.031946582043299254,-0.08687131123577796,-0.10414080246412172,-0.09460846281484947,-0.10748632942516756
2024-11-11,0.0,-0.02881370875469491,0.0,-0.011451601382171717,-0.08127357107027655,0.0,-0.01968988614129208,-0.05364942473900791,0.0,-0.08602574696118248,-0.13909856049591185,0.0,0.0,-0.02881370875469491,0.0,-0.011451601382171717,-0.08127357107027655,0.0,0.0,-0.09839857113894335,-0.019132078906567096,0.0,0.0,-0.028143733291912,-0.038992693378734566,-0.01852439738890088,0.0,0.0,-0.10196312805543428,-0.07683643044541721,-0.07741093832273149,-0.016637087358030378,-0.09033131159840124,-0.16926106666412855,-0.11700819919294136,-0.017316136389183612,-0.08687131123577663,-0.10868262529122585,-0.08366365262901954,-0.027201957435098012,-0.08687131123577796,-0.10414080246412172,-0.09460846281484947,-0.10748632942516756
2024-11-12,0.0,-0.022900218357967628,0.0,-0.00710395626440985,-0.07540602236278049,0.0,-0.015711019704041207,-0.04795739104325447,0.0,-0.07956097668144091,-0.13350092666495494,0.0,0.0,-0.022900218357967628,0.0,-0.00710395626440985,-0.07540602236278049,0.0,0.0,-0.09290877846033274,-0.013159637693042181,0.0,0.0,-0.022226163458004877,-0.033096044182940654,-0.01254825604199128,0.0,0.0,-0.11244218795647964,-0.07683643044541721,-0.08817649410712924,-0.016637087358030378,-0.09033131159840124,-0.17188408095750485,-0.11700819919294136,-0.014265719052758419,-0.08687131123577663,-0.11854339827101124,-0.08366365262901954,-0.02650158032916272,-0.08687131123577796,-0.10414080246412172,-0.09460846281484947,-0.10748632942516756
2024-11-13,0.0,-0.015296288965330862,0.0,-0.007397526073827154,-0.06834552057284016,0.0,-0.012754183267442265,-0.0410998210223511,0.0,-0.07724562758072018,-0.12796428178558772,0.0,0.0,-0.015296288965330862,0.0,-0.007397526073827154,-0.06834552057284016,0.0,0.0,-0.0868599757798647,-0.005479905717075684,0.0,0.0,-0.01461698847432169,-0.02602374752048431,-0.004863766207110265,0.0,0.0,-0.1176652813755028,-0.07683643044541721,-0.09354238609558962,-0.016637087358030378,-0.09033131159840124,-0.17580481232484257,-0.11700819919294136,-0.01696011689710253,-0.08687131123577663,-0.12337818461588768,-0.08366365262901954,-0.030068129033947066,-0.08687131123577796,-0.10414080246412172,-0.09460846281484947,-0.10748632942516756
2024-11-14,0.0,-0.009447181769654645,0.0,-0.011125973996541583,-0.06395830335599273,0.0,-0.009052319137081044,-0.037657224188816896,0.0,-0.07683581876396173,-0.13153365071100165,0.0,0.0,-0.009447181769654645,0.0,-0.011125973996541583,-0.06395830335599273,0.0,0.0,-0.09224799770993419,0.0,0.0,0.0,-0.008763846256389152,-0.022358410473799162,0.0,0.0,0.0,-0.11837063137503101,-0.07683643044541721,-0.09426702025544276,-0.016637087358030378,-0.09033131159840124,-0.16969235530440407,-0.11700819919294136,-0.006184773518562392,-0.08687131123577663,-0.12379595975641067,-0.08366365262901954,-0.02036279182227707,-0.08687131123577796,-0.10414080246412172,-0.09460846281484947,-0.10748632942516756
2024-11-15,0.0,-0.010394161315447126,0.0,-0.005795087201184823,-0.06489836482753253,0.0,-0.009243784855300308,-0.03897377222972653,0.0,-0.07695148622049686,-0.1326046404119391,0.0,0.0,-0.010394161315447126,0.0,-0.005795087201184823,-0.06489836482753253,0.0,0.0,-0.09226689747786809,-0.0009560111569663077,-0.0010836887154206387,0.0,-0.009705449388366816,-0.02359566400352564,-0.000949928156294022,-0.0010836887154206387,0.0,-0.11056165139199214,-0.07683643044541721,-0.08624454396267311,-0.016637087358030378,-0.09033131159840124,-0.16835635361215862,-0.11700819919294136,-0.008879035129156998,-0.08687131123577663,-0.11625265740995772,-0.08366365262901954,-0.021571628308703406,-0.08687131123577796,-0.10414080246412172,-0.09460846281484947,-0.10748632942516756
2024-11-18,0.0,-0.018187489698840764,0.0,-0.008370219919356159,-0.07219121854023158,0.0,-0.012424488772068365,-0.046350781543246566,0.0,-0.0803195626205474,-0.13933892130541803,0.0,0.0,-0.018187489698840764,0.0,-0.008370219919356159,-0.07219121854023158,0.0,0.0,-0.09935920511189722,-0.008823666712494016,-0.012061369759880591,0.0,-0.017504201505129435,-0.031079557791496404,-0.008817631616573451,-0.012061369759880591,0.0,-0.10793345785555486,-0.07683643044541721,-0.0835444960198336,-0.016637087358030378,-0.09033131159840124,-0.16278094450966918,-0.11700819919294136,-0.0026790140396921736,-0.08687131123577663,-0.11394204293041121,-0.08366365262901954,-0.013850322275983595,-0.08687131123577796,-0.10414080246412172,-0.09460846281484947,-0.10748632942516756
2024-11-19,0.0,-0.020958249575170895,0.0,-0.012181785461504835,-0.07474016331669675,0.0,-0.018719953083905394,-0.04921285541864784,0.0,-0.08585814660498647,-0.1420259617931593,0.0,0.0,-0.020958249575170895,0.0,-0.012181785461504835,-0.07474016331669675,0.0,0.0,-0.10189172259619272,-0.011612903654002249,-0.015783619201721,0.0,-0.020272950258558353,-0.03395590010290439,-0.011606885541248113,-0.015783619201721,0.0,-0.10624412023841867,-0.07683643044541721,-0.08180897217249439,-0.016637087358030378,-0.09033131159840124,-0.16424150658862446,-0.11700819919294136,-0.005256147493810537,-0.08687131123577663,-0.11203933833181123,-0.08366365262901954,-0.016960192300276566,-0.08687131123577796,-0.10414080246412172,-0.09460846281484947,-0.10748632942516756
2024-11-20,0.0,-0.01543158694611424,0.0,-0.014302872047062931,-0.0695554824621909,0.0,-0.02140989258779291,-0.04344502484578705,0.0,-0.08800429134231513,-0.13731772527466424,0.0,0.0,-0.01543158694611424,0.0,-0.014302872047062931,-0.0695554824621909,0.0,0.0,-0.09683880304276282,-0.005959252713442553,-0.007980719755105947,0.0,-0.014742419134494922,-0.02808736057593242,-0.005953200176616047,-0.007980719755105947,0.0,-0.10716866615496601,-0.07683643044541721,-0.08275879503196992,-0.016637087358030378,-0.09033131159840124,-0.16440911491401888,-0.11700819919294136,0.0,-0.08687131123577663,-0.11355061686598156,-0.08366365262901954,-0.013030108142275898,-0.08687131123577796,-0.10414080246412172,-0.09460846281484947,-0.10748632942516756
2024-11-21,0.0,-0.012343297451167246,0.0,-0.01915129234396773,-0.0669702921330847,0.0,-0.02862352173690863,-0.040637412064093104,0.0,-0.09397705382625088,-0.13519987117486165,0.0,0.0,-0.012343297451167246,0.0,-0.01915129234396773,-0.0669702921330847,0.0,0.0,-0.09406667110806222,-0.0028424916437834735,-0.003278159757286514,0.0,-0.011651967931245455,-0.025228082596979506,-0.002836420129554429,-0.003278159757286514,0.0,-0.10877676703614769,-0.07683643044541721,-0.08441086114350871,-0.016637087358030378,-0.09033131159840124,-0.16849490950572898,-0.11700819919294136,0.0,-0.08687131123577663,-0.11548314258210945,-0.08366365262901954,-0.011620518064700214,-0.08687131123577796,-0.10414080246412172,-0.09460846281484947,-0.10748632942516756
2024-11-22,0.0,-0.008181554435273908,0.0,-0.019998426561129712,-0.06298130662179746,0.0,-0.028836108884843448,-0.0363283815493628,0.0,-0.09337019397098789,-0.13137163075729452,0.0,0.0,-0.008181554435273908,0.0,-0.019998426561129712,-0.06298130662179746,0.0,0.0,-0.09028462916742075,0.0,0.0,0.0,-0.007485277842005145,-0.02084312371193131,0.0,0.0,0.0,-0.1043592205410363,-0.07683643044541721,-0.07987253960776208,-0.016637087358030378,-0.09033131159840124,-0.16861371483955978,-0.11700819919294136,0.0,-0.08687131123577663,-0.11046200370731452,-0.08366365262901954,-0.009593017135544835,-0.08687131123577796,-0.10414080246412172,-0.09460846281484947,-0.10748632942516756
2024-11-25,0.0,-0.012328243292923036,0.0,-0.016032269979357805,-0.06667457004520772,0.0,-0.024238262959629053,-0.0404186384276205,0.0,-0.09042579716840238,-0.1349450153238675,0.0,0.0,-0.012328243292923036,0.0,-0.016032269979357805,-0.06667457004520772,0.0,0.0,-0.09403387768144755,-0.004156881690069114,-0.005810113562178643,0.0,-0.011622960938351912,-0.02497504625827962,-0.004156881690069003,-0.005810113562178532,0.0,-0.1038837058472526,-0.07683643044541721,-0.0793840244155053,-0.016637087358030378,-0.09033131159840124,-0.1668068154601462,-0.11700819919294136,-0.0025164281890860396,-0.08687131123577663,-0.11032890255515082,-0.08366365262901954,-0.011473765092767207,-0.08687131123577796,-0.10414080246412172,-0.09460846281484947,-0.10748632942516756
2024-11-26,0.0,-0.009067231247877672,0.0,-0.011733853129417882,-0.06370886669755593,0.0,-0.022996551259126696,-0.037417089121226654,0.0,-0.08752323835270603,-0.1322379109536257,0.0,0.0,-0.009067231247877672,0.0,-0.011733853129417882,-0.06370886669755593,0.0,0.0,-0.0921402618596382,-0.0012040765158810585,-0.0012738088167891792,0.0,-0.008359620250984134,-0.021872952873518425,-0.0012040765158809474,-0.0012738088167889572,0.0,-0.11283665932239029,-0.07683643044541721,-0.08858175025941395,-0.016637087358030378,-0.09033131159840124,-0.1716964744899816,-0.11700819919294136,-0.00809717535687271,-0.08687131123577663,-0.1196586801462367,-0.08366365262901954,-0.017856491702530897,-0.08687131123577796,-0.10414080246412172,-0.09460846281484947,-0.10748632942516756
2024-11-27,0.0,-0.018315740162857974,0.0,-0.009147786430347526,-0.07136286681388782,0.0,-0.02259956268450858,-0.047367771549654214,0.0,-0.08538503898857375,-0.140292086792421,0.0,0.0,-0.018315740162857974,0.0,-0.009147786430347526,-0.07136286681388782,0.0,0.0,-0.08356014482869312,-0.010199936167460844,-0.013330302802728067,0.0,-0.017613236286758815,-0.031679276202453255,-0.010199936167460844,-0.013330302802727845,0.0,-0.11183894894126811,-0.07683643044541721,-0.08755676263017342,-0.016637087358030378,-0.09033131159840124,-0.17852071891764298,-0.11700819919294136,-0.015315880484820799,-0.08687131123577663,-0.1185105228725134,-0.08366365262901954,-0.0254934510901621,-0.08687131123577796,-0.10414080246412172,-0.09460846281484947,-0.10748632942516756
2024-11-28,0.0,-0.018028918810485184,0.0,-0.01049793161790813,-0.07134713300796025,0.0,-0.024106439232324472,-0.04905070233780484,0.0,-0.08661688476321894,-0.140459773265331,0.0,0.0,-0.018028918810485184,0.0,-0.01049793161790813,-0.07134713300796025,0.0,0.0,-0.08383882411545995,-0.009849476345965558,-0.01295295717225009,0.0,-0.017326209681923443,-0.03312156782564346,-0.009849476345965669,-0.012952957172249757,0.0,-0.1092261307548561,-0.07683643044541721,-0.08487251039706034,-0.016637087358030378,-0.09033131159840124,-0.18147264616254577,-0.11700819919294136,-0.01470472068739137,-0.08687131123577663,-0.1154477055806088,-0.08366365262901954,-0.02540357205079502,-0.08687131123577796,-0.10414080246412172,-0.09460846281484947,-0.10748632942516756
2024-11-29,0.0,-0.023258962197413302,0.0,-0.009607617951005398,-0.07487525906419279,0.0,-0.026212103124418684,-0.052877551757924635,0.0,-0.08646321807248314,-0.14385455696973737,0.0,0.0,-0.023258962197413302,0.0,-0.009607617951005398,-0.07487525906419279,0.0,0.0,-0.0800928061431776,-0.01495985017077317,-0.017880620245068757,0.0,-0.021929265685902588,-0.037012519926443166,-0.014338539634951686,-0.017880620245068424,0.0,-0.1120939935450661,-0.07781483645102694,-0.08781878011414868,-0.016637087358030378,-0.09129541518437445,-0.1813268195164005,-0.11748134384137665,-0.01621709012329564,-0.09010461585118623,-0.11808915195107794,-0.08467924247621272,-0.02661757672909859,-0.08957301784474592,-0.10509027019438832,-0.09556803330335739,-0.10843225143095103
2024-12-02,0.0,-0.03275723592899693,0.0,-0.011850815831550454,-0.06998033390996783,0.0,-0.025560187205101892,-0.04570281309505686,0.0,-0.08922302831594275,-0.13727755419629062,0.0,0.0,-0.03275723592899693,0.0,-0.011850815831550454,-0.06998033390996783,0.0,0.0,-0.08773978534518223,-0.023247073346162717,-0.006955100733805675,0.0,-0.030799162295196747,-0.029441186954248688,-0.022630989946587854,-0.0068671865615834715,0.0,-0.11110278397229101,-0.08003140892705041,-0.08680047102435384,-0.016637087358030378,-0.09347958562123893,-0.18387581472301395,-0.12496637766369156,-0.01217305503286692,-0.09312600351040035,-0.11707155167164951,-0.08642514832888815,-0.024474342228545276,-0.09398020165054277,-0.10724128319483484,-0.09774193403724096,-0.11057523161551941
2024-12-03,0.0,-0.033881809909446,0.0,-0.010625563268478078,-0.0707095608182493,0.0,-0.024129955718284135,-0.04457524864869622,0.0,-0.08762810656894648,-0.13680087288847653,0.0,0.0,-0.033881809909446,0.0,-0.010625563268478078,-0.0707095608182493,0.0,0.0,-0.08778602338132102,-0.023345587744684315,-0.006895155657146601,0.0,-0.03130628689832449,-0.028272254061914137,-0.022729566482712404,-0.006807236177992393,0.0,-0.09974893818192898,-0.06828068980375746,-0.07513621283918992,-0.016637087358030378,-0.081900639478662,-0.17603532289038115,-0.11655994382313772,-0.006267982019594331,-0.08770485440083886,-0.10755463558741973,-0.07657790055192759,-0.01851451440630103,-0.08844500946088518,-0.09583811462164049,-0.08621743068708976,-0.09921464742166464
2024-12-04,0.0,-0.03450519288581577,0.0,-0.011088147482812172,-0.07174994685404223,0.0,-0.02318218369044811,-0.04349346981215452,0.0,-0.08684715165044243,-0.1359885757777275,0.0,0.0,-0.03450519288581577,0.0,-0.011088147482812172,-0.07174994685404223,0.0,0.0,-0.08831272320874928,-0.023910929909672918,-0.0062637571317391005,0.0,-0.031931331718159206,-0.027154293960347853,-0.023295265235240614,-0.006175781754932275,0.0,-0.10122707339182135,-0.06981049318477905,-0.07665476003800797,-0.016637087358030378,-0.08340808006776346,-0.17790647156621064,-0.11856615566353945,-0.010084419215520612,-0.09120853251961758,-0.10802537483147634,-0.07706497913216714,-0.022034540270696734,-0.09171423472260731,-0.09732267106917336,-0.08771778347441062,-0.10069365989126655
2024-12-05,0.0,-0.027265640901489308,0.0,-0.0103258188521973,-0.07674935513195247,0.0,-0.023351782559638767,-0.046060142597648124,0.0,-0.08699639929605796,-0.14063883688841883,0.0,0.0,-0.027265640901489308,0.0,-0.0103258188521973,-0.07674935513195247,0.0,0.0,-0.08139564735947269,-0.0166141058334347,-0.013658726225744378,0.0,-0.024672480197899027,-0.029700647033865213,-0.01599383871342963,-0.013571405524861024,0.0,-0.0991917322922653,-0.06770400679923372,-0.07456377302634265,-0.016637087358030378,-0.08133238647383256,-0.17595157094388691,-0.11647014649763165,-0.008016431003603608,-0.08931001705191388,-0.10651154229179494,-0.07549860153892873,-0.019558897122907593,-0.08941498027688721,-0.09527848814730455,-0.08565184953857663,-0.09865711083540851
2024-12-06,0.0,-0.036837122655422716,0.0,-0.004613007417268555,-0.06898464626226508,0.0,-0.013342851632332842,-0.03720788436944733,0.0,-0.07656884799662533,-0.130605640737944,0.0,0.0,-0.036837122655422716,0.0,-0.004613007417268555,-0.06898464626226508,0.0,0.0,-0.09044774926533561,-0.026167003610683026,-0.004349392538936736,0.0,-0.034260243452991834,-0.020071711903428047,-0.02554171545920836,-0.004261247683611247,0.0,-0.0934159676061872,-0.06172635043490726,-0.06863009982352741,-0.016637087358030378,-0.0754421119829577,-0.18007007886787885,-0.12088593636437661,-0.011179413442466757,-0.09221379138179286,-0.10077220322297731,-0.06956005029118884,-0.023159212808803398,-0.09275877473861516,-0.0894776326864738,-0.07978927039989447,-0.09287791828588654
2024-12-09,0.0,-0.035846011697759694,0.0,-0.0021349611455157014,-0.06770107549257165,0.0,-0.016538489452719962,-0.037190605057911386,0.0,-0.07896171410756303,-0.13081429142960954,0.0,0.0,-0.035846011697759694,0.0,-0.0021349611455157014,-0.06770107549257165,0.0,0.0,-0.08957778473438893,-0.025161909596109533,-0.005255034950350623,0.0,-0.033264991661131615,-0.02000475200672891,-0.02453597608410507,-0.005166970271463289,0.0,-0.0900250891141503,-0.05821694388871623,-0.06514651523589698,-0.016637087358030378,-0.07265823363152335,-0.17809087636961685,-0.11876387116567955,-0.0053779026293152565,-0.08688771749445279,-0.09835839943321789,-0.06706246348971279,-0.016461894620391382,-0.08653863811154894,-0.08607202371750766,-0.07634742423930918,-0.09014653979880427
2024-12-10,0.0,-0.04107196270290725,0.0,0.0,-0.07246214284243013,0.0,-0.013188219519291278,-0.04191826309611746,0.0,-0.07456069000098997,-0.13514651752885531,0.0,0.0,-0.04107196270290725,0.0,0.0,-0.07246214284243013,0.0,0.0,-0.09450587278149158,-0.030476482824905893,0.0,0.0,-0.03850096895717936,-0.024816797294111903,-0.02985396174571353,0.0,0.0,-0.0849722926957055,-0.052987527125743394,-0.059955576141775824,-0.016637087358030378,-0.07168483363679157,-0.17515580652215013,-0.11561694224631747,-0.0030328990196237804,-0.08473488818954433,-0.0928721886879138,-0.06138582663723968,-0.013975221792803083,-0.08422913984682923,-0.08099727720523131,-0.07121868017080757,-0.0891914967009022
2024-12-11,0.0,-0.042517132565992655,0.0,0.0,-0.07360444465573313,0.0,-0.015456548538780313,-0.043892292524847165,0.0,-0.07624658549174057,-0.1367446679619384,0.0,0.0,-0.042517132565992655,0.0,0.0,-0.07360444465573313,0.0,0.0,-0.09582480102612823,-0.03183982958435394,0.0,0.0,-0.03993752627753,-0.026810912556564093,-0.0312181838960941,0.0,0.0,-0.08158135547243073,-0.049478059795366014,-0.05647193121720473,-0.016637087358030378,-0.0706318509845566,-0.1684014654966094,-0.10837505969866612,0.0,-0.07647138034208578,-0.08935300841994132,-0.05774449579394891,-0.004157782546013289,-0.07511118968752284,-0.07759160924989028,-0.06777677439620611,-0.08815837175774388
2024-12-12,0.0,-0.04891386944350862,0.0,-0.005791443804601837,-0.08056555158802192,0.0,-0.010835548229633174,-0.04985257301449608,0.0,-0.07427454461734329,-0.142633929476228,0.0,0.0,-0.04891386944350862,0.0,-0.005791443804601837,-0.08056555158802192,0.0,0.0,-0.10175098784986847,-0.03789944601170969,0.0,0.0,-0.046351496949232907,-0.03287294680886199,-0.037281691140837014,0.0,0.0,-0.08174972981959483,-0.04965231966269401,-0.05664490889308138,-0.016637087358030378,-0.07085772931554901,-0.1707233907082243,-0.11086458600528293,-0.0016291835355449757,-0.07797597796383693,-0.0893635791782521,-0.057755433462764794,-0.006787462125137256,-0.07755350552311502,-0.07776071504008375,-0.06794767954709502,-0.0883799903545669
2024-12-13,0.0,-0.049823185855151775,0.0,-0.004382051707140899,-0.0811218756320734,0.0,-0.005410312242392412,-0.04974640381287099,0.0,-0.06908014067067703,-0.14242031133059996,0.0,0.0,-0.049823185855151775,0.0,-0.004382051707140899,-0.0811218756320734,0.0,0.0,-0.10256222578682173,-0.03884767545309231,0.0,0.0,-0.04726326319931551,-0.032718667034896676,-0.03821278436797704,0.0,0.0,-0.07121289207713188,-0.03874716707866821,-0.045819995629982624,-0.016637087358030378,-0.06603890699936399,-0.1666300001451232,-0.10647572651957615,0.0,-0.07615636413736149,-0.0785437112396441,-0.046560008436161926,-0.005013853424221004,-0.07590626581726656,-0.06717810371840283,-0.057252464541964754,-0.08365204396254211
2024-12-16,0.0,-0.04812532849339235,0.0,0.0,-0.07883020782659922,0.0,-0.006469807956178797,-0.04945836413794069,0.0,-0.06787211030237905,-0.14164732252455026,0.0,0.0,-0.04812532849339235,0.0,0.0,-0.07883020782659922,0.0,0.0,-0.10096783791697772,-0.037119689158581104,-0.0016768489662641883,0.0,-0.045555619115061785,-0.03187744665931769,-0.03648365664867226,-0.0016768489662639663,0.0,-0.06906151602179289,-0.03652058973900363,-0.04360980128471892,-0.016637087358030378,-0.06500121195454778,-0.17051358389080384,-0.11063963492216322,-0.0012793323097267661,-0.07733826714985592,-0.07609952340135673,-0.04403098295731667,-0.007266303016613795,-0.07799822916977739,-0.06501738176776739,-0.05506875155035129,-0.08263391832493916
2024-12-17,0.0,-0.05313097107767406,0.0,0.0,-0.08162052898382743,0.0,-0.0043788431492532975,-0.04553353695862994,0.0,-0.06626526034622227,-0.13804002188461217,0.0,0.0,-0.05313097107767406,0.0,0.0,-0.08162052898382743,0.0,0.0,-0.10454069049244741,-0.04069020320086325,0.0,0.0,-0.04997585944536531,-0.027836322215919695,-0.0400565292011269,0.0,0.0,-0.07382305795824473,-0.04144857122845835,-0.04850152304417843,-0.016637087358030378,-0.06810511908805217,-0.16861450386255838,-0.10860347558979622,0.0,-0.07582628906287914,-0.08111933089010914,-0.04922502771896975,-0.006867688689291662,-0.07762801597283853,-0.06979960854556866,-0.05990186334451586,-0.08567929032044586
2024-12-18,0.0,-0.032528980556020826,0.0,-0.0015971500779142778,-0.06420068407515189,0.0,0.0,-0.023655985754150288,0.0,-0.06138885660539262,-0.11914984666317452,0.0,0.0,-0.032528980556020826,0.0,-0.0015971500779142778,-0.06420068407515189,0.0,0.0,-0.12374683849046653,-0.06043057655817197,0.0,0.0,-0.029270457112030024,-0.005500485097677421,-0.059809942101431424,0.0,0.0,-0.07930896252968078,-0.047126235426685925,-0.054137411401471436,-0.016637087358030378,-0.07212246968942526,-0.18035388869675506,-0.12119023214079916,-0.006494519386519904,-0.0818283531450722,-0.08646561360396898,-0.05475687964485754,-0.016170307225131797,-0.08626782621547002,-0.07530934469661332,-0.0654702255346904,-0.08962087957918774
2024-12-19,0.0,-0.03253389551905006,0.0,-0.0025553991442027746,-0.06390456219605878,0.0,0.0,-0.02361540604842438,0.0,-0.06109490069255752,-0.11896833307783516,0.0,0.0,-0.03253389551905006,0.0,-0.0025553991442027746,-0.06390456219605878,0.0,0.0,-0.12461020580906468,-0.06003054106914385,-0.0007927283639179716,0.0,-0.029275388629066534,-0.00542766172807152,-0.05940964236816304,-0.0007927283639179716,0.0,-0.07437516280821355,-0.042019974886600364,-0.050367677443431624,-0.016637087358030378,-0.06871788414649593,-0.16711343110311982,-0.1069940524679509,0.0,-0.06926205718384892,-0.08184783824570163,-0.049978821529313766,-0.0021735462026636343,-0.07326832948455664,-0.07035411182053986,-0.060462266780548335,-0.0862804995282429
2024-12-20,0.0,-0.03930885034213183,0.0,0.0,-0.06990935901549034,0.0,-0.0008150297210421931,-0.030591535416188753,0.0,-0.05710040875365152,-0.12495364331721137,0.0,0.0,-0.03930885034213183,0.0,0.0,-0.06990935901549034,0.0,0.0,-0.1307109210550611,-0.05424867335661743,-0.007866654062430367,0.0,-0.03607316206756861,-0.012512602780736848,-0.0530585050987441,-0.007866654062430478,0.0,-0.07006339888343405,-0.03755749338548264,-0.04969839516427821,-0.016637087358030378,-0.06513675245106876,-0.16216556037812968,-0.10168903477401936,0.0,-0.06801563108718689,-0.07767063985213474,-0.04565663278340926,0.0,-0.07056159870892764,-0.06602361695651604,-0.05608569352830595,-0.08276690272640763
2024-12-23,0.0,-0.03566090280191625,0.0,-0.0029874106737054484,-0.06729262234931876,0.0,0.0,-0.02711776255935805,0.0,-0.05900039632748333,-0.12223006996515329,0.0,0.0,-0.03566090280191625,0.0,-0.0029874106737054484,-0.06729262234931876,0.0,0.0,-0.1274713564418939,-0.0506574554850745,-0.004235723161485017,0.0,-0.032412927934428404,-0.008946423612186116,-0.04946276790653259,-0.004235723161485017,0.0,-0.07359931047474988,-0.041217002658509805,-0.051115309740597636,-0.016637087358030378,-0.06866343474570591,-0.17215854778926765,-0.11240333552637538,-0.008076627167867168,-0.0755429213611758,-0.08132199349269587,-0.04943472473059962,-0.010286945098597178,-0.08012268051553684,-0.06957488906996279,-0.059674752753907656,-0.08622707696332521
2024-12-24,0.0,-0.034753617342417886,0.0,-0.0022798863655423274,-0.06621087097085587,0.0,0.0,-0.02628951331768381,0.0,-0.05977634362867745,-0.121809735074762,0.0,0.0,-0.034753617342417886,0.0,-0.0022798863655423274,-0.06621087097085587,0.0,0.0,-0.1266381223691736,-0.04975817190291709,-0.003370008626077059,0.0,-0.031499474261325044,-0.008091731592909213,-0.04856235263283615,-0.00337000862607717,0.0,-0.0674854370350787,-0.034889418959432095,-0.04890947593895156,-0.016637087358030378,-0.06274582231826464,-0.16695393629361932,-0.10682304501170992,-0.0011714185687971002,-0.0691073748827602,-0.07605121791712433,-0.043981000792084446,-0.004359338771711685,-0.07461333556759353,-0.06343445606118192,-0.053468982811382904,-0.08042106203064114
2024-12-25,0.0,-0.034753617342417886,0.0,-0.0022798863655423274,-0.06633360775067965,0.0,0.0,-0.02637690958044836,0.0,-0.05994908478987371,-0.12193677153633342,0.0,0.0,-0.034753617342417886,0.0,-0.0022798863655423274,-0.06633360775067965,0.0,0.0,-0.1266381223691736,-0.04975817190291709,-0.003370008626077059,0.0,-0.031499474261325044,-0.00813624640344579,-0.04856235263283615,-0.00337000862607717,0.0,-0.0674854370350787,-0.034889418959432095,-0.049014373787860555,-0.016637087358030378,-0.06274582231826464,-0.16695393629361932,-0.10682304501170992,-0.0011714185687971002,-0.0691073748827602,-0.07605121791712433,-0.043981000792084446,-0.004359338771711685,-0.07461333556759353,-0.06343445606118192,-0.053468982811382904,-0.08042106203064114
2024-12-26,0.0,-0.0328391936023289,0.0,-0.005865886434843537,-0.06490274354808201,0.0,0.0,-0.023145891522346473,0.0,-0.05301073511003218,-0.11608737743996367,0.0,0.0,-0.0328391936023289,0.0,-0.005865886434843537,-0.06490274354808201,0.0,0.0,-0.1250210183658802,-0.047955207342949335,-0.0010404319186948507,0.0,-0.029578596408710967,-0.004765036336263351,-0.04675711915594605,-0.0010404319186950728,0.0,-0.0635682369964049,-0.03083529331301149,-0.04729870469875852,-0.016637087358030378,-0.05880871265062704,-0.16711149696312688,-0.10699197871795718,-0.003490752180252632,-0.07126895755493101,-0.07257740720302064,-0.04038661427766255,-0.0073554935739579275,-0.07739807689701372,-0.05950023912705382,-0.049492904062168996,-0.0765582004792632
2024-12-27,0.0,-0.033884766440218206,0.0,-0.011482790251884922,-0.06635741120765748,0.0,-0.0010188475165999744,-0.02467243378208528,0.0,-0.053896789238495724,-0.11723919854762377,0.0,0.0,-0.033884766440218206,0.0,-0.011482790251884922,-0.06635741120765748,0.0,0.0,-0.12593027268309687,-0.0489781133627627,-0.002105090119612796,0.0,-0.030624722762834566,-0.006228727907720888,-0.04777531407408553,-0.002105090119613018,0.0,-0.06678099285171446,-0.03416035095114722,-0.049457475956758645,-0.016637087358030378,-0.06203779771465667,-0.17104900469054196,-0.11121370344055903,-9.727433429251864e-05,-0.06810628924624407,-0.07549518016551182,-0.043405662997255456,-0.005182962995549989,-0.07537884354946234,-0.06272695166825382,-0.052753950257561244,-0.07972638973304491
2024-12-30,0.0,-0.03478623063166841,0.0,-0.018625742605550832,-0.06872592147867762,0.0,-0.005002123003300163,-0.028210054178629873,0.0,-0.06142168348384691,-0.12331234310890338,0.0,0.0,-0.03478623063166841,0.0,-0.018625742605550832,-0.06872592147867762,0.0,0.0,-0.12674888377877136,-0.049851811798291124,-0.004600935758907632,0.0,-0.031522255597583815,-0.009820756912409134,-0.048650117514526525,-0.004001685691886969,0.0,-0.0728893863007476,-0.041159198754420756,-0.05395080226865023,-0.016637087358030378,-0.06883463475223661,-0.17414327131941465,-0.1148407173798991,-0.008004604133774573,-0.07800273045789607,-0.08161799344345,-0.050445329234273695,-0.012401814154065827,-0.08415651119326273,-0.06919137377169238,-0.05895415784072067,-0.08639504838872403
2024-12-31,0.0,-0.028836078067994597,0.0,-0.017580830346898058,-0.07196501029210045,0.0,-0.00405263473406503,-0.022987272478801835,0.0,-0.06288470208173746,-0.1289573876450235,0.0,0.0,-0.028836078067994597,0.0,-0.017580830346898058,-0.07196501029210045,0.0,0.0,-0.12148317589902213,-0.0441109784747622,-0.01094707457114552,0.0,-0.025551981947749436,-0.004499143890392743,-0.042902023506112275,-0.010351645006117849,0.0,-0.07739918284686975,-0.04274569647133031,-0.05757257797387427,-0.016637087358030378,-0.07037534070061902,-0.1760324230598902,-0.11570250563556184,-0.007148242390376702,-0.07776290811088094,-0.0861957304090416,-0.05195981633873126,-0.012734302420575827,-0.08418397559119417,-0.07622062098274962,-0.06353174030607389,-0.08790669888170022
2025-01-01,0.0,-0.02884707412144405,0.0,-0.019886733799253098,-0.07241033778245587,0.0,-0.00405263473406503,-0.02310410703525778,0.0,-0.06351481220681265,-0.129666010421001,0.0,0.0,-0.02884707412144405,0.0,-0.019886733799253098,-0.07241033778245587,0.0,0.0,-0.12148651988220172,-0.0441109784747622,-0.01094707457114552,0.0,-0.025557498566647685,-0.004558666605756989,-0.042902023506112275,-0.010351645006117849,0.0,-0.07746612017810228,-0.04280662521443568,-0.05763739137718804,-0.016637087358030378,-0.07043451083110808,-0.17615064913421974,-0.1158138377848632,-0.008304801797874739,-0.07841008460546584,-0.08624950745783266,-0.05201820751063557,-0.01397792911241802,-0.08482875148802038,-0.0763645521047408,-0.0635996837599736,-0.08796475315027563
2025-01-02,0.0,-0.02236220628105201,0.0,-0.02365578556897885,-0.06655877225887219,0.0,-0.00728751354623558,-0.01877314764317961,0.0,-0.06833447381537605,-0.1263594842260496,0.0,0.0,-0.02236220628105201,0.0,-0.02365578556897885,-0.06655877225887219,0.0,0.0,-0.11571477443817468,-0.03778652651336767,-0.017664992388852552,0.0,-0.01904243124075533,-6.226862221958562e-06,-0.036569572731622535,-0.017073607144185488,0.0,-0.06676707337981769,-0.03843050375725199,-0.0475913435484322,-0.016637087358030378,-0.06618469925680537,-0.16836586046186774,-0.11269702699455886,0.0,-0.07364826351044684,-0.07551025872752937,-0.047621936891484085,0.0,-0.07991860258212968,-0.06192695102897228,-0.05273982156465262,-0.08379508679175007
2025-01-03,0.0,-0.024969952033095932,0.0,-0.01943445053536863,-0.06852850353330131,0.0,-0.0050938572784712255,-0.020960968293926352,0.0,-0.07019420152906208,-0.12904429892700264,0.0,0.0,-0.024969952033095932,0.0,-0.01943445053536863,-0.06852850353330131,0.0,0.0,-0.11800840463636875,-0.040470014333114146,-0.014848805890199768,0.0,-0.021657104077222322,-0.0022291138516631337,-0.039233378872153835,-0.014255725245156614,0.0,-0.06467234430846813,-0.0374735634458403,-0.045475296246935804,-0.016637087358030378,-0.0652553795267331,-0.16514504422366227,-0.11138320770301913,0.0,-0.07165094990518195,-0.07290635803859724,-0.04641180417708546,0.0,-0.07803061694615843,-0.05977562877100018,-0.05061360700738593,-0.08288329266934069
2025-01-06,0.0,-0.03444703183734976,0.0,-0.020818120744961033,-0.07752964254103079,0.0,-0.0067817721158227595,-0.029959661681721816,0.0,-0.061560910309217176,-0.13557207086018574,0.0,0.0,-0.03444703183734976,0.0,-0.020818120744961033,-0.07752964254103079,0.0,0.0,-0.12653033321269413,-0.049786372508980214,-0.005254984306789612,0.0,-0.031161253180624682,-0.011364809107064833,-0.04856174390456347,-0.004656127990025238,0.0,-0.058485405354600783,-0.03378352184521294,-0.03916137402284392,-0.016637087358030378,-0.061671845189892105,-0.1579166651381353,-0.1072618604694422,0.0,-0.07033340370094854,-0.0670468118048787,-0.042940429011154135,0.0,-0.07658257422615755,-0.053372489197335504,-0.04433367331641136,-0.07936733853638611
2025-01-07,0.0,-0.028583397569306612,0.0,-0.018939088991808406,-0.07170230587199822,0.0,-0.005568652321426337,-0.023766509457521456,0.0,-0.0620680137118339,-0.13018536588943086,0.0,0.0,-0.028583397569306612,0.0,-0.018939088991808406,-0.07170230587199822,0.0,0.0,-0.1211777991148355,-0.04387066510043858,-0.011480671892200256,0.0,-0.025275712609055034,-0.005052939394495803,-0.04263841237414201,-0.010885563563390543,0.0,-0.06327191121039255,-0.036704380081844734,-0.04404612008611941,-0.016637087358030378,-0.06450839743424497,-0.16106641142196565,-0.10911534927669675,-0.005241733535724324,-0.07337914371413556,-0.07164189613683458,-0.04576364431928781,-0.00512672509616563,-0.07952482485028489,-0.06029335527507418,-0.049192124257978476,-0.0821503975639899
2025-01-08,0.0,-0.024005468942204455,0.0,-0.021840107041479206,-0.06745463022883125,0.0,-0.0025257447597190064,-0.01894451224346161,0.0,-0.06164510838091286,-0.1260039081159504,0.0,0.0,-0.024005468942204455,0.0,-0.021840107041479206,-0.06745463022883125,0.0,0.0,-0.11700470766535587,-0.03936526598111634,-0.016307326545597856,0.0,-0.02067787158046608,-0.00013538924077260983,-0.03812720672829106,-0.015715123959046284,0.0,-0.0632285494415542,-0.036988968663297594,-0.044001868342569694,-0.016637087358030378,-0.06478477181260855,-0.15763882721055378,-0.10695773369738859,-0.0001322027292369743,-0.07074195859593135,-0.07200103104516065,-0.04629844384896997,-0.00043969525845488633,-0.07714156678482209,-0.0583362540042317,-0.049148110726398464,-0.08242155992676115
2025-01-09,0.0,-0.02165360850711573,0.0,-0.02391453098348173,-0.06529956255474356,0.0,-0.0017588087150365306,-0.016429033828399775,0.0,-0.06325883758153394,-0.12401186144516818,0.0,0.0,-0.02165360850711573,0.0,-0.02391453098348173,-0.06529956255474356,0.0,0.0,-0.11491620171294559,-0.036914535016397965,-0.01890481689290202,0.0,-0.018311518175191055,0.0,-0.035673317278833716,-0.018314178047286744,0.0,-0.05912104090361059,-0.03377919540673391,-0.03981005561631712,-0.016637087358030378,-0.061667643627274726,-0.15672862836332158,-0.10630071599201052,0.0,-0.06881339632925154,-0.06669003992240352,-0.04212742435946415,0.0,-0.07530121415765967,-0.054191044296856394,-0.044978862985999624,-0.07936321620907971
2025-01-10,0.0,-0.014043553201959602,0.0,-0.027406226884167273,-0.05811550210711658,0.0,0.0,-0.00824035365597997,0.0,-0.06690328338310458,-0.11747302105450641,0.0,0.0,-0.014043553201959602,0.0,-0.027406226884167273,-0.05811550210711658,0.0,0.0,-0.10793262023240568,-0.029379236911016737,-0.026802380370814838,0.0,-0.010675466461725902,0.0,-0.028107969137628586,-0.02621649601574849,0.0,-0.06246565783508895,-0.0370862982416712,-0.04322331883617381,-0.016637087358030378,-0.06487929212534238,-0.16164655048013055,-0.11093543237921055,0.0,-0.06897841754926781,-0.07023282430446043,-0.0455563689622428,0.0,-0.0757008091326643,-0.0570511114570843,-0.04837375223705076,-0.08251429772496999
2025-01-13,0.0,-0.016595159161307715,0.0,-0.029918102247371126,-0.06101519057054117,0.0,-0.0020465985065123427,-0.010983695513740233,0.0,-0.0677117710647851,-0.11997526858225271,0.0,0.0,-0.016595159161307715,0.0,-0.029918102247371126,-0.06101519057054117,0.0,0.0,-0.11019091046068208,-0.031864224916123396,-0.024440327864762024,0.0,-0.013222064406047451,-0.002731902573903211,-0.030596211848680333,-0.02385302150703017,0.0,-0.06315834172941903,-0.0377367618094957,-0.04393021965858257,-0.016637087358030378,-0.06551098108239006,-0.15571009736757324,-0.10535228735612567,0.0,-0.06609305811318267,-0.07117283688655529,-0.04644752886028003,0.0,-0.07270364491478909,-0.057805197599901326,-0.049456426252946106,-0.0831340739543871
2025-01-14,0.0,-0.021856982804046354,0.0,-0.02913336427175217,-0.06584551014541651,0.0,-0.0001347423541260273,-0.015404572872122158,0.0,-0.06556249970746808,-0.12400229937312313,0.0,0.0,-0.021856982804046354,0.0,-0.02913336427175217,-0.06584551014541651,0.0,0.0,-0.11483222217905142,-0.036822313412644414,-0.019326764801970375,0.0,-0.018501936190299606,-0.007154487310286006,-0.035560794187454614,-0.018736379977402406,0.0,-0.060703633817584146,-0.03508236818281685,-0.041425130315733805,-0.016637087358030378,-0.06293320236491473,-0.15258787863859458,-0.10199432174124812,0.0,-0.06571264850062264,-0.06873791141380692,-0.043833450224244785,0.0,-0.07200691372644241,-0.05573329037772645,-0.04364058586879416,-0.08060490836432355
2025-01-15,0.0,-0.02452997851477945,0.0,-0.030331223883088176,-0.06873201742371848,0.0,-0.006865286032114226,-0.01940558471998899,0.0,-0.0684024780871515,-0.12726322939588297,0.0,0.0,-0.02452997851477945,0.0,-0.030331223883088176,-0.06873201742371848,0.0,0.0,-0.11736153822617779,-0.03943822509723138,-0.016904948740025016,0.0,-0.0211773756970155,-0.011170531202897904,-0.03818013205490223,-0.01631310593394031,0.0,-0.057448556737616174,-0.031738502092766296,-0.03810324469998916,-0.016637087358030378,-0.05968585172543783,-0.15254720120430132,-0.10195121571756549,0.0,-0.06404308829042993,-0.06491268631464397,-0.039905928283847536,0.0,-0.07043941817988542,-0.052460988860836166,-0.0416732260520879,-0.07741879799706908
2025-01-16,0.0,-0.023665475757706944,0.0,-0.029200491421873198,-0.06788952517776636,0.0,-0.005495119551844452,-0.018291974876874284,0.0,-0.0676553558515649,-0.12705858116148405,0.0,0.0,-0.023665475757706944,0.0,-0.029200491421873198,-0.06788952517776636,0.0,0.0,-0.11665576540337153,-0.038697606335377444,-0.017844740651940083,0.0,-0.020309901721642598,-0.009941352910792456,-0.03743854326973939,-0.017253463619309017,0.0,-0.0657357848253819,-0.04025178159503451,-0.04656056325276969,-0.016637087358030378,-0.06795340876607281,-0.16221388719642205,-0.11219503769278438,-0.0032860754946685278,-0.06711871336206432,-0.07215168395158245,-0.04733851625148888,-0.004512683487793545,-0.07463423086836884,-0.06079206931644188,-0.056175801382963075,-0.08553044103272145
2025-01-17,0.0,-0.015607991226705975,0.0,-0.02375697336936,-0.05954946760261992,0.0,-0.005778543985669238,-0.009467919230695121,0.0,-0.06219248460835347,-0.11854567523470394,0.0,0.0,-0.015607991226705975,0.0,-0.02375697336936,-0.05954946760261992,0.0,0.0,-0.10952558195107664,-0.031239318824973883,-0.025623784501494273,0.0,-0.012224724340274329,-0.0010292778612464026,-0.02995028772348096,-0.02503719060823495,0.0,-0.06832177367833148,-0.04290830868247042,-0.04919962800056166,-0.016637087358030378,-0.07053325936530608,-0.16228448052286815,-0.11226984569516918,-0.004333515911926877,-0.06809907246020142,-0.07538130027179302,-0.050654501226978677,-0.00564538085037547,-0.07568714168775659,-0.06339174208555831,-0.05880136561986116,-0.0880616394318906
2025-01-20,0.0,-0.03540266078428145,0.0,-0.024255059130400602,-0.07854622476848139,0.0,0.0,-0.029541985853485997,0.0,-0.06502196698480756,-0.13485323787205972,0.0,0.0,-0.03540266078428145,0.0,-0.024255059130400602,-0.07854622476848139,0.0,0.0,-0.12715935309367232,-0.050670623643124135,-0.006696250160599826,0.0,-0.03206242419537386,-0.021077211367822368,-0.04940744779849693,-0.0060982615145929175,0.0,-0.06595295637923049,-0.04047487695554297,-0.046782192124576905,-0.016637087358030378,-0.06817006482887578,-0.1602299096635149,-0.11009260955283029,-0.015248101366880595,-0.07831465415521,-0.07294293774879679,-0.048150930310379314,-0.015513438431371429,-0.08486009903418157,-0.061010390046681406,-0.05881798490077739,-0.08574301127981265
2025-01-21,0.0,-0.036425900499226116,0.0,-0.022386292122278384,-0.0793812465335586,0.0,0.0,-0.030296631183672762,0.0,-0.06478301173081391,-0.1355591226878068,0.0,0.0,-0.036425900499226116,0.0,-0.022386292122278384,-0.0793812465335586,0.0,0.0,-0.12808742424376907,-0.05166495891493039,-0.005659330442685517,0.0,-0.033089207215484584,-0.021766785744913197,-0.050403106130905706,-0.005060717550350868,0.0,-0.06907474289311089,-0.04368181670157323,-0.04996805146403882,-0.016637087358030378,-0.07128444128851408,-0.1639503868854194,-0.11403521266987693,-0.021355947178306245,-0.08403133465807011,-0.07532949033870073,-0.05060130575647026,-0.021682259804185366,-0.09059439221863896,-0.064148695682405,-0.06361059305214067,-0.08879865516531094
2025-01-22,0.0,-0.0331708207964484,0.0,-0.020581165771375587,-0.07644016320997749,0.0,0.0,-0.026979866193456603,0.0,-0.0616037532024869,-0.1318048812731123,0.0,0.0,-0.0331708207964484,0.0,-0.020581165771375587,-0.07644016320997749,0.0,0.0,-0.12510257387607737,-0.04795668764366645,-0.009413979061854039,0.0,-0.02982285572511112,-0.01839855206791452,-0.04668990064101142,-0.008817626542788282,0.0,-0.06496021795952989,-0.03945505952683859,-0.04576907833476984,-0.016637087358030378,-0.06717968283089248,-0.16078882328814048,-0.11068489233462919,-0.025772239908330663,-0.08816479436286906,-0.07164623412742999,-0.04681954933511989,-0.025410792537434168,-0.09406028927549304,-0.0600123984916876,-0.05658747801854491,-0.08477130643434361
2025-01-23,0.0,-0.03426251911492284,0.0,-0.01880706803319554,-0.0763355635064632,0.0,0.0,-0.027523403691834036,0.0,-0.059756280128263395,-0.13152676799999619,0.0,0.0,-0.03426251911492284,0.0,-0.01880706803319554,-0.0763355635064632,0.0,0.0,-0.12609977384308635,-0.04900421934126098,-0.00829062242616907,0.0,-0.03091833440925651,-0.018922602092551477,-0.047738826182270544,-0.007693593624029105,0.0,-0.062364967658250836,-0.03678901836577153,-0.043120562052887834,-0.016637087358030378,-0.06459059276684265,-0.1540289924988293,-0.10352147529131683,-0.021099316497189435,-0.08379113939832195,-0.06939704360714882,-0.04451020939105499,-0.020591828122820788,-0.08958076991047459,-0.05740341526672843,-0.05288402439607487,-0.08223104281311866
2025-01-24,0.0,-0.041764399394535356,0.0,-0.017290035256072644,-0.08257938613631821,0.0,0.0,-0.03437521990426751,0.0,-0.05708773385969346,-0.13680697657235563,0.0,0.0,-0.041764399394535356,0.0,-0.017290035256072644,-0.08257938613631821,0.0,0.0,-0.13283026505194473,-0.05708743517636172,0.0,0.0,-0.03844027180947496,-0.025831935540973516,-0.055803784207685614,0.0,0.0,-0.06225091966504104,-0.03667185947590079,-0.04300417329193351,-0.016637087358030378,-0.06447681548459028,-0.15639064727713825,-0.10602412936900607,-0.03123745862709426,-0.09328000359670041,-0.06962315407110331,-0.0447423666589577,-0.029947757024409105,-0.09827767262370268,-0.05728876378167602,-0.052514439526131995,-0.08211941120360433
2025-01-27,0.0,-0.04292430693605431,0.0,-0.022955584464548928,-0.08705388959984928,0.0,-0.0014069501619242697,-0.03566388051055225,0.0,-0.061783060220803376,-0.1398980387519364,0.0,0.0,-0.04292430693605431,0.0,-0.022955584464548928,-0.08705388959984928,0.0,0.0,-0.1338455641569296,-0.05705654937163063,-0.001697176775806386,0.0,-0.039006489141638845,-0.026461319749654044,-0.05577285635600915,-0.0010721968861918674,0.0,-0.0692288280516431,-0.04384010485387746,-0.05012529912950214,-0.016637087358030378,-0.07143816070154219,-0.16257203577486645,-0.11257456903178242,-0.034869918181135384,-0.09667982922281049,-0.07496730981151456,-0.050229439544670296,-0.03425262870928569,-0.10227931165175752,-0.06430359619185777,-0.060308386239775635,-0.08894947565557232
2025-01-28,0.0,-0.05026505044262419,0.0,-0.02481946795763923,-0.08979114419837808,0.0,-0.0015910756629745615,-0.03579964416978987,0.0,-0.06271455890010336,-0.13804602620419537,0.0,0.0,-0.05026505044262419,0.0,-0.02481946795763923,-0.08979114419837808,0.0,0.0,-0.13938118450687353,-0.051139492384982055,0.0,0.0,-0.04576275560732679,-0.02610425838941377,-0.0498477440774745,0.0,0.0,-0.061345304322581895,-0.03574154158791143,-0.04207997072910452,-0.016637087358030378,-0.06357334976343954,-0.158081741552362,-0.10781618806552551,-0.02410611964524223,-0.08660537758689202,-0.06685197757623274,-0.04189708142680282,-0.02344395820007572,-0.09223199760451439,-0.05637835632094779,-0.052450355068108134,-0.08123298352141173
2025-01-29,0.0,-0.049633505100140196,0.0,-0.02507053257594971,-0.08896156971576896,0.0,-0.0011777367595583454,-0.03423894628218438,0.0,-0.06294673743676271,-0.1382267093165369,0.0,0.0,-0.049633505100140196,0.0,-0.02507053257594971,-0.08896156971576896,0.0,0.0,-0.141054377494641,-0.049375739049972944,0.0,0.0,-0.044513783932311646,-0.024220522123693744,-0.04808158962515985,0.0,0.0,-0.060871199806061704,-0.03525450488279369,-0.04159613549722008,-0.016637087358030378,-0.06310037060900553,-0.15464524524064083,-0.104174520542192,-0.02279724440983011,-0.08538032676374252,-0.06660484806982148,-0.04164334301052974,-0.0215827546299322,-0.09050189613096615,-0.05590174305175033,-0.051971757807200536,-0.08076892406041059
2025-01-30,0.0,-0.05546372968890556,0.0,-0.024856607734257685,-0.0875780692628606,0.0,0.0,-0.034505516257172464,0.0,-0.06219609085855182,-0.14243167162551473,0.0,0.0,-0.05546372968890556,0.0,-0.024856607734257685,-0.0875780692628606,0.0,0.0,-0.1462252730982031,-0.04509921410640927,0.0,0.0,-0.04975319209811624,-0.024040253700839176,-0.04379924275749503,0.0,0.0,-0.06944942652686248,-0.04406672061217776,-0.050350425258218645,-0.016637087358030378,-0.07165823555137618,-0.15713936904748094,-0.10681755252670566,-0.023189079779731836,-0.08574706778645425,-0.07500265871197342,-0.050265733770113896,-0.022361580708334716,-0.09122586215354267,-0.06452536197722947,-0.0606312741563666,-0.0891654002163832
2025-01-31,0.0,-0.05211290113258826,0.0,-0.019638740591042425,-0.0833509524584296,0.0,0.0,-0.03093049102587586,0.0,-0.05810528284655636,-0.1378766111691635,0.0,0.0,-0.05211290113258826,0.0,-0.019638740591042425,-0.0833509524584296,0.0,0.0,-0.143196429394168,-0.04189945420096908,0.0,0.0,-0.046382104888920805,-0.02040794915684474,-0.04057718479068073,0.0,0.0,-0.0592880179437808,-0.03362813843628354,-0.03998045976167952,-0.01698796633549904,-0.06152094667937724,-0.14992130717091412,-0.09916854634920769,-0.00933487447082082,-0.07278012857133542,-0.06610069666413254,-0.041125709235837915,-0.009347331775233947,-0.07912832934333791,-0.054310183687046765,-0.05037357327951941,-0.0792192857505516
2025-02-03,0.0,-0.055687987216414325,0.0,-0.02524281347652868,-0.08791341427694754,0.0,0.0,-0.034357871581904176,0.0,-0.06429201333444678,-0.14324815167324212,0.0,0.0,-0.055687987216414325,0.0,-0.02524281347652868,-0.08791341427694754,0.0,0.0,-0.1464279814698376,-0.04550241235856134,-0.003543258988946696,0.0,-0.04997350569808523,-0.023648226442316345,-0.044185115371448536,-0.003543258988946585,0.0,-0.04223406745697367,-0.016109005913991226,-0.02257648700712278,-0.009825809636775373,-0.04450747644244868,-0.1350810087183847,-0.08344222860900818,-0.0024969847442926074,-0.06638015842028344,-0.04985460477551318,-0.024445153011258713,-0.0002089307910273508,-0.07063363200755335,-0.0371659911914578,-0.033158014882085474,-0.06252666461938106
2025-02-04,0.0,-0.06335597805819271,0.0,-0.031745050334558655,-0.0965037802894394,0.0,0.0,-0.04149279273675355,0.0,-0.06551496861920492,-0.13961573657260196,0.0,0.0,-0.06335597805819271,0.0,-0.031745050334558655,-0.0965037802894394,0.0,0.0,-0.15335914652151805,-0.053519101281165216,-0.011584480282103349,0.0,-0.057687899202706894,-0.030694737972322472,-0.052212868083318154,-0.011584480282103349,0.0,-0.05368652362225623,-0.027873851685095263,-0.03426399807545433,-0.015745798083754092,-0.05593274839093354,-0.14079921418447028,-0.08950183154429026,-0.00729837717938997,-0.07087405485574283,-0.06062514480850678,-0.03550372634822774,-0.004735117937341937,-0.07484099716470827,-0.048679048720081,-0.04471899766199916,-0.07373647268914718
2025-02-05,0.0,-0.06870441824625573,0.0,-0.03177249648260039,-0.1019300129807561,0.0,0.0,-0.04595557016709706,0.0,-0.06254556900982544,-0.13352279839926628,0.0,0.0,-0.06870441824625573,0.0,-0.03177249648260039,-0.1019300129807561,0.0,0.0,-0.15819364912818878,-0.05895471232859584,-0.017139914422963365,0.0,-0.06306870534841202,-0.0351036836020171,-0.057655980788320904,-0.017139914422963365,0.0,-0.060844197000291866,-0.035226765519229875,-0.041568578474800555,-0.019468121750348177,-0.06307343189866799,-0.14988301992160302,-0.09912797321316269,-0.01481019157122121,-0.0779047894552568,-0.06784644291828412,-0.04291814145559081,-0.012589524937159924,-0.08214214430531097,-0.055874597359003464,-0.05194449911543997,-0.08074249337465611
2025-02-06,0.0,-0.06741944227930508,0.0,-0.035121237005749095,-0.1011716190373414,0.0,0.0,-0.043456167520003475,0.0,-0.0638108478721443,-0.13543607083545184,0.0,0.0,-0.06741944227930508,0.0,-0.035121237005749095,-0.1011716190373414,0.0,0.0,-0.1570321479347011,-0.05765580714671481,-0.015826772805793254,0.0,-0.06177417665962848,-0.032503515494687774,-0.056355282994384304,-0.015826772805793365,0.0,-0.05741772136888268,-0.03170682562509808,-0.03807177645351334,-0.0176794043852897,-0.05965508954933163,-0.1395409627716594,-0.08816845798861583,-0.004237487973766441,-0.06800919444776232,-0.06455143316642675,-0.03953501425163253,-0.0014499938827691183,-0.0717872753371882,-0.05242999032488738,-0.04848555326148407,-0.0773886159505045
2025-02-07,0.0,-0.06349381271586452,0.0,-0.0322200133260081,-0.09687760431677694,0.0,-0.004236276311706755,-0.04008359741063561,0.0,-0.06762316400479851,-0.1417564693364236,0.0,0.0,-0.06349381271586452,0.0,-0.0322200133260081,-0.09687760431677694,0.0,0.0,-0.15348373649324298,-0.053849791074039643,-0.011847089329747318,0.0,-0.05782007251141752,-0.02906073915788754,-0.05253180323428741,-0.011847089329747318,0.0,-0.06228631752899616,-0.03670822289035536,-0.04304029767615347,-0.020216330014082406,-0.06451212932611494,-0.14220729461542536,-0.09099397945033072,-0.00666538194116939,-0.0702815985874512,-0.06950574491611827,-0.04462181766634876,-0.0036274627065191467,-0.07381136452388859,-0.05732434895556604,-0.05340028557367138,-0.08215405907785
2025-02-10,0.0,-0.06161871247902695,0.0,-0.03220551938343108,-0.09502040791163113,0.0,-0.003374907229185542,-0.038322597697459604,0.0,-0.06706424349656026,-0.1405226413005921,0.0,0.0,-0.06161871247902695,0.0,-0.03220551938343108,-0.09502040791163113,0.0,0.0,-0.15178881672897382,-0.05195027612414793,-0.00992769810161076,0.0,-0.05593107027170596,-0.02724651757565899,-0.05062964225886846,-0.00992769810161065,0.0,-0.061964817100747416,-0.036377952868003605,-0.04271219864137854,-0.020048367833632175,-0.06419139203000279,-0.1380879422172887,-0.0866286868718712,-0.0006166229478380414,-0.06462022080037721,-0.06899051871161044,-0.04409281292283318,0.0,-0.06898331632542698,-0.05700114728838779,-0.05307573851921621,-0.08183937041691958
2025-02-11,0.0,-0.06500880837755396,0.0,-0.03314840317542256,-0.09827679782189125,0.0,-0.003512028892132757,-0.04159937548554893,0.0,-0.06625699132189466,-0.1430454527544045,0.0,0.0,-0.06500880837755396,0.0,-0.03314840317542256,-0.09827679782189125,0.0,0.0,-0.15485315453252102,-0.05525462175244,-0.01319331901540588,0.0,-0.05933341646257562,-0.03055818379387465,-0.05393859084271169,-0.013193319015405769,0.0,-0.0586661441782772,-0.032989301768004076,-0.03934582240419637,-0.018325330162290987,-0.06090054902965358,-0.13486561696237787,-0.08321397718910473,0.0,-0.06328745030374927,-0.06566812856402637,-0.04068157309748255,0.0,-0.06761794840177215,-0.053685019238962184,-0.049745806467709874,-0.0786105878909561
2025-02-12,0.0,-0.061629537124967326,0.0,-0.037561007842247474,-0.09512521052861556,0.0,0.0,-0.03744333204326045,0.0,-0.06528047015190008,-0.14005122184412644,0.0,0.0,-0.061629537124967326,0.0,-0.037561007842247474,-0.09512521052861556,0.0,0.0,-0.1517986012226158,-0.05194833343258398,-0.009819135047547722,0.0,-0.055932034509473816,-0.026331398391333583,-0.050627696861133886,-0.009819135047547722,0.0,-0.060820208419659405,-0.035202122600074714,-0.04154409754270949,-0.019448518439165507,-0.06304950025872735,-0.13597226735954604,-0.08438669860227932,-0.0021819539228821183,-0.06533131392617175,-0.06795524975568812,-0.043029858081434,-0.0023906229086162467,-0.06984692229390543,-0.055850481841348,-0.05192028321244002,-0.08071901305035911
2025-02-13,0.0,-0.0756243416107325,0.0,-0.036860878727594804,-0.10911090257247968,0.0,-0.0010792713358379613,-0.05292091720644909,0.0,-0.06641434062532814,-0.15336660845916816,0.0,0.0,-0.0756243416107325,0.0,-0.036860878727594804,-0.10911090257247968,0.0,0.0,-0.16444862934058613,-0.06582695418547069,-0.023892156345400317,0.0,-0.06999421294899555,-0.04194331614702462,-0.06452565054151171,-0.023892156345400317,0.0,-0.06342747663698367,-0.03788050949088917,-0.04420487840126974,-0.020809578768744008,-0.06565057971239707,-0.13612315430656596,-0.08454659404368658,-0.006607354887116612,-0.06947664254680808,-0.07092164378527877,-0.04607558149196733,-0.005581959964122696,-0.07282246768506007,-0.05847154657588072,-0.05455225861824653,-0.08327103995889296
2025-02-14,0.0,-0.0802070824645742,0.0,-0.03771915441876339,-0.11380927376009353,0.0,-0.0020460212760025076,-0.05779025266779225,0.0,-0.0668225778389322,-0.15764242265499195,0.0,0.0,-0.0802070824645742,0.0,-0.03771915441876339,-0.11380927376009353,0.0,0.0,-0.16859100951584582,-0.0706073968823433,-0.028447821733870615,0.0,-0.07460486607031902,-0.04686909211380208,-0.06929731408223017,-0.028447821733870726,0.0,-0.0601228548550633,-0.03448574726390208,-0.04083243120780855,-0.019082080943466306,-0.062353801973156875,-0.13509389366008984,-0.08345588282815786,-0.009099141188278481,-0.0718107300462677,-0.06729770012601632,-0.042354723800316574,-0.006109709118720774,-0.07331453152455347,-0.055149438188255795,-0.0512163213342669,-0.08003643461451337
2025-02-17,0.0,-0.08131367200342343,0.0,-0.03792226092716089,-0.11489429709371402,0.0,-0.007498482969503284,-0.05908709748181318,0.0,-0.0686985157825829,-0.15876891418909145,0.0,0.0,-0.08131367200342343,0.0,-0.03792226092716089,-0.11489429709371402,0.0,0.0,-0.1695912656320161,-0.07172553566389583,-0.029540668265778613,0.0,-0.07571819555458204,-0.04818096866621002,-0.07041702900542712,-0.029540668265778613,0.0,-0.056655101767020044,-0.030923403984495113,-0.03729350453445379,-0.017272492764576985,-0.05889428014576081,-0.13424859549396229,-0.08256011731587709,-0.007881767833271547,-0.07067040114696699,-0.06393756755517876,-0.038904732217469706,-0.0053241559034967745,-0.07258209580610331,-0.051663335275351385,-0.04771570686718074,-0.0766421542968867
2025-02-18,0.0,-0.07752069728521171,0.0,-0.04107184460944269,-0.11170753430655378,0.0,-0.008656631472173437,-0.055240226260903746,0.0,-0.07282511561131133,-0.1554578153675783,0.0,0.0,-0.07752069728521171,0.0,-0.04107184460944269,-0.11170753430655378,0.0,0.0,-0.16616276208379333,-0.06788815189385422,-0.025644791840860548,0.0,-0.07189971791224481,-0.04428797993321065,-0.06657423601385981,-0.02564479184086066,0.0,-0.052901727206565385,-0.027067648311856485,-0.03346309417655258,-0.015317457849761906,-0.055149814813711395,-0.12898052826774198,-0.07697752749524245,-0.0020996695073914884,-0.06525423708153755,-0.06002805238093978,-0.03489066605793867,0.0,-0.06670624123406,-0.04789009950676748,-0.043926764300299515,-0.07296830409135746
2025-02-19,0.0,-0.07604934962609178,0.0,-0.04164335525807639,-0.11032092867108245,0.0,-0.008676171277915201,-0.05373577238429372,0.0,-0.0733303676048338,-0.15412756329903476,0.0,0.0,-0.07604934962609178,0.0,-0.04164335525807639,-0.11032092867108245,0.0,0.0,-0.1648327978618488,-0.0664250366386323,-0.024167895248644267,0.0,-0.07041940483263454,-0.04276608548609462,-0.06510905833407798,-0.024167895248644378,0.0,-0.060102579982690196,-0.03446491935213758,-0.04081174020564737,-0.019060762119724628,-0.062333575226401594,-0.13392765283287633,-0.08222001322155781,-0.005073231052908467,-0.0680396094985174,-0.06704885855503318,-0.04209922753424533,-0.0042684224986421215,-0.07068993331181861,-0.055129056030171486,-0.05119585433164453,-0.08001658931454814
2025-02-20,0.0,-0.08660821924112339,0.0,-0.04085839055342744,-0.12052857000516026,0.0,-0.012812899448985449,-0.06471086002064708,0.0,-0.07501695298442446,-0.16395073753488165,0.0,0.0,-0.08660821924112339,0.0,-0.04085839055342744,-0.12052857000516026,0.0,0.0,-0.17437705392201697,-0.07694812803153528,-0.03489040989650516,0.0,-0.08104261322267536,-0.05386488651517296,-0.07564698320100649,-0.03489040989650505,0.0,-0.06071608955586605,-0.0350951636773148,-0.041437841700692424,-0.019380911744740215,-0.06294562853753183,-0.13141861352066464,-0.07956117522226092,-0.0027843233397710776,-0.06589556091852489,-0.06783437996759911,-0.04290575590905377,-0.0009571715820912985,-0.0675995634976937,-0.05574581202629991,-0.05181517768974653,-0.08061710019754242
2025-02-21,0.0,-0.08206654208392683,0.0,-0.04741103946548131,-0.11647832928763813,0.0,-0.015423688656696855,-0.0600926644039429,0.0,-0.07552965981797777,-0.15988260861456494,0.0,0.0,-0.08206654208392683,0.0,-0.04741103946548131,-0.11647832928763813,0.0,0.0,-0.17027179158700412,-0.07247407195281741,-0.030581620951431576,0.0,-0.0764732620856462,-0.04918999573177518,-0.0711642451833433,-0.030581620951431465,0.0,-0.06378556583858774,-0.03824836632163098,-0.04457031717237703,-0.02098318928847054,-0.06600781893262186,-0.1359904656642077,-0.08440598341129812,-0.008368733489280133,-0.07112654798822104,-0.07079251695992306,-0.0459430014668627,-0.006220046860603956,-0.07251137214829317,-0.05883153062811797,-0.05491374117130554,-0.08362154217116158
2025-02-24,0.0,-0.08126051380455768,0.0,-0.04815277320249256,-0.1158044814235657,0.0,-0.014787299413570043,-0.05931995187268513,0.0,-0.07595651068978759,-0.15919299923567976,0.0,0.0,-0.08126051380455768,0.0,-0.04815277320249256,-0.1158044814235657,0.0,0.0,-0.170535258483261,-0.07165962062041764,-0.02980215570056366,0.0,-0.07566232240249926,-0.04838931119990886,-0.07034864370502802,-0.02977666935912815,0.0,-0.07081353037769178,-0.04546803323797299,-0.05174252653543232,-0.02465782577013853,-0.07301910148587754,-0.1435877784033227,-0.09245688309429079,-0.015085595912532224,-0.07741831731466453,-0.07798793342172072,-0.05333084278113953,-0.013735232432720124,-0.07952524793871707,-0.06589668406595528,-0.06200830462929363,-0.09050060221448242
2025-02-25,0.0,-0.08454398167770216,0.0,-0.05603497828269133,-0.11963894245244822,0.0,-0.01645673333217379,-0.061659022813646436,0.0,-0.07646753108854365,-0.16114961192702215,0.0,0.0,-0.08454398167770216,0.0,-0.05603497828269133,-0.11963894245244822,0.0,0.0,-0.16858630306597877,-0.07385240731189091,-0.03204510026444052,0.0,-0.07840572603518059,-0.050736180822428145,-0.07254452698994573,-0.03201967284341101,0.0,-0.06862223650236954,-0.0432169672561199,-0.04950625764671701,-0.02350775449671494,-0.07083300899329059,-0.13996148063059344,-0.08861408227886669,-0.011082820839584007,-0.07366886767022263,-0.07572524890406518,-0.051007647973797754,-0.01032777364939308,-0.07634508792298578,-0.0636937948267734,-0.059796245452404806,-0.08835573622134452
2025-02-26,0.0,-0.08888286959682501,0.0,-0.05671952473428765,-0.12398071584077774,0.0,-0.011627773824552712,-0.0580376007840947,0.0,-0.07474954850053661,-0.15778625707396643,0.0,0.0,-0.08888286959682501,0.0,-0.05671952473428765,-0.12398071584077774,0.0,0.0,-0.17245877911241503,-0.0695297504574578,-0.027599432363753063,0.0,-0.08277370678095908,-0.04647487672928441,-0.06821576579762612,-0.0275738881584916,0.0,-0.07193881882048025,-0.04662401626784429,-0.05289091085931408,-0.025246370685620967,-0.07414171887849585,-0.1392321194495344,-0.08784117560738758,-0.008923148645152756,-0.07164587562246882,-0.07958109637104793,-0.05496661120676216,-0.008314327026310409,-0.07446595075605444,-0.06702792704048788,-0.063144256613895,-0.09160204868890964
2025-02-27,0.0,-0.10050196436777459,0.0,-0.05735581058480177,-0.13565567524310596,0.0,-0.014481827120377044,-0.07083913560553257,0.0,-0.07830006265897871,-0.16858854319957917,0.0,0.0,-0.10050196436777459,0.0,-0.05735581058480177,-0.13565567524310596,0.0,0.0,-0.18285437619125622,-0.05791739020822784,-0.01563753816044333,0.0,-0.09446799553081453,-0.058803195890080984,-0.056587006890578384,-0.015611679725541228,0.0,-0.06492163893867053,-0.03941542818279675,-0.04572970750227845,-0.021561257195230055,-0.06714119538344421,-0.13783426093175433,-0.08635985989956863,-0.0017114969138940506,-0.06489063094176017,-0.07260472844803445,-0.04780367638028282,-0.003049973948541007,-0.06955276288463208,-0.05997361532761025,-0.05606058001157077,-0.08473354480372863
2025-02-28,0.0,-0.10489651831524427,0.0,-0.055198811382084045,-0.13091283296143363,0.0,-0.011386326919337164,-0.06727642724931593,0.0,-0.07597759988303221,-0.1715447451464528,0.0,0.0,-0.10489651831524427,0.0,-0.055198811382084045,-0.13091283296143363,0.0,0.0,-0.18680076817116287,-0.05439486081931799,-0.010871195080698559,0.0,-0.09889003131734386,-0.05459029909007418,-0.05250510509548756,-0.01084521143767736,0.0,-0.060730639285997645,-0.035110110281653784,-0.04145269005544683,-0.019368587253321468,-0.06296014373157688,-0.13632715669538886,-0.08476277611014904,0.0,-0.06317972102763092,-0.06867402179546334,-0.04376785202510536,-0.003384194721893219,-0.06986468904645149,-0.05576043874720704,-0.05182986529711031,-0.08063134165630803
2025-03-03,0.0,-0.09513537086866797,0.0,-0.04984054875072774,-0.1205099540050546,0.0,-0.016985870716616502,-0.057126241791672916,0.0,-0.07032667332847431,-0.16227458438175668,0.0,0.0,-0.09513537086866797,0.0,-0.04984054875072774,-0.1205099540050546,0.0,0.0,-0.17797607124746717,-0.04404195725633875,-0.02148079349401477,0.0,-0.08904383170413788,-0.0442710732648649,-0.04213151165048912,-0.0214550885568775,0.0,-0.0695080417932541,-0.044126934732099055,-0.05041024356835555,-0.023950551161094347,-0.07171671168515881,-0.13392352422245557,-0.08221563811821953,0.0,-0.06238033709940427,-0.07788589282004987,-0.05322607333843121,-0.0027851401322240843,-0.06930559513675327,-0.06458428740984279,-0.06069044487709385,-0.0892227735760126
2025-03-04,0.0,-0.08486585184449935,0.0,-0.048352540562378254,-0.11322947623441815,0.0,-0.028484796327255646,-0.04651089151106802,0.0,-0.07156247675730609,-0.15282229642568146,0.0,0.0,-0.08486585184449935,0.0,-0.048352540562378254,-0.11322947623441815,0.0,0.0,-0.16864018272754144,-0.03248673904783861,-0.03311730427717707,0.0,-0.07870260109612526,-0.03350504399799281,-0.03055320078011048,-0.033091905022111345,0.0,-0.06991319864738399,-0.044543143083665915,-0.05131945302778462,-0.024163047959523953,-0.07212090683538863,-0.13991410745571498,-0.08856388075476096,-0.007066422896347069,-0.06900595415339017,-0.07875930975418488,-0.05412284779823495,-0.009846396954886982,-0.07589582205838796,-0.06499158817593131,-0.0610994411086585,-0.0896193461982866
2025-03-05,0.0,-0.07377839498399874,0.0,-0.04824076257363008,-0.10233928735691988,0.0,-0.03589228265054634,-0.03470173151986755,0.0,-0.0752538744149569,-0.1427794685895062,0.0,0.0,-0.07377839498399874,0.0,-0.04824076257363008,-0.10233928735691988,0.0,0.0,-0.15859050190517043,-0.019049828307861727,-0.04642474787094075,0.0,-0.06751868767489755,-0.02150405937950095,-0.017089436887660958,-0.04639969819204992,0.0,-0.06701567084404825,-0.041566579171806506,-0.054801961130300225,-0.022643020637370892,-0.06923025677276151,-0.13444187933871288,-0.0827649409025667,-0.011174431670901597,-0.07285770395578073,-0.07575922275110436,-0.05104253037318285,-0.013892755963064607,-0.07967226366644664,-0.06207872792926061,-0.05817445553742073,-0.08678320955795016
2025-03-06,0.0,-0.07027888526407522,0.0,-0.053791429477094144,-0.0990932245520566,0.0,-0.041811263646835406,-0.03128969131986348,0.0,-0.07536530209508563,-0.13969554903381853,0.0,0.0,-0.07027888526407522,0.0,-0.053791429477094144,-0.0990932245520566,0.0,0.0,-0.15536353204598574,-0.015228962922929745,-0.050006170944317585,0.0,-0.06399552712837553,-0.01804029495524251,-0.013260935649314076,-0.049981215346620256,0.0,-0.06438252947632706,-0.03886161338650518,-0.05409188213433069,-0.021263833971010282,-0.06660336558271118,-0.13090972072671314,-0.07902189969495377,-0.006257030958581433,-0.06824705235754802,-0.07364447281081288,-0.04887122631299412,-0.008999933660032822,-0.07510582314827641,-0.05943165313499332,-0.055516361800150404,-0.08420585768454214
2025-03-07,0.0,-0.07017755154395999,0.0,-0.04384612981646896,-0.09864828549332882,0.0,-0.038786121210829916,-0.03118756633516373,0.0,-0.0721533487616306,-0.13947662853446074,0.0,0.0,-0.07017755154395999,0.0,-0.04384612981646896,-0.09864828549332882,0.0,0.0,-0.15531765553175014,-0.014391715010620865,-0.050721913925409146,0.0,-0.06389350856197185,-0.017923708829575946,-0.012369085291276116,-0.05069697712972221,0.0,-0.06434061683467307,-0.03881855749021523,-0.054226258656238646,-0.021241911861017093,-0.06656155242734385,-0.13517740695040292,-0.08354438216280324,-0.011027666163632821,-0.07272009373033006,-0.0739071923324508,-0.049140971663569566,-0.013755658843882967,-0.07954431178076982,-0.05938951871006515,-0.05547405198281252,-0.08416483306398426
2025-03-10,0.0,-0.07295605067839783,0.0,-0.039981648927287505,-0.10031553776297342,0.0,-0.04096670522414336,-0.03446856541283427,0.0,-0.07494397224592886,-0.14252152144944774,0.0,0.0,-0.07295605067839783,0.0,-0.039981648927287505,-0.10031553776297342,0.0,0.0,-0.1567827460300243,-0.01612103176164781,-0.04890252772026937,0.0,-0.0661133783745117,-0.02061643006787539,-0.014101950883671499,-0.048877543130724344,0.0,-0.0625155316983107,-0.036943689353760134,-0.05360322345083057,-0.020287335403549434,-0.06474079941933075,-0.14030003274176905,-0.08897284717089293,-0.01409713257684353,-0.07559808579396932,-0.07156001487703112,-0.04673102434930987,-0.01685693835065727,-0.08243871658863111,-0.0575547760254983,-0.0536316718393004,-0.08237841678835389
2025-03-11,0.0,-0.07724433999285063,0.0,-0.04200291401653655,-0.1044935378119638,0.0,-0.03950582516398404,-0.03813258721844259,0.0,-0.0738233556327842,-0.14558191152105704,0.0,0.0,-0.07724433999285063,0.0,-0.04200291401653655,-0.1044935378119638,0.0,0.0,-0.15311819395305692,-0.011833428722532235,-0.054387174080835154,0.0,-0.07043332029674498,-0.024323601936982797,-0.009805548980480028,-0.0543623335686767,0.0,-0.06174256961189872,-0.03614964311579105,-0.05360959000149401,-0.01988344564808353,-0.06396967208073434,-0.1334138977548457,-0.08167558511429307,-0.012034308100090207,-0.07366394100345264,-0.07133117165273539,-0.04649606123968031,-0.014768652500385282,-0.08048973243805313,-0.05677772376353163,-0.05285138495222841,-0.08162183178083815
2025-03-12,0.0,-0.07847851406160666,0.0,-0.05000529674618215,-0.10727302891095614,0.0,-0.04004181220015168,-0.040611269180929166,0.0,-0.07995585192471455,-0.14886750818642092,0.0,0.0,-0.07847851406160666,0.0,-0.05000529674618215,-0.10727302891095614,0.0,0.0,-0.15197628094920346,-0.01049700465204051,-0.055134818735494084,0.0,-0.07167660401852738,-0.02616135049122925,-0.008466382348786494,-0.05510999786337811,0.0,-0.057485004161667574,-0.032230190678413484,-0.05303204546376783,-0.017813661067401454,-0.06016334849116567,-0.1284024756991512,-0.07668154706907593,-0.004504038445254155,-0.06771167145476042,-0.06683020397503814,-0.04234170284137184,-0.007254079265317848,-0.07457158846025647,-0.05282549747496246,-0.04855347364446139,-0.07788728987383808
2025-03-13,0.0,-0.07386557595448906,0.0,-0.048484029136417806,-0.1062438246223707,0.0,-0.03490627402902202,-0.04677395414743024,0.0,-0.07830353233994969,-0.15420067856789887,0.0,0.0,-0.07386557595448906,0.0,-0.048484029136417806,-0.1062438246223707,0.0,0.0,-0.15611456558356174,-0.015225151076619703,-0.04965487192967499,0.0,-0.06702961701453913,-0.03173073267005222,-0.013204231704663671,-0.049629907103625914,0.0,-0.054233527732752806,-0.030849174000464497,-0.05216637751159692,-0.01678174231143359,-0.05882219269380584,-0.12758365370503777,-0.07668140178710992,-4.056512414685187e-05,-0.06598509731381164,-0.06405059836765536,-0.04115544317592268,-0.002800498984773636,-0.07285124743917726,-0.05034054428034729,-0.04527118533342378,-0.07657142630859026
2025-03-14,0.0,-0.07681350525697661,0.0,-0.052514930285343264,-0.10988008245569358,0.0,-0.04072775309828147,-0.05127434358556571,0.0,-0.0871606050113467,-0.15941788895269948,0.0,0.0,-0.07681350525697661,0.0,-0.052514930285343264,-0.10988008245569358,0.0,0.0,-0.1536148524660894,-0.013687645739078214,-0.05325002855228045,0.0,-0.06999229878145763,-0.03559056750677747,-0.010953445796596184,-0.05322515816819462,0.0,-0.04976393292164594,-0.02939985872054296,-0.050412988718329554,-0.015517193496518922,-0.057414709626507965,-0.12079261045987622,-0.07442072520430532,0.0,-0.06466625027139605,-0.05994334479385932,-0.039829039583786696,0.0,-0.07153870612420532,-0.041247151359559586,-0.040759235416423345,-0.07519048630847547
2025-03-17,0.0,-0.08504898438617892,0.0,-0.05405440173659515,-0.11863217350750133,0.0,-0.04470720318245103,-0.04423921770240513,0.0,-0.09218648454538825,-0.15430102489675657,0.0,0.0,-0.08504898438617892,0.0,-0.05405440173659515,-0.11863217350750133,0.0,0.0,-0.1463085902330611,-0.02248625236368129,-0.062041750694076025,0.0,-0.07828862791646585,-0.027711618582374586,-0.0197764434263642,-0.06201711126168086,0.0,-0.05270215192430938,-0.03044674773102196,-0.051657428877926126,-0.016378499968067506,-0.05843138182751395,-0.11804226840108278,-0.07319069453294869,0.0,-0.0641944779057303,-0.06261839327182517,-0.04079376978819094,0.0,-0.07105845779785636,-0.045024555458182514,-0.04372529778795031,-0.07618798556228124
2025-03-18,0.0,-0.08569415309165751,0.0,-0.05277757357082946,-0.11925238754383127,0.0,-0.04558090758907307,-0.04507046318689345,0.0,-0.08862121295072312,-0.1541455031412975,0.0,0.0,-0.08569415309165751,0.0,-0.05277757357082946,-0.11925238754383127,0.0,0.0,-0.14570636334939968,-0.02317012910398175,-0.06281393527409651,0.0,-0.07893601423596885,-0.028526378113297057,-0.020462215971513875,-0.0627893161263886,0.0,-0.04927643182062802,-0.029071936825207145,-0.05005548201582799,-0.015320733884723658,-0.05709625268240803,-0.11971101675199336,-0.0742261731377365,0.0,-0.06449753196046026,-0.05966851570185705,-0.03962188971221703,0.0,-0.07135979838609419,-0.03989209616040057,-0.040267114621310274,-0.0748780349954613
2025-03-19,0.0,-0.08410699675802169,0.0,-0.055668035215594935,-0.11794281408601692,0.0,-0.041982812188339214,-0.0432887277200078,0.0,-0.09051082497456864,-0.15295225508015897,0.0,0.0,-0.08410699675802169,0.0,-0.055668035215594935,-0.11794281408601692,0.0,0.0,-0.14716092826488592,-0.021487318851721726,-0.06069360129106305,0.0,-0.07733712635437806,-0.02670793612853195,-0.018774740726794747,-0.06066892644383337,0.0,-0.04680532097214851,-0.028116148424960907,-0.04893516851855251,-0.014571064133284128,-0.05616805161539162,-0.12232297852979646,-0.07603134791273292,-0.023461174565639342,-0.0771164481969,-0.05730245162922043,-0.03867922670627788,-0.02324299330551116,-0.08377452046009692,-0.034910694174696055,-0.03777258684890705,-0.07396733843976266
2025-03-20,0.0,-0.07892282688688845,0.0,-0.05976561098386335,-0.11340178879527318,0.0,-0.038818572606744484,-0.037731308653206175,0.0,-0.0885366490373436,-0.14799347073870417,0.0,0.0,-0.07892282688688845,0.0,-0.05976561098386335,-0.11340178879527318,0.0,0.0,-0.15332721314746633,-0.01604480741426728,-0.055228379739336475,0.0,-0.07211463742408197,-0.021051159072313474,-0.013317141863541604,-0.05520356132499493,0.0,-0.044460419184385924,-0.026835340478622904,-0.0475063224794392,-0.01373414471956691,-0.05492421218176036,-0.12502544944191774,-0.07796667934733259,-0.01945828024937213,-0.0750172953847299,-0.05445168539015366,-0.03705714426335238,-0.019280891113948484,-0.0817146865924826,-0.032737389706927855,-0.03540546412888368,-0.07274695599429593
2025-03-21,0.0,-0.07519028378250725,0.0,-0.061536835290429526,-0.10996772610803562,0.0,-0.03893722805920263,-0.03377491932033028,0.0,-0.08917134289913631,-0.14447093673033506,0.0,0.0,-0.07519028378250725,0.0,-0.061536835290429526,-0.10996772610803562,0.0,0.0,-0.14987380748229284,-0.01217473711144701,-0.0515428839811255,0.0,-0.0683545050347043,-0.01702618892987151,-0.00943340966392292,-0.05151796875168202,0.0,-0.05419673029180494,-0.033811527297675115,-0.05506222382923531,-0.017765744443253295,-0.06169904230888956,-0.12518421270770697,-0.07824071113573583,-0.012782420450697995,-0.07106716932968726,-0.06467394129781079,-0.04438256089850068,-0.012617772186902743,-0.07780291665470973,-0.04383935593684718,-0.04523403918983626,-0.07939402275759166
2025-03-24,0.0,-0.07504118105597857,0.0,-0.060428748039970226,-0.10973927377579307,0.0,-0.04063894500694187,-0.033582035788596865,0.0,-0.08939726040188656,-0.144329581254389,0.0,0.0,-0.07504118105597857,0.0,-0.060428748039970226,-0.10973927377579307,0.0,0.0,-0.14969340362149042,-0.011980540115755445,-0.05360516028981843,0.0,-0.06818782632578257,-0.016814014428619073,-0.00923867374948295,-0.052730055895421235,0.0,-0.047128891553638086,-0.028401145066953792,-0.04924123666176616,-0.014708986125407941,-0.05644482227626779,-0.12174447941016797,-0.07568503055314246,-0.009780798398631774,-0.06948021650916958,-0.05799691008521102,-0.039265598263007795,-0.009569394654151187,-0.07619437751130154,-0.03566158695221755,-0.03809922367394225,-0.0742388896117393
2025-03-25,0.0,-0.07790079090250668,0.0,-0.06425161626484555,-0.11318834591513827,0.0,-0.041110834427232734,-0.0366614780285317,0.0,-0.09311806875494544,-0.14735873095473107,0.0,0.0,-0.07790079090250668,0.0,-0.06425161626484555,-0.11318834591513827,0.0,0.0,-0.15235392926893976,-0.014978878559490205,-0.05062265725503057,0.0,-0.07106862405685954,-0.019938564994986807,-0.012245332923393026,-0.04974479502489437,0.0,-0.04732235114008099,-0.028491612140830402,-0.04934424058652531,-0.014772907072310382,-0.05653267815993468,-0.1159767196578948,-0.07059446726707375,-0.004447040970159466,-0.06541200805650826,-0.057893269724107355,-0.03911537835113377,-0.004232805580496102,-0.07215335354510433,-0.03582456128146738,-0.03829451653646865,-0.07432508866224286
2025-03-26,0.0,-0.07473031178055045,0.0,-0.0681729955861562,-0.11098221797069896,0.0,-0.04568828850815443,-0.033578467396127354,0.0,-0.09750948549238103,-0.14539912473388727,0.0,0.0,-0.07473031178055045,0.0,-0.0681729955861562,-0.11098221797069896,0.0,0.0,-0.1494504486996695,-0.011737458164076009,-0.05391192162827063,0.0,-0.0678642246367982,-0.01679028399556981,-0.008994917217742482,-0.05303710088735947,0.0,-0.04716185059821454,-0.02856869137071605,-0.04935618144578535,-0.014771298920619236,-0.056607532618731526,-0.1192948021751179,-0.07399043642044445,-0.0030525720185407,-0.0645305151457416,-0.05774845783144511,-0.039186743453455186,-0.0028616174156743668,-0.07129817440214581,-0.03556507639586792,-0.038132495047461745,-0.07439853147568842
2025-03-27,0.0,-0.07748135493603647,0.0,-0.06438132047607736,-0.11297207150217858,0.0,-0.049080911167448615,-0.03686011982957271,0.0,-0.0948102419774437,-0.14763763706345157,0.0,0.0,-0.07748135493603647,0.0,-0.06438132047607736,-0.11297207150217858,0.0,0.0,-0.1519019535109799,-0.01448771245082825,-0.05107219142310171,0.0,-0.0706268503366334,-0.02012894362623785,-0.011752803772920428,-0.05019474486442699,0.0,-0.05026194134194184,-0.031680994367923265,-0.052449132860809655,-0.016357713844427968,-0.059630003870884574,-0.1269041034080498,-0.08200530033305209,-0.006702071995556169,-0.06798414307972922,-0.05987860742449913,-0.041316466542204666,-0.006559605925311129,-0.07477118746905165,-0.038947321978486826,-0.04126196310105257,-0.07736400335117533
2025-03-28,0.0,-0.07770568619664253,0.0,-0.05950146472238438,-0.11213893563080013,0.0,-0.05027773786494805,-0.03713831825699221,0.0,-0.0897574481617125,-0.14720026667835473,0.0,0.0,-0.07770568619664253,0.0,-0.05950146472238438,-0.11213893563080013,0.0,0.0,-0.15373221295462436,-0.014820976627446858,-0.050803186630138164,0.0,-0.07085284842496786,-0.02039897438443472,-0.01204953365244077,-0.04992549133038138,0.0,-0.043949274181251496,-0.025244824381682185,-0.04615100340548928,-0.01308870387843053,-0.05337960383758433,-0.12943890066246,-0.08467044909089394,-0.004823222883975853,-0.06622121061467168,-0.05266827693659759,-0.03396377234321091,-0.004692084548187259,-0.07303189380187414,-0.0325594494225403,-0.034889475375554535,-0.07123147669898955
2025-03-31,0.0,-0.07356662316591822,0.0,-0.05329788130166779,-0.10658961258178445,0.0,-0.04576256830436032,-0.03279236951395492,0.0,-0.08518944686179197,-0.14135879634079207,0.0,0.0,-0.07356662316591822,0.0,-0.05329788130166779,-0.10658961258178445,0.0,0.0,-0.15923898332535513,-0.008592080915281075,-0.05659767504412583,0.0,-0.06583062564221287,-0.015091929421607198,-0.005803115206991061,-0.05572533774302002,0.0,-0.04076185872281035,-0.021995049415714063,-0.04297092837949068,-0.011443552509148303,-0.05022362852945417,-0.12627528335053373,-0.08134414331456497,0.0,-0.06006362537522203,-0.04913845639352732,-0.030364257581152243,0.0,-0.06692320358603177,-0.029334060975297782,-0.0316718550943107,-0.06813501845829528
2025-04-01,0.0,-0.06958905933527948,0.0,-0.06007457207342559,-0.10755786130350209,0.0,-0.05007966224815552,-0.029152354703120498,0.0,-0.08848786914636475,-0.14621677463256755,0.0,0.0,-0.06958905933527948,0.0,-0.06007457207342559,-0.10755786130350209,0.0,0.0,-0.155552252367272,-0.012848583332837782,-0.05268379094901732,0.0,-0.061819847956467444,-0.01117428860901637,-0.010071591746451891,-0.05180783459059313,0.0,-0.037508196616469425,-0.018677731733482528,-0.03972475926777019,-0.00976699873445308,-0.0470020600196398,-0.11845980868591921,-0.07312675923854006,0.0,-0.05176220565774026,-0.04645990722384241,-0.02763282204228079,0.0,-0.05868254145099461,-0.02604163665664494,-0.028387360393768435,-0.06497420400753606
2025-04-02,0.0,-0.06184218745711012,0.0,-0.057964807924031914,-0.09989858564284415,0.0,-0.052783457713898696,-0.022580738977033166,0.0,-0.09000011903989225,-0.14930723683690428,0.0,0.0,-0.06184218745711012,0.0,-0.057964807924031914,-0.09989858564284415,0.0,0.0,-0.14853122676313713,-0.020829344272703443,-0.045192218436221454,0.0,-0.054008287366551944,-0.0044384687002879675,-0.018074803655448335,-0.04430933483374233,0.0,-0.030942722001794487,-0.011983808295932374,-0.033174404559330184,-0.006389645488655282,-0.040501346184173226,-0.11510392184976437,-0.06959829651148197,-0.0005529763526594955,-0.05228655873470944,-0.03837456743933498,-0.0193878420056246,-0.0005529763526594955,-0.05920306774591766,-0.01939794484773605,-0.02175966954153774,-0.058596084104515445
2025-04-03,0.0,-0.04017918486888039,0.0,-0.04932565617466489,-0.07732199433172993,0.0,-0.05929737261215973,-0.002241596821829339,0.0,-0.0921804093800257,-0.15517110933351186,0.0,0.0,-0.04017918486888039,0.0,-0.04932565617466489,-0.07732199433172993,0.0,0.0,-0.12918869748353912,-0.04303297515283744,-0.024143530116767398,0.0,-0.03210040049398977,0.0,-0.04034089637791016,-0.023241183390788622,0.0,-0.02829726301818347,-0.009286592796250104,-0.030535037913916763,-0.005033401901082701,-0.03788198157990219,-0.11105382361078686,-0.06533992268218713,0.0,-0.05171290598551892,-0.03561650397174576,-0.016575322206063725,0.0,-0.058633601572791516,-0.01672096942528356,-0.01908914146327212,-0.05602611687651338
2025-04-04,0.0,-0.0692538331284317,0.0,-0.011007969357239245,-0.10252555992018109,0.0,-0.06989364898899841,0.0,0.0,-0.05609648222556862,-0.12801391115282934,0.0,0.0,-0.0692538331284317,0.0,-0.011007969357239245,-0.10252555992018109,0.0,0.0,-0.15561816550993923,-0.015055210790566487,-0.053359036972612905,0.0,-0.06128294675040791,0.0,-0.01159038643677357,-0.05248370499498367,0.0,-0.04435906701890224,-0.025662634523596406,-0.04742037618155026,-0.013256574419647782,-0.05378535454499511,-0.14032601663445454,-0.09611743308882859,-0.017747657303340048,-0.06854278035526795,-0.04879759084094959,-0.03001666183983609,-0.017747657303340048,-0.07534064980895694,-0.03297412429048718,-0.03530315152249097,-0.07162957554291671
2025-04-07,0.0,-0.07638163355062244,0.0,-0.017930352304233454,-0.10948791352320542,0.0,-0.07916753433483015,-0.008590081465717492,0.0,-0.0663309901147946,-0.13674021322874563,0.0,0.0,-0.07638163355062244,0.0,-0.017930352304233454,-0.10948791352320542,0.0,0.0,-0.16212816220768966,-0.02259366358740622,-0.063902925541375,0.0,-0.06846968834793543,-0.00832283654027377,-0.019155357892452374,-0.06303734319765475,0.0,-0.04849224585873302,-0.029876676056205254,-0.04589544072217133,-0.015390423497370187,-0.05787776437755909,-0.15075800634347614,-0.1070858860356847,-0.029091078344898214,-0.07929960013094983,-0.05239712197597657,-0.033687263588260796,-0.029091078344898214,-0.08601896522069197,-0.037156543386520635,-0.03947549749823365,-0.07564480852579136
2025-04-08,0.0,-0.0721260350988232,0.0,-0.009312041051712683,-0.10531076395648042,0.0,-0.08146972945197828,-0.01253069518133687,0.0,-0.07392435411328135,-0.1411616905785592,0.0,0.0,-0.0721260350988232,0.0,-0.009312041051712683,-0.10531076395648042,0.0,0.0,-0.15823823533339132,-0.018004165932492433,-0.05844520389193275,0.0,-0.06417763537879617,-0.011536804770473141,-0.01454971536990679,-0.05757457494821172,0.0,-0.052362187865111154,-0.033822330714674664,-0.046956646381598355,-0.01739270983891894,-0.06170953390220013,-0.15311633528410618,-0.10956549162771667,-0.033815320742229815,-0.08377953822533524,-0.05569811261008373,-0.03705343033014008,-0.033815320742229704,-0.09046620827156504,-0.04107258960064497,-0.0433821121361162,-0.0794043164948337
2025-04-09,0.0,-0.066415394336513,0.0,-0.01337505154703933,-0.09988385884102802,0.0,-0.07746799305787988,-0.018527481921892575,0.0,-0.09346483443316067,-0.14828094064301178,0.0,0.0,-0.066415394336513,0.0,-0.01337505154703933,-0.09988385884102802,0.0,0.0,-0.15300285735298103,-0.011809857506419497,-0.0479606955146602,0.0,-0.058401354101110026,-0.017501279132153602,-0.008333616696375556,-0.04708037184420466,0.0,-0.03111671221469925,-0.012161202503117807,-0.039909749265156,-0.006377974573129941,-0.0406736201857717,-0.1285660974422942,-0.08375276211848703,-0.01791061355897905,-0.06869730966937915,-0.03654095136392277,-0.01751802226525523,-0.01791061355897905,-0.07549405135242904,-0.019574007877470656,-0.021935308533404085,-0.05876510927100942
2025-04-10,0.0,-0.047910318406997554,0.0,0.0,-0.08205110363329526,0.0,-0.08446381513025081,-0.03927647307076321,0.0,-0.10205066146240493,-0.16583656751064668,0.0,0.0,-0.047910318406997554,0.0,0.0,-0.08205110363329526,0.0,0.0,-0.13529685914255396,0.0,-0.02258063124489218,0.0,-0.039146001689310816,-0.03822011739706277,0.0,-0.021676839350772803,0.0,-0.04695247091733279,-0.028306776517525556,-0.04587296195880586,-0.014498023104593805,-0.0563531775270224,-0.145759557136922,-0.10183039245693581,-0.04184269419754172,-0.09139179287184196,-0.049997514831571555,-0.03124027761998449,-0.0418426941975415,-0.09802290791002222,-0.03559842447416062,-0.03792113122731644,-0.07414897314810698
2025-04-11,0.0,-0.05924182561607383,0.0,-0.006992740994025359,-0.08594241919436929,0.0,-0.08929891396873191,-0.050058696022719396,0.0,-0.1103531007922377,-0.17488602635981854,0.0,0.0,-0.05924182561607383,0.0,-0.006992740994025359,-0.08594241919436929,0.0,0.0,-0.12583870630785376,0.0,-0.005958719889622155,0.0,-0.0500275769568731,-0.04889707331794979,0.0,-0.00503955818677182,0.0,-0.06399119201036374,-0.04567884802254485,-0.05294264404446214,-0.023307496299028285,-0.0732238314323087,-0.15455001398492785,-0.11107289700382383,-0.05336723726220072,-0.10232036832447233,-0.06563087733610917,-0.04718231162116604,-0.053367237262200606,-0.10887172550831958,-0.05284013484602523,-0.05512131591306324,-0.09070147125427153
2025-04-14,0.0,-0.05729926478321001,0.0,-0.005357802456022576,-0.0837162307683399,0.0,-0.09316836134369677,-0.05439993626519202,0.0,-0.11295796366564625,-0.178315370545865,0.0,0.0,-0.05729926478321001,0.0,-0.005357802456022576,-0.0837162307683399,0.0,0.0,-0.12276771078153503,0.0,-0.00016933460543144818,0.0,-0.04745885876358291,-0.05265492559703788,0.0,0.0,0.0,-0.05667557193528394,-0.038220103064284805,-0.04917688102723061,-0.0194906992634315,-0.0659803714498739,-0.15188232157011605,-0.10826801897530702,-0.05574526379496236,-0.10457542019471411,-0.059329824113084406,-0.04075684782887179,-0.05574526379496225,-0.11111031978082964,-0.045437360785904324,-0.04773637101637174,-0.08359461230769794
2025-04-15,0.0,-0.053535215836704175,0.0,-0.002843869868488169,-0.0801692089346111,0.0,-0.10118615978330403,-0.061453663721169005,0.0,-0.10555934618568108,-0.17208386960622313,0.0,0.0,-0.053535215836704175,0.0,-0.002843869868488169,-0.0801692089346111,0.0,0.0,-0.12634448995282277,-0.0038797577269066297,-0.006325977833233187,0.0,-0.04365551869474349,-0.05935777111272811,-0.0038797577269065187,-0.006157685937120405,0.0,-0.05583341838563782,-0.037361473381764765,-0.04899355694807894,-0.01905302407793319,-0.06514652476656857,-0.156988500363619,-0.11363678211608508,-0.0551640833861744,-0.10402429431376647,-0.05836743885448781,-0.0397754608425257,-0.05516408338617418,-0.11056321607257225,-0.0445851743153145,-0.046886236988789576,-0.08277649075036342
2025-04-16,0.0,-0.061032588359205,0.0,0.0,-0.08751075976417844,0.0,-0.11019576762010319,-0.058976287870136646,0.0,-0.11613156223363841,-0.18255901346403214,0.0,0.0,-0.061032588359205,0.0,0.0,-0.08751075976417844,0.0,0.0,-0.1205474308788026,0.0,0.0,0.0,-0.05123115273433643,-0.056867333448373136,0.0,0.0,0.0,-0.0559646164145573,-0.037495238206440185,-0.04885609575460981,-0.01912117852875861,-0.06527642867936045,-0.15560209862577168,-0.11217908491246653,-0.05784211489185709,-0.10656383702796945,-0.05791142149291373,-0.03931043968784875,-0.057842114891856755,-0.11308422494595138,-0.044717935360209515,-0.04701867828620243,-0.08290394486580821
2025-04-17,0.0,-0.06250586961142357,0.0,-0.0002207642515371644,-0.08899468460064686,0.0,-0.10810539523000784,-0.05871997941397822,0.0,-0.11187019991053815,-0.18032992493372446,0.0,0.0,-0.06250586961142357,0.0,-0.0002207642515371644,-0.08899468460064686,0.0,0.0,-0.12191672498310613,0.0,0.0,0.0,-0.05271981287103167,-0.05581199906426282,0.0,0.0,0.0,-0.045009146126379185,-0.026325431964633328,-0.04052725448648642,-0.013429660513767594,-0.054429021377348064,-0.14780300088030784,-0.10397891993578212,-0.0444274961854485,-0.09384292723755705,-0.047666495409851906,-0.02886323359841303,-0.04442749618544828,-0.1004561536480254,-0.03363194805723113,-0.03595939095782741,-0.07226110376247086
2025-04-18,0.0,-0.06305403870964854,0.0,0.0,-0.08902829450104943,0.0,-0.10756677577826423,-0.058560297631599534,0.0,-0.11473725839212945,-0.1826792647269585,0.0,0.0,-0.06305403870964854,0.0,0.0,-0.08902829450104943,0.0,0.0,-0.12240583813819983,-0.0009936341257791304,0.0,0.0,-0.05326922782380972,-0.05531327575632594,-0.00021201230959511097,0.0,0.0,-0.04187081102121848,-0.023125697574012727,-0.03830244054847576,-0.011808603978220034,-0.05132164230183556,-0.14435431046155855,-0.10035288121820052,-0.039234569547863196,-0.08891854192697102,-0.04518956970451338,-0.02633740245994587,-0.039234569547863085,-0.09556770700190509,-0.03045622467766551,-0.03279131612874853,-0.06921232530069232
2025-04-21,0.0,-0.06981585333323215,0.0,0.0,-0.09563389339056427,0.0,-0.11334605616028692,-0.06578481092866484,0.0,-0.11712839674090947,-0.18851248562595435,0.0,0.0,-0.06981585333323215,0.0,0.0,-0.09563389339056427,0.0,0.0,-0.13012979331646424,-0.008203330450760715,0.0,0.0,-0.06010165812862822,-0.06241051998659608,-0.007427349495464197,0.0,0.0,-0.04569454332872602,-0.027989113569709234,-0.04193288306640719,-0.014105807795412262,-0.05604468342201052,-0.1503245825932984,-0.10726463915605611,-0.051534080939060756,-0.10371299922947841,-0.04915476806625585,-0.03141385410698039,-0.051534080939060534,-0.11025419285144666,-0.03479798482922669,-0.036651283171984406,-0.07384629678964194
2025-04-22,0.0,-0.0658676282735674,0.0,-0.005585644665781153,-0.09222659331620997,0.0,-0.1153843644914635,-0.06232594594696428,0.0,-0.1140694229928838,-0.18472021060802657,0.0,0.0,-0.0658676282735674,0.0,-0.005585644665781153,-0.09222659331620997,0.0,0.0,-0.13532714634337828,-0.003993587166231105,0.0,0.0,-0.05611220055701538,-0.058800283651548546,-0.003214312511010009,0.0,0.0,-0.04040218014305463,-0.02582975163471224,-0.0369162212349462,-0.012464481839860597,-0.05394764808278463,-0.1401627918970476,-0.10301610178957932,-0.03881519413329737,-0.09950845091007587,-0.04662828103606831,-0.030142172843010906,-0.03881519413329704,-0.10608032975299075,-0.027281202980148578,-0.031308768101717455,-0.07178880846251667
2025-04-23,0.0,-0.05750461251395422,0.0,-0.008948923756617044,-0.08443342592005854,0.0,-0.11190392770317015,-0.05380850595015507,0.0,-0.10635327509501169,-0.17649332906967052,0.0,0.0,-0.05750461251395422,0.0,-0.008948923756617044,-0.08443342592005854,0.0,0.0,-0.12751475935862477,0.0,0.0,0.0,-0.04764061757634541,-0.05023532211413573,0.0,0.0,0.0,-0.03755268075749252,-0.025163506761696208,-0.03405637039009424,-0.011750610065550449,-0.05330063332317003,-0.1380670756367045,-0.10271475009185493,-0.03623152743140423,-0.0992893335117031,-0.043712756408208486,-0.029425338587763084,-0.03623152743140412,-0.10586281149566035,-0.023974157347369518,-0.0284322660787083,-0.07115399545270062
2025-04-24,0.0,-0.0637317514289889,0.0,-0.007293043547040967,-0.08990359504215772,0.0,-0.11254256518008643,-0.0602658283659101,0.0,-0.10793530419760577,-0.18235068181128056,0.0,0.0,-0.0637317514289889,0.0,-0.007293043547040967,-0.08990359504215772,0.0,0.0,-0.13341527879314996,-0.006683546852605304,-0.0067663549703737,0.0,-0.05393292865832022,-0.056694415039462154,-0.006683546852605193,-0.0067663549703737,0.0,-0.03525337832227826,-0.024667491683565967,-0.03174871521205325,-0.011189506127533111,-0.05281893494237999,-0.13237068744622849,-0.10059800469454983,-0.03115791239030563,-0.09809809688985982,-0.043157747222761556,-0.02957721684822312,-0.03115791239030552,-0.10468026863974955,-0.01709994724875441,-0.026111174823200467,-0.07068138119716949
2025-04-25,0.0,-0.06028423530330196,0.0,-0.008026931414554461,-0.08678066223616154,0.0,-0.11403488601717882,-0.05684194080424865,0.0,-0.10779962010569988,-0.17931750287479642,0.0,0.0,-0.06028423530330196,0.0,-0.008026931414554461,-0.08678066223616154,0.0,0.0,-0.1301440074140381,-0.002985178855108739,-0.0029815780276177817,0.0,-0.050447076663724055,-0.05325751516215327,-0.0029599637531650957,-0.0029815780276177817,0.0,-0.02905206124377091,-0.022058407272111724,-0.025524870428642266,-0.00924846016470171,-0.05028515766068942,-0.12393656169536493,-0.09678902556584834,-0.024222401269183513,-0.09541474333887656,-0.03777044850331113,-0.027291911879358866,-0.02422240126918329,-0.10201649847569283,-0.0062730450326655696,-0.0198510923637939,-0.06819538724032082
2025-04-28,0.0,-0.06733345473741315,0.0,-0.00958535494601831,-0.09337421369580656,0.0,-0.11694796559122578,-0.06419131604472894,0.0,-0.11523694136616403,-0.18588845513700392,0.0,0.0,-0.06733345473741315,0.0,-0.00958535494601831,-0.09337421369580656,0.0,0.0,-0.13673387285648575,-0.010449682691169526,-0.010659416809259858,0.0,-0.05756316457977384,-0.06044998104549115,-0.010424656370998542,-0.01065941680926008,0.0,-0.02582509382284015,-0.020244915443148992,-0.02228618030931173,-0.008087247123648833,-0.048524009429308124,-0.12400867002801719,-0.09691013002328885,-0.022744261437762092,-0.09506211727140434,-0.033036426885340475,-0.024651944856755814,-0.022744261437761648,-0.10166644590909868,-0.004017365662339345,-0.016593545314819602,-0.0664674516826197
2025-04-29,0.0,-0.06417041986562966,0.0,-0.015074670473444685,-0.0916198506615703,0.0,-0.1180873429751732,-0.06192970116725549,0.0,-0.11855305304187314,-0.1838672750764041,0.0,0.0,-0.06417041986562966,0.0,-0.015074670473444685,-0.0916198506615703,0.0,0.0,-0.13388466835436796,-0.0071029961226724,-0.007301070281950928,0.0,-0.054366994855418294,-0.058103583212925414,-0.007077885162793618,-0.007301070281951261,0.0,-0.020824003112368983,-0.017129299827314814,-0.017266921991170192,-0.006187129658000834,-0.045498321172069756,-0.12485940242166982,-0.09710275505185162,-0.030588310868652435,-0.09897097180248104,-0.02757280969725917,-0.021243015229176487,-0.030588310868652102,-0.10554677322254769,0.0,-0.011545062897588165,-0.06349882347004676
2025-04-30,0.0,-0.06375409767116469,0.0,-0.026782039042925754,-0.0917606849722562,0.0,-0.11437389000543297,-0.061451765186233964,0.0,-0.11637266104817956,-0.18325815258219913,0.0,0.0,-0.06375409767116469,0.0,-0.026782039042925754,-0.0917606849722562,0.0,0.0,-0.13348976134868118,-0.004760316683677823,-0.004801053536065525,0.0,-0.05307785741594806,-0.056533389310410964,-0.004735146476032903,-0.004801053536065747,0.0,-0.03207821484368589,-0.024733959203841915,-0.028562017224748937,-0.01078689457299975,-0.052883483981922774,-0.1350656413906587,-0.10430693626266896,-0.03599816968299596,-0.10243990156103966,-0.037588633642443914,-0.0280507336431981,-0.03599816968299552,-0.10899038637917835,-0.01524390123242636,-0.022905922624925523,-0.07074471293645979
2025-05-01,0.0,-0.06958815310055422,0.0,-0.032373302432930684,-0.09764918018528701,0.0,-0.11695625557593203,-0.06625712440684117,0.0,-0.12038064693764339,-0.1872141132611892,0.0,0.0,-0.06958815310055422,0.0,-0.032373302432930684,-0.09764918018528701,0.0,0.0,-0.13888927097521275,0.0,0.0,0.0,-0.05897577057260084,-0.06119789085598171,0.0,0.0,0.0,-0.033833120363684244,-0.02609024733296772,-0.030323297841067465,-0.012312951973771913,-0.05420062498124012,-0.13594620817904857,-0.10495413178502444,-0.03525343923931623,-0.10193988620554018,-0.039356129315119115,-0.0294366751285704,-0.0352534392393159,-0.10849402018656029,-0.017253250261067943,-0.024677458110787365,-0.07203701458754863
2025-05-02,0.0,-0.06641528186492884,0.0,-0.038634910300490044,-0.09537093836259725,0.0,-0.11299248725399902,-0.06106834580610576,0.0,-0.11722594226483518,-0.1825074910440635,0.0,0.0,-0.06641528186492884,0.0,-0.038634910300490044,-0.09537093836259725,0.0,0.0,-0.13595272897833688,-0.005092068285089124,-0.003257924064180462,0.0,-0.055766709209585485,-0.055002710776626995,-0.004181040575587769,-0.003257924064180351,0.0,-0.04270970639896221,-0.03306788878114342,-0.03923213010859283,-0.019389301774419443,-0.06097686775190447,-0.14454684404866036,-0.11189585932379065,-0.05625379488748816,-0.11716275836316181,-0.046714386476691905,-0.03523927262781046,-0.05625379488748794,-0.12360579427606333,-0.02911170927154194,-0.03363816110909812,-0.07868546735399362
2025-05-05,0.0,-0.0641894046632342,0.0,-0.04084508145926047,-0.09338908098990528,0.0,-0.11222663493698137,-0.06366608612391667,0.0,-0.11755746885383345,-0.1825674635673522,0.0,0.0,-0.0641894046632342,0.0,-0.04084508145926047,-0.09338908098990528,0.0,0.0,-0.13389264478416152,-0.0027199826671783223,-0.0058345702148974166,0.0,-0.053515443401325524,-0.056671032038419056,-0.0018067828614876102,-0.0058345702148974166,0.0,-0.05260490213665703,-0.042395068975892514,-0.049163272411625325,-0.028848427784537667,-0.07003483351795536,-0.153136606991637,-0.11993364794226857,-0.07083939295828923,-0.1291071515390636,-0.0579665277060718,-0.04585532940998016,-0.070839392958289,-0.13546301605664934,-0.03961644323026969,-0.043627126434645835,-0.08757261316529397
2025-05-06,0.0,-0.060406583135067415,0.0,-0.04056343606242152,-0.08974963579975337,0.0,-0.11142583382849935,-0.062899233227246,0.0,-0.11877371146291316,-0.180322648403356,0.0,0.0,-0.060406583135067415,0.0,-0.04056343606242152,-0.08974963579975337,0.0,0.0,-0.12877719941622578,0.0,-0.011819830065238568,0.0,-0.04880737244143529,-0.05473705961330755,0.0,-0.011819830065238346,0.0,-0.05540118197822186,-0.045258987694274166,-0.05196971038029452,-0.0317528605792593,-0.07281608971395526,-0.15401249615439017,-0.12088818877074481,-0.06875189635698098,-0.12736378219819733,-0.06111682420015385,-0.04907777092531773,-0.06875189635698065,-0.13373237000241256,-0.04249875090809807,-0.046449904590667224,-0.0903014189469491
2025-05-07,0.0,-0.05482435276798947,0.0,-0.03937754014373973,-0.08335347277028049,0.0,-0.11616055084953636,-0.058410251527267865,0.0,-0.12288543917937322,-0.17816238794501293,0.0,0.0,-0.05482435276798947,0.0,-0.03937754014373973,-0.08335347277028049,0.0,0.0,-0.1353329646201411,-0.00751459439491553,-0.004399651654179437,0.0,-0.0422850668135385,-0.04978742835438832,-0.007514594394915419,-0.004399651654179215,0.0,-0.056715334926669136,-0.04658725075409109,-0.05328863729037703,-0.03309991375021304,-0.07410601454363808,-0.15329147439556912,-0.12013893568904865,-0.06709517448001434,-0.12581133284875956,-0.06106132182442858,-0.04902155685715237,-0.06709517448001412,-0.13219125058610381,-0.04383085408844212,-0.04777651081276535,-0.09156701768546194
2025-05-08,0.0,-0.06389531168330276,0.0,-0.038235594117694394,-0.0912014352963938,0.0,-0.11133838140379815,-0.05034294735216438,0.0,-0.11808802024359677,-0.17061957565006147,0.0,0.0,-0.06389531168330276,0.0,-0.038235594117694394,-0.0912014352963938,0.0,0.0,-0.1435166990982476,-0.015086624186098518,0.0,0.0,-0.05062678460602421,-0.041498371466532236,-0.015086624186098296,0.0,0.0,-0.04526349118611006,-0.03501244812144988,-0.041795192104008616,-0.021361369585918055,-0.0628653004364651,-0.1424992937527173,-0.10892419146537713,-0.05552303302318684,-0.1149675311666416,-0.051402393281961944,-0.03923877440154944,-0.05552303302318662,-0.12142658807072593,-0.03222258772521047,-0.03621614626108005,-0.08053828696669496
2025-05-09,0.0,-0.06576310763826776,0.0,-0.041572637495381315,-0.09319042562746327,0.0,-0.108691561314057,-0.0518428327868653,0.0,-0.11623868183832808,-0.17204479039894327,0.0,0.0,-0.06576310763826776,0.0,-0.041572637495381315,-0.09319042562746327,0.0,0.0,-0.14522562766669234,-0.014913284885488709,-0.0020936743914188316,0.0,-0.05252105505846005,-0.04300906419396233,-0.014053476176407953,-0.0020936743914187206,0.0,-0.0435873031560613,-0.03331826279526551,-0.04011291493695457,-0.01964321767395094,-0.061220015112765425,-0.1380539610082422,-0.10430480346880766,-0.05230354206069687,-0.1119506719582698,-0.04892653474770403,-0.036731168581193185,-0.05230354206069676,-0.11843174620746255,-0.030523504366366305,-0.034524074213685085,-0.07892402931209952
2025-05-12,0.0,-0.05551784889042222,0.0,-0.033496162923373096,-0.08322389975543887,0.0,-0.10951741420729988,-0.04164933476840138,0.0,-0.11386262763798294,-0.16336159485915203,0.0,0.0,-0.05551784889042222,0.0,-0.033496162923373096,-0.08322389975543887,0.0,0.0,-0.13585179038068718,-0.004105652353156408,0.0,0.0,-0.04212830241137555,-0.032665921107038254,-0.0032364104678554995,0.0,0.0,-0.033449346871300856,-0.023071454879187603,-0.029938130203556956,-0.009251454541270854,-0.05126896523732882,-0.1384427138738713,-0.10470877779971699,-0.050336351460973705,-0.11010729449750267,-0.03873720827324312,-0.02641118703970946,-0.050336351460973594,-0.11660182190274793,-0.02024707206442211,-0.0242900478755681,-0.06916064164839408
2025-05-13,0.0,-0.06403175170314279,0.0,-0.026684366973425466,-0.08898528839865083,0.0,-0.10989616357564691,-0.0505887843778261,0.0,-0.10878295934100135,-0.16896226599483777,0.0,0.0,-0.06403175170314279,0.0,-0.026684366973425466,-0.08898528839865083,0.0,0.0,-0.14364153406598812,-0.013135916926869107,-0.008806710696102393,0.0,-0.05075519178183596,-0.04166459714221582,-0.012274556885883858,-0.008806710696102282,0.0,-0.03035378616081663,-0.019942657012839482,-0.026831324159651726,-0.006078395518069213,-0.04823047521456403,-0.13027548925431176,-0.09622176871816512,-0.04307718796649607,-0.10330501597318131,-0.035980095044657046,-0.02361872006967891,-0.043077187966495956,-0.10984918709841796,-0.01710922857957009,-0.021165152783057417,-0.06617945309282458
2025-05-14,0.0,-0.06107345089405347,0.0,-0.030372356361938357,-0.08811011001628577,0.0,-0.1126667765417454,-0.047474504150774255,0.0,-0.11187877443083327,-0.1674001365893969,0.0,0.0,-0.06107345089405347,0.0,-0.030372356361938357,-0.08811011001628577,0.0,0.0,-0.14093485470239542,-0.009979153382357997,-0.006103257553320196,0.0,-0.0477549279488636,-0.03849899872688822,-0.009115038037959766,-0.006103257553320085,0.0,-0.03224081572590909,-0.021849947687837656,-0.02872520879192575,-0.008012667447637734,-0.050082714935392736,-0.13270254193572062,-0.09874385169102606,-0.04584174710176159,-0.10589557633862012,-0.03672229852689579,-0.024370440632949353,-0.04584174710176159,-0.11242084129102914,-0.019022033392764093,-0.023070064357690434,-0.06799676228802876
2025-05-15,0.0,-0.06269567924830055,0.0,-0.039148172582257446,-0.09304197874225084,0.0,-0.11372716885228518,-0.049120441709155305,0.0,-0.1193976761757567,-0.1699098438185458,0.0,0.0,-0.06269567924830055,0.0,-0.039148172582257446,-0.09304197874225084,0.0,0.0,-0.1424191026855568,-0.011852882730087,-0.008268677264028468,0.0,-0.04940016735288766,-0.04015481492378581,-0.01099040282426178,-0.008268677264028357,0.0,-0.041161615339013635,-0.03123383366437671,-0.037678415253227904,-0.017529301420961763,-0.05919574975977282,-0.1367554342616073,-0.10317468523823725,-0.046512424571686695,-0.10778296932728626,-0.04629874739496609,-0.03450080639998876,-0.046512424571686695,-0.11429445989384679,-0.028293807151072214,-0.032075399913813585,-0.076937938635953
2025-05-16,0.0,-0.061638313042675086,0.0,-0.037107850648091634,-0.09125754622934334,0.0,-0.11240246004382015,-0.04801193140425608,0.0,-0.11732768243120961,-0.16866183134548818,0.0,0.0,-0.061638313042675086,0.0,-0.037107850648091634,-0.09125754622934334,0.0,0.0,-0.14145167189564734,-0.010684327266978877,-0.006995982464626294,0.0,-0.04831845877443386,-0.039030059371144565,-0.009800816435864945,-0.0069959824646259605,0.0,-0.03402479804553826,-0.02898393801939092,-0.030515671836010894,-0.015247577902044673,-0.05701079382411478,-0.13391908555103638,-0.1027689694218692,-0.04521512611686551,-0.10804032624734439,-0.03855354898168151,-0.03217505613384353,-0.0452151261168654,-0.11454993859694695,-0.019905450019176985,-0.02487095218290869,-0.0747941877659467
2025-05-19,0.0,-0.06691700262598443,0.0,-0.03795933366775461,-0.09327367041620593,0.0,-0.1169560312318838,-0.05362379618926749,0.0,-0.11857601366552373,-0.17345213506760204,0.0,0.0,-0.06691700262598443,0.0,-0.03795933366775461,-0.09327367041620593,0.0,0.0,-0.14628137687968956,-0.016249655017298692,-0.014254705117640931,0.0,-0.05367207828823195,-0.04464887448428567,-0.015371114316024559,-0.013523064060421808,0.0,-0.038713734261992094,-0.030268004297408835,-0.035221641687426364,-0.016549809066824017,-0.058257797542792034,-0.1336890926259917,-0.10257488594573494,-0.0446900297637115,-0.10795721816276715,-0.0431881904707877,-0.03349432027191901,-0.04469002976371128,-0.11446743704361728,-0.02692717589596283,-0.029604322044551656,-0.0760176748226824
2025-05-20,0.0,-0.0695268469071808,0.0,-0.04726315646201118,-0.10172469481049651,0.0,-0.11692077278087853,-0.05668460861903324,0.0,-0.1271356030942874,-0.17757835779865105,0.0,0.0,-0.0695268469071808,0.0,-0.04726315646201118,-0.10172469481049651,0.0,0.0,-0.14866923805878274,-0.018995606215612026,-0.011511314147441443,0.0,-0.05631627036015607,-0.04770302159019668,-0.01811951779291021,-0.01077763688727984,0.0,-0.03537796619844458,-0.029125223789138288,-0.03187375568222062,-0.015390862353676704,-0.057148001601693754,-0.13218535687707078,-0.10212513897635978,-0.04214258999211262,-0.10724925805658714,-0.03917595509188909,-0.03205712329577526,-0.0421425899921124,-0.11376464370224271,-0.02203945146057318,-0.02623694332824056,-0.07492880800599655
2025-05-21,0.0,-0.0737671192965379,0.0,-0.05253737980786943,-0.10756775993314949,0.0,-0.11397847063302624,-0.061185474344262025,0.0,-0.1283240578509388,-0.18171445061800484,0.0,0.0,-0.0737671192965379,0.0,-0.05253737980786943,-0.10756775993314949,0.0,0.0,-0.15254884953609482,-0.023324521627282158,-0.007141932853208743,0.0,-0.060616744855069515,-0.052222243038856475,-0.02245229915329483,-0.006405012545612876,0.0,-0.043825895993044206,-0.03255491296822921,-0.04035237451707552,-0.01886906921182474,-0.06047869818134066,-0.1397284285978697,-0.10541894967368004,-0.049290980261487594,-0.11020712264532695,-0.046028046381153875,-0.03483399973388346,-0.04929098026148737,-0.11670092149460376,-0.038746508927516965,-0.034764928021808084,-0.07819669253118011
2025-05-22,0.0,-0.07121571857966458,0.0,-0.05415959494739908,-0.10544743552496705,0.0,-0.11359806513548254,-0.05829487633255981,0.0,-0.1288941382023987,-0.17933486091069328,0.0,0.0,-0.07121571857966458,0.0,-0.05415959494739908,-0.10544743552496705,0.0,0.0,-0.15021446094133173,-0.02062774998406247,-0.009828840212851464,0.0,-0.05802842040986245,-0.04929483112682709,-0.019753119151427412,-0.009093914184864715,0.0,-0.04404361419335534,-0.03314268536086051,-0.04057088362862482,-0.019465156454815613,-0.0610495054456498,-0.13890886529288493,-0.10521422444178319,-0.04968758903834525,-0.11064036784350195,-0.04766128789502644,-0.03614885688786218,-0.049687589038345026,-0.11713100482529148,-0.03649655729177015,-0.03498470937947895,-0.07875673520732684
2025-05-23,0.0,-0.08155155215042398,0.0,-0.05359282416592981,-0.11497132855703052,0.0,-0.10324565241840811,-0.06856729870236489,0.0,-0.1229874523061506,-0.18825440780724445,0.0,0.0,-0.08155155215042398,0.0,-0.05359282416592981,-0.11497132855703052,0.0,0.0,-0.15967116911162593,-0.031128890979913004,0.0,0.0,-0.06851100680779343,-0.05966393028991235,-0.03026012974346004,0.0,0.0,-0.044528415977960645,-0.03301575625182496,-0.04105744656677246,-0.019336431758642636,-0.06092623994628621,-0.14093444124625976,-0.10611225963478155,-0.05112778394936068,-0.11126372050922062,-0.047058114240477456,-0.035413593151886524,-0.05112778394936046,-0.11774980819990388,-0.03918077179013735,-0.03547410527871686,-0.07863579431456569
2025-05-26,0.0,-0.08218465521588825,0.0,-0.05684133447503814,-0.1162170910608058,0.0,-0.10570925548111398,-0.06972168985282967,0.0,-0.12611261164471266,-0.1894041074532058,0.0,0.0,-0.08218465521588825,0.0,-0.05684133447503814,-0.1162170910608058,0.0,0.0,-0.1602504229174101,-0.03179131701598814,0.0,0.0,-0.06915048665281343,-0.06071041784484055,-0.03092314975953603,0.0,0.0,-0.04361475683387628,-0.03261143950547152,-0.0401404683465435,-0.018926395394821882,-0.060533593168734856,-0.14153174834635718,-0.10665789294151118,-0.05228142971117111,-0.1121503019242609,-0.04639906737932853,-0.035164215178253744,-0.05228142971117089,-0.11862991925367306,-0.03766934862963922,-0.03455178805007819,-0.07825055227959199
2025-05-27,0.0,-0.07521334400104007,0.0,-0.05464782009724556,-0.10949189142101468,0.0,-0.10502457718926839,-0.06249282344165896,0.0,-0.126433510225061,-0.1832915080288685,0.0,0.0,-0.07521334400104007,0.0,-0.05464782009724556,-0.10949189142101468,0.0,0.0,-0.1538720640485498,-0.024504243171244222,-0.007248770666007043,0.0,-0.062080173774944125,-0.053411528000004815,-0.023629541787368313,-0.007248770666007154,0.0,-0.03542049685768178,-0.026480359348395655,-0.031916440843820504,-0.012708582661176582,-0.05457947702514698,-0.1358777425699189,-0.10242965039268703,-0.04665795470612799,-0.10848890992517612,-0.03866813217374443,-0.029361403537709774,-0.04665795470612777,-0.1149952484655078,-0.027865799842324512,-0.02627987701966572,-0.07240872203733084
2025-05-28,0.0,-0.07295295155664328,0.0,-0.050327067191070496,-0.10701791414813688,0.0,-0.10563371451025239,-0.06051072452357997,0.0,-0.1267489824222907,-0.18139928989278375,0.0,0.0,-0.07295295155664328,0.0,-0.050327067191070496,-0.10701791414813688,0.0,0.0,-0.15180393170579698,-0.022161745095276242,-0.009556121796501782,0.0,-0.05978768082546593,-0.05126901387003735,-0.02128494325499708,-0.009556121796501782,0.0,-0.039561670409188454,-0.03009160038435399,-0.036072658156925175,-0.01637090967735988,-0.05808648525203686,-0.1413773798911001,-0.10725713145166749,-0.05132284716713709,-0.11226892973621472,-0.04254559698322047,-0.03275033361622626,-0.051322847167136865,-0.11874768130779911,-0.03287646192509419,-0.030460293467164057,-0.07584959323057527
2025-05-29,0.0,-0.07689005907182489,0.0,-0.059944355257225856,-0.11145697845883351,0.0,-0.1067865543056069,-0.0658264927403166,0.0,-0.131214969793937,-0.18637967262977928,0.0,0.0,-0.07689005907182489,0.0,-0.059944355257225856,-0.11145697845883351,0.0,0.0,-0.15540616432218468,-0.026217308515377402,-0.005569804919890231,0.0,-0.06377565915584926,-0.056054783702017885,-0.02534414319213185,-0.00556980491989012,0.0,-0.04077835193321766,-0.03118681489366182,-0.037293759555311334,-0.01748161750495003,-0.059150088112135735,-0.13767236033138663,-0.10392027173725338,-0.04698891899546154,-0.10884009466528644,-0.04418177123851619,-0.03425621104453369,-0.046988918995461426,-0.11534387022369352,-0.03435597864817508,-0.031688504598901934,-0.07689313810004716
2025-05-30,0.0,-0.07673902262416132,0.0,-0.06379031640142885,-0.11132098114282973,0.0,-0.10548351536975387,-0.06559998652407317,0.0,-0.1339796144412445,-0.18840878221553625,0.0,0.0,-0.07673902262416132,0.0,-0.06379031640142885,-0.11132098114282973,0.0,0.0,-0.15526797444143103,-0.026165436974068146,-0.0057228494992774825,0.0,-0.06361698679928074,-0.055765766810067396,-0.025278721650266345,-0.0057228494992773715,0.0,-0.04142730195290312,-0.03227020428035088,-0.03794506703460676,-0.018580332927268683,-0.06020220716323499,-0.1401497977110534,-0.10681190674766416,-0.05098531978044618,-0.11283285316150349,-0.04449132566020353,-0.03493021694200482,-0.05098531978044618,-0.11930748916261813,-0.03459664155562292,-0.032343604246901636,-0.07792541572832112
2025-06-02,0.0,-0.08406701282631301,0.0,-0.06449485199904059,-0.11873373275999155,0.0,-0.1029816358106912,-0.058675313262468,0.0,-0.13513322278256146,-0.18207698975749453,0.0,0.0,-0.08406701282631301,0.0,-0.06449485199904059,-0.11873373275999155,0.0,0.0,-0.1619726745841048,-0.033894833440768046,0.0,0.0,-0.07104912756374715,-0.048328227023362924,-0.0330151560416313,0.0,0.0,-0.03519677358339812,-0.02639352130695749,-0.031691904843491936,-0.012620516175991914,-0.05449514542758871,-0.13550732587491177,-0.10221384626545726,-0.04655957405371791,-0.10996930549839501,-0.038508856136340364,-0.02932342191639503,-0.0465595740537178,-0.11646483996137946,-0.028550434326625962,-0.026054033682294864,-0.07232598081006636
2025-06-03,0.0,-0.07906957660569003,0.0,-0.06465825464694441,-0.11395718189468307,0.0,-0.10545972334074083,-0.06412507326446926,0.0,-0.13709106605748622,-0.18772221888503682,0.0,0.0,-0.07906957660569003,0.0,-0.06465825464694441,-0.11395718189468307,0.0,0.0,-0.1574003006565884,-0.028623652011663725,-0.005036874311612594,0.0,-0.06598066425682192,-0.053722654168324224,-0.027739174990984217,-0.005036874311612594,0.0,-0.031876283078848155,-0.026145216243101843,-0.028359351896516283,-0.012368698494879204,-0.054254007299989526,-0.13214204793275952,-0.10274494227586328,-0.04147622252946781,-0.11002228541884895,-0.03445817359581427,-0.0288439152763017,-0.0414762225294677,-0.11651743322898966,-0.022671814923146627,-0.022702077299319168,-0.07208939019402882
2025-06-04,0.0,-0.08363782233282646,0.0,-0.06222714790870132,-0.11773756740667318,0.0,-0.10289646933717711,-0.06167170647205411,0.0,-0.13431597555141228,-0.18268345433845423,0.0,0.0,-0.08363782233282646,0.0,-0.06222714790870132,-0.11773756740667318,0.0,0.0,-0.1615799893479717,-0.033442133124258255,-0.0005006780967209412,0.0,-0.07061383711242719,-0.05109374132833211,-0.032562043523374884,-0.0005006780967208302,0.0,-0.0381048516300414,-0.027814812368054054,-0.03461054714983047,-0.014061913357482636,-0.05587541315118816,-0.1342031989117184,-0.10331335662024044,-0.0446017374931158,-0.11094774609071856,-0.04059177168593198,-0.03052071505864762,-0.04460173749311591,-0.11743613979482082,-0.03453197561365795,-0.02898966947383841,-0.0736802187079656
2025-06-05,0.0,-0.08432435978109032,0.0,-0.064705981160043,-0.11965133749583234,0.0,-0.10421532165375702,-0.06328185634827033,0.0,-0.13676632813572098,-0.1843446038352481,0.0,0.0,-0.08432435978109032,0.0,-0.064705981160043,-0.11965133749583234,0.0,0.0,-0.16220813261786482,-0.03416627712288289,0.0,0.0,-0.07131013211485171,-0.05252942135346428,-0.03328684688407635,0.0,0.0,-0.0394735121350146,-0.02816559228255444,-0.03598417962762479,-0.01441765553719776,-0.056216068353577175,-0.13562698078085134,-0.10368849135727276,-0.04665223095437332,-0.11162276674169513,-0.04157433080580708,-0.030739206951763576,-0.04665223095437332,-0.11810623407648368,-0.03774386275394814,-0.03037129978101305,-0.07401444965266157
2025-06-06,0.0,-0.08033114284335086,0.0,-0.06536182110449407,-0.11710948653492104,0.0,-0.10523591940636312,-0.06723198256986707,0.0,-0.13688472312873634,-0.18775414168610394,0.0,0.0,-0.08033114284335086,0.0,-0.06536182110449407,-0.11710948653492104,0.0,0.0,-0.15855456302598314,-0.029954323225855783,-0.004036288078028583,0.0,-0.06726016076314112,-0.056503523517963505,-0.029071057834544556,-0.004036288078028583,0.0,-0.03369903315815814,-0.02548061329544693,-0.030188723533050243,-0.011694693822802527,-0.05360858707413574,-0.13301285454514744,-0.10258523459618141,-0.042872010105069025,-0.11023060676449248,-0.03516357677791837,-0.027747749160755952,-0.042872010105069136,-0.11672423422428091,-0.03117508988756912,-0.02454210025813819,-0.07145614164740455
2025-06-09,0.0,-0.08241169744234389,0.0,-0.06848528681509425,-0.12104403821978638,0.0,-0.10486303925253015,-0.06509472592863907,0.0,-0.13898909356612954,-0.18617540522172105,0.0,0.0,-0.08241169744234389,0.0,-0.06848528681509425,-0.12104403821978638,0.0,0.0,-0.1604581538239912,-0.03214884463249068,-0.0019311064438038983,0.0,-0.06937028567069548,-0.05433162061798691,-0.03126757744070274,-0.0019311064438040093,0.0,-0.03046639882621993,-0.02375628332638391,-0.026944345916359858,-0.009945970830448014,-0.051934027185398524,-0.1328597383128558,-0.10262950188794384,-0.042461362546938775,-0.1102570604118871,-0.03182644352016717,-0.025968266661684725,-0.042461362546938775,-0.11675049481026822,-0.02836619844802646,-0.021278832596954067,-0.06981316150314987
2025-06-10,0.0,-0.08189640079999772,0.0,-0.0670762373605861,-0.11969978415208948,0.0,-0.10078907181909547,-0.06462759329673451,0.0,-0.1387760332451291,-0.1863883433359701,0.0,0.0,-0.08189640079999772,0.0,-0.0670762373605861,-0.11969978415208948,0.0,0.0,-0.16111989018234685,-0.031602199016545596,-0.0024170607887115114,0.0,-0.06884616406007604,-0.053738196545747186,-0.030720434082058268,-0.0024170607887115114,0.0,-0.025169632189722346,-0.020918487621971016,-0.021628337561656275,-0.007068030595721586,-0.049178140003537485,-0.13490737926963503,-0.10423338268819005,-0.04187485158495885,-0.11027514167863206,-0.026839102459542685,-0.02329153441294085,-0.04187485158495896,-0.11676844411809095,-0.021659320327895526,-0.015931872347553333,-0.0671092463132198
2025-06-11,0.0,-0.08361562214753604,0.0,-0.06748182484334253,-0.12070700427379377,0.0,-0.10375882726608865,-0.06480911903626418,0.0,-0.1412413607449049,-0.18550854813480733,0.0,0.0,-0.08361562214753604,0.0,-0.06748182484334253,-0.12070700427379377,0.0,0.0,-0.15942990768401133,-0.03344371075051622,-0.0006921316835239999,0.0,-0.0705883061744269,-0.05376929588953705,-0.03256362258612455,-0.0006921316835241109,0.0,-0.019274356379256452,-0.01716498822650614,-0.0157116458113018,-0.003261432779524842,-0.04531374762184881,-0.12951902109512536,-0.10054156123018676,-0.038503608620614416,-0.1088559192918439,-0.0214102927974279,-0.019880254426167143,-0.038503608620614416,-0.11535957936051822,-0.01366716690570402,-0.009980731287153932,-0.0635328281746591
2025-06-12,0.0,-0.09164446271759219,0.0,-0.06424355126745007,-0.1131004252844604,0.0,-0.09886074706640813,-0.05619649807185012,0.0,-0.13928628008221655,-0.1782141413028019,0.0,0.0,-0.09164446271759219,0.0,-0.06424355126745007,-0.1131004252844604,0.0,0.0,-0.1516671341202025,-0.04180164692230781,0.0,0.0,-0.07872786174302981,-0.0449689417689223,-0.04092916899312482,0.0,0.0,-0.025728217395750486,-0.021573826866323365,-0.022188951956407577,-0.007732640516648459,-0.050131268743069834,-0.13162291300118745,-0.10351029191222372,-0.04630679003494853,-0.11365466128192869,-0.027807236388160517,-0.024025905824893057,-0.04630679003494853,-0.1201232996438597,-0.02113685167949919,-0.016726587986024888,-0.06773366819623472
2025-06-13,0.0,-0.09024639167872839,0.0,-0.0578811922286212,-0.1128691487154414,0.0,-0.09822057069504286,-0.05893348577277824,0.0,-0.1337871590763039,-0.18023162888526023,0.0,0.0,-0.09024639167872839,0.0,-0.0578811922286212,-0.1128691487154414,0.0,0.0,-0.15411430579563434,-0.040520814866203625,-0.002433542337019645,0.0,-0.07669854083301086,-0.04772644394099046,-0.03901697522688041,-0.002433542337019756,0.0,-0.02026302221766685,-0.02020170203960725,-0.016703903204856818,-0.006341105093667476,-0.047551781778256696,-0.12908814771464017,-0.10285608562735349,-0.0447606490650474,-0.11329542237067458,-0.02158989809576517,-0.022465525688561527,-0.0447606490650474,-0.11976668249468958,-0.012378519329750648,-0.011879046639784008,-0.06642627698563097
2025-06-16,0.0,-0.09039165063481591,0.0,-0.06167440800526969,-0.11418713140258607,0.0,-0.09736642114436922,-0.05782849091007336,0.0,-0.13724045187439704,-0.18045719815586547,0.0,0.0,-0.09039165063481591,0.0,-0.06167440800526969,-0.11418713140258607,0.0,0.0,-0.15312404533358148,-0.03939226040973054,-0.0014973095433575834,0.0,-0.07622925106921385,-0.04659789699045225,-0.037886651930652104,-0.0014646625236298672,0.0,-0.018065952918176142,-0.019696549914030803,-0.01449885254782457,-0.0058288068952478955,-0.0470607304639834,-0.12519820295810458,-0.10187502555519445,-0.04013049432807836,-0.1123336111840193,-0.018964676859554497,-0.021857476045621937,-0.04013049432807836,-0.11881189070382414,-0.008296728793884989,-0.008231340170568147,-0.06594495674702217
2025-06-17,0.0,-0.08271900295955392,0.0,-0.06016943258684393,-0.11867378586526389,0.0,-0.09454972427584174,-0.06656357066176144,0.0,-0.13504414369466333,-0.18720792337830938,0.0,0.0,-0.08271900295955392,0.0,-0.06016943258684393,-0.11867378586526389,0.0,0.0,-0.16116877664331186,-0.048652567388497325,-0.010927051296896306,0.0,-0.06780266754327935,-0.05542966451107856,-0.047161473050968405,-0.01089471259177599,0.0,-0.010979927442987703,-0.01794743643317065,-0.007387085461809995,-0.004054949794173868,-0.04536044171906428,-0.1234608003619031,-0.1016230126809522,-0.039610063862277944,-0.11258432940340302,-0.011478651852278143,-0.01994053654893091,-0.03961006386227783,-0.11906077915616231,0.0,0.0,-0.06427836231865813
2025-06-18,0.0,-0.0851615846864181,0.0,-0.06227049840956511,-0.12055196062176654,0.0,-0.09579483513532949,-0.06778674165237686,0.0,-0.13817709110468623,-0.1886667865482755,0.0,0.0,-0.0851615846864181,0.0,-0.06227049840956511,-0.12055196062176654,0.0,0.0,-0.16225511069541454,-0.04988628390843042,-0.012227347050993598,0.0,-0.06965094680778361,-0.056660825650073465,-0.04839712323640988,-0.012195050860311807,0.0,-0.010370136353541892,-0.01787413454785558,-0.0067750791665390775,-0.003980610952691643,-0.045289185981831626,-0.12022362932005592,-0.1008215469335918,-0.036151758875904605,-0.11189925847031024,-0.010876031159924637,-0.019869497460493157,-0.036151758875904605,-0.11838070794036337,0.0,0.0,-0.06420851864356714
2025-06-19,0.0,-0.08439821282885429,0.0,-0.06412434408395395,-0.12318589327123486,0.0,-0.10136358978355975,-0.06992338702546219,0.0,-0.14049441377800453,-0.19000368559568726,0.0,0.0,-0.08439821282885429,0.0,-0.06412434408395395,-0.12318589327123486,0.0,0.0,-0.1640309726820145,-0.05056585770960864,-0.012908128907675787,0.0,-0.06887463235374458,-0.05821471751119023,-0.04907776216754178,-0.012875854975821222,0.0,-0.009942952998365562,-0.01806830664541159,-0.006346343969964474,-0.004177529882108844,-0.045477937961428405,-0.11829983343065298,-0.10049318859453582,-0.03451496188877634,-0.11183749096106443,-0.01101781885933617,-0.020225677697177313,-0.03451496188877634,-0.11831939121667756,0.0,0.0,-0.06439353015909854
2025-06-20,0.0,-0.08151312876420203,0.0,-0.06715788364109543,-0.12415100570908066,0.0,-0.10492337042984723,-0.06896533012674821,0.0,-0.14322579962597548,-0.19342923106168708,0.0,0.0,-0.08151312876420203,0.0,-0.06715788364109543,-0.12415100570908066,0.0,0.0,-0.16136432406629264,-0.05484391348822448,-0.015932306493302906,0.0,-0.06594063309988829,-0.056626119686024046,-0.05270994112415106,-0.015900131439885223,0.0,-0.0185157082401749,-0.021261390499752064,-0.014950241709061562,-0.007415784307179818,-0.04858189010548708,-0.12390094325963052,-0.10272828632406605,-0.03970875359786519,-0.11376160663614954,-0.01893843072107315,-0.0231827310415067,-0.039708753597865076,-0.12022946450001659,-0.015491469306958883,-0.01627627662962261,-0.0674359718412274
2025-06-23,0.0,-0.0859534553491822,0.0,-0.07090617996307669,-0.12848485376358076,0.0,-0.10801095446184117,-0.06592167507906344,0.0,-0.14625520399070902,-0.19089838817322569,0.0,0.0,-0.0859534553491822,0.0,-0.07090617996307669,-0.12848485376358076,0.0,0.0,-0.16548121930857818,-0.0580995933027415,-0.01267510868712396,0.0,-0.06980716623059735,-0.053531258693983896,-0.05597297160894321,-0.012642827136445822,0.0,-0.007916194568880597,-0.016722367576547326,-0.004312222876188709,-0.002812550650604817,-0.04416956942206318,-0.11612107879805444,-0.09951743857727091,-0.029211003419939763,-0.10988333186262533,-0.008196202507596562,-0.018549275044503766,-0.029211003419939652,-0.11637949376994161,0.0,0.0,-0.06311108932399401
2025-06-24,0.0,-0.08128378340452813,0.0,-0.0741788385302593,-0.12481567579406594,0.0,-0.11035960713182791,-0.06106835659469245,0.0,-0.14929877108285738,-0.18707886861356038,0.0,0.0,-0.08128378340452813,0.0,-0.0741788385302593,-0.12481567579406594,0.0,0.0,-0.1612178380176721,-0.06271037027232107,-0.008066239167840217,0.0,-0.06505500628382943,-0.04861356162885977,-0.060594158785651886,-0.008033806925676235,0.0,-0.020937435460134046,-0.023174239819428566,-0.017380766407923742,-0.00935569351611465,-0.05044134416868051,-0.12252450459428299,-0.10250583852149464,-0.036464641482689575,-0.11301537966273523,-0.022016772900365966,-0.02548970321311894,-0.03646464148268924,-0.1194886835668939,-0.019325212246997236,-0.020164853735794575,-0.06925857743735186
2025-06-25,0.0,-0.0790135554005661,0.0,-0.0797950405681832,-0.12402972859299666,0.0,-0.11250915480816148,-0.06012051286654607,0.0,-0.1559326080552722,-0.18713251881453308,0.0,0.0,-0.0790135554005661,0.0,-0.0797950405681832,-0.12402972859299666,0.0,0.0,-0.15914513404341035,-0.06494456431628426,-0.005783251964769698,0.0,-0.06274467555432073,-0.04695218451584171,-0.06283339719045011,-0.005750745078111574,0.0,-0.021039919255858575,-0.023422946596117544,-0.017483622499513407,-0.009607918592842046,-0.05068310854693081,-0.12302711780416664,-0.10289471125753058,-0.03995480686562236,-0.11511703442375565,-0.022841619639530575,-0.02618011921032437,-0.03995480686562225,-0.1215750002378756,-0.018940378071100272,-0.0196854133298896,-0.06949555081435788
2025-06-26,0.0,-0.07328459264916953,0.0,-0.07486521235061394,-0.11852300819829953,0.0,-0.11087538346979753,-0.06745990221389886,0.0,-0.15362946808133737,-0.18254290269091522,0.0,0.0,-0.07328459264916953,0.0,-0.07486521235061394,-0.11852300819829953,0.0,0.0,-0.15391462686858337,-0.07052035270800094,0.0,0.0,-0.05691451282632021,-0.05371601066909981,-0.06842177459101484,0.0,0.0,-0.019430194089381514,-0.022404827698030316,-0.015868049637608572,-0.008575397000119889,-0.049442701098392106,-0.12091465663692524,-0.10135782502246271,-0.041655173327092454,-0.11666082624818208,-0.020496160610636416,-0.02469150585505986,-0.04165517332709234,-0.12310752531267044,-0.017655273887804412,-0.018212606781500496,-0.06852546436683371
2025-06-27,0.0,-0.07467934381598973,0.0,-0.07767281818262473,-0.12001169737045803,0.0,-0.11207310525710223,-0.06890145623103139,0.0,-0.15577003239605913,-0.18401196390375885,0.0,0.0,-0.07467934381598973,0.0,-0.07767281818262473,-0.12001169737045803,0.0,0.0,-0.1551880259639733,-0.07045199384863754,-0.0015501805530699908,0.0,-0.05833390174897446,-0.05516638393782525,-0.067718873048213,-0.0015501805530699908,0.0,-0.00870392284802568,-0.018525653144692122,-0.005102812758762787,-0.0046413461777795595,-0.04175040879841707,-0.12083365760784892,-0.10071139982296118,-0.041769721603185705,-0.11618551932006149,-0.009266932654410254,-0.020806248994101106,-0.04176972160318548,-0.12263568722281692,-0.007811367395956448,-0.0064671109811715866,-0.06482930012821309
2025-06-30,0.0,-0.06874092548927835,0.0,-0.07560843367263703,-0.11509767418253547,0.0,-0.10603854357808273,-0.06250752592095321,0.0,-0.15405521904952046,-0.1788270960267727,0.0,0.0,-0.06874092548927835,0.0,-0.07560843367263703,-0.11509767418253547,0.0,0.0,-0.1497662871583898,-0.06448644571308426,0.0,0.0,-0.052290583491541365,-0.04866656422582882,-0.06173578459888662,0.0,0.0,-0.010155055518864198,-0.018779198137818143,-0.0065592170014578954,-0.0049725119095068715,-0.042817014894008465,-0.12077201747857602,-0.10049241572182877,-0.03837698472419726,-0.11521013557133697,-0.010650401838245394,-0.021076976126702007,-0.03802327185540366,-0.12155940751419592,-0.010149632088560012,-0.008501825377707717,-0.06511218195875446
2025-07-01,0.0,-0.06881037081883379,0.0,-0.07707576862167365,-0.11504701785627647,0.0,-0.10758694085398679,-0.06264396760817903,0.0,-0.15484684933803583,-0.1787829973475773,0.0,0.0,-0.06881037081883379,0.0,-0.07707576862167365,-0.11504701785627647,0.0,0.0,-0.14982969031010507,-0.0645220971106778,-0.00023840930550644845,0.0,-0.0523439776034359,-0.04878921557757565,-0.06177154082116454,-0.0002384093055062264,0.0,-0.0023438370408930265,-0.01644697026536379,0.0,-0.001992221640932601,-0.04187072410162951,-0.11770077025366676,-0.09955336672623194,-0.039217668813355644,-0.11556339633779567,-0.0032741702438560116,-0.018880134268054682,-0.03838715695533268,-0.12177247418415083,-0.0035600877356420924,-0.003398398143336645,-0.06475879250847028
2025-07-02,0.0,-0.0698172120878402,0.0,-0.07082814835699447,-0.1142577224437008,0.0,-0.09867588133427341,-0.06368311770916657,0.0,-0.148429469783678,-0.17848750947209935,0.0,0.0,-0.0698172120878402,0.0,-0.07082814835699447,-0.1142577224437008,0.0,0.0,-0.15074893009398505,-0.06548810766797553,-0.0011263087907215086,0.0,-0.05336457689569396,-0.04984372501532974,-0.06274039170895618,-0.0011263087907213976,0.0,0.0,-0.014585739141196319,0.0,0.0,-0.04187072410162951,-0.11221377520620435,-0.09783402578985478,-0.03424992216547418,-0.11418494694903203,0.0,-0.017033251624968493,-0.03348842814408337,-0.12041767868894548,-0.0003400692319025511,-0.0004741384069179011,-0.06475879250847028
2025-07-03,0.0,-0.07379083471561909,0.0,-0.07280801237122891,-0.11816563605684716,0.0,-0.10332340764620462,-0.06777276420649181,0.0,-0.15073496745015347,-0.18232729851787177,0.0,0.0,-0.07379083471561909,0.0,-0.07280801237122891,-0.11816563605684716,0.0,0.0,-0.15437682271025088,-0.0679337864102193,-0.0033181628483176517,0.0,-0.05671333015034852,-0.053298982716926124,-0.06519326140357395,-0.0033181628483175407,0.0,0.0,-0.011925636547510776,0.0,0.0,-0.04187072410162951,-0.10718475769058822,-0.09609819781510143,-0.031218987373003326,-0.11327436308613936,0.0,-0.014373900737945422,-0.0300336757473032,-0.11937234950318965,0.0,0.0,-0.06475879250847028
2025-07-04,0.0,-0.07342738814693561,0.0,-0.07076458281153353,-0.11793620343700029,0.0,-0.10377275173999367,-0.06784274420406666,0.0,-0.15284489844106086,-0.1822817212308777,0.0,0.0,-0.07342738814693561,0.0,-0.07076458281153353,-0.11793620343700029,0.0,0.0,-0.15404499826529316,-0.06962479848769543,-0.003775072198395235,0.0,-0.056343182330297004,-0.05314935321758307,-0.06622354289394417,-0.003775072198395013,0.0,-0.00111953087410821,-0.012364677703350924,-0.001119530874108099,-0.0007732551494916695,-0.04187072410162951,-0.10751583395524744,-0.09625619856849388,-0.03157660375261129,-0.11350219760607261,-0.0011661221584692294,-0.014828600312841278,-0.030509993853331863,-0.11963116859571243,-0.0007289689730967108,-0.0005597654370540495,-0.06475879250847028
2025-07-07,0.0,-0.06533065210228362,0.0,-0.0674345159737777,-0.11003874201456254,0.0,-0.10779258586985363,-0.06316686845981823,0.0,-0.15408904288822023,-0.1753842308000868,0.0,0.0,-0.06533065210228362,0.0,-0.0674345159737777,-0.11003874201456254,0.0,0.0,-0.14665272887692793,-0.06149483400054134,-0.011318357964868686,0.0,-0.04809715814215765,-0.04810938474819282,-0.05806385697059524,-0.011318357964868464,0.0,-0.002175079635438837,-0.012954554792434458,-0.002175079635438726,-0.002035698425894905,-0.04187072410162951,-0.1093571805794683,-0.09719481111582196,-0.0310537487837087,-0.11355647175138939,-0.002205631250250306,-0.01541339487814064,-0.031132643590019216,-0.12009102367625557,-0.0008467689224612718,-0.0010878355786896332,-0.06475879250847028
2025-07-08,0.0,-0.0670718164893287,0.0,-0.06912020456643941,-0.1119228653137051,0.0,-0.10509253800107088,-0.06290642673709168,0.0,-0.1511574287702493,-0.17590533760504456,0.0,0.0,-0.0670718164893287,0.0,-0.06912020456643941,-0.1119228653137051,0.0,0.0,-0.14824240107662456,-0.06324314400532693,-0.009779427625460801,0.0,-0.04987042623091842,-0.04754268981673038,-0.05981855842817718,-0.00977942762546069,0.0,-0.0017414077374512393,-0.012753274559366146,-0.0017414077374509063,-0.0016420441809364972,-0.04187072410162951,-0.107765415170606,-0.09651609648765014,-0.03019087736657422,-0.11328592047740427,-0.0016830774671078297,-0.015173945604431083,-0.02980588021994668,-0.11963633237370963,-0.0008335977604185807,-0.000870763362198157,-0.06475879250847028
2025-07-09,0.0,-0.06678557404096508,0.0,-0.06893623074114752,-0.11162320378257362,0.0,-0.10495867826558891,-0.062899413411863,0.0,-0.15091236005233533,-0.17567958965183195,0.0,0.0,-0.06678557404096508,0.0,-0.06893623074114752,-0.11162320378257362,0.0,0.0,-0.1479810635108425,-0.06294086232944285,-0.01026391141864047,0.0,-0.049571367672058275,-0.047359328038575454,-0.05951517167421361,-0.010263911418640359,0.0,-0.0019100659559895261,-0.012896565665871829,-0.001910065955989193,-0.001992418120730255,-0.04187072410162951,-0.10833067105743399,-0.09688859534762162,-0.027890879290558446,-0.11251197209830954,-0.00243463509072539,-0.015576113951290771,-0.028124860837252186,-0.11911204481286253,-0.0009790475638169482,-0.0009551660202102852,-0.06475879250847028
2025-07-10,0.0,-0.06863979965712286,0.0,-0.07227801816230461,-0.11371917063221715,0.0,-0.10010801279756709,-0.06580015440031739,0.0,-0.1457179161370461,-0.17752537886371833,0.0,0.0,-0.06863979965712286,0.0,-0.07227801816230461,-0.11371917063221715,0.0,0.0,-0.15088487789687055,-0.0647797221705727,-0.00855222845721837,0.0,-0.051456075384236355,-0.04952534961991406,-0.061360753999251894,-0.008552228457218258,0.0,0.0,-0.011459988119883913,0.0,0.0,-0.04187072410162951,-0.10625692700412226,-0.09592041287325559,-0.024343313474918027,-0.11107224420377282,0.0,-0.014096741335122398,-0.02431870565522265,-0.11756359677931538,0.0,0.0,-0.06475879250847028
2025-07-11,0.0,-0.06342564033457088,0.0,-0.07647822990520603,-0.10923003624017269,0.0,-0.10129832158586316,-0.07009290631101772,0.0,-0.14869155083741625,-0.17574429041702244,0.0,0.0,-0.06342564033457088,0.0,-0.07647822990520603,-0.10923003624017269,0.0,0.0,-0.15572916039548645,-0.05977072511994874,-0.013338923734532826,0.0,-0.04614124175836054,-0.05311497971433188,-0.05631847548570601,-0.013338923734532604,0.0,0.0,-0.008914821320407551,0.0,0.0,-0.04187072410162951,-0.10785407101479416,-0.09674284977907155,-0.02779505264781934,-0.11265384443664961,0.0,-0.011660043804387787,-0.028045463570184448,-0.11925781035011573,0.0,0.0,-0.06475879250847028
2025-07-14,0.0,-0.05917629435215799,0.0,-0.07308083342413818,-0.10528339633786288,0.0,-0.1008497780679829,-0.06585398689811262,0.0,-0.1463964447758852,-0.1716210721410809,0.0,0.0,-0.05917629435215799,0.0,-0.07308083342413818,-0.10528339633786288,0.0,0.0,-0.1596090809036661,-0.05548508650704753,-0.017200882108813098,0.0,-0.041803476679057816,-0.048786706869201946,-0.05201710124881476,-0.017119990460827683,0.0,0.0,-0.00658573788380401,0.0,0.0,-0.04187072410162951,-0.11090802760309226,-0.09828884580686403,-0.026799132622289834,-0.11219934880365112,0.0,-0.00941163431477443,-0.027438067522283616,-0.11898261264016008,0.0,0.0,-0.06475879250847028
2025-07-15,0.0,-0.05183446032158179,0.0,-0.07703029023834596,-0.11331497181350891,0.0,-0.10153542228109957,-0.0587737233569664,0.0,-0.14638207218656185,-0.16529172736728848,0.0,0.0,-0.05183446032158179,0.0,-0.07703029023834596,-0.11331497181350891,0.0,0.0,-0.1672912026225971,-0.048366248708202386,-0.024675156755755046,0.0,-0.03432607171926971,-0.04156112638096121,-0.04487212513898131,-0.02459488029594248,0.0,0.0,-0.006138232441851188,0.0,0.0,-0.04187072410162951,-0.11241938613105151,-0.09905525068113796,-0.02596846633268146,-0.11182046192759021,0.0,-0.008844896373762401,-0.02686238680667563,-0.11872186589330436,0.0,0.0,-0.06475879250847028
2025-07-16,0.0,-0.05544235295760913,0.0,-0.08018979379604119,-0.11705840731739059,0.0,-0.10290873841675496,-0.062451174310649504,0.0,-0.1518956512389078,-0.16882240332277365,0.0,0.0,-0.05544235295760913,0.0,-0.08018979379604119,-0.11705840731739059,0.0,0.0,-0.17047218869122682,-0.05191115701350513,-0.02110339379131465,0.0,-0.038000586040713435,-0.04530582841202657,-0.04843004932107842,-0.021022823348950448,0.0,0.0,-0.0052379983913729555,0.0,0.0,-0.04187072410162951,-0.10801560255636455,-0.09682020542059733,-0.020945717318580526,-0.10953044217720231,0.0,-0.007979627147426727,-0.021590132263230255,-0.11633457627280741,0.0,0.0,-0.06475879250847028
2025-07-17,0.0,-0.04958017697829187,0.0,-0.08507809852115644,-0.11227944843518545,0.0,-0.10550235497298843,-0.05664575118996984,0.0,-0.15650226759808739,-0.1636611013223207,0.0,0.0,-0.04958017697829187,0.0,-0.08507809852115644,-0.11227944843518545,0.0,0.0,-0.16640511183733997,-0.04616885723842268,-0.027024537827052275,0.0,-0.032030161816964164,-0.03939423910056883,-0.04266666548402509,-0.026944454738706103,0.0,0.0,-0.005043604044859373,0.0,0.0,-0.04187072410162951,-0.10759842317323609,-0.09660899769620412,-0.019607247580823772,-0.1089217596063673,0.0,-0.0077068362248170486,-0.02028511525310328,-0.11574525351183984,0.0,0.0,-0.06475879250847028
2025-07-18,0.0,-0.05425078271110062,0.0,-0.08582682343828707,-0.1168653472156026,0.0,-0.10260961918846623,-0.061165022785193646,0.0,-0.15704268325925264,-0.16784698089140704,0.0,0.0,-0.05425078271110062,0.0,-0.08582682343828707,-0.1168653472156026,0.0,0.0,-0.16236504400249652,-0.050651644526369055,-0.02234315346510707,0.0,-0.036776658351819536,-0.04397339263876532,-0.04716280025352282,-0.022262685064148302,0.0,-0.001670821048139648,-0.005874801089030823,-0.001670821048139648,-0.001670821048139648,-0.04187072410162951,-0.11016570192743458,-0.0979084443731113,-0.02173658060035011,-0.10988943420186481,-0.0018113609447689694,-0.008605536766128852,-0.022196594275581294,-0.11660786896494457,-0.0008354105240698795,-0.0008354105240697685,-0.06475879250847028
2025-07-21,0.0,-0.060893316306468326,0.0,-0.0810114344791023,-0.12191329179686661,0.0,-0.10244791621379157,-0.06948758397466026,0.0,-0.15846538138993715,-0.17477853363150841,0.0,0.0,-0.060893316306468326,0.0,-0.0810114344791023,-0.12191329179686661,0.0,0.0,-0.1564544463529468,-0.057315235173371115,-0.015690788092544428,0.0,-0.0435397809211685,-0.051786267006796116,-0.053850879519409034,-0.015609772152634704,0.0,-0.012880483936301146,-0.011456030498812608,-0.012880483936301257,-0.012880483936301257,-0.04187072410162951,-0.11222932673228758,-0.0989544697479886,-0.023521114547345623,-0.11070129759660396,-0.012760919812610405,-0.014043052087233665,-0.023888555631187303,-0.11737216643967596,-0.006444932139762161,-0.006444932139762161,-0.06475879250847028
2025-07-22,0.0,-0.06861827617726557,0.0,-0.08392006246077222,-0.12932366357814384,0.0,-0.10128794398598284,-0.06169711154478741,0.0,-0.16293197444797025,-0.16836772314779802,0.0,0.0,-0.06861827617726557,0.0,-0.08392006246077222,-0.12932366357814384,0.0,0.0,-0.14945168222426586,-0.06500130879125654,-0.007759868259182401,0.0,-0.05140748854022015,-0.0436648895626397,-0.0615651993693207,-0.007678199545818054,0.0,-0.019048937180595193,-0.014544707784878708,-0.019048937180595416,-0.019048937180595527,-0.04187072410162951,-0.11460328077303394,-0.10015919566530507,-0.02527135567428518,-0.11149828726338984,-0.01874934371230974,-0.017033375439219678,-0.025698996411550934,-0.11819069255827652,-0.00954926645895715,-0.009549266458957262,-0.06475879250847028
2025-07-23,0.0,-0.07129823441212813,0.0,-0.08054906849232357,-0.1307685062392444,0.0,-0.10326524355420086,-0.06177975576489203,0.0,-0.16427940906267036,-0.16704210006884868,0.0,0.0,-0.07129823441212813,0.0,-0.08054906849232357,-0.1307685062392444,0.0,0.0,-0.14705231821152553,-0.06760433430007184,-0.005105525156245738,0.0,-0.05413696910398014,-0.04300462044286679,-0.06417779096690202,-0.005023637970780759,0.0,-0.0131712817660804,-0.011592385873221311,-0.013171281766080511,-0.013171281766080734,-0.04187072410162951,-0.11062810889772656,-0.09813918487242113,-0.0249414684919973,-0.11134793499448958,-0.012902559328473617,-0.014104870946770598,-0.02475335670225931,-0.11776275812422143,-0.006581978722871695,-0.006581978722871917,-0.06475879250847028
2025-07-24,0.0,-0.06657931794925132,0.0,-0.08411015931618249,-0.1275916414246261,0.0,-0.10111731991364326,-0.05690037523008751,0.0,-0.16217856659613505,-0.16277673234746415,0.0,0.0,-0.06657931794925132,0.0,-0.08411015931618249,-0.1275916414246261,0.0,0.0,-0.15140443963779238,-0.06290096094447295,-0.009978571179901974,0.0,-0.04933085287430283,-0.03802759649182652,-0.059457132768389376,-0.009897085082224422,0.0,-0.017507136087022923,-0.01376378165111991,-0.017507136087023256,-0.017507136087023256,-0.04187072410162951,-0.11319535768412381,-0.09944083444460727,-0.030363276512135884,-0.11381860764513974,-0.017164545778300955,-0.016233268563786596,-0.02989469884228113,-0.12008826395411831,-0.008764381677137889,-0.008764381677138,-0.06475879250847028
2025-07-25,0.0,-0.06222671438285077,0.0,-0.08689301690062423,-0.1263288821159293,0.0,-0.09972266235867655,-0.052397045606458525,0.0,-0.16252750333045685,-0.1591898747312801,0.0,0.0,-0.06222671438285077,0.0,-0.08689301690062423,-0.1263288821159293,0.0,0.0,-0.15539778724852316,-0.058559590311091037,-0.014476532303378753,0.0,-0.04489238343935742,-0.03343414877108464,-0.05509253711420525,-0.014395416421222551,0.0,-0.018617424541328975,-0.01447574416428088,-0.018617424541329308,-0.019079772432739728,-0.04187072410162951,-0.1162354925604493,-0.101065921976211,-0.027992865097773878,-0.11322972906544937,-0.01820753276503806,-0.016905684245472674,-0.028975257474837757,-0.12010539113596519,-0.009420880589672387,-0.009324465878735921,-0.06475879250847028
2025-07-28,0.0,-0.05232078945231222,0.0,-0.08366901935281479,-0.13202416816895002,0.0,-0.0923862358068801,-0.04213509244692859,0.0,-0.15700130599524909,-0.14929048164390235,0.0,0.0,-0.05232078945231222,0.0,-0.08366901935281479,-0.13202416816895002,0.0,0.0,-0.16419889392892384,-0.048609312449330866,-0.024308584182971882,0.0,-0.03480050292407022,-0.022955954745853213,-0.04510561525212864,-0.024228277551521238,0.0,-0.019137607784014188,-0.014169794417379755,-0.019137607784014632,-0.017906241978792647,-0.04187072410162951,-0.12113297557912384,-0.1021276564104191,-0.025824600988405,-0.11247536963246241,-0.018688311333935115,-0.0165805427998158,-0.02784862632084728,-0.11959247954660879,-0.012133237265273156,-0.009587020373117205,-0.06475879250847028
2025-07-29,0.0,-0.04942249979038238,0.0,-0.08347751226578326,-0.13414277511930073,0.0,-0.0922998104497551,-0.0395665607248088,0.0,-0.1558913303863385,-0.1474597805228497,0.0,0.0,-0.04942249979038238,0.0,-0.08347751226578326,-0.13414277511930073,0.0,0.0,-0.16673162368258498,-0.045572641975766603,-0.027248107044872127,0.0,-0.03183862980249963,-0.02011893403817,-0.042057761598020216,-0.027168042357929134,0.0,-0.012481780085552674,-0.012366065838968376,-0.012481780085553118,-0.01584765714905767,-0.04187072410162951,-0.11764741518574451,-0.10120617673708121,-0.020273384009509843,-0.11121572451956163,-0.012138725116184634,-0.014811399710367379,-0.022237261149518184,-0.11831823357042393,-0.008017960250558231,-0.006226702863224909,-0.06475879250847028
2025-07-30,0.0,-0.036983171042955454,0.0,-0.08113404019872084,-0.14425098592524543,0.0,-0.08831917070130213,-0.02827470365166329,0.0,-0.15090117569176942,-0.15653837002309967,0.0,0.0,-0.036983171042955454,0.0,-0.08113404019872084,-0.14425098592524543,0.0,0.0,-0.17836354565146095,-0.0318409458131419,-0.04070421730232243,0.0,-0.018529471433046063,-0.00847325756316375,-0.02827549556332576,-0.04062526015293655,0.0,-0.011033665171032991,-0.011968806070669968,-0.011033665171033435,-0.015381668650645941,-0.04187072410162951,-0.12102518968609677,-0.10230493007185526,-0.019170115020855638,-0.11101795839177964,-0.010660906642631529,-0.014406469454403159,-0.021857789894392243,-0.11831103546281019,-0.008311227197807414,-0.0054980591257149936,-0.06475879250847028
2025-07-31,0.0,-0.04019527236620701,0.0,-0.08413766837353198,-0.14730117957317201,0.0,-0.08868599158119106,-0.02660424534054162,0.0,-0.1532216395557403,-0.15932959634151622,0.0,0.0,-0.04019527236620701,0.0,-0.08413766837353198,-0.14730117957317201,0.0,0.0,-0.18105689513841572,-0.030005681703786924,-0.04252346069972479,0.0,-0.021180120355259513,-0.006639618176661255,-0.026433472706171135,-0.04244465328754732,0.0,-0.018431341492534892,-0.014574264223863764,-0.018431341492535447,-0.018960890644545758,-0.042114463519017487,-0.11805197136735912,-0.10155409256413028,-0.01710566537104785,-0.11108318600351097,-0.017907906607727897,-0.016946663163988296,-0.020444552244413328,-0.11852556723740393,-0.012238071271208573,-0.009579018598742772,-0.06499670940837643
2025-08-01,0.0,-0.054208933943085014,0.0,-0.07714096898558742,-0.15922929265685626,0.0,-0.0912530414130025,-0.03986956899941563,0.0,-0.15185598310175086,-0.17140648119908797,0.0,0.0,-0.054208933943085014,0.0,-0.07714096898558742,-0.15922929265685626,0.0,0.0,-0.19301390180011524,-0.04505363029684162,-0.029379244629220813,0.0,-0.034870131745667776,-0.02004999845874611,-0.040921788137372794,-0.029299355350688394,0.0,-0.0160796182054761,-0.013140006915871916,-0.016079618205476542,-0.018303058489645974,-0.041042024101740626,-0.1075905853895387,-0.09646987567666099,-0.010766700446414146,-0.10903654345251945,-0.014531044327952602,-0.014944787914623614,-0.01362572123585215,-0.11621918410285348,-0.006593048738009033,-0.0067826901728387234,-0.06394988873312346
2025-08-04,0.0,-0.05542557908097323,0.0,-0.0778694723477118,-0.16051810867048522,0.0,-0.09228770811275844,-0.03916200473563758,0.0,-0.15273034597022117,-0.17355145779821157,0.0,0.0,-0.05542557908097323,0.0,-0.0778694723477118,-0.16051810867048522,0.0,0.0,-0.19405199123440375,-0.04628205261900098,-0.030701732103221913,0.0,-0.036111653899749574,-0.019211486621940277,-0.04215552557177449,-0.03062195167520554,0.0,-0.01692665011352723,-0.013638479153389893,-0.01747401449803654,-0.01860919956775209,-0.04134107405920329,-0.11382059225734531,-0.09975615188874032,-0.015914345497727855,-0.1114090896803428,-0.01424970197293729,-0.014734457643174825,-0.018269630287708782,-0.1182941064169416,-0.007546343416197199,-0.007637725568607423,-0.06424179489897497
2025-08-05,0.0,-0.05529035150944561,0.0,-0.07826546344092944,-0.16046810896713504,0.0,-0.09347728785014309,-0.03943372611187035,0.0,-0.15334337030093903,-0.17490859513409907,0.0,0.0,-0.05529035150944561,0.0,-0.07826546344092944,-0.16046810896713504,0.0,0.0,-0.19393660975721227,-0.04614551603798578,-0.03063439489096842,0.0,-0.03597366129971702,-0.019432785688287102,-0.04201839822711051,-0.03055460892060069,0.0,-0.01068829006675076,-0.009417838968584169,-0.015973158438834845,-0.016171462247361768,-0.038959801848110764,-0.11105755673777173,-0.09780876759167467,-0.013130073480160154,-0.1098363352364321,-0.009138971113860972,-0.01131449662563111,-0.015318176160000752,-0.11661265877752547,0.0,-0.0013404201178430775,-0.06191740720507022
2025-08-06,0.0,-0.049883565448468614,0.0,-0.08050937839082317,-0.15600982964532184,0.0,-0.0962141862725957,-0.04662001295579399,0.0,-0.1552892340477594,-0.1711401867726542,0.0,0.0,-0.049883565448468614,0.0,-0.08050937839082317,-0.15600982964532184,0.0,0.0,-0.18932332745445168,-0.04068639202424629,-0.02456141793895117,0.0,-0.030456321470672676,-0.026157266374780108,-0.036535653788738354,-0.02448113211759184,0.0,0.0,0.0,-0.010904827148040863,-0.009452030680580759,-0.032396011922725565,-0.10077104407459714,-0.08988163078452982,-0.00400157506516019,-0.1038102038731894,0.0,0.0,-0.005683374761148774,-0.11025305542180497,0.0,0.0,-0.05551041498600651
2025-08-07,0.0,-0.04759739637786664,0.0,-0.08917846013163588,-0.15530137644811426,0.0,-0.10076951389877431,-0.04457719767486379,0.0,-0.16301858074655395,-0.17073794436146716,0.0,0.0,-0.04759739637786664,0.0,-0.08917846013163588,-0.15530137644811426,0.0,0.0,-0.1873726781786007,-0.038378092725543156,-0.022246418355356568,0.0,-0.028123406587985067,-0.024061663105378495,-0.03421736698847311,-0.022165941992381866,0.0,-2.3008406239810597e-05,-0.000142587219240764,-0.01103561860170621,-0.009502908995750459,-0.03244571174766042,-0.09898101822497973,-0.08843175213211663,-0.004246018592972689,-0.10406111079954872,0.0,0.0,-0.00592084248049507,-0.11048682639956686,0.0,-2.3008406239810597e-05,-0.05555892756719305
2025-08-08,0.0,-0.049704305976687846,0.0,-0.08684757986318348,-0.1578115872516369,0.0,-0.10258434477623635,-0.04809050368934986,0.0,-0.16172600128115444,-0.1734615854555004,0.0,0.0,-0.049704305976687846,0.0,-0.08684757986318348,-0.1578115872516369,0.0,0.0,-0.18917037622992738,-0.04050539731203617,-0.02468896064231929,0.0,-0.030270582408445823,-0.027030928773689844,-0.03635107936664961,-0.02460868531866911,0.0,-0.0004905112376133447,-0.000736165478346984,-0.011414670643216662,-0.009776094598343499,-0.03271256957458213,-0.0969164281897934,-0.08676670329800018,-0.0020332139020422524,-0.10265818376216695,-0.0008907645941078624,-0.0009801405965278454,-0.0036911541311783758,-0.10906295989208081,-0.0003557335907476977,-0.0004905112376133447,-0.05581941061740037
2025-08-11,0.0,-0.05233033335790904,0.0,-0.08915276507674386,-0.16165696335395519,0.0,-0.10435535404615504,-0.04540728280430795,0.0,-0.16345889596158003,-0.17317650910620674,0.0,0.0,-0.05233033335790904,0.0,-0.08915276507674386,-0.16165696335395519,0.0,0.0,-0.1914110059696147,-0.043150848940019304,-0.02755699563682712,0.0,-0.03294728264613189,-0.024240980729843153,-0.03900798499045621,-0.027443984026820467,0.0,-0.0008943699624035517,-0.0012918346826965577,-0.011841567997727176,-0.01002632649960411,-0.0329570053748699,-0.0987244612741246,-0.08866710167289837,0.0,-0.10026409333225339,-0.0008660565493344707,-0.001105134882845804,-0.001278416298728935,-0.10703822803809071,-0.0006655870821220544,-0.0008943699624035517,-0.056058007264810805
2025-08-12,0.0,-0.047900317137902104,0.0,-0.08663609111480208,-0.16013199318190863,0.0,-0.10524679543067961,-0.050109466821936954,0.0,-0.161549060011432,-0.17676694272643367,0.0,0.0,-0.047900317137902104,0.0,-0.08663609111480208,-0.16013199318190863,0.0,0.0,-0.1876311420729827,-0.038731718507563406,-0.022902764675026055,0.0,-0.028426657607388828,-0.029047426853744285,-0.034569721075845106,-0.022789212177654283,0.0,-0.00528508528537186,-0.005680803289016323,-0.014431816268585806,-0.012201618304040207,-0.03508191107393499,-0.09353850667408192,-0.08342327685664863,0.0,-0.09655823088553162,-0.004505354037881104,-0.004743561540024421,0.0,-0.10267627372727017,-0.005057307824805624,-0.005285085285371749,-0.05813215260384741
2025-08-13,0.0,-0.044515024221667865,0.0,-0.08469572541731318,-0.15715539683033442,0.0,-0.10768490378316986,-0.05380674471952018,0.0,-0.16041907430086544,-0.17945778611457675,0.0,0.0,-0.044515024221667865,0.0,-0.08469572541731318,-0.15715539683033442,0.0,0.0,-0.18474267714687065,-0.03536871246357021,-0.01940323264096011,0.0,-0.024968565649579166,-0.03282177852753554,-0.03119215424503774,-0.019289273448545363,0.0,-0.01012044379572774,-0.010514238194540004,-0.017744828178963945,-0.014602486754283328,-0.037427168405490874,-0.09986202414226886,-0.08981735863773388,-0.006259931134507957,-0.10221371414422631,-0.009251549015552918,-0.009488620821733629,-0.00624607508970676,-0.10828102510134496,-0.009893773572688835,-0.01012044379572774,-0.06042138575204248
2025-08-14,0.0,-0.05245920755200939,0.0,-0.08703501615748299,-0.1653009929961753,0.0,-0.10453510858047088,-0.047052002655640135,0.0,-0.16202218852220152,-0.17471877264461888,0.0,0.0,-0.05245920755200939,0.0,-0.08703501615748299,-0.1653009929961753,0.0,0.0,-0.19050910357435513,-0.04184967501930492,-0.02620864814556556,0.0,-0.032466505830742065,-0.025912512640781316,-0.037701177384931395,-0.026095479838539104,0.0,-0.005165965517131221,-0.005561730909063867,-0.014408435573367684,-0.012136464224289933,-0.035018266152781696,-0.10312555950478286,-0.09311731188501426,-0.005777801681934092,-0.10177813825865079,-0.003709895911884531,-0.003948293755677845,-0.0063229241134443726,-0.10834998355368564,-0.004938160779605738,-0.00516596551713111,-0.05807002805092176
2025-08-15,0.0,-0.054749311137935686,0.0,-0.08596289051947437,-0.1668732108950256,0.0,-0.1023821832782259,-0.049312684399530404,0.0,-0.15983805071185175,-0.17663859329559461,0.0,0.0,-0.054749311137935686,0.0,-0.08596289051947437,-0.1668732108950256,0.0,0.0,-0.18862906213027908,-0.04092038317319835,-0.023964507595299667,0.0,-0.03480492961382409,-0.028221981487534742,-0.036173119511136664,-0.023851078487449273,0.0,-0.001788735966196664,-0.002185844889342259,-0.011668290450719598,-0.010459681057614967,-0.033380322176852606,-0.09686386922692314,-0.08678574722564736,-0.0020914213242866353,-0.0984477082667089,-0.00024033377070831197,-0.00047956183065045455,-0.002404097557131002,-0.10483352750555819,-0.0015601578847116437,-0.001788735966196664,-0.05647121175296976
2025-08-18,0.0,-0.05271580703548018,0.0,-0.08813613006369814,-0.1659028231972326,0.0,-0.10542119241848558,-0.047356821512104186,0.0,-0.16268492432750936,-0.17503229214670202,0.0,0.0,-0.05271580703548018,0.0,-0.08813613006369814,-0.1659028231972326,0.0,0.0,-0.19036852606774557,-0.03885712909850758,-0.025966934862892033,0.0,-0.032728519452554505,-0.026209093358815605,-0.03409965271695681,-0.025853738465368536,0.0,-0.008371928194638611,-0.008766418188835057,-0.017727120199947932,-0.013722684778424088,-0.03656774521052464,-0.09831266065952726,-0.08825070576342497,-0.0009499979286035076,-0.09741649869480451,-0.0073305692452473314,-0.007568100714164139,-0.00155470977239347,-0.1040713516935069,-0.00814485758306882,-0.008371928194638611,-0.05958249270616134
2025-08-19,0.0,-0.047858865717868015,0.0,-0.08603602574346092,-0.16179336262783306,0.0,-0.11221882794842708,-0.04226581514018979,0.0,-0.1613460150158218,-0.17075409467106006,0.0,0.0,-0.047858865717868015,0.0,-0.08603602574346092,-0.16179336262783306,0.0,0.0,-0.19452112088221907,-0.03392913118987495,-0.03080959839806452,0.0,-0.027769098769605538,-0.021001067527088302,-0.029147262145830077,-0.030696964786432246,0.0,-0.014713663072830951,-0.015105630194766517,-0.024179423695238178,-0.01687644243583053,-0.039648452638386344,-0.1031290322701377,-0.09312082340305727,-0.0023030829104477846,-0.09863893218456399,-0.014803863276106166,-0.015039606493613689,-0.003447755787030715,-0.10577002679736691,-0.014488044640417752,-0.01471366307283073,-0.06258960730670415
2025-08-20,0.0,-0.046524507296823225,0.0,-0.09277832622550874,-0.16228136965037065,0.0,-0.10991694350204584,-0.040916667996233724,0.0,-0.16693600497946848,-0.16996449789562917,0.0,0.0,-0.046524507296823225,0.0,-0.09277832622550874,-0.16228136965037065,0.0,0.0,-0.19575573657912793,-0.03256270091358793,-0.032259598207195816,0.0,-0.02640027079003915,-0.019617236414672168,-0.02777406829675544,-0.032147133106018466,0.0,-0.005450636218638283,-0.0058462883627248274,-0.015005387819154725,-0.012255095537269334,-0.03513414961840389,-0.09739425279267167,-0.08732204935682686,0.0,-0.09166915072393134,-0.00540695861111451,-0.005644950372295288,0.0,-0.09873160570296202,-0.005222896667196331,-0.005450636218638172,-0.058183143258903725
2025-08-21,0.0,-0.0425479214938389,0.0,-0.09456624571066141,-0.15907572512869728,0.0,-0.10937883298382367,-0.03671527326583235,0.0,-0.1686847899276317,-0.1664532424286863,0.0,0.0,-0.0425479214938389,0.0,-0.09456624571066141,-0.15907572512869728,0.0,0.0,-0.20006358398450763,-0.028560371038680366,-0.03607016237644012,0.0,-0.02233975440488334,-0.015322536632852102,-0.02375192764196543,-0.03595814011663223,0.0,-0.0004487342242945891,-0.0008463762276285092,-0.010051539679980404,-0.009771255424622316,-0.03270784249024461,-0.09604183987297432,-0.08595454482254727,0.0,-0.08568739601954578,-0.0004079638675917874,-0.000647151816071001,0.0,-0.09299394662495974,-0.00021984929891949445,-0.00044873422429447807,-0.05581479645501608
2025-08-22,0.0,-0.05681531144295171,0.0,-0.09365882346857812,-0.17198629839260116,0.0,-0.11500511864246876,-0.05028423135676674,0.0,-0.16834360884356925,-0.17859117829791527,0.0,0.0,-0.05681531144295171,0.0,-0.09365882346857812,-0.17198629839260116,0.0,0.0,-0.2125586488533493,-0.04289385641357457,-0.02345884039668844,0.0,-0.03631530386321502,-0.02918882726575256,-0.03757055583891589,-0.023345352523168716,0.0,-0.003717772753115911,-0.004114114265845625,-0.013289172174819952,-0.01139053000772805,-0.03428960994920127,-0.08897542839307682,-0.07880927905415547,0.0,-0.0799847396763762,-0.003630676720025816,-0.003869093519828559,0.0,-0.08655187512454499,-0.003489636397289275,-0.003717772753115911,-0.057358778196831106
2025-08-25,0.0,-0.06373004775916247,0.0,-0.0936170194642284,-0.1780091634394746,0.0,-0.11735007225358496,-0.043823381939122164,0.0,-0.17033326172009933,-0.1730786746919587,0.0,0.0,-0.06373004775916247,0.0,-0.0936170194642284,-0.1780091634394746,0.0,0.0,-0.21833158958671706,-0.0499106545972372,-0.030342851846642316,0.0,-0.04338033115489848,-0.02247797720877187,-0.04462638054649515,-0.030230163992469472,0.0,0.0,0.0,-0.008023671372647478,-0.008752713633120579,-0.03171289309858827,-0.09481340318401987,-0.08471239997332725,-0.005865755402924444,-0.08538132416039246,0.0,0.0,-0.006230383101885839,-0.09224300688621856,0.0,0.0,-0.054843614701308385
2025-08-26,0.0,-0.061063141065861304,0.0,-0.09375558898117464,-0.1758879408792352,0.0,-0.11699240378762743,-0.046559049629465554,0.0,-0.1704773053550266,-0.17527979680777117,0.0,0.0,-0.061063141065861304,0.0,-0.09375558898117464,-0.1758879408792352,0.0,0.0,-0.21610505576419714,-0.04720438422251838,-0.027677296964861875,0.0,-0.0406554595602473,-0.02526224971052793,-0.04190505824599211,-0.0275642993355687,0.0,0.0,0.0,-0.006679247828680457,-0.008080995895899168,-0.03105673430413436,-0.09515311693679018,-0.08505590460161383,-0.005024433216620272,-0.08460729491014374,0.0,0.0,-0.00564172757171344,-0.09170530059598492,0.0,0.0,-0.05420313041733116
2025-08-27,0.0,-0.05858893186427516,0.0,-0.09077851234448242,-0.17356573153991295,0.0,-0.11546850043961887,-0.04880656965337071,0.0,-0.16817119784717682,-0.17709806993264643,0.0,0.0,-0.05858893186427516,0.0,-0.09077851234448242,-0.17356573153991295,0.0,0.0,-0.21403940026707802,-0.04469365556450866,-0.02515443943980511,0.0,-0.03812747371448777,-0.027543778206470027,-0.03938036523993438,-0.025041148618839437,0.0,0.0,0.0,-0.002930583962167832,-0.00620930897047034,-0.02922840110920455,-0.0899798266480053,-0.07982488541803456,-0.0001573112269900312,-0.08012946840582735,0.0,0.0,-0.0008309635013886707,-0.08731091717672845,0.0,0.0,-0.05241847297293811
2025-08-28,0.0,-0.05442945663034349,0.0,-0.09083974136451933,-0.1704203961294184,0.0,-0.11253254828368175,-0.05227684353357975,0.0,-0.1661675207023855,-0.17965202989661122,0.0,0.0,-0.05442945663034349,0.0,-0.09083974136451933,-0.1704203961294184,0.0,0.0,-0.21056675822993987,-0.04047278625991657,-0.02095848860855254,0.0,-0.033877592778621124,-0.03098547896266579,-0.03513602000621452,-0.020844710158844815,0.0,-0.003802239920393191,-0.003802239920393302,-0.0067216810992301035,-0.008098624289444079,-0.031073954372647816,-0.09410047772524055,-0.08399151895889412,-0.004297873041297473,-0.0839388484613035,-0.003708850596473523,-0.003708850596473523,-0.005013386428342925,-0.09113134355679098,-0.003802239920393413,-0.003802239920393191,-0.05421993912788292
2025-08-29,0.0,-0.053645323664955225,0.0,-0.09090289784451244,-0.1698783752619516,0.0,-0.11262847609560855,-0.05308153827916162,0.0,-0.16625480167431783,-0.1803774072456802,0.0,0.0,-0.053645323664955225,0.0,-0.09090289784451244,-0.1698783752619516,0.0,0.0,-0.2099121051919559,-0.03967707945120036,-0.020136686728822073,0.0,-0.03307641677603246,-0.03180640099870069,-0.03433588757914818,-0.020022812774130205,0.0,-0.0034698772826232682,-0.0034698772826233792,-0.006390292478075987,-0.007933159674460288,-0.030912322400948322,-0.09205046315380072,-0.0819186282160208,-0.0038579306525664547,-0.08353409475000773,-0.003615717579016464,-0.003615717579016353,-0.004313243346629525,-0.09049179917165517,-0.0034698772826233792,-0.003469877282623157,-0.05446039835986938
2025-09-01,0.0,-0.051433803308196024,0.0,-0.09402480561090187,-0.16839747298914753,0.0,-0.11440756505894478,-0.0555343021371415,0.0,-0.16862408310640964,-0.18297369992746715,0.0,0.0,-0.051433803308196024,0.0,-0.09402480561090187,-0.16839747298914753,0.0,0.0,-0.2080657620537112,-0.03742977390922442,-0.017874469907559143,0.0,-0.03081524696953797,-0.034312234131350317,-0.032076082814423534,-0.017760333051325627,0.0,-0.000936366027494473,-0.000936366027494584,-0.003864205890399486,-0.006672077621591277,-0.0296804506880749,-0.0924110270890166,-0.0822832156945369,-0.002665259108277418,-0.082436818728708,-0.001187437883572895,-0.001187437883572895,-0.0033133171650985282,-0.08957841847612169,-0.000936366027494695,-0.000936366027494584,-0.053111600198460285
2025-09-02,0.0,-0.05971981958328065,0.0,-0.0910144506593038,-0.1748321402749735,0.0,-0.10904485116227236,-0.046516586966593665,0.0,-0.1625136731244633,-0.17474909214850054,0.0,0.0,-0.05971981958328065,0.0,-0.0910144506593038,-0.1748321402749735,0.0,0.0,-0.21498355019259385,-0.045752413031882155,-0.026092811613660505,0.0,-0.03927651369222018,-0.025083137715815718,-0.04044501137939793,-0.025979629844793295,0.0,-0.0023187339141349517,-0.0023187339141350627,-0.00524252263188163,-0.007359293417515844,-0.03035174856097156,-0.09276223938035622,-0.0826383471739146,0.0,-0.07895197943064047,-0.0023161082430808166,-0.0023161082430807056,-6.233193809090931e-05,-0.08660881211651394,-0.0023187339141350627,-0.0023187339141350627,-0.05442177511786295
2025-09-03,0.0,-0.057834535427583766,0.0,-0.09470566244502987,-0.17441627392866776,0.0,-0.11155892164489378,-0.048682154950853485,0.0,-0.16541570067463618,-0.1768635077285149,0.0,0.0,-0.057834535427583766,0.0,-0.09470566244502987,-0.17441627392866776,0.0,0.0,-0.21340957351457068,-0.04381578153739263,-0.02419350076272697,0.0,-0.03734437524622136,-0.0272954621181426,-0.03849760859102769,-0.024080098267116545,0.0,-0.005912472341412567,-0.005912472341412678,-0.008825729306959906,-0.009147084354856339,-0.03209812904369347,-0.0934685442420633,-0.0833525337118427,-0.0004772597924586064,-0.0793915586177818,-0.00554506765291396,-0.005545067652913738,-0.0004874162014548711,-0.0869971045397977,-0.005912472341412678,-0.005912472341412678,-0.057827833664083506
2025-09-04,0.0,-0.061732089464971884,0.0,-0.09567308078882297,-0.17792163542439288,0.0,-0.10995694243254428,-0.044545555222556654,0.0,-0.16517561518220314,-0.17339068373033684,0.0,0.0,-0.061732089464971884,0.0,-0.09567308078882297,-0.17792163542439288,0.0,0.0,-0.21666354408322286,-0.047590937904418484,-0.028027974049805948,0.0,-0.0413266930640116,-0.023057075028054097,-0.04229376188947287,-0.02791501717414202,0.0,-0.0014467542037974734,-0.0014467542037975845,-0.004373098331298397,-0.0069214906752295136,-0.029924086607640565,-0.09110213248265087,-0.08095971509569633,0.0,-0.07736456023573546,-0.0008891736111213966,-0.0008891736111212856,0.0,-0.0853304338312677,-0.0014467542037976955,-0.0014467542037976955,-0.053595333793702404
2025-09-05,0.0,-0.05490275919413323,0.0,-0.09802115518914567,-0.17205106440929552,0.0,-0.11256117260838083,-0.052877757163252936,0.0,-0.165826654035654,-0.18085221560265063,0.0,0.0,-0.05490275919413323,0.0,-0.09802115518914567,-0.17205106440929552,0.0,0.0,-0.21096190672508985,-0.04097736872964086,-0.021421771934146405,0.0,-0.03433799372446256,-0.031005611464567262,-0.03562025383979661,-0.021308047324503643,0.0,-0.005241631017964932,-0.005241631017965043,-0.00815685394033594,-0.008808526056442223,-0.031767412743333945,-0.0893271314317553,-0.07916490675713528,-0.0021241272349029616,-0.07932435530122539,-0.003912243479433308,-0.003912243479433086,-0.0011898590973880019,-0.08641876173567742,-0.005241631017965043,-0.005241631017965154,-0.05719202644852672
2025-09-08,0.0,-0.049236057503351804,0.0,-0.09924363061607433,-0.16724138412534306,0.0,-0.1106618928763956,-0.048190409087619845,0.0,-0.16485542602086112,-0.17694548497678597,0.0,0.0,-0.049236057503351804,0.0,-0.09924363061607433,-0.16724138412534306,0.0,0.0,-0.20623091894499723,-0.03522717189118263,-0.016037134601275316,0.0,-0.028547987905570338,-0.025636131418945052,-0.029837936315028846,-0.015899437507350456,0.0,-0.0002044874475987113,-0.00020448744759882231,-0.0031344721421320276,-0.006298985088676545,-0.029316000066851533,-0.09167034543935881,-0.08153426875709469,-0.006364981680320736,-0.0832371179074497,0.0,0.0,-0.005063648614267446,-0.08996199911251046,-0.0002044874475987113,-0.00020448744759882231,-0.05241794334438077
2025-09-09,0.0,-0.052987996014985606,0.0,-0.1002117813021588,-0.1704822815347884,0.0,-0.11296921539706317,-0.045674546902082835,0.0,-0.16828129260542823,-0.1753108333168617,0.0,0.0,-0.052987996014985606,0.0,-0.1002117813021588,-0.1704822815347884,0.0,0.0,-0.20936331874629166,-0.0390343927658553,-0.019888676704537755,0.0,-0.032381566413827834,-0.023033122805163453,-0.03366642438295808,-0.019751518600622853,0.0,-0.0009218162579016642,-0.0009218162579017752,-0.003849698760127751,-0.0066554631673806375,-0.029664221073102404,-0.09407655196313047,-0.08396732620851777,-0.009827578302818218,-0.08643183226497375,-0.0016691837998076275,-0.0016691837998077386,-0.008501352872702594,-0.09310636257518978,-0.0009218162579016642,-0.0009218162579018863,-0.05309781027799987
2025-09-10,0.0,-0.05251309792077907,0.0,-0.10307935357056042,-0.17018489986859286,0.0,-0.114599718508268,-0.04704708553936676,0.0,-0.1708001312760956,-0.17915945179046222,0.0,0.0,-0.05251309792077907,0.0,-0.10307935357056042,-0.17018489986859286,0.0,0.0,-0.20896683818262707,-0.038552497358454785,-0.019358009969694723,0.0,-0.03189633481370491,-0.024402513313523166,-0.033181837100540124,-0.019220777603559225,0.0,0.0,0.0,-0.002582507071942408,-0.006023651914093042,-0.029047044411972922,-0.08784780603022868,-0.07766907352099972,-0.001857000069714898,-0.07907789431169898,-0.0003135785912030675,-0.00031357859120328957,-0.0005427757941945943,-0.0858268943314705,0.0,0.0,-0.05189326656321436
2025-09-11,0.0,-0.046339183226747016,0.0,-0.10363024196876736,-0.16487887038966054,0.0,-0.11751217047773177,-0.053685746051922445,0.0,-0.17159736796912095,-0.18484386198304215,0.0,0.0,-0.046339183226747016,0.0,-0.10363024196876736,-0.16487887038966054,0.0,0.0,-0.20381239092800674,-0.03228608998062821,-0.012978577192591434,0.0,-0.025587312014457964,-0.031172410137030204,-0.02688042547654146,-0.012840452080006726,0.0,0.0,0.0,-0.0002726348866091133,-0.004872700414043196,-0.027922752306970833,-0.0785724883439558,-0.06829025229848484,0.0,-0.07173485616373243,0.0,0.0,0.0,-0.0779092032145734,0.0,0.0,-0.049697590842846084
2025-09-12,0.0,-0.048533944000072715,0.0,-0.10340680919890355,-0.16673692242038873,0.0,-0.11608687605778911,-0.05139530937801784,0.0,-0.17078433438560459,-0.18270188332530124,0.0,0.0,-0.048533944000072715,0.0,-0.10340680919890355,-0.16673692242038873,0.0,0.0,-0.2056447419084232,-0.03447403571244312,-0.015196179902613793,0.0,-0.027827214701136915,-0.028757553295119087,-0.029077208716804526,-0.015058365124351103,0.0,0.0,0.0,0.0,-0.000489312727790181,-0.023640896669609446,-0.0781834308288819,-0.06789685327943518,-0.002392440940219398,-0.07395567569722483,0.0,0.0,-0.002213528725847347,-0.07995027768109741,0.0,0.0,-0.04132570941571723
2025-09-15,0.0,-0.04418003619571664,0.0,-0.10103328883977625,-0.16330260460314205,0.0,-0.11472436156855048,-0.056990526450701684,0.0,-0.16864980832367948,-0.18712142621735373,0.0,0.0,-0.04418003619571664,0.0,-0.10103328883977625,-0.16330260460314205,0.0,0.0,-0.20112022704770127,-0.028974561101640872,-0.009796587328118167,0.0,-0.022834216915269323,-0.034474809795358885,-0.023546994680922806,-0.009658016923569157,0.0,0.0,0.0,0.0,0.0,-0.022970521859009718,-0.07326233729290221,-0.06292084511946305,0.0,-0.06898625950915349,0.0,0.0,0.0,-0.07502770199400366,0.0,0.0,-0.04000924482029322
2025-09-16,0.0,-0.05197710198469929,0.0,-0.09885014473451625,-0.16887561176090282,0.0,-0.1077855672621294,-0.06402047548294121,0.0,-0.1649384093695746,-0.1931928866026813,0.0,0.0,-0.05197710198469929,0.0,-0.09885014473451625,-0.16887561176090282,0.0,0.0,-0.19466771903914915,-0.021108297362509743,-0.002088585366177842,0.0,-0.03080066806818882,-0.04166444998192842,-0.015636762300789475,-0.0019489362934113075,0.0,0.0,0.0,0.0,0.0,-0.02284985254082106,-0.07050811527917722,-0.06013588866324704,-0.0012225005728113691,-0.07012442434019872,0.0,0.0,-0.0009842389029871557,-0.07593809571388666,0.0,0.0,-0.03977211496395483
2025-09-17,0.0,-0.0460808435772897,0.0,-0.09949108145049823,-0.16383149379752981,0.0,-0.1129964306511908,-0.05855085465863874,0.0,-0.16720247277957212,-0.18849244421325662,0.0,0.0,-0.0460808435772897,0.0,-0.09949108145049823,-0.16383149379752981,0.0,0.0,-0.2005588267922458,-0.027172041253628154,-0.008088148331981349,0.0,-0.02477270216006311,-0.036056477946346255,-0.021734399611595068,-0.007949338846168996,0.0,0.0,0.0,0.0,0.0,-0.022710149246390365,-0.07355390288298391,-0.06321566429833203,-0.0027816146059138624,-0.07157598092800921,0.0,0.0,-0.0028441557042744314,-0.07765846723167336,0.0,0.0,-0.03949754713158515
2025-09-18,0.0,-0.03814480043190793,0.0,-0.09752265280104455,-0.15630491026750426,0.0,-0.11307062092965858,-0.0505341555015949,0.0,-0.1651261642508437,-0.18134247041368312,0.0,0.0,-0.03814480043190793,0.0,-0.09752265280104455,-0.15630491026750426,0.0,0.0,-0.19468935420276146,-0.035302738060252636,-0.016159204880868527,0.0,-0.01665618837764815,-0.027839986772689174,-0.029910543113225607,-0.016021524869623716,0.0,0.0,0.0,0.0,0.0,-0.02128635677677926,-0.07245276320855665,-0.06210223697467776,0.0,-0.0670470101563988,0.0,0.0,0.0,-0.07351585695445684,0.0,0.0,-0.03669887658695126
2025-09-19,0.0,-0.03359485806965756,0.0,-0.09468333911585447,-0.1519908059826195,0.0,-0.11137397449402142,-0.04560945940465577,0.0,-0.1622762109268313,-0.17689453499985663,0.0,0.0,-0.03359485806965756,0.0,-0.09468333911585447,-0.1519908059826195,0.0,0.0,-0.1984761669245697,-0.04094732833393899,-0.020705121679378435,0.0,-0.012004596675314616,-0.022790488567965617,-0.035058907662012806,-0.020568077829877573,0.0,0.0,0.0,0.0,0.0,-0.02003662494310665,-0.06743449703286075,-0.05702797182271435,0.0,-0.060624997368512346,0.0,0.0,0.0,-0.06710101129932555,0.0,0.0,-0.034238773802694245
2025-09-22,0.0,-0.03606652877801464,0.0,-0.09918679322069324,-0.15438415676884376,0.0,-0.11226979103540857,-0.04817198560336933,0.0,-0.16489562321430762,-0.17939160988969538,0.0,0.0,-0.03606652877801464,0.0,-0.09918679322069324,-0.15438415676884376,0.0,0.0,-0.19731563665201635,-0.043400194418233395,-0.01831593826050326,0.0,-0.014531486477981859,-0.02538818894857575,-0.03752683392786249,-0.01817856006544394,0.0,0.0,0.0,0.0,0.0,-0.019937174446619133,-0.06737639141290774,-0.0569692178004807,-0.0007286299050023315,-0.061309454087441484,0.0,0.0,-0.0006938188806772105,-0.0677482742314508,0.0,0.0,-0.03404275538837742
2025-09-23,0.0,-0.03639496786023666,0.0,-0.09984018531550054,-0.15464372981800367,0.0,-0.11315355859209686,-0.04847550725048544,0.0,-0.16507611375807052,-0.17963965278540173,0.0,0.0,-0.03639496786023666,0.0,-0.09984018531550054,-0.15464372981800367,0.0,0.0,-0.19753490125379503,-0.04372613471554532,-0.01806051769222672,0.0,-0.014867263151168042,-0.025676838289688475,-0.0378547754432943,-0.017923103753267666,0.0,0.0,0.0,0.0,0.0,-0.01824602569383138,-0.06388085599157023,-0.05343467559906245,0.0,-0.05718600020033726,0.0,0.0,0.0,-0.06340268381977121,0.0,0.0,-0.03070913769188144
2025-09-24,0.0,-0.02753465848283232,0.0,-0.10296859886929832,-0.14653715415085167,0.0,-0.11450080508482274,-0.03955385321008076,0.0,-0.16714747823055087,-0.17209290238648622,0.0,0.0,-0.02753465848283232,0.0,-0.10296859886929832,-0.14653715415085167,0.0,0.0,-0.18995627967326267,-0.03493323512147417,-0.0268537515984687,0.0,-0.005809007397867161,-0.016537643757942977,-0.029007888937695236,-0.02671756819655302,0.0,0.0,0.0,0.0,0.0,-0.018181644165605082,-0.06475773357066406,-0.05432133828022567,0.0,-0.05296494485195524,-0.0008872604782782512,-0.0008872604782782512,0.0,-0.06010768823802093,0.0,0.0,-0.030582009249024322
2025-09-25,0.0,-0.01781469749341369,0.0,-0.10402009889840735,-0.13773546526766578,0.0,-0.11695714553638625,-0.02937660747210935,0.0,-0.16562779651852633,-0.16334752032217503,0.0,0.0,-0.01781469749341369,0.0,-0.10402009889840735,-0.13773546526766578,0.0,0.0,-0.18168130377966085,-0.02528722419817575,-0.03638092456897024,0.0,0.0,-0.0060779668588903935,-0.01930265314406343,-0.03624607441252281,0.0,0.0,0.0,0.0,0.0,-0.01679960678634529,-0.06717615801134003,-0.05676674998863851,0.0,-0.05039468852259266,0.0,0.0,0.0,-0.058180946667483746,0.0,0.0,-0.0278528447525912
2025-09-26,0.0,-0.021543902317272545,0.0,-0.10366482327690052,-0.14090169204875524,0.0,-0.1185337812122782,-0.03305762493456299,0.0,-0.16624798936703034,-0.1665676757762119,0.0,0.0,-0.021543902317272545,0.0,-0.10366482327690052,-0.14090169204875524,0.0,0.0,-0.18478159815389805,-0.0289880570004184,-0.03292009403827889,0.0,-0.003796844459331483,-0.009844298046102207,-0.023026208431754402,-0.03278475956852722,0.0,0.0,0.0,0.0,0.0,-0.013313004076246582,-0.05878505873993001,-0.04828201419965328,0.0,-0.04174769422407465,0.0,0.0,0.0,-0.04944429111078563,0.0,0.0,-0.020958032810904137
2025-09-29,0.0,-0.024353799802427578,0.0,-0.10351875098399821,-0.14351565731783478,0.0,-0.1208547514079612,-0.036105115643269126,0.0,-0.17099327325058744,-0.16942714082149568,0.0,0.0,-0.024353799802427578,0.0,-0.10351875098399821,-0.14351565731783478,0.0,0.0,-0.1872275395156433,-0.03176818688926053,-0.0303102844553661,0.0,-0.0066534036621468395,-0.012950345482708014,-0.025823407846381374,-0.030174584765332413,0.0,0.0,0.0,0.0,0.0,-0.012715764914261185,-0.061341508574698,-0.05086699153149177,-0.00366205549881482,-0.045256867349693364,0.0,0.0,-0.003246243106991731,-0.05253002602857881,0.0,0.0,-0.019772809520340662
2025-09-30,0.0,-0.026363703391104054,0.0,-0.1016363027084638,-0.14511644634184473,0.0,-0.12389111107701867,-0.03821996502652514,0.0,-0.1706632299406614,-0.171081126875247,0.0,0.0,-0.026363703391104054,0.0,-0.1016363027084638,-0.14511644634184473,0.0,0.0,-0.1889503518400374,-0.03373573685782372,-0.028354045473039657,0.0,-0.008696527906144058,-0.015107389311284303,-0.027803038237897648,-0.028218072024277396,0.0,0.0,0.0,0.0,0.0,-0.012338013815459847,-0.05798210372664625,-0.04747009898833321,-0.00079494948907044,-0.04250945640495174,0.0,0.0,-0.0003098148185943783,-0.04973878735529891,0.0,0.0,-0.018342366357051887
2025-10-01,0.0,-0.02865382579834841,0.0,-0.10144545401843363,-0.14717650242323232,0.0,-0.1251899113031849,-0.0403845672020966,0.0,-0.1718028854354151,-0.17319831862707602,0.0,0.0,-0.02865382579834841,0.0,-0.10144545401843363,-0.14717650242323232,0.0,0.0,-0.19091434950337938,-0.036084851605222346,-0.026116274469293432,0.0,-0.011028205866105423,-0.017322886928463954,-0.030166576151247404,-0.025979987863831155,0.0,0.0,0.0,0.0,0.0,-0.00806640496461375,-0.05894066752798299,-0.049134361730212905,-1.3853722159895554e-05,-0.04468951485517181,0.0,0.0,0.0,-0.05175169196251006,0.0,0.0,-0.013959194703760613
2025-10-02,0.0,-0.024665299758150128,0.0,-0.0994166528926359,-0.1436499446156796,0.0,-0.1274042363074388,-0.036677131146751196,0.0,-0.17411293992701848,-0.16983849350846147,0.0,0.0,-0.024665299758150128,0.0,-0.0994166528926359,-0.1436499446156796,0.0,0.0,-0.18760650792152578,-0.0322507536637916,-0.029812618438496585,0.0,-0.006955934311240086,-0.013516493235545601,-0.026308937499026186,-0.0296768491044076,0.0,0.0,0.0,0.0,0.0,-0.006749198232343989,-0.05928531957770966,-0.04849068632032483,-0.0011655426207799469,-0.045505718271925955,0.0,0.0,-0.0016013865753676804,-0.052634325202055354,-0.0014854978066662916,0.0,-0.012649813114580133
2025-10-03,0.0,-0.02748522911379392,0.0,-0.09836572598256943,-0.14610292917258239,0.0,-0.12302742102413611,-0.03933024958646647,0.0,-0.17106863627494362,-0.17215468968458414,0.0,0.0,-0.02748522911379392,0.0,-0.09836572598256943,-0.14610292917258239,0.0,0.0,-0.18993657425478871,-0.034994493503952784,-0.027123074474246223,0.0,-0.009825226740677206,-0.016230121039386036,-0.029049112667658195,-0.026986928761738027,0.0,0.0,0.0,0.0,0.0,-0.005015094917710572,-0.053424617184073764,-0.046738282838444056,0.0,-0.04488695044285529,0.0,0.0,0.0,-0.051800389136023695,0.0,0.0,-0.010926011604694863
2025-10-06,0.0,-0.026054918208511357,0.0,-0.09662192430116534,-0.14479035190890466,0.0,-0.10570782101369702,-0.03707411946585748,0.0,-0.15846606306631972,-0.17020123232158557,0.0,0.0,-0.026054918208511357,0.0,-0.09662192430116534,-0.14479035190890466,0.0,0.0,-0.18866590520751292,-0.03355681003652433,-0.029368747815293972,0.0,-0.008359494143040602,-0.013866342823316558,-0.02760257165933666,-0.0286576797244803,0.0,0.0,0.0,0.0,0.0,-0.0031823525487849613,-0.04625257194028343,-0.04407332212291348,0.0,-0.042639176101426535,0.0,0.0,0.0,-0.049160250428177954,0.0,0.0,-0.009104157026524895
2025-10-07,0.0,-0.01950878207578055,0.0,-0.0980123143423467,-0.13887846765940015,0.0,-0.10222809872147642,-0.03025416529811631,0.0,-0.159505837921043,-0.16447519235910157,0.0,0.0,-0.01950878207578055,0.0,-0.0980123143423467,-0.13887846765940015,0.0,0.0,-0.18301387577987427,-0.026799255640001407,-0.02281074304454167,0.0,-0.0016879855124491971,-0.006875211688929461,-0.020803384096848454,-0.022094870669998823,0.0,-0.010536405968351259,-0.005112118395962262,-0.010536405968351259,-0.0034601071267127415,-0.008278202381740263,-0.05446075456478183,-0.048220480061238025,0.0,-0.04220661406826798,-0.011111961521988678,-0.005382081938828276,0.0,-0.04932848532846956,-0.014309511007290276,-0.010536405968351259,-0.014169733893872216
2025-10-08,0.0,-0.01662961541487251,0.0,-0.09761546588784442,-0.1362352794426417,0.0,-0.1037732958050539,-0.027597259561342624,0.0,-0.15970531214699035,-0.16206942628120624,0.0,0.0,-0.01662961541487251,0.0,-0.09761546588784442,-0.1362352794426417,0.0,0.0,-0.1806258300687219,-0.023915269123025107,-0.019970521594008694,0.0,0.0,-0.004088154327785198,-0.017901629393001994,-0.019252568521116342,0.0,-0.017093363386528226,-0.008843598971451927,-0.017093363386528115,-0.0058066411084403136,-0.011997808070509763,-0.056515065295779765,-0.049520906767659634,0.0,-0.04148673725162655,-0.019011481531705177,-0.009854577735593617,0.0,-0.04857015716334734,-0.020499654054156657,-0.017093363386528226,-0.01786724248426108
2025-10-09,0.0,-0.006075015188425237,0.0,-0.09733986408087758,-0.12718179733321344,0.0,-0.10575618589335312,-0.016124312318519407,0.0,-0.15766342055550842,-0.15280701521577877,0.0,0.0,-0.006075015188425237,0.0,-0.09733986408087758,-0.12718179733321344,0.0,0.0,-0.17159752580749066,-0.01370832050595483,-0.009471408553228922,0.0,0.0,0.0,-0.007631795956833276,-0.008745764007134671,0.0,-0.01918292186897319,-0.010263927713470955,-0.01918292186897297,-0.006633793493292184,-0.013413616825736385,-0.05900668915676366,-0.05130516172531374,0.0,-0.041598312803598714,-0.021190060946569167,-0.011329816240558843,-0.00016357650767184762,-0.04905561895651822,-0.023871859741737667,-0.01918292186897308,-0.019274640330383508
2025-10-10,0.0,-0.007846081599480415,0.0,-0.10138147029153421,-0.12907488770721942,0.0,-0.10708949844237725,-0.017937130189745853,0.0,-0.16131921199306876,-0.1547713237031051,0.0,0.0,-0.007846081599480415,0.0,-0.10138147029153421,-0.12907488770721942,0.0,0.0,-0.17281392993517342,-0.015607882473808177,-0.011125867066447803,0.0,-0.0017795719994742054,-0.0018201921040603697,-0.00952405404832879,-0.01040143454876652,0.0,-0.02837414271492744,-0.017746556736265684,-0.02837414271492722,-0.010688621133928988,-0.020872433484988906,-0.06959765380908256,-0.05978899618208022,-0.010066305383921503,-0.049367945241465705,-0.031161950256979543,-0.019212732727458715,-0.014056050498529649,-0.05927814777945206,-0.03252949210108491,-0.028374142714927553,-0.026689146323583324
2025-10-13,0.0,-0.005203115601232211,0.0,-0.098710855348209,-0.12657278785483528,0.0,-0.10802896063231271,-0.015539556704749824,0.0,-0.1591300672665401,-0.15223406058615574,0.0,0.0,-0.005203115601232211,0.0,-0.098710855348209,-0.12657278785483528,0.0,0.0,-0.17064541030580926,-0.012980118404287366,-0.00866027060478558,0.0,0.0,0.0,-0.00688004963569977,-0.00793403183270569,0.0,-0.021942996139267312,-0.012804205736527852,-0.02247931340130227,-0.00793796542026215,-0.015945810788552173,-0.060165333188581305,-0.05252037330011228,0.0,-0.03872244080373144,-0.024801535429189614,-0.014317286064680301,0.0,-0.04769932879063854,-0.02441849733535595,-0.021942996139267423,-0.02179179126342745
2025-10-14,0.0,-0.0039015808408097152,0.0,-0.09987249363046824,-0.1260125534061869,0.0,-0.10695840816154412,-0.014022395656906994,0.0,-0.15906027577764226,-0.15112242114795593,0.0,0.0,-0.0039015808408097152,0.0,-0.09987249363046824,-0.1260125534061869,0.0,0.0,-0.16942644969481946,-0.01170937830685248,-0.007184577648527313,0.0,0.0,0.0,-0.005601455996379956,-0.006457257808667349,0.0,-0.020514511751342113,-0.011852717831445703,-0.02104310021697864,-0.0073777495115346925,-0.014997350853429792,-0.058640527662360054,-0.05158742622374213,0.0,-0.037133609758458475,-0.023439623257333175,-0.013388967487872439,0.0,-0.046741131669983504,-0.022611027011108065,-0.020514511751342224,-0.02084896585364171
2025-10-15,0.0,-0.009766954448488963,0.0,-0.09900593908916389,-0.1310490662688535,0.0,-0.10685576382314887,-0.019964281135355866,0.0,-0.15624855784255265,-0.15586824821063983,0.0,0.0,-0.009766954448488963,0.0,-0.09900593908916389,-0.1310490662688535,0.0,0.0,-0.1743078382833957,-0.017502048647829116,-0.012989279417064847,0.0,-0.005888347471357469,-0.005960892256702821,-0.011429926717969718,-0.012266212003855248,0.0,-0.014439551083912816,-0.006016922877027375,-0.018904591128886206,-0.004397602205792883,-0.009180127455959086,-0.05762801646327953,-0.05018113081596409,-0.004601831009705792,-0.04092040214448689,-0.016695408710902138,-0.006964185793807864,-0.0036723475670564776,-0.049641268779495595,-0.0170446889903334,-0.014439551083912927,-0.015066300892863094
2025-10-16,0.0,-0.011834928967652592,0.0,-0.10147244419648915,-0.13375968860324228,0.0,-0.10863513704837957,-0.0222208664147846,0.0,-0.15749675718154632,-0.1579738033841246,0.0,0.0,-0.011834928967652592,0.0,-0.10147244419648915,-0.13375968860324228,0.0,0.0,-0.17600003785939167,-0.019600706713840954,-0.014953065183954228,0.0,-0.00796442196298175,-0.008236795035203137,-0.01354155509872701,-0.014231436407088571,0.0,-0.009722405521240374,-0.0010570777007777865,-0.016880472903702426,-0.001947425596055985,-0.0042360662556476525,-0.05362145648063665,-0.04601275797702975,-0.0029164061240821715,-0.03923502519522093,-0.012271162146681669,-0.002329158806954279,-0.0012602657899238867,-0.047279771649116564,-0.012869618799795646,-0.009722405521240485,-0.010151610925925425
2025-10-17,0.0,-0.012350680959513527,0.0,-0.10305969426919359,-0.1343536169521976,0.0,-0.10439735304797293,-0.02244997424875439,0.0,-0.15943261559777844,-0.15842679620531908,0.0,0.0,-0.012350680959513527,0.0,-0.10305969426919359,-0.1343536169521976,0.0,0.0,-0.17642042104490874,-0.0199964565585129,-0.015452316912192066,0.0,-0.008482194084632577,-0.008469179539940308,-0.013932427574128714,-0.014731053878725087,0.0,0.0,0.0,-0.011803505022798033,0.0,0.0,-0.03991816292398542,-0.03219929261873222,0.0,-0.030118772398367133,-0.0007801317816009679,0.0,0.0,-0.037383134111606875,-0.0011613046700106322,0.0,0.0
2025-10-20,0.0,-0.012383898394195736,0.0,-0.10038225831968417,-0.1338604377792122,0.0,-0.102330882834342,-0.02235880385820388,0.0,-0.15718086413187848,-0.15817547834081813,0.0,0.0,-0.012383898394195736,0.0,-0.10038225831968417,-0.1338604377792122,0.0,0.0,-0.17757368832290044,-0.020011652405581004,-0.015496238997975476,0.0,-0.008506555049135556,-0.008315364531397473,-0.01394771744948664,-0.01477500814108823,0.0,-0.010009925721680246,-0.010009925721680246,-0.01472061825763793,-0.005004962860840068,-0.010009925721680357,-0.04700773483269516,-0.039345863299806605,0.0,-0.026807692463346022,-0.011621118565843913,-0.010849450785613612,0.0,-0.035201610637449976,-0.011159605818203744,-0.010009925721680246,-0.010009925721680135
2025-10-21,0.0,-0.00919902752934687,0.0,-0.10145897453366126,-0.13177171926326492,0.0,-0.10043201688518177,-0.018754525588740356,0.0,-0.157484546239142,-0.1554657009337752,0.0,0.0,-0.00919902752934687,0.0,-0.10145897453366126,-0.13177171926326492,0.0,0.0,-0.18143697327746666,-0.01690673470266224,-0.012402169519945883,0.0,-0.005296186094180588,-0.004658666801486633,-0.010823587253847022,-0.011678671999924228,0.0,-0.0039954633168890474,-0.0039954633168891585,-0.013438584151462929,-0.0019825283944189254,-0.0039954633168891585,-0.042779410371861504,-0.035083543936808015,0.0,-0.026002536162126666,-0.006472227243666251,-0.005696539513584953,0.0,-0.03474251321440924,-0.005152128036690851,-0.0039954633168891585,-0.003995463316888936
2025-10-22,0.0,-0.010974207236400968,0.0,-0.1041497326922245,-0.13385901582343374,0.0,-0.09769256193636267,-0.020141187479487677,0.0,-0.15909071874543945,-0.15705103657212227,0.0,0.0,-0.010974207236400968,0.0,-0.1041497326922245,-0.13385901582343374,0.0,0.0,-0.1829771763102811,-0.018602600294059246,-0.014073232620476994,0.0,-0.007078358370992022,-0.00598835534534059,-0.012529946458423868,-0.013350959293109033,0.0,-0.011059007913406638,-0.011059007913406527,-0.016293587280591604,-0.0055214384390790405,-0.011059007913406638,-0.04525321820614081,-0.03757724070252588,0.0,-0.024445265837556907,-0.013948787490608572,-0.013178937016622094,0.0,-0.0340409586082242,-0.01220746970588149,-0.011059007913406638,-0.011059007913406305
2025-10-23,0.0,-0.012156661387467849,0.0,-0.10398834298505644,-0.13487295339798955,0.0,-0.0951962893260292,-0.02111379007337999,0.0,-0.1584120300922266,-0.15800002695333992,0.0,0.0,-0.012156661387467849,0.0,-0.10398834298505644,-0.13487295339798955,0.0,0.0,-0.18398815891076392,-0.01969163285690556,-0.015219183817309356,0.0,-0.008265470300143796,-0.006973741565314495,-0.013625717695910922,-0.014497749994467957,0.0,-0.0029726817297596186,-0.0029726817297595076,-0.012876951935453018,-0.001455635678462186,-0.0029726817297596186,-0.038032731631222005,-0.03029870282691549,0.0,-0.015281024884311378,-0.007571745377817796,-0.006796916086472926,0.0,-0.024300225134048725,-0.004130534210594838,-0.0029726817297596186,-0.0029726817297593966
2025-10-24,0.0,-0.010759042660172358,0.0,-0.1029181581741404,-0.13348586037261256,0.0,-0.09585492254851469,-0.02121310737190818,0.0,-0.15743352172514802,-0.15763607424622772,0.0,0.0,-0.010759042660172358,0.0,-0.1029181581741404,-0.13348586037261256,0.0,0.0,-0.18280571979229976,-0.018434970523348637,-0.013890630887541056,0.0,-0.0068561841122001255,-0.006330404610697782,-0.012332899711421486,-0.013168223789222222,0.0,0.0,0.0,-0.010446465387602188,0.0,0.0,-0.03876906133740776,-0.031040952480010375,0.0,-0.014378208172045936,-0.0035158871892192467,-0.002737891323654651,0.0,-0.023216210665867654,0.0,0.0,0.0
2025-10-27,0.0,-0.013906273784247802,0.0,-0.10071955176348812,-0.13602571396634322,0.0,-0.09619487876340527,-0.019397316865261693,0.0,-0.1551735451881041,-0.15604689381904635,0.0,0.0,-0.013906273784247802,0.0,-0.10071955176348812,-0.13602571396634322,0.0,0.0,-0.18544145403918944,-0.021557780985402508,-0.0168296563395951,0.0,-0.010015832026951332,-0.003752649927012186,-0.015475123671307212,-0.016109402321771493,0.0,-0.0007982135747661712,-0.0007982135747660601,-0.010765590001428293,-0.0003991067873830856,-0.0007982135747661712,-0.03855853938087783,-0.03082873796810015,0.0,-0.013729584056857647,-0.003629654160254403,-0.0028517471172128106,0.0,-0.022703851880588988,-0.0007982135747661712,0.0,-0.0007982135747661712
2025-10-28,0.0,-0.016854874242500095,0.0,-0.1006340090817961,-0.13725407579485516,0.0,-0.09515113145878062,-0.02243604343478245,0.0,-0.1559978454472124,-0.1581613370974888,0.0,0.0,-0.016854874242500095,0.0,-0.1006340090817961,-0.13725407579485516,0.0,0.0,-0.18782763793883717,-0.024463382011617796,-0.019501777926402952,0.0,-0.012965886933069881,-0.006818978699759559,-0.018398787874877698,-0.018783481459802687,0.0,-0.00634213813230422,-0.006342138132303998,-0.014724908649122126,-0.003172176258888215,-0.006342138132304109,-0.04908071779579781,-0.04143551264073164,-0.008326462664538514,-0.021941727852347048,-0.008756696361970628,-0.0079827922102792,-0.008622110944438544,-0.031130207695246992,-0.00634213813230422,-0.008968074812662041,-0.00634213813230422
2025-10-29,0.0,-0.010652268519914965,0.0,-0.09923977177669652,-0.13261517547180302,0.0,-0.09269005932143037,-0.015429810926319454,0.0,-0.15472054170867244,-0.15219580215843775,0.0,0.0,-0.010652268519914965,0.0,-0.09923977177669652,-0.13261517547180302,0.0,0.0,-0.18257047841757057,-0.018493791618853783,-0.01404037318293827,0.0,-0.006734775237666524,0.0,-0.01239208647856227,-0.013318075783300465,0.0,-0.010162719115441865,-0.010162719115441643,-0.01722573956507034,-0.00508856094872967,-0.010162719115441754,-0.05805751609048715,-0.05048448263903771,-0.012514679696502884,-0.026072442406522733,-0.011587962799735285,-0.010816269133444023,-0.013119864559035466,-0.03552584497798261,-0.010162719115441865,-0.02071725233484545,-0.010162719115441976
2025-10-30,0.0,-0.003488278947490153,0.0,-0.09729289133265329,-0.12745983264431737,0.0,-0.09338784155301871,-0.008032913859014723,0.0,-0.15274587002715778,-0.14566872935618191,0.0,0.0,-0.003488278947490153,0.0,-0.09729289133265329,-0.12745983264431737,0.0,0.0,-0.17665758779972685,-0.011694730845240642,-0.007896592242833567,0.0,0.0,0.0,-0.005550758153590518,-0.00716979401286133,0.0,-0.004242235376808345,-0.004242235376808123,-0.012767992372627712,-0.002113144125158617,-0.004242235376808123,-0.052987236699093,-0.04537343919241177,-0.006103588859486031,-0.01974937318004888,-0.006638538426586238,-0.00586298054244172,-0.007369088336855456,-0.029905633527349207,-0.004242235376808456,-0.010250704048851422,-0.004242235376808456
2025-10-31,0.0,0.0,0.0,-0.0965304798840192,-0.12352620663355707,0.0,-0.09604034944145323,-0.0034225896215323015,0.0,-0.15425193196404963,-0.14186937093615437,0.0,0.0,0.0,0.0,-0.0965304798840192,-0.12352620663355707,0.0,0.0,-0.17275307545207064,-0.00728278131245752,-0.003914651694468363,0.0,0.0,0.0,-0.0010959186090420125,-0.0031849363619845805,0.0,-0.0019761503269168923,-0.0019761503269166703,-0.010786620803881153,-0.0013733170277988593,-0.0019761503269166703,-0.053156326366952444,-0.04554388830814937,-0.007103901589289641,-0.0207359520321454,-0.00427085201987687,-0.003493445586205346,-0.007781911941667996,-0.030309084446185297,-0.0019761503269168923,-0.007950325215037357,-0.0019761503269170033
2025-11-03,0.0,0.0,0.0,-0.09595590650270902,-0.11998529039941497,0.0,-0.099519750705234,0.0,0.0,-0.15561240674485233,-0.13819810398123944,0.0,0.0,0.0,0.0,-0.09595590650270902,-0.11998529039941497,0.0,0.0,-0.16911190575262958,-0.0028854058619001144,-0.0002576103349611891,0.0,0.0,0.0,0.0,0.0,0.0,-0.001509444857809128,-0.001509444857808906,-0.010318479616531984,-0.0014050729277953478,-0.001509444857808795,-0.04754788597204762,-0.039890357148737565,-0.0009058989901953307,-0.014623045430719905,-0.003930327019402546,-0.0031526547239483227,-0.0014149520838918628,-0.024086679101949615,-0.001509444857809017,-0.005705487265222908,-0.001509444857809017
2025-11-04,0.0,0.0,0.0,-0.09642242708420456,-0.11095686393004678,0.0,-0.10168426968874245,0.0,0.0,-0.16231634974079323,-0.12879333905578427,0.0,0.0,0.0,0.0,-0.09642242708420456,-0.11095686393004678,0.0,0.0,-0.15957611962418883,0.0,0.0,0.0,0.0,0.0,0.0,0.0,0.0,0.0,0.0,-0.005203661907624224,0.0,0.0,-0.0555012656727244,-0.047907680467580316,-0.0024371556702618147,-0.0161332785934849,0.0,0.0,-0.005175714210687965,-0.02776205744246074,0.0,-0.00021815741905673036,0.0
2025-11-05,0.0,-0.0013413296009155973,0.0,-0.0946345531867776,-0.11105061303263397,0.0,-0.10040894900709518,-0.0012500438140953252,0.0,-0.1586998608767357,-0.1290128850802008,0.0,0.0,-0.0013413296009155973,0.0,-0.0946345531867776,-0.11105061303263397,0.0,0.0,-0.1606927417606362,-0.0014034131288744867,-0.0014045411286029985,0.0,-0.0013413296009157083,-0.001237609566124509,-0.0014034131288744867,-0.0014045411286029985,0.0,0.0,0.0,0.0,0.0,0.0,-0.04668750783869602,-0.03902306174336989,0.0,-0.01068619932168613,0.0,0.0,0.0,-0.020944219250765728,0.0,0.0,0.0
2025-11-06,0.0,-0.0037951437464026627,0.0,-0.105194514761346,-0.11549855878716964,0.0,-0.09544945812738026,-0.0030856539905801394,0.0,-0.1641276405462011,-0.13217173489435596,0.0,0.0,-0.0037951437464026627,0.0,-0.105194514761346,-0.11549855878716964,0.0,0.0,-0.16286961950817158,-0.0037516088162452554,-0.003850002285174403,0.0,-0.0037923034306266423,-0.0030586612533949342,-0.0037516088162452554,-0.003850002285174403,0.0,0.0,0.0,0.0,0.0,0.0,-0.0416313271904134,-0.033926230390994294,0.0,-0.00861935954624271,0.0,0.0,0.0,-0.018132494204726735,0.0,0.0,0.0
2025-11-07,0.0,-0.008979783679767483,0.0,-0.10646671775867855,-0.1205129113991632,0.0,-0.09825251080778963,-0.008174247234298382,0.0,-0.1638764643528815,-0.13674619531691934,0.0,0.0,-0.008979783679767483,0.0,-0.10646671775867855,-0.1205129113991632,0.0,0.0,-0.16710460267015814,-0.008956390729873087,-0.00881209408389172,0.0,-0.008960810823687049,-0.00808048008819906,-0.008933795646797638,-0.008812094083891608,0.0,0.0,0.0,0.0,0.0,0.0,-0.03323820463718208,-0.025465628773018167,0.0,-0.002718138085393118,0.0,0.0,0.0,-0.011006494181770687,0.0,0.0,0.0
2025-11-10,0.0,-0.013393677948138394,0.0,-0.09827146682025223,-0.12169496739528851,0.0,-0.10059499940083971,-0.013083544665636326,0.0,-0.15688810058089875,-0.1386676754776066,0.0,0.0,-0.013393677948138394,0.0,-0.09827146682025223,-0.12169496739528851,0.0,0.0,-0.17080024259875204,-0.011879113981812184,-0.011732668445823546,0.0,-0.012629155317610996,-0.012240209403540092,-0.011856585534729458,-0.011732668445823435,0.0,0.0,0.0,0.0,0.0,0.0,-0.02861515556288652,-0.020805411287821318,0.0,-0.0012562498916153242,0.0,0.0,0.0,-0.008038415325674397,0.0,0.0,0.0
2025-11-11,0.0,-0.010106767086695445,0.0,-0.10196952046980134,-0.11967821166025838,0.0,-0.10587883040085333,-0.011251799058747403,0.0,-0.16290495514206127,-0.13797128480973464,0.0,0.0,-0.010106767086695445,0.0,-0.10196952046980134,-0.11967821166025838,0.0,0.0,-0.1680377367968029,-0.015085280965223546,-0.014738108143815265,0.0,-0.009339697424305515,-0.010326187112220664,-0.015062825616447117,-0.014738108143815043,0.0,0.0,0.0,0.0,0.0,0.0,-0.023078468416096287,-0.015224210258613313,0.0,0.0,0.0,0.0,0.0,-0.005812200448133464,0.0,0.0,0.0
2025-11-12,0.0,-0.008729634799530483,0.0,-0.1003454931881691,-0.1183165966164973,0.0,-0.10988877032835254,-0.010101694679280793,0.0,-0.16264320073384997,-0.13682169216638063,0.0,0.0,-0.008729634799530483,0.0,-0.1003454931881691,-0.1183165966164973,0.0,0.0,-0.16688031692942185,-0.016457504218395758,-0.01601662355777156,0.0,-0.0079614979953887,-0.009118442449615571,-0.0164350801553248,-0.016016623557771448,0.0,0.0,0.0,0.0,0.0,0.0,-0.01734582726719658,-0.009445479795421652,0.0,0.0,0.0,0.0,0.0,0.0,0.0,0.0,0.0
2025-11-13,0.0,-0.007559378837255992,0.0,-0.10854740528122908,-0.11812075098541741,0.0,-0.11243282277682332,-0.00915650026229431,0.0,-0.16699847445280014,-0.1362375930788733,0.0,0.0,-0.007559378837255992,0.0,-0.10854740528122908,-0.11812075098541741,0.0,0.0,-0.16589676762680106,-0.018914754804892686,-0.01842000645184716,0.0,-0.0060502141187246394,-0.007513974698508563,-0.018892386765371638,-0.018420006451846938,0.0,-0.011970713981941827,-0.011970713981941827,-0.011970713981941827,-0.011970713981941716,-0.011970713981941716,-0.028302526412740114,-0.020490268660416255,-0.01645961551809827,-0.01645961551809838,-0.011766733818623809,-0.011766733818623698,-0.015478826657499556,-0.015478826657499445,-0.011970713981941716,-0.011970713981941716,-0.011970713981941827
2025-11-14,0.0,-0.006496404082705354,0.0,-0.10447294228082493,-0.11618261314421241,0.0,-0.11198108733046652,-0.008049880509060858,0.0,-0.1664818906912099,-0.13532008510938642,0.0,0.0,-0.006496404082705354,0.0,-0.10447294228082493,-0.11618261314421241,0.0,0.0,-0.16500338351918253,-0.017858011875233504,-0.017437412766350024,0.0,-0.004985622941022783,-0.006280266988737959,-0.017815101777946984,-0.017437412766349802,0.0,-0.02187233520859788,-0.021872335208597993,-0.021872335208597993,-0.02187233520859788,-0.02187233520859788,-0.02943889659324106,-0.02163577503504499,-0.016517386950881008,-0.01651738695088123,-0.021299057260963372,-0.021299057260963372,-0.016093452815308162,-0.01609345281530805,-0.021872335208597993,-0.021872335208597993,-0.021872335208597993
2025-11-17,0.0,0.0,0.0,-0.10797100864040565,-0.11091700691315587,0.0,-0.11557860136301412,-0.002749675715104538,0.0,-0.1693824136195039,-0.13166221182862092,0.0,0.0,0.0,0.0,-0.10797100864040565,-0.11091700691315587,0.0,0.0,-0.15950819745351996,-0.011394449195911815,-0.011623944972525058,0.0,0.0,-0.000856549499090975,-0.011351256703506452,-0.011623944972524725,0.0,-0.023447652824077903,-0.023447652824077903,-0.023447652824078014,-0.023447652824077903,-0.02344765282407779,-0.030283364189942152,-0.022487031986157535,-0.01606485919174283,-0.016064859191742942,-0.023461841763209534,-0.023461841763209534,-0.016951334641745808,-0.016951334641745586,-0.023447652824077903,-0.023447652824078014,-0.023447652824077903
2025-11-18,0.0,-0.0018211357638913128,0.0,-0.10167060866992184,-0.1116710150777891,0.0,-0.11310559708287637,-0.003985631333046635,0.0,-0.16512369034761964,-0.13219640890041773,0.0,0.0,-0.0018211357638913128,0.0,-0.10167060866992184,-0.1116710150777891,0.0,0.0,-0.16103884713439476,-0.01319483412086242,-0.0131407670962157,0.0,-0.0018211357638912018,-0.001896076584327444,-0.013151720287849833,-0.013140767096215367,0.0,-0.008182045204400246,-0.008182045204400135,-0.008182045204400135,-0.008182045204400024,-0.008182045204400024,-0.019508389452259745,-0.011625428557741846,-0.0018786499816662028,-0.0018786499816663138,-0.00786946836680591,-0.00786946836680591,-0.0026776181523071596,-0.0026776181523068265,-0.008182045204400135,-0.008182045204400246,-0.008182045204400024
2025-11-19,0.0,0.0,0.0,-0.10161583226747817,-0.09971194518105353,0.0,-0.11513777267202274,0.0,0.0,-0.16765867991162064,-0.12213084331262336,0.0,0.0,0.0,0.0,-0.10161583226747817,-0.09971194518105353,0.0,0.0,-0.15086209961979813,0.0,-0.000905026730080305,0.0,0.0,0.0,0.0,-0.0009050267300800829,0.0,-0.00495080967956929,-0.004950809679569179,-0.004950809679569179,-0.004950809679569179,-0.004950809679569068,-0.01995233848338762,-0.012072946852302313,-0.0005221681658410526,-0.0005221681658411637,-0.004944187484117735,-0.004944187484117735,-0.0016289727698565182,-0.0016289727698561851,-0.004950809679569179,-0.00495080967956929,-0.004950809679569068
2025-11-20,0.0,-0.006242144483924572,0.0,-0.10001289685073755,-0.09654561988891619,0.0,-0.11960250756207069,-0.006808622223501426,0.0,-0.1697736121729374,-0.12707385878970856,0.0,0.0,-0.006242144483924572,0.0,-0.10001289685073755,-0.09654561988891619,0.0,0.0,-0.15616254108074767,0.0,0.0,0.0,-0.005535816591926368,-0.006322879811887949,0.0,0.0,0.0,-0.014355260940251413,-0.014355260940251302,-0.014355260940251191,-0.014355260940251413,-0.014355260940251191,-0.02454714018033055,-0.016704689856754218,-0.0018594042262847221,-0.0018594042262849442,-0.014363353644665233,-0.014363353644665344,-0.004290178478985496,-0.004290178478985163,-0.014355260940251302,-0.014355260940251413,-0.014355260940251191
2025-11-21,0.0,-0.00847699432496607,0.0,-0.09686690262481124,-0.09767754146952667,0.0,-0.1256531278935792,-0.010790604978462404,0.0,-0.17480534114693524,-0.13024370202734803,0.0,0.0,-0.00847699432496607,0.0,-0.09686690262481124,-0.09767754146952667,0.0,0.0,-0.15806023678243464,-0.002301647966907572,-0.0007860783589257458,0.0,-0.007059942087291993,-0.009821429761369682,-0.0015768906809858763,-0.0007860783589256348,0.0,-0.024590850762566174,-0.024590850762566174,-0.02459085076256584,-0.024590850762566063,-0.024590850762565952,-0.03974323947783287,-0.032022962822264356,-0.011881566513097352,-0.011881566513097575,-0.024197811378919964,-0.024197811378920298,-0.016035583588312585,-0.016035583588312252,-0.024590850762566063,-0.024590850762566285,-0.02459085076256584
2025-11-24,0.0,-0.008597539760552442,0.0,-0.0959281402935076,-0.09731273010854091,0.0,-0.12553743761462877,-0.01050780273252283,0.0,-0.1735400090166267,-0.12885520226490943,0.0,0.0,-0.008597539760552442,0.0,-0.0959281402935076,-0.09731273010854091,0.0,0.0,-0.1581625964805089,-0.002422944176618369,-0.0006305806712669781,0.0,-0.007180659802470735,-0.009394472339327442,-0.0016982750038139205,-0.0006305806712667561,0.0,-0.01830317082182198,-0.01830317082182198,-0.018303170821821646,-0.018303170821821868,-0.018303170821821757,-0.03885876522032894,-0.03113137756461626,-0.007988155590364698,-0.007988155590365031,-0.017961459796947965,-0.017961459796948187,-0.012327046858022439,-0.012327046858022106,-0.018303170821821868,-0.01830317082182209,-0.018303170821821535
2025-11-25,0.0,-0.003924725972338283,0.0,-0.0938635290768729,-0.09279367040224384,0.0,-0.12360075761872891,-0.005589563591371194,0.0,-0.1716197004464921,-0.12451856011999407,0.0,0.0,-0.003924725972338283,0.0,-0.0938635290768729,-0.09279367040224384,0.0,0.0,-0.1541947331915171,0.0,-0.004775602981703764,0.0,-0.00250116778168219,-0.004465114024830741,0.0,-0.004775602981703764,0.0,-0.027107271193230087,-0.027107271193230198,-0.027107271193229865,-0.027107271193229976,-0.027107271193229865,-0.04016498274931257,-0.03244809682720984,-0.013597820757297985,-0.013597820757298207,-0.026720603959112688,-0.02672060395911302,-0.016937381234189308,-0.016937381234188975,-0.027107271193229976,-0.027107271193230198,-0.027107271193229865
2025-11-26,0.0,0.0,0.0,-0.09068147479687194,-0.08757947317365156,0.0,-0.13124505264886266,0.0,0.0,-0.1694535023767395,-0.11550173020977916,0.0,0.0,0.0,0.0,-0.09068147479687194,-0.08757947317365156,0.0,0.0,-0.14609897185793685,0.0,-0.013996301180277837,0.0,0.0,0.0,0.0,-0.013996301180277726,0.0,-0.009866086710747402,-0.009866086710747402,-0.009866086710747068,-0.00986608671074718,-0.009866086710747068,-0.02519555207118218,-0.017358314852465195,-0.005103671198993909,-0.00510367119899402,-0.010065214977547088,-0.01006521497754731,-0.0067728870235772565,-0.006772887023576923,-0.00986608671074718,-0.009866086710747513,-0.009866086710746957
2025-11-27,0.0,0.0,0.0,-0.09072636852241389,-0.08553686552316764,0.0,-0.1329444034523335,0.0,0.0,-0.1708577259010402,-0.11350909255989294,0.0,0.0,0.0,0.0,-0.09072636852241389,-0.08553686552316764,0.0,0.0,-0.14388994474422434,0.0,-0.016671812188700286,0.0,0.0,0.0,0.0,-0.016671812188700286,0.0,-0.016295020491532974,-0.016295020491532974,-0.016295020491532752,-0.016295020491532752,-0.01629502049153253,-0.030648619520817766,-0.022855223898497923,-0.007242480149433628,-0.007242480149433739,-0.016215863368412742,-0.016215863368413075,-0.009689266036659427,-0.009689266036659094,-0.016295020491532752,-0.016295020491533196,-0.01629502049153264
2025-11-28,0.0,0.0,0.0,-0.09436812207924017,-0.08454627418090677,0.0,-0.1362375110818046,0.0,0.0,-0.17537220909182083,-0.11097467193516164,0.0,0.0,0.0,0.0,-0.09436812207924017,-0.08454627418090677,0.0,0.0,-0.1404847998320634,0.0,-0.020498504387081007,0.0,0.0,0.0,0.0,-0.020498504387081007,0.0,-0.014159577203638807,-0.014159577203638807,-0.014159577203638585,-0.014159577203638696,-0.014159577203638363,-0.027187586522750884,-0.019366364871646224,-0.005207704510078792,-0.005207704510078903,-0.014120520858509678,-0.0141205208585099,-0.007307344362275092,-0.007307344362274648,-0.014159577203638696,-0.014159577203639029,-0.014159577203638474
2025-12-01,0.0,-0.001261878026607377,0.0,-0.09356376726366189,-0.08547015800121383,0.0,-0.13188348084963675,-4.056809084729274e-05,0.0,-0.17137085836792942,-0.11084113482608116,0.0,0.0,-0.001261878026607377,0.0,-0.09356376726366189,-0.08547015800121383,0.0,0.0,-0.14156940317669042,-0.0012215643132150733,-0.020573424867215362,0.0,-0.0012417211699113917,-1.522740632364794e-06,-0.0012215643132150733,-0.019885142705432512,0.0,-0.023961972764193096,-0.023961972764193207,-0.023961972764192874,-0.023961972764193096,-0.023961972764192763,-0.037552634777327176,-0.029814746088158706,-0.008040613192016433,-0.008040613192016433,-0.024238721168808763,-0.024238721168809096,-0.011801904940769492,-0.011801904940769048,-0.023961972764193096,-0.023961972764193207,-0.02396197276419265
2025-12-02,0.0,0.0,0.0,-0.09383093833182532,-0.08325269130980573,0.0,-0.13670438054354261,0.0,0.0,-0.17586272966299288,-0.11062967056269846,0.0,0.0,0.0,0.0,-0.09383093833182532,-0.08325269130980573,0.0,0.0,-0.13937084360771113,0.0,-0.01813151878890107,0.0,0.0,0.0,0.0,-0.017441520602214267,0.0,-0.023842856402288337,-0.023842856402288337,-0.023842856402288115,-0.023842856402288337,-0.023842856402288115,-0.033573159778354844,-0.02580327688805284,-0.0060799992505037315,-0.0060799992505038425,-0.024483287640389317,-0.02448328764038954,-0.010244648603177864,-0.010244648603177642,-0.023842856402288337,-0.023842856402288448,-0.023842856402287893
2025-12-03,0.0,0.0,0.0,-0.09341977319802286,-0.07318627289603086,0.0,-0.14284777200817944,0.0,0.0,-0.18138351120726992,-0.1016164073518937,0.0,0.0,0.0,0.0,-0.09341977319802286,-0.07318627289603086,0.0,0.0,-0.12989352924851383,0.0,-0.0073345255374968055,0.0,0.0,0.0,0.0,-0.006636939872540104,0.0,-0.017260666348929643,-0.017260666348929643,-0.01726066634892942,-0.017260666348929643,-0.01726066634892931,-0.030550683762627484,-0.022756500755954923,-0.00882304975366155,-0.00882304975366166,-0.01765247107706025,-0.01765247107706036,-0.01139466002454137,-0.011394660024541259,-0.017260666348929532,-0.017260666348929865,-0.0172606663489292
2025-12-04,0.0,-0.00484479127011761,0.0,-0.0939824506197049,-0.07775262804891159,0.0,-0.13802099687779257,-0.003693444057687123,0.0,-0.17732770476850557,-0.10520994212912449,0.0,0.0,-0.00484479127011761,0.0,-0.0939824506197049,-0.07775262804891159,0.0,0.0,-0.13410901348208337,-0.004643534568886443,-0.012051786465513747,0.0,-0.004844791270117499,-0.0036885953621826895,-0.004643534568886332,-0.01135751580816624,0.0,-0.020056424569189546,-0.020056424569189546,-0.020056424569189324,-0.020056424569189435,-0.020056424569189324,-0.030444140583425594,-0.022649100990417947,-0.0033941801141306183,-0.0033941801141307293,-0.020902162620358822,-0.020902162620358822,-0.0065722980036315715,-0.0065722980036314604,-0.020056424569189324,-0.020056424569189657,-0.020056424569189213
2025-12-05,0.0,0.0,0.0,-0.08787120408914251,-0.07068457168940512,0.0,-0.14588998597899683,0.0,0.0,-0.1841677957480149,-0.10037516851518202,0.0,0.0,0.0,0.0,-0.08787120408914251,-0.07068457168940512,0.0,0.0,-0.1280974804675319,0.0,-0.0051671153064104525,0.0,0.0,0.0,0.0,-0.0044680065157420845,0.0,-0.03924503277404723,-0.03924503277404734,-0.03924503277404712,-0.03924503277404723,-0.039245032774047006,-0.042852142955619676,-0.03515686127632278,-0.010329829670820079,-0.0103298296708203,-0.039067174198898824,-0.03906717419889871,-0.014161324625128091,-0.01416132462512798,-0.03924503277404712,-0.03924503277404745,-0.039245032774047006
2025-12-08,0.0,-0.003789026404901752,0.0,-0.09123662660030685,-0.07466949845447823,0.0,-0.14642155860418782,-0.0043838709757735295,0.0,-0.18492380457341573,-0.1044381796390329,0.0,0.0,-0.003789026404901752,0.0,-0.09123662660030685,-0.07466949845447823,0.0,0.0,-0.13140114213654086,-0.0037795431219048714,-0.009277206920753622,0.0,-0.0037842847634033117,-0.004359777473145199,-0.0037795431219046494,-0.008580986455574258,0.0,-0.03799842332302816,-0.03799842332302816,-0.03799842332302794,-0.03799842332302816,-0.03799842332302794,-0.04697803663303168,-0.03931592633242287,-0.014230986127733436,-0.014230986127733547,-0.03795625431069105,-0.03795625431069105,-0.018607506648006367,-0.018607506648006034,-0.03799842332302805,-0.037998423323028274,-0.03799842332302794
2025-12-09,0.0,-0.00409353162664261,0.0,-0.09275594536786991,-0.07506475104568844,0.0,-0.15159440659667345,-0.006289125705750576,0.0,-0.1899519898377262,-0.10627264745631226,0.0,0.0,-0.00409353162664261,0.0,-0.09275594536786991,-0.07506475104568844,0.0,0.0,-0.13166664100658743,-0.0039825107896031,-0.009419302089435533,0.0,-0.004082101859217202,-0.0062028241421839825,-0.003982510789602989,-0.008723181480205011,0.0,-0.040248370337859996,-0.040248370337859884,-0.040248370337859773,-0.040248370337859884,-0.040248370337859773,-0.0470499974401255,-0.039388465690339824,-0.01272718417298746,-0.01272718417298746,-0.04031873766175742,-0.04031873766175742,-0.017475711856512977,-0.017475711856512754,-0.040248370337859884,-0.040248370337859996,-0.040248370337859773
2025-12-10,0.0,0.0,0.0,-0.09477661745976418,-0.06346123838598305,0.0,-0.1567589722700765,0.0,0.0,-0.19467885343472413,-0.09425166168028765,0.0,0.0,0.0,0.0,-0.09477661745976418,-0.06346123838598305,0.0,0.0,-0.12009001593149182,0.0,0.0,0.0,0.0,0.0,0.0,0.0,0.0,-0.04105504588520381,-0.0410550458852037,-0.0410550458852037,-0.04105504588520381,-0.04105504588520359,-0.04475284622354292,-0.03707284582699455,-0.010804268500465342,-0.01080426850046523,-0.04068839736766894,-0.04068839736766905,-0.015229068655997602,-0.01522906865599738,-0.0410550458852037,-0.04105504588520392,-0.0410550458852037
2025-12-11,0.0,-0.0036699240503536013,0.0,-0.09375431452904448,-0.06586877891708831,0.0,-0.15646654370052426,0.0,0.0,-0.19398541696540705,-0.09037035352601763,0.0,0.0,-0.0036699240503536013,0.0,-0.09375431452904448,-0.06586877891708831,0.0,0.0,-0.11804109471191027,0.0,0.0,0.0,-0.0036699240503534902,0.0,0.0,0.0,0.0,-0.032986040834084074,-0.03298604083408385,-0.03298604083408396,-0.03298604083408396,-0.03298604083408385,-0.03429281342190593,-0.026528716406229447,-0.007695793037677312,-0.007695793037677312,-0.033037678275751436,-0.03303767827575155,-0.010611622027625556,-0.010611622027625223,-0.03298604083408396,-0.032986040834084185,-0.03298604083408396
2025-12-12,0.0,-0.0009596574886374665,0.0,-0.09543644758089209,-0.0641628539932968,0.0,-0.15576107654613447,-0.0030523845361721813,0.0,-0.19392379802658255,-0.09326921276657385,0.0,0.0,-0.0009596574886374665,0.0,-0.09543644758089209,-0.0641628539932968,0.0,0.0,-0.11689296089435708,-0.004197330951882239,-0.0027207338262211778,0.0,-0.0009596574886372444,-0.0029877705908989416,-0.0034665308572160436,-0.002720733826221289,0.0,-0.03536741786964581,-0.03536741786964559,-0.03536741786964581,-0.03536741786964581,-0.03536741786964548,-0.03586548085520935,-0.028114027778291084,-0.014137774872127418,-0.014137774872127196,-0.03547779584876809,-0.0354777958487682,-0.016153935304877298,-0.016153935304876965,-0.0353674178696457,-0.03536741786964592,-0.0353674178696457
2025-12-15,0.0,-0.000361476909131464,0.0,-0.0966254651863554,-0.06405162027154487,0.0,-0.1527373263360714,-0.0017686348980369138,0.0,-0.19117464538078788,-0.09191302995520312,0.0,0.0,-0.000361476909131464,0.0,-0.0966254651863554,-0.06405162027154487,0.0,0.0,-0.11743517207057896,-0.0036010889461315365,-0.0032271653847966153,0.0,-0.000361476909131242,-0.001533544380355134,-0.002869851281123603,-0.0032271653847967263,0.0,-0.03848121240997526,-0.03848121240997515,-0.03848121240997526,-0.03848121240997526,-0.03848121240997493,-0.04211178385630032,-0.03441054983456138,-0.014056537400289226,-0.014056537400289004,-0.03857402779330599,-0.0385740277933061,-0.01619420941069083,-0.016194209410690386,-0.03848121240997515,-0.038481212409975485,-0.03848121240997526
2025-12-16,0.0,-0.002212266367346283,0.0,-0.10043006775328078,-0.0656096080420594,0.0,-0.15274272800009614,-0.0012526023126242514,0.0,-0.1915725370926794,-0.09141265053250003,0.0,0.0,-0.002212266367346283,0.0,-0.10043006775328078,-0.0656096080420594,0.0,0.0,-0.11707225482246442,-0.003946792512266484,-0.0026576796797936897,0.0,-0.0014602854178227265,-0.001004985527239266,-0.0032158085523416036,-0.0026576796797936897,0.0,-0.04383152241199162,-0.04383152241199151,-0.04383152241199162,-0.04383152241199173,-0.0438315224119914,-0.04482742327717948,-0.03714802246556492,-0.012841983562123849,-0.012841983562123738,-0.043714658297902664,-0.04371465829790255,-0.01580867273573827,-0.01580867273573794,-0.04383152241199151,-0.04383152241199195,-0.04383152241199162
2025-12-17,0.0,-0.008580337506863489,0.0,-0.09944743786046006,-0.0646429852067597,0.0,-0.15361493872279397,-0.006564050079562067,0.0,-0.19277229061146106,-0.09634694164163382,0.0,0.0,-0.008580337506863489,0.0,-0.09944743786046006,-0.0646429852067597,0.0,0.0,-0.12123473201171031,0.0,-0.007501983196210871,0.0,-0.00706873267620689,-0.006310301430298537,0.0,-0.007501983196210871,0.0,-0.049045726699913805,-0.049045726699913694,-0.049045726699913916,-0.049045726699913916,-0.04904572669991358,-0.05049651701845104,-0.04286269461239245,-0.012944900930827008,-0.012944900930826786,-0.04868333213607501,-0.0486833321360749,-0.017111274435393287,-0.017111274435392843,-0.049045726699913694,-0.04904572669991414,-0.049045726699913916
2025-12-18,0.0,-0.011647791341523162,0.0,-0.10152762286546424,-0.0681176029915278,0.0,-0.1542569603468047,-0.005099637020068215,0.0,-0.19403633410633114,-0.09510726535800462,0.0,0.0,-0.011647791341523162,0.0,-0.10152762286546424,-0.0681176029915278,0.0,0.0,-0.11992078906758885,-0.0014823375939750916,-0.005917950077643841,0.0,-0.009369251124386468,-0.004822989458220239,-0.0014823375939749805,-0.00591795007764373,0.0,-0.05340952043624825,-0.05340952043624814,-0.05340952043624825,-0.05340952043624836,-0.053409520436247915,-0.05062813840525571,-0.04299537420941946,-0.014363933680751728,-0.014363933680751395,-0.05302914146874571,-0.05302914146874549,-0.018282298827538623,-0.01828229882753818,-0.05340952043624814,-0.05340952043624847,-0.05340952043624825
2025-12-19,0.0,-0.015521856564893244,0.0,-0.09938744451445336,-0.07104758682686652,0.0,-0.16462014945488213,-0.009597477706579705,0.0,-0.2031061267248162,-0.09910481945098282,0.0,0.0,-0.015521856564893244,0.0,-0.09938744451445336,-0.07104758682686652,0.0,0.0,-0.12330103604924991,0.0,-0.009507367902783947,0.0,-0.01324951039848521,-0.009305707703166077,0.0,-0.009507367902783947,0.0,-0.04906881345136049,-0.04906881345136027,-0.04906881345136049,-0.04906881345136049,-0.04906881345136016,-0.050994914895507226,-0.04336509951095979,-0.015608771099915209,-0.015608771099914986,-0.048277112129667565,-0.04827711212966734,-0.019657085098828575,-0.01965708509882813,-0.04906881345136049,-0.049068813451360715,-0.04906881345136038
2025-12-22,0.0,-0.006466991119302601,0.0,-0.09955604629750514,-0.06183146311754972,0.0,-0.16744943220947206,0.0,0.0,-0.20643588945080393,-0.08942999602043478,0.0,0.0,-0.006466991119302601,0.0,-0.09955604629750514,-0.06183146311754972,0.0,0.0,-0.11404233860479585,0.0,0.0,0.0,-0.0034003014934815834,0.0,0.0,0.0,0.0,-0.047853603062927075,-0.04785360306292674,-0.047853603062927075,-0.047853603062927186,-0.04785360306292663,-0.05097556912481682,-0.04334559820405459,-0.01641370782141427,-0.016413707821413936,-0.046358283108708265,-0.046358283108708265,-0.020084031653475054,-0.02008403165347461,-0.047853603062927075,-0.0478536030629273,-0.047853603062926964
2025-12-23,0.0,-0.017923466170264746,0.0,-0.09918679859531376,-0.06947693345834949,0.0,-0.1666075013612579,0.0,0.0,-0.20724147571301255,-0.07899987702285494,0.0,0.0,-0.017923466170264746,0.0,-0.09918679859531376,-0.06947693345834949,0.0,0.0,-0.10394622035149015,0.0,0.0,0.0,-0.01489213868427508,0.0,0.0,0.0,0.0,-0.0382247516021732,-0.03822475160217287,-0.03822475160217331,-0.038224751602173423,-0.03822475160217287,-0.044089070457533075,-0.03640373343357284,-0.016117779916444808,-0.016117779916444364,-0.03711407993370497,-0.03711407993370497,-0.018105547291369373,-0.01810554729136904,-0.03822475160217331,-0.038224751602173423,-0.0382247516021732
2025-12-24,0.0,-0.017651437188890395,0.0,-0.0975393408774996,-0.06777879429153166,0.0,-0.16516037809610307,-0.00026543492983521766,0.0,-0.20556766877335253,-0.07913757604534655,0.0,0.0,-0.017651437188890395,0.0,-0.0975393408774996,-0.06777879429153166,0.0,0.0,-0.1042439002998462,-0.00028642175259974145,-5.048986493549901e-05,0.0,-0.014619270044381238,-0.00026543492983510664,-0.0002864217525995194,-5.048986493549901e-05,0.0,-0.051394284908979126,-0.051394284908978904,-0.05139428490897924,-0.05139428490897935,-0.051394284908978904,-0.055152657200886246,-0.04755626925177048,-0.0312139487927795,-0.031213948792779167,-0.049369781403550084,-0.049369781403550084,-0.032076400271051186,-0.03207640027105074,-0.05139428490897924,-0.05139428490897935,-0.05139428490897924
2025-12-25,0.0,-0.017651437188890395,0.0,-0.09793421518624112,-0.06841954625142821,0.0,-0.16516037809610307,-0.0002756172679508895,0.0,-0.20589322982492364,-0.07917729734350543,0.0,0.0,-0.017651437188890395,0.0,-0.09793421518624112,-0.06841954625142821,0.0,0.0,-0.1042439002998462,-0.00028642175259974145,-5.048986493549901e-05,0.0,-0.014619270044381238,-0.000270526098892776,-0.0002864217525995194,-5.048986493549901e-05,0.0,-0.051394284908979126,-0.051394284908978904,-0.05139428490897924,-0.05139428490897935,-0.051394284908978904,-0.055152657200886246,-0.04755626925177048,-0.0312139487927795,-0.031213948792779167,-0.049369781403550084,-0.049369781403550084,-0.032076400271051186,-0.03207640027105074,-0.05139428490897924,-0.05139428490897935,-0.05139428490897924
2025-12-26,0.0,-0.017202323706863476,0.0,-0.1000833329419164,-0.06935242374785466,0.0,-0.16733234229429172,-0.0008330450331001105,0.0,-0.2077866696852655,-0.07991184199080859,0.0,0.0,-0.017202323706863476,0.0,-0.1000833329419164,-0.06935242374785466,0.0,0.0,-0.10468831691076708,-0.002346491710490617,-0.0005060389182683922,0.0,-0.014168770305789224,-0.0008243606164413109,-0.0015549748755421255,-0.0005060389182685032,0.0,-0.04539570880772448,-0.04539570880772403,-0.04539570880772448,-0.0453957088077247,-0.045395708807724144,-0.05017768196454353,-0.042541296186973776,-0.024542872119045822,-0.02454287211904549,-0.04285746350651698,-0.04285746350651698,-0.025467316162872455,-0.02546731616287201,-0.04539570880772448,-0.04539570880772448,-0.04539570880772448
2025-12-29,0.0,-0.01600391555253533,0.0,-0.10025483549788172,-0.06792077898413229,0.0,-0.16587564131675103,-0.0033775690513250245,0.0,-0.20506058926718806,-0.08196856377238682,0.0,0.0,-0.01600391555253533,0.0,-0.10025483549788172,-0.06792077898413229,0.0,0.0,-0.10707009153427582,0.0,-0.003136608339318392,0.0,-0.012206634807623962,-0.0033689067507967074,0.0,-0.003098808436335365,0.0,-0.05391217700627593,-0.053912177006275486,-0.05391217700627604,-0.05391217700627615,-0.0539121770062756,-0.05386204134803052,-0.04625527709973132,-0.02206640182278763,-0.022066401822787407,-0.05132582010383202,-0.05132582010383202,-0.024247781252252354,-0.0242477812522518,-0.05391217700627593,-0.05391217700627593,-0.05391217700627593
2025-12-30,0.0,-0.021445621667809722,0.0,-0.10127855112012385,-0.07301062088153687,0.0,-0.16536903144066284,-0.007132123041397764,0.0,-0.20648182388604208,-0.08583615065502237,0.0,0.0,-0.021445621667809722,0.0,-0.10127855112012385,-0.07301062088153687,0.0,0.0,-0.11049321950291302,0.0,-0.00692303290477736,0.0,-0.016896762299413726,-0.007107836786530042,0.0,-0.006885376578619762,0.0,-0.054077209902183676,-0.05407720990218323,-0.05407720990218379,-0.0540772099021839,-0.05407720990218334,-0.049623297134129385,-0.04198245421088753,-0.022271057388895565,-0.022271057388895232,-0.05290618367590849,-0.0529061836759086,-0.02372129413060453,-0.023721294130604087,-0.054077209902183676,-0.054077209902183676,-0.054077209902183676
2025-12-31,0.0,-0.017151332007994236,0.0,-0.10272054214838855,-0.07245697397062956,0.0,-0.16920046155937585,-0.011504917971895456,0.0,-0.20633817222768347,-0.08976071331295132,0.0,0.0,-0.017151332007994236,0.0,-0.10272054214838855,-0.07245697397062956,0.0,0.0,-0.1143176325943921,0.0,-0.011135153521425134,0.0,-0.012582510417587733,-0.011446141659514297,0.0,-0.011097656913993226,0.0,-0.05327616381604594,-0.053276163816045496,-0.05327616381604605,-0.05327616381604605,-0.05327616381604572,-0.048469429552192245,-0.04081930975913528,-0.019447355226051233,-0.019447355226050678,-0.052099818451164515,-0.052099818451164626,-0.021655294098212652,-0.02165529409821232,-0.05327616381604605,-0.05327616381604594,-0.05327616381604594
2026-01-01,0.0,-0.017151332007994236,0.0,-0.10282715914170759,-0.0729926716224607,0.0,-0.16925791904544585,-0.011514592919771083,0.0,-0.20657202515010908,-0.09061278562286179,0.0,0.0,-0.017151332007994236,0.0,-0.10282715914170759,-0.0729926716224607,0.0,0.0,-0.11432322100032899,0.0,-0.011135153521425134,0.0,-0.012582510417587733,-0.01145097942109008,0.0,-0.011097656913993226,0.0,-0.05330509338336764,-0.05330509338336731,-0.05330509338336786,-0.053305093383367974,-0.05330509338336753,-0.04975419754130117,-0.04211440703174618,-0.019944618920952895,-0.01994461892095234,-0.05211275678368077,-0.05211275678368077,-0.02229419700012869,-0.02229419700012847,-0.05330509338336786,-0.05330509338336775,-0.05330509338336786
2026-01-02,0.0,-0.01650901713177544,0.0,-0.10212695944321248,-0.07231394423929582,0.0,-0.16761378127182713,-0.012263526807756664,0.0,-0.20695607290704388,-0.09176651765843169,0.0,0.0,-0.01650901713177544,0.0,-0.10212695944321248,-0.07231394423929582,0.0,0.0,-0.11494030730273253,0.0,-0.011710149812475534,0.0,-0.011937209708279939,-0.012088209521188054,0.0,-0.011672675008235767,0.0,-0.04158268664017506,-0.041582686640174726,-0.04158268664017517,-0.04158268664017528,-0.04158268664017484,-0.04654999423330053,-0.03888444255546697,-0.013829669845509818,-0.013829669845509263,-0.040646394448050405,-0.040646394448050405,-0.01568617612348855,-0.015686176123488438,-0.04158268664017517,-0.04158268664017506,-0.04158268664017517
2026-01-05,0.0,-0.02023725922095776,0.0,-0.10736498184176524,-0.07853706361836554,0.0,-0.1734618898749538,-0.01209534734964035,0.0,-0.21158272465063543,-0.0995405425931759,0.0,0.0,-0.02023725922095776,0.0,-0.10736498184176524,-0.07853706361836554,0.0,0.0,-0.11154685641238238,-0.0037761343278516213,-0.008104344058998514,0.0,-0.015675525123786338,-0.010996940655363607,-0.0037761343278515103,-0.008066732526788911,0.0,-0.03519064044910081,-0.035190640449100474,-0.03519064044910092,-0.03519064044910103,-0.035190640449100696,-0.037787731827883975,-0.030051733273048775,-0.007981477415622162,-0.007981477415621607,-0.034107728541937,-0.03410772854193722,-0.009858182879631916,-0.009858182879631916,-0.03519064044910103,-0.03519064044910081,-0.03519064044910103
2026-01-06,0.0,-0.014878382293602499,0.0,-0.11005182045849937,-0.08148474731630972,0.0,-0.1710569944683472,-0.006463747618552396,0.0,-0.2141552356523857,-0.1002352011518256,0.0,0.0,-0.014878382293602499,0.0,-0.11005182045849937,-0.08148474731630972,0.0,0.0,-0.11657716507198645,0.0,-0.013122873379362465,0.0,-0.010289987556821423,-0.0053536282067266905,0.0,-0.01308545214396084,0.0,-0.03347590748862339,-0.03347590748862306,-0.0334759074886235,-0.033475907488623724,-0.03347590748862328,-0.04216965940230377,-0.03446889068864234,-0.015594937895391348,-0.015594937895390681,-0.03240234397383834,-0.032402343973838565,-0.017356076423778677,-0.017356076423778566,-0.0334759074886235,-0.03347590748862339,-0.0334759074886235
2026-01-07,0.0,-0.00979805680505641,0.0,-0.11213547117827449,-0.08596403877026704,0.0,-0.16939743226754767,-0.0010591932011766447,0.0,-0.21587430469114632,-0.10213438555161403,0.0,0.0,-0.00979805680505641,0.0,-0.11213547117827449,-0.08596403877026704,0.0,0.0,-0.12120499357431735,0.0,-0.017976569885974958,0.0,-0.005176951892974624,0.0,0.0,-0.017939332697112342,0.0,-0.03692539314067067,-0.03692539314067045,-0.03692539314067078,-0.036925393140671,-0.03692539314067056,-0.03749739823223941,-0.029759065452045985,-0.004136384027795148,-0.004136384027794482,-0.03596524788787725,-0.03596524788787736,-0.006264719794202511,-0.006264719794202622,-0.03692539314067089,-0.03692539314067067,-0.03692539314067078
2026-01-08,0.0,-0.006108455137200819,0.0,-0.109940514386899,-0.08342861643182142,0.0,-0.1705696451746478,0.0,0.0,-0.21398422739675738,-0.09809437115183106,0.0,0.0,-0.006108455137200819,0.0,-0.109940514386899,-0.08342861643182142,0.0,0.0,-0.1260914681162758,0.0,-0.02141108770958966,0.0,-0.001457342365605796,0.0,0.0,-0.021373980753657262,0.0,-0.02882988710694878,-0.02882988710694856,-0.02882988710694878,-0.028829887106949115,-0.02882988710694867,-0.03189364072581358,-0.024110254830621347,0.0,0.0,-0.02769798511360233,-0.027697985113602552,0.0,0.0,-0.028829887106949004,-0.02882988710694867,-0.02882988710694878
2026-01-09,0.0,0.0,0.0,-0.11217148705619517,-0.0790958350751727,0.0,-0.17119573939977795,0.0,0.0,-0.21653964594578123,-0.09375557004587165,0.0,0.0,0.0,0.0,-0.11217148705619517,-0.0790958350751727,0.0,0.0,-0.12051688964844298,0.0,-0.027028352172505432,0.0,0.0,0.0,0.0,-0.026991458216722775,0.0,-0.02636537384075699,-0.026365373840756767,-0.02636537384075688,-0.0263653738407571,-0.026365373840756767,-0.028727584602669443,-0.02091874423510831,0.0,0.0,-0.02537767445312622,-0.02537767445312633,0.0,0.0,-0.0263653738407571,-0.02669340382613583,-0.026365373840756767
2026-01-12,0.0,-0.008197785395701818,0.0,-0.11358857976751846,-0.08742702275128955,0.0,-0.1738521966632558,-0.008262714043982045,0.0,-0.21770507768444003,-0.10267821958695589,0.0,0.0,-0.008197785395701818,0.0,-0.11358857976751846,-0.08742702275128955,0.0,0.0,-0.12780392557976217,-0.008197785395701929,-0.019701213547899,0.0,-0.008197785395701818,-0.008260964901362966,-0.008197785395701818,-0.01966404175552272,0.0,-0.029573598450477023,-0.029573598450476912,-0.029573598450476912,-0.029573598450477245,-0.029573598450476912,-0.03341001220617623,-0.025638817641284728,-0.00814582399840158,-0.008145823998401469,-0.028544878369641924,-0.028544878369642146,-0.007892156241577686,-0.007892156241577686,-0.029573598450477245,-0.02968256411952941,-0.029573598450476912
2026-01-13,0.0,0.0,0.0,-0.11215670353756546,-0.08158610687930712,0.0,-0.17152414523106774,0.0,0.0,-0.21644856218113895,-0.09653060799212554,0.0,0.0,0.0,0.0,-0.11215670353756546,-0.08158610687930712,0.0,0.0,-0.12014741251384864,0.0,-0.02734540258004914,0.0,0.0,0.0,0.0,-0.027308520646450285,0.0,-0.01269000526110542,-0.013236869830424713,-0.012690005261105197,-0.013236869830425158,-0.013236869830424824,-0.022654819042605356,-0.015206540408602032,0.0,0.0,-0.011158638143250132,-0.011717504762729813,0.0,0.0,-0.013005137263451538,-0.003815459157833323,-0.013236869830424602
2026-01-14,0.0,-0.0035308606964598033,0.0,-0.11102787494298771,-0.08142728826911805,0.0,-0.17258419050820217,-0.003585701889112891,0.0,-0.21541616375685801,-0.09561897654012486,0.0,0.0,-0.0035308606964598033,0.0,-0.11102787494298771,-0.08142728826911805,0.0,0.0,-0.12329613408441531,-0.0035308606964600253,-0.024294417421890424,0.0,-0.0035308606964599143,-0.0035800060823192315,-0.0035308606964599143,-0.024257419798474844,0.0,-0.029338438021229818,-0.02122770616316405,-0.029338438021229707,-0.021227706163164495,-0.02122770616316405,-0.03874443186420262,-0.026701005343486406,-0.01077336410682539,-0.010543520004291707,-0.02801539029291844,-0.019741690343498708,-0.011272968794463933,-0.010612734059962659,-0.032072209122759654,-0.027331516055638216,-0.02122770616316405
2026-01-15,0.0,0.0,0.0,-0.11166912310949773,-0.08290020659520536,0.0,-0.17081988326530584,0.0,0.0,-0.21599940889567748,-0.10197915426088444,0.0,0.0,0.0,0.0,-0.11166912310949773,-0.08290020659520536,0.0,0.0,-0.11809786766279362,0.0,-0.029369757993053636,0.0,0.0,0.0,0.0,-0.02933295282066284,0.0,-0.025235699556132474,-0.020116378510869226,-0.025235699556132363,-0.02011637851086978,-0.020116378510869226,-0.033640845743094006,-0.025517162215880185,0.0,-0.0076116811283646335,-0.024085144212741327,-0.018686986801203842,0.0,-0.007501910975208803,-0.0227546930079765,-0.019102415022017816,-0.020116378510869226
2026-01-16,0.0,0.0,0.0,-0.11132417214557744,-0.08221285992966909,0.0,-0.17479577119606482,-0.0008769237495743765,0.0,-0.2158091718073022,-0.1026894888767429,0.0,0.0,0.0,0.0,-0.11132417214557744,-0.08221285992966909,0.0,0.0,-0.11915952908685079,0.0,-0.03014211193477967,0.0,0.0,-0.0008769237495744875,0.0,-0.03010533604915422,0.0,-0.021533948060245334,-0.018886612253740442,-0.021533948060245223,-0.018886612253740886,-0.018886612253740442,-0.03759333861200165,-0.026955361917897158,-6.668815354138324e-05,-0.008042623309460595,-0.020449005993115943,-0.017483251811612255,-0.0005584586467519692,-0.008049911504160123,-0.016325715457316314,-0.013284724583403684,-0.018886612253740442
2026-01-19,0.0,-0.011677960679027155,0.0,-0.11227518938368175,-0.08742452805231804,0.0,-0.16903176382381657,0.0,0.0,-0.21614288040586782,-0.09401962375001882,0.0,0.0,-0.011677960679027155,0.0,-0.11227518938368175,-0.08742452805231804,0.0,0.0,-0.11041365951737336,-0.009755305240441214,-0.021488747501637206,0.0,-0.010716632959734351,0.0,-0.009755305240441214,-0.02145164349047457,0.0,-0.013505078498693757,-0.015104016600138603,-0.013505078498693535,-0.015104016600139047,-0.015104016600138492,-0.03299274265041452,-0.024843636486658993,0.0,-0.007083064841972964,-0.012198398688281764,-0.013595002663386202,0.0,-0.006943212333991977,-0.006784104337324237,-0.0041810745972967744,-0.015104016600138603
2026-01-20,0.0,0.0,0.0,-0.11432920465225793,-0.07784923013968437,0.0,-0.16475716168255528,0.0,0.0,-0.21316408776933649,-0.08315392526526333,0.0,0.0,0.0,0.0,-0.11432920465225793,-0.07784923013968437,0.0,0.0,-0.09947570278691797,-0.021903390650270582,-0.010851358046322757,0.0,0.0,0.0,-0.021903390650270582,-0.010813850677696246,0.0,-0.017131168998387847,-0.017310054869258296,-0.017131168998387514,-0.01731005486925874,-0.017310054869258185,-0.0360616277525988,-0.026836726963415103,-0.009192183540880583,-0.012476545462523747,-0.015874056286917293,-0.015828987018277507,-0.009545686040822732,-0.012493650737251505,-0.009871663827780708,-0.007425456268768671,-0.017310054869258296
2026-01-21,0.0,-0.0009987475470238927,0.0,-0.11207737252072059,-0.07868235729774331,0.0,-0.1691757806473999,-0.001112321614133549,0.0,-0.21546913324621708,-0.08412401824348736,0.0,0.0,-0.0009987475470238927,0.0,-0.11207737252072059,-0.07868235729774331,0.0,0.0,-0.10033362569840842,-0.02010596143429555,-0.012256344404053432,0.0,-0.0009921148929692425,-0.0011057786676823556,-0.02010596143429566,-0.012218890310879194,0.0,-0.021475049332338125,-0.01977746097217148,-0.02199298028713159,-0.019777460972171812,-0.019777460972171368,-0.050919879470934126,-0.03532778961310423,-0.014475025249818252,-0.01551644471526481,-0.020471782923406012,-0.018458307766365367,-0.014805718082076536,-0.01544090364295625,-0.015270554054601204,-0.012687184136323859,-0.01977746097217159
2026-01-22,0.0,0.0,0.0,-0.11700445181883334,-0.06317748614731333,0.0,-0.17480422745854884,0.0,0.0,-0.21823094126202724,-0.0687920284961474,0.0,0.0,0.0,0.0,-0.11700445181883334,-0.06317748614731333,0.0,0.0,-0.08498194299358841,-0.037549243225380335,0.0,0.0,0.0,0.0,-0.037549243225380335,0.0,0.0,-0.011226271906920382,-0.012654404285441623,-0.02000649837207502,-0.012654404285442067,-0.012654404285441623,-0.04543018276351252,-0.03150287788850159,-0.010771380888783266,-0.013713206766577613,-0.009933269234752462,-0.011130460916764395,-0.010577902347030932,-0.013238627285056315,-0.0034709937988030015,-0.0016619562313286984,-0.012654404285441845
2026-01-23,0.0,0.0,0.0,-0.12443076688144306,-0.04670556298826101,0.0,-0.17411876367054235,0.0,0.0,-0.2183279050285417,-0.04974814100349512,0.0,0.0,0.0,0.0,-0.12443076688144306,-0.04670556298826101,0.0,0.0,-0.06776884004151029,-0.05858914799806092,0.0,0.0,0.0,0.0,-0.05777024012920362,0.0,0.0,-0.01915926672734991,-0.018843904204038586,-0.022611761549864662,-0.01884390420403892,-0.018843904204038586,-0.06427523469208318,-0.04552096177101417,-0.032402985853159705,-0.02981349509708553,-0.01812896358542282,-0.01752555681290402,-0.031796880044381415,-0.028982795253735927,-0.011491927094002818,-0.009777241996828945,-0.018843904204038697
2026-01-26,0.0,0.0,0.0,-0.1311865661088808,-0.04360779087622546,0.0,-0.1795200208423794,0.0,0.0,-0.22738640098051555,-0.04538561105256855,0.0,0.0,0.0,0.0,-0.1311865661088808,-0.04360779087622546,0.0,0.0,-0.06453510933006457,-0.05390331519679481,0.0,0.0,0.0,0.0,-0.053080331248566814,0.0,0.0,-0.033389344547599786,-0.030385444654530747,-0.027727984924054372,-0.03038544465453119,-0.030385444654530747,-0.08643518794599003,-0.06356527389440458,-0.056876236367063515,-0.049674770999008744,-0.03254702252913455,-0.029234612015750172,-0.05642697866494217,-0.048972464481495837,-0.029491373192525483,-0.025311086002985927,-0.030385444654530858
2026-01-27,0.0,-0.027876436257363135,0.0,-0.1296968366014687,-0.07030631579225322,0.0,-0.18691555185243824,-0.02807909546202192,0.0,-0.23315264043673756,-0.020821154167710132,0.0,0.0,-0.027876436257363135,0.0,-0.1296968366014687,-0.07030631579225322,0.0,0.0,-0.09061253672582636,-0.02732925120350671,-0.02770767528866125,0.0,-0.02779205577301247,-0.02783022099654442,-0.026483151194883425,-0.02770767528866136,0.0,-0.020197171695929272,-0.01811625965791752,-0.021396420550969797,-0.018116259657917966,-0.01811625965791752,-0.07757502416457696,-0.055283585791541356,-0.056631457561652,-0.049730533864615456,-0.019574988726126175,-0.017167081387393424,-0.05404932521720218,-0.04702949270790613,-0.015675792955591072,-0.012008662159915806,-0.018116259657917855
2026-01-28,0.0,-0.024073918999429567,0.0,-0.12537494136613292,-0.06661164388915275,0.0,-0.19142767297255459,-0.033581981984142306,0.0,-0.23742287641868842,-0.02744727506428446,0.0,0.0,-0.024073918999429567,0.0,-0.12537494136613292,-0.06661164388915275,0.0,0.0,-0.08705541533486294,-0.032628559978182814,-0.022489812067907455,0.0,-0.023989208455958755,-0.03280143274907188,-0.03178706969510692,-0.022489812067907566,0.0,-0.023755129990667312,-0.02166325962328619,-0.023378832794631377,-0.021663259623286524,-0.02166325962328608,-0.09001555024368557,-0.06739183153168693,-0.06075409241872731,-0.05332392068812997,-0.023317061619389068,-0.02089993812675761,-0.05896863407604269,-0.051429878234610205,-0.019385387449004643,-0.015596355391708117,-0.021663259623286524
2026-01-29,0.0,-0.028698646957966756,0.0,-0.12043565794924393,-0.07217321984478176,0.0,-0.19629974875101197,-0.0323448295803489,0.0,-0.24177800836099117,-0.025703384649675143,0.0,0.0,-0.028698646957966756,0.0,-0.12043565794924393,-0.07217321984478176,0.0,0.0,-0.0924487118774665,-0.026607976647222475,-0.028460299993774973,0.0,-0.028614337841639248,-0.03152970531950339,-0.02576124922134715,-0.028460299993775084,0.0,-0.022485501654573747,-0.020390910762890235,-0.022613029669329987,-0.02039091076289068,-0.020390910762890124,-0.08852776349356106,-0.06586705594186604,-0.05858703720532443,-0.051139722368480744,-0.021866553618271722,-0.019445840366028255,-0.05687041862335618,-0.04931485363551957,-0.018110076164787325,-0.01431611638636865,-0.02039091076289068
2026-01-30,0.0,-0.012584540598690075,0.0,-0.12134554200141123,-0.07994626423838991,0.0,-0.1901570439381446,-0.03925862433970584,0.0,-0.23551764081563298,-0.033326636924271735,0.0,0.0,-0.012584540598690075,0.0,-0.12134554200141123,-0.07994626423838991,0.0,0.0,-0.10772042992690556,-0.04846552305758611,-0.008207941615972936,0.0,-0.012483078089598587,-0.03836561527044979,-0.04700584349022252,-0.008207941615972936,0.0,-0.026745532997709542,-0.024660070382757193,-0.02579228067131334,-0.024660070382757637,-0.024660070382757193,-0.08722352673313749,-0.0645303936981172,-0.04838917892946648,-0.040861191036011824,-0.02610311746036431,-0.023692888980187843,-0.04943214710898569,-0.04181699291417906,-0.022389175715870402,-0.018611750104052915,-0.024660070382757637
2026-02-02,0.0,-0.005820637551900876,0.0,-0.1268771440663673,-0.07467672698813976,0.0,-0.18534273356048292,-0.039193380138912826,0.0,-0.23148201107185784,-0.03539606295907405,0.0,0.0,-0.005820637551900876,0.0,-0.1268771440663673,-0.07467672698813976,0.0,0.0,-0.11488507617426502,-0.04194740863428348,0.0,0.0,-0.005718480013611971,-0.03795192210462184,-0.040477730103485654,0.0,0.0,-0.017066188304581176,-0.01495998505891094,-0.018602906005743658,-0.014959985058911385,-0.01495998505891083,-0.07241546333700144,-0.04935417735053971,-0.03050137518689522,-0.022831880737364307,-0.01566010829571507,-0.01322403515112025,-0.031722063563137226,-0.023965030998896575,-0.01266650557686233,-0.008851512190337307,-0.014959985058911385
2026-02-03,0.0,-0.012809449977479903,0.0,-0.12383088968667266,-0.08119009916747333,0.0,-0.17858130738183098,-0.04419657827724832,0.0,-0.23208693185233453,-0.04006125981560804,0.0,0.0,-0.012809449977479903,0.0,-0.12383088968667266,-0.08119009916747333,0.0,0.0,-0.12188431636144725,-0.04867670123432011,-0.00927714350580977,0.0,-0.012705126292813618,-0.042726424089784554,-0.047217345619979034,-0.00927714350580977,0.0,-0.0226255121073069,-0.02053122122612927,-0.023276819435450458,-0.020531221226129603,-0.020531221226128937,-0.07044543694655958,-0.04733517284522504,-0.02923941340131775,-0.02155993584437199,-0.022024579622622387,-0.019604257457754737,-0.02852158191428633,-0.020738909769262848,-0.018250713314418077,-0.01445729694893838,-0.020531221226129603
2026-02-04,0.0,-0.0072414778205053265,0.0,-0.12527337698074725,-0.07683749032691745,0.0,-0.17969406103917507,-0.045746043336698405,0.0,-0.23187875126018087,-0.042614775379412606,0.0,0.0,-0.0072414778205053265,0.0,-0.12527337698074725,-0.07683749032691745,0.0,0.0,-0.1268212275952112,-0.04323245459561975,-0.0020274087581736433,0.0,-0.007136565727277389,-0.043914516493399613,-0.041764747360007126,-0.0020274087581737543,0.0,-0.018395341633193008,-0.01629198646032426,-0.01974992940411857,-0.01629198646032448,-0.016291986460324037,-0.07079199441407269,-0.04769034630465396,-0.027699058819802058,-0.0200073958500967,-0.01808882637934872,-0.01565876389727905,-0.029463982206397454,-0.021688859783906667,-0.014001608291763112,-0.010191773656619163,-0.016291986460324592
2026-02-05,0.0,0.0,0.0,-0.12960077133692904,-0.06979487072922097,0.0,-0.17450068840249855,-0.038550805327340565,0.0,-0.23407280439837197,-0.04739962551487287,0.0,0.0,0.0,0.0,-0.12960077133692904,-0.06979487072922097,0.0,0.0,-0.13485866091329735,-0.034210385970658064,0.0,0.0,0.0,-0.036276859582871746,-0.03272883863828968,0.0,0.0,-0.0230075629567289,-0.020914090723490375,-0.0245019796669117,-0.020914090723490486,-0.020914090723490153,-0.07667836247611548,-0.0537230592139154,-0.031897751889861325,-0.02423930387515627,-0.023206614724942787,-0.020789217895107348,-0.03745157309229674,-0.02974044056390568,-0.018634474251033595,-0.014842540713234209,-0.020914090723490597
2026-02-06,0.0,0.0,0.0,-0.12483542350559773,-0.06239189170662163,0.0,-0.17417837111521817,-0.03501975068433205,0.0,-0.23413114654714262,-0.04348643755996151,0.0,0.0,0.0,0.0,-0.12483542350559773,-0.06239189170662163,0.0,0.0,-0.12804875307969166,-0.04340535769943299,-0.010814724080410398,0.0,0.0,-0.03269294506372167,-0.04141145076526653,-0.010814724080410398,0.0,-0.017322475043042518,-0.0152168209614707,-0.019208019272649146,-0.015216820961470812,-0.015216820961470368,-0.06447345398706261,-0.04121471651053499,-0.0201408674569995,-0.012389413266118754,-0.017922182009404097,-0.015491707110975361,-0.02196250031803193,-0.014127282299949862,-0.012923939473273749,-0.009109940794836735,-0.015216820961470923
2026-02-09,0.0,0.0,0.0,-0.12621019127270194,-0.05010064489098209,0.0,-0.16690935027135168,-0.020856745752501404,0.0,-0.22820062188400625,-0.030271941757273768,0.0,0.0,0.0,0.0,-0.12621019127270194,-0.05010064489098209,0.0,0.0,-0.1166767874208281,-0.03090349692603489,-0.02904645607530476,0.0,0.0,-0.01818321849198079,-0.02888353136077859,-0.029046456075304983,0.0,-0.017757332183856556,-0.01565260990207662,-0.02106334528178566,-0.01565260990207673,-0.015652609902076398,-0.06713645286775627,-0.04394392194852026,-0.028432914700746048,-0.020747057106583977,-0.018662105715412047,-0.016233462001805088,-0.027046341684797803,-0.019251851149548194,-0.013360743066054948,-0.009548432168724252,-0.01565260990207684
2026-02-10,0.0,0.0,0.0,-0.13267258982767505,-0.05057535267096258,0.0,-0.16089280132872497,-0.017750039766036618,0.0,-0.2229534240582548,-0.028548850274126458,0.0,0.0,0.0,0.0,-0.13267258982767505,-0.05057535267096258,0.0,0.0,-0.11645198399028511,-0.030686667950212465,-0.02927755925012765,0.0,0.0,-0.0147363732886171,-0.028666250430931628,-0.02927755925012787,0.0,-0.016955937100703644,-0.01484949761181864,-0.020855667193134808,-0.014849497611818974,-0.01484949761181853,-0.07004001385395375,-0.046919670263888436,-0.03031840826737575,-0.022647466406020222,-0.017783775804397273,-0.015352958374245551,-0.02927091975551399,-0.02149425067822286,-0.012555760880633926,-0.008740339583695578,-0.014849497611818863
2026-02-11,0.0,-0.000729149858742173,0.0,-0.1347441648761618,-0.051310111475644016,0.0,-0.15806670283601854,-0.01584912442504538,0.0,-0.22016344417789546,-0.027910259121238568,0.0,0.0,-0.000729149858742173,0.0,-0.1347441648761618,-0.051310111475644016,0.0,0.0,-0.11706144181280886,-0.030271025943746865,-0.0295994001937393,0.0,-0.00021677805950648388,-0.012203760677640618,-0.02824974206849651,-0.029599400193739522,0.0,-0.01996133171197023,-0.017861332099106897,-0.02184212283317355,-0.017861332099107008,-0.017861332099106675,-0.07205823475154871,-0.04898806747152695,-0.03343762356957114,-0.02579135714749392,-0.020639517893884185,-0.018215767937753147,-0.030944524201743207,-0.02318126264279019,-0.01557460785522724,-0.011770851189650267,-0.017861332099107008
2026-02-12,0.0,0.0,0.0,-0.14363441243932085,-0.049419436186861176,0.0,-0.15921434292305847,-0.013991783331521068,0.0,-0.22192457580403047,-0.026227803214223244,0.0,0.0,0.0,0.0,-0.14363441243932085,-0.049419436186861176,0.0,0.0,-0.11527888310755252,-0.032341155842927516,-0.02628386434079677,0.0,0.0,-0.010339539862665892,-0.030324186905455464,-0.026283864340796992,0.0,-0.023676680875089007,-0.021584642409123944,-0.02346648506812965,-0.021584642409124166,-0.021584642409123722,-0.07933716514430167,-0.05644796411460873,-0.041961399602786664,-0.03438256293388575,-0.023546945516963014,-0.0211303909477224,-0.0393455182899527,-0.031649558465617456,-0.019306587189519275,-0.015517250653067194,-0.021584642409124055
2026-02-13,0.0,-0.00045471359617954565,0.0,-0.144354221539018,-0.04989456620636601,0.0,-0.16176667239744746,-0.01486187199391864,0.0,-0.22412083351241885,-0.027126992405095973,0.0,0.0,-0.00045471359617954565,0.0,-0.144354221539018,-0.04989456620636601,0.0,0.0,-0.11660009984751141,-0.03294206422797019,-0.02680763346712567,0.0,-0.0004547135961796567,-0.01119754712014187,-0.030424528741033963,-0.02680763346712589,0.0,-0.019711108818017076,-0.01761057303449287,-0.021604242827460762,-0.017610573034493093,-0.01761057303449276,-0.07432315059127459,-0.05130929286563923,-0.03382987475506871,-0.026186711347491065,-0.01933978562105032,-0.016912819049488492,-0.0323763647709272,-0.024624573920439263,-0.015323264945529935,-0.011518537107047644,-0.017610573034493093
2026-02-16,0.0,0.0,0.0,-0.14444039347491577,-0.04838093167502533,0.0,-0.16507734837798937,-0.013106828851099595,0.0,-0.22615936218641175,-0.025038893196716816,0.0,0.0,0.0,0.0,-0.14444039347491577,-0.04838093167502533,0.0,0.0,-0.11881005329478522,-0.030614328098983123,-0.023729519476709537,0.0,0.0,-0.009293223850263321,-0.02809073283207686,-0.02372951947670976,0.0,-0.01991969090083834,-0.0178196020612027,-0.021817473733742876,-0.01781960206120281,-0.017819602061202477,-0.07555968477762354,-0.05257656933732857,-0.03405972316575889,-0.026418378039367862,-0.0196450245504326,-0.017218813393097943,-0.03317999365092539,-0.025434640802541097,-0.015532780656817624,-0.011728862373624693,-0.01781960206120281
2026-02-17,0.0,-0.0008063042688728483,0.0,-0.14407239682889372,-0.0492761904174952,0.0,-0.16276225304641878,-0.011625333065477306,0.0,-0.22320900772106578,-0.0234456689273842,0.0,0.0,-0.0008063042688728483,0.0,-0.14407239682889372,-0.0492761904174952,0.0,0.0,-0.11950964411183151,-0.029880850729153363,-0.02265162420716671,0.0,-0.0008063042688728483,-0.007780303101056041,-0.02735534600549272,-0.02265162420716693,0.0,-0.016857597734297625,-0.014750947526552372,-0.020893368921517275,-0.014750947526552483,-0.01475094752655215,-0.07174069295097263,-0.048662631056512806,-0.030001376046203343,-0.022327926211346272,-0.016233267981414112,-0.013798613309167984,-0.029817846466135944,-0.022045558907978102,-0.012456981340121964,-0.008641178365365598,-0.014750947526552594
2026-02-18,0.0,-0.01134464011898395,0.0,-0.14045004491774604,-0.05779239054898666,0.0,-0.1621240924123467,-0.0016253945470685593,0.0,-0.22282230131215874,-0.014225038492517994,0.0,0.0,-0.01134464011898395,0.0,-0.14045004491774604,-0.05779239054898666,0.0,0.0,-0.12767653178787408,-0.02119328762778938,-0.010988669230968418,0.0,-0.01076624913543589,0.0,-0.018645166628936005,-0.01098866923096864,0.0,-0.022763525740732593,-0.021058594715186563,-0.023315055010475483,-0.021058594715186674,-0.02105859471518623,-0.07597543065377643,-0.05331410387384505,-0.03069554807510444,-0.025890982740184976,-0.02254741569784069,-0.020547825959238653,-0.032286033126491476,-0.026417636920208154,-0.0186407646604434,-0.014596464004175913,-0.021058594715186785
2026-02-19,0.0,-0.010307175333968965,0.0,-0.1400365030646591,-0.05880067667568478,0.0,-0.16116359861843377,-0.0002883766684507183,0.0,-0.2218683665495219,-0.012942492252710491,0.0,0.0,-0.010307175333968965,0.0,-0.1400365030646591,-0.05880067667568478,0.0,0.0,-0.12856865602711776,-0.020279065835942856,-0.009699073514220724,0.0,-0.009728177404561222,0.0,-0.017728564849584405,-0.009699073514220835,0.0,-0.018544766310446992,-0.018701949624725156,-0.02154638875022974,-0.018701949624725378,-0.018701949624724823,-0.07580836848113903,-0.053468143993127715,-0.03023867723678131,-0.02644377546948329,-0.018999335376231663,-0.01849444248483534,-0.03299221724237533,-0.027090892269001965,-0.015359636074935179,-0.010612138448531261,-0.018701949624725267
2026-02-20,0.0,-0.011517537903016906,0.0,-0.141339562458223,-0.058828654324095786,0.0,-0.1594400587358762,-0.0010275939555587366,0.0,-0.22232334178684743,-0.014470068416679305,0.0,0.0,-0.011517537903016906,0.0,-0.141339562458223,-0.058828654324095786,0.0,0.0,-0.12752175635515384,-0.02145785829756719,-0.011544321686069892,0.0,-0.010939248069498864,-0.0007330651143692135,-0.018890790119172385,-0.011544321686070114,0.0,-0.016329670040396094,-0.017959440258689008,-0.02030915926360488,-0.01795944025868912,-0.017959440258688564,-0.07141382976141974,-0.05203657239929005,-0.02739131958744956,-0.025828791122177952,-0.017412667319356534,-0.017964988316638397,-0.028099655939212376,-0.025699142431776067,-0.011753307100715316,-0.005516951550191163,-0.01795944025868912
2026-02-23,0.0,-0.010440558566475522,0.0,-0.14121708038174174,-0.05988099064723673,0.0,-0.16256864181387554,-0.0009754222940923096,0.0,-0.22251096778937984,-0.013445105182771977,0.0,0.0,-0.010440558566475522,0.0,-0.14121708038174174,-0.05988099064723673,0.0,0.0,-0.12844997691221893,-0.020391709218591347,-0.01115379618710699,0.0,-0.009861638669982131,-0.0005985635119082344,-0.017821844147495325,-0.010430963475109856,0.0,-0.013808251528303117,-0.016922309552950487,-0.018709486044353518,-0.0169223095529506,-0.016922309552950154,-0.07744017965227734,-0.054315175030956064,-0.0336628550366217,-0.028271249144075528,-0.014573665454978846,-0.016809342526689752,-0.033980280372895355,-0.02795594973143023,-0.01162573657854249,-0.005658947731233432,-0.0169223095529506
2026-02-24,0.0,-0.009410261116647778,0.0,-0.14293184008416981,-0.062096767620757776,0.0,-0.1570280091296663,0.0,0.0,-0.22335133372069083,-0.012825149190734741,0.0,0.0,-0.009410261116647778,0.0,-0.14293184008416981,-0.062096767620757776,0.0,0.0,-0.12937458177530203,-0.019371772586629032,-0.012201845520814047,0.0,-0.008830738467385912,0.0,-0.016799231854710328,-0.011479778918186856,0.0,-0.017729937428876075,-0.018781311429513003,-0.021443102392868396,-0.018781311429513226,-0.01878131142951267,-0.07464599782282222,-0.05308962664596251,-0.029082588044058943,-0.02653499798071446,-0.019077149284890016,-0.018951737145735503,-0.029482941343580094,-0.0261293499676436,-0.015464937315366578,-0.00948090631939269,-0.018781311429513114
2026-02-25,0.0,-0.01416865528535216,0.0,-0.14797968649609583,-0.06605081103472299,0.0,-0.14978232857750018,-0.003947765484874632,0.0,-0.2232311105943089,-0.018043096329367514,0.0,0.0,-0.01416865528535216,0.0,-0.14797968649609583,-0.06605081103472299,0.0,0.0,-0.12513025286010504,-0.02407002046872564,-0.007526119649586938,0.0,-0.013585702748696082,-0.003934010643432462,-0.021509804931725274,-0.006800635156898438,0.0,-0.01953019203826556,-0.01947550133759557,-0.022538935239015623,-0.019475501337595902,-0.019475501337595236,-0.07349653054660199,-0.05240062376590393,-0.0308917199110601,-0.02747630887284702,-0.020721622482890112,-0.01959653664905714,-0.029313259102614397,-0.025948551298529354,-0.020519312382968224,-0.014987908991903942,-0.01947550133759579
2026-02-26,0.0,-0.011040946950985786,0.0,-0.14542158172993047,-0.06657841120568087,0.0,-0.15667141988141664,-0.0015755526084303417,0.0,-0.2272769163438455,-0.01694878737149741,0.0,0.0,-0.011040946950985786,0.0,-0.14542158172993047,-0.06657841120568087,0.0,0.0,-0.12795335063539992,-0.021014702765228543,-0.010594262736363103,0.0,-0.010454916400419956,-0.0015584988481188722,-0.018446472030397287,-0.009871021013257764,0.0,-0.02205125314366363,-0.021289583516624022,-0.024912847793195247,-0.021289583516624244,-0.0212895835166238,-0.07906646237963821,-0.056111994178051905,-0.03813444095431018,-0.032241581452164825,-0.02412201058084773,-0.021944862412492383,-0.03753222598816164,-0.031243598949095563,-0.02339313739733806,-0.017995919341443845,-0.021289583516624244
2026-02-27,0.0,-0.014766056003105765,0.0,-0.1448632625076246,-0.062351825908603775,0.0,-0.15431241260458362,-0.0054251608228857995,0.0,-0.22839303894773866,-0.021258638494186632,0.0,0.0,-0.014766056003105765,0.0,-0.1448632625076246,-0.062351825908603775,0.0,0.0,-0.12471203920668039,-0.02450879385053939,-0.007128857065138661,0.0,-0.014165516815851542,-0.005400150228707323,-0.021925612484421708,-0.006403082179070485,0.0,-0.01321970021774277,-0.015459096210414192,-0.01701620767576184,-0.015459096210414414,-0.015459096210413859,-0.07613771816491444,-0.054409949985935624,-0.0351931431231336,-0.03161269792656207,-0.01531875162253793,-0.016114673071727093,-0.03583402758270715,-0.0304681769945232,-0.012830276542881602,-0.006816225336862769,-0.015459096210414303
2026-03-02,0.0,-0.002836391955334472,0.0,-0.13705433454100102,-0.0698804633668706,0.0,-0.15668091121876182,0.0,0.0,-0.2273575763424579,-0.00879111327862736,0.0,0.0,-0.002836391955334472,0.0,-0.13705433454100102,-0.0698804633668706,0.0,0.0,-0.13511729378362758,-0.012662924099603123,-0.018416917629751284,0.0,-0.002211312363213258,0.0,-0.010048373890985118,-0.017699394157704385,0.0,-0.014153050096045061,-0.01587934987256656,-0.017976273895065176,-0.015879349872566784,-0.01587934987256623,-0.07413536453432978,-0.05070289258131522,-0.008984520513897976,-0.019000383027900414,-0.01465651758932196,-0.016129639282362884,-0.014563710070364277,-0.020066312792197172,-0.017853584008870937,-0.009224669730013235,-0.015854026629816498
2026-03-03,0.0,0.0,0.0,-0.1334679870822183,-0.07647215392140527,0.0,-0.16225549379823911,0.0,0.0,-0.22633438778368886,-0.0017007862520035388,0.0,0.0,0.0,0.0,-0.1334679870822183,-0.07647215392140527,0.0,0.0,-0.14271808470999703,-0.004711418123930278,-0.02582686690673286,0.0,0.0,0.0,-0.0020758116700694274,-0.025114760003724812,0.0,0.0,-0.0123902921097796,-0.0024141485056378142,-0.012390292109779821,-0.012390292109779377,-0.08324950056163194,-0.05478255534729193,0.0,-0.013491626672494705,0.0,-0.012642247953036367,-0.0005338787054840477,-0.016863436956801925,0.0,0.0,-0.012091684676935999
2026-03-04,0.0,-0.006020370770055239,0.0,-0.13342647250692619,-0.07125298263349189,0.0,-0.16177140437640125,-0.006699654956176637,0.0,-0.22381494776459465,-0.00549208986513372,0.0,0.0,-0.006020370770055239,0.0,-0.13342647250692619,-0.07125298263349189,0.0,0.0,-0.1478323018272406,-0.010825953602232041,-0.020258130923753948,0.0,-0.006011228513322031,-0.006402493137586007,-0.00820653894385881,-0.019541953352812613,0.0,-0.0031828415167168833,-0.012926631636724584,-0.0055893061702633196,-0.012926631636724917,-0.012926631636724362,-0.07803652304716246,-0.052342737187888844,-0.006036008923244407,-0.01564575254875855,-0.0018715628430816533,-0.01275576405377099,-0.005670354133135991,-0.018512593951510836,-0.008918239929465721,-0.0007471989347301866,-0.01279457784078164
2026-03-05,0.0,-0.00022981880652817033,0.0,-0.13367007112083962,-0.07502686060995123,0.0,-0.1575158518183204,-0.0001455246581717473,0.0,-0.2236739539013376,0.0,0.0,0.0,-0.00022981880652817033,0.0,-0.13367007112083962,-0.07502686060995123,0.0,0.0,-0.1427872510566045,-0.004890112525337553,-0.025764070964291452,0.0,-0.0002164961303354751,0.0,-0.0022549792690257364,-0.025051918158329856,0.0,0.0,-0.008634975740515416,0.0,-0.008634975740515749,-0.008634975740515305,-0.08046470894160807,-0.0540648076736604,0.0,-0.013170533076645174,0.0,-0.008585315380732372,-0.00033756997664258215,-0.01696692274979439,0.0,0.0,-0.009622482404715305
2026-03-06,0.0,-0.007246249760612611,0.0,-0.129305934429071,-0.0696827207446491,0.0,-0.15633904646337515,-0.004529786767636046,0.0,-0.21687689669770005,-0.004062410661998306,0.0,0.0,-0.007246249760612611,0.0,-0.129305934429071,-0.0696827207446491,0.0,0.0,-0.14987314224575876,-0.011795477848708158,-0.019699456608897603,0.0,-0.007228239769228706,-0.004242081926514207,-0.009144657361443542,-0.01898287065486437,0.0,0.0,-0.0064213589820775185,0.0,-0.006421358982077963,-0.0064213589820774075,-0.0755612669655914,-0.05178589651523924,0.0,-0.010882769746153986,0.0,-0.006945250385606672,0.0,-0.014591578791664728,0.0,0.0,-0.008143296330991756
2026-03-09,0.0,-0.010429099403793884,0.0,-0.13439222429920306,-0.07253219698520752,0.0,-0.15600417060856564,-0.004853148331409485,0.0,-0.2224081862220395,-0.009551649084217018,0.0,0.0,-0.010429099403793884,0.0,-0.13439222429920306,-0.07253219698520752,0.0,0.0,-0.1482461734100431,-0.013657247824516272,-0.01779174903689451,0.0,-0.009754880770775354,-0.004294523877788947,-0.01101142146334988,-0.017073768575370907,0.0,0.0,-0.0006835565806396771,0.0,-0.0006835565806401211,-0.0006835565806396771,-0.06201154975440715,-0.04343166811994892,0.0,-0.009332547829970728,0.0,-0.002149242503917903,0.0,-0.012984652075003322,0.0,0.0,-0.0047611813667729486
2026-03-10,0.0,-0.012046687835822412,0.0,-0.13389934591453434,-0.07418102379697977,0.0,-0.1572513331771812,-0.0039481337870145294,0.0,-0.2231274097255147,-0.009139870124601934,0.0,0.0,-0.012046687835822412,0.0,-0.13389934591453434,-0.07418102379697977,0.0,0.0,-0.1495950399472311,-0.01215036458466534,-0.019356122756204464,0.0,-0.01137357130499872,-0.00325995478745722,-0.009500496067371689,-0.018639285829938013,0.0,-0.009840342588027129,-0.0073287035416121915,-0.006041383580009163,-0.007328703541612636,-0.0073287035416121915,-0.06902847688695923,-0.04762156585074928,-0.007168877375499316,-0.013540358332230107,-0.008117741296680747,-0.007618298713508276,-0.006015787156950059,-0.016337673771967376,-0.010948662235758633,-0.01121865824851398,-0.008599440525620117
2026-03-11,0.0,-0.015097479525981616,0.0,-0.13410161231858053,-0.07708001181864133,0.0,-0.1531123971505607,0.0,0.0,-0.2247844478220281,-0.00781829567256176,0.0,0.0,-0.015097479525981616,0.0,-0.13410161231858053,-0.07708001181864133,0.0,0.0,-0.15216222410738656,-0.009307956838487064,-0.0222525468606255,0.0,-0.014426441573460513,0.0,-0.006650463672127627,-0.021537827179773372,0.0,-0.0021515144657817675,-0.0017502528612368673,-0.003928946210003836,-0.0017502528612372004,-0.0017502528612368673,-0.06852341152458818,-0.047542129801549815,-0.0002614738606286915,-0.009012567451330722,-0.0010474679137523202,-0.0024908768434734885,0.0,-0.01199813477950984,-0.0017680138376313659,0.0,-0.005459259987390053
2026-03-12,0.0,-0.024618977384730067,0.0,-0.1310742112961193,-0.08468702689944574,0.0,-0.1548820236497075,0.0,0.0,-0.22504655988145417,0.0,0.0,0.0,-0.024618977384730067,0.0,-0.1310742112961193,-0.08468702689944574,0.0,0.0,-0.1602592670517039,-1.589762068432421e-05,-0.031332225952205084,0.0,-0.02395442665941705,0.0,0.0,-0.03062414338947772,0.0,0.0,0.0,-0.001394009240883065,0.0,0.0,-0.074442081591648,-0.05314125196946973,0.0,-0.001910189575524357,0.0,0.0,0.0,-0.008144315653149992,0.0,0.0,-0.0022617568674663246
2026-03-13,0.0,-0.037168583716657655,0.0,-0.1252909600795794,-0.09306113990699083,0.0,-0.15804231693642046,0.0,0.0,-0.22776348092791454,0.0,0.0,0.0,-0.037168583716657655,0.0,-0.1252909600795794,-0.09306113990699083,0.0,0.0,-0.1709321431521328,0.0,-0.043196373469363114,0.0,-0.03649613455833611,0.0,0.0,-0.04249696343214304,0.0,-0.004969756785012325,-0.005085199065384294,-0.004238846487620407,-0.005085199065384183,-0.005085199065384294,-0.07468766815804051,-0.054250554043484556,0.0,0.0,-0.0036161364324743817,-0.003788102795298065,0.0,0.0,-0.004624881783372503,-0.00476532737371449,-0.004779408795203999
2026-03-16,0.0,-0.026787666864374948,0.0,-0.1315585988019684,-0.08523771073443576,0.0,-0.15778755712476866,-0.010702708517958515,0.0,-0.22630803423576618,-0.010164042852647825,0.0,0.0,-0.026787666864374948,0.0,-0.1315585988019684,-0.08523771073443576,0.0,0.0,-0.16209671357777733,0.0,-0.03261919790898282,0.0,-0.026104556779435018,-0.010685219681574099,0.0,-0.03191205610471348,0.0,-0.0017209242062745655,-0.0017118424141864264,-0.002406867953009595,-0.0017118424141864264,-0.0017118424141863153,-0.0606793554608861,-0.04007931047118107,-0.0007207394285663193,-0.0008862914231180241,-0.0028686071226772247,-0.002930927287888463,0.0,0.0,-0.0018090582064682614,0.0,-0.0031130352947624784
2026-03-17,0.0,-0.02309634406449368,0.0,-0.13242285674526855,-0.08204148119437304,0.0,-0.15731118085344276,-0.014226909964919932,0.0,-0.22718018922471062,-0.013999757780571498,0.0,0.0,-0.02309634406449368,0.0,-0.13242285674526855,-0.08204148119437304,0.0,0.0,-0.15890760692050065,0.0,-0.028801958327285715,0.0,-0.022405098134546053,-0.01412060276255811,0.0,-0.02809202617439721,0.0,0.0,0.0,-0.00034346332274171054,0.0,0.0,-0.060089851940879124,-0.039476878672524696,-0.006083190739629818,-0.006247854329362812,-0.0004340218903245985,-0.0004964942157776875,-0.004684228313190042,-0.004684228313189931,0.0,0.0,-0.0015071924979547235
2026-03-18,0.0,-0.03460773875392986,0.0,-0.1295784813270041,-0.09169485759138962,0.0,-0.15933887545240377,-0.0035660900734373335,0.0,-0.2285314509468287,-0.0034136727554642254,0.0,0.0,-0.03460773875392986,0.0,-0.1295784813270041,-0.09169485759138962,0.0,0.0,-0.16808042269573953,-0.011149023408144165,-0.0396935338649832,0.0,-0.03337495934325019,-0.003442436016180772,-0.011149023408143943,-0.03899156330111997,0.0,0.0,0.0,0.0,0.0,0.0,-0.06883061826178605,-0.048409336915143375,0.0,0.0,0.0,0.0,0.0,0.0,0.0,0.0,-0.000676055904150763
2026-03-19,0.0,-0.04698699002993334,0.0,-0.1352254842485462,-0.08745401833246313,0.0,-0.17273276453559194,-0.017564862938664993,0.0,-0.23790259979504114,-0.018234548537898965,0.0,0.0,-0.04698699002993334,0.0,-0.1352254842485462,-0.08745401833246313,0.0,0.0,-0.15811677056711027,0.0,-0.02668405584664213,0.0,-0.04576214570303028,-0.01726272268077811,0.0,-0.025972575536732156,0.0,0.0,0.0,0.0,0.0,0.0,-0.05469246753942936,-0.033961125360370104,-0.004438544080185514,-0.004438544080185625,0.0,0.0,-0.0035210880648717247,-0.0035210880648716136,0.0,0.0,0.0
2026-03-20,0.0,-0.04192449124387565,0.0,-0.13337873151545954,-0.08278507620487274,0.0,-0.1712188419942554,-0.011812238341078252,0.0,-0.2367702608932336,-0.011908504145037968,0.0,0.0,-0.04192449124387565,0.0,-0.13337873151545954,-0.08278507620487274,0.0,0.0,-0.1537123535271876,-0.007370404826589905,-0.03256144835831942,0.0,-0.04068924353883285,-0.0113877774740202,-0.0068227308246375795,-0.03185426433993799,0.0,-0.001908950408137433,-0.001908950408137433,-0.001979416822350699,-0.001908950408137433,-0.001908950408137433,-0.06736504468349191,-0.04691162214861466,-0.004274128646795661,-0.004274128646795883,-0.000376974654596407,-0.000376974654596518,-0.008620345164096377,-0.008620345164096266,-0.001908950408137433,-0.004396633349671664,-0.000954475204068661
2026-03-23,0.0,-0.042967268239164524,0.0,-0.14111139346390755,-0.09129266548610515,0.0,-0.1638948777236886,-0.007809301005259783,0.0,-0.23009449496483703,-0.007700418526688679,0.0,0.0,-0.042967268239164524,0.0,-0.14111139346390755,-0.09129266548610515,0.0,0.0,-0.15469059732596724,-0.008404504567193993,-0.031099801280218276,0.0,-0.04171099871579809,-0.007250334962234373,-0.007857401120004548,-0.030323122916345424,0.0,-0.010915133170903535,-0.010915133170903535,-0.009914486551976132,-0.010915133170903424,-0.010915133170903535,-0.058948509370870816,-0.03831050555684745,-0.007596616351347452,-0.007596616351347674,-0.011324024841788183,-0.011324024841788294,-0.01178038967922257,-0.011780389679222458,-0.010915133170903535,-0.01547132483727931,-0.005461872895048403
2026-03-24,0.0,-0.04182458386484411,0.0,-0.14078144489772726,-0.09037119746620881,0.0,-0.16262049675503742,-0.005458089092857499,0.0,-0.22901072601847094,-0.005667926371142884,0.0,0.0,-0.04182458386484411,0.0,-0.14078144489772726,-0.09037119746620881,0.0,0.0,-0.15372015282126705,-0.006377823130691351,-0.03320728437735032,0.0,-0.04008374836647843,-0.004777616075044344,-0.005829601481164959,-0.032432295389252186,0.0,0.0,0.0,0.0,0.0,0.0,-0.054240899906368045,-0.033499654491804365,-0.001453599230929914,-0.001453599230930247,0.0,0.0,-0.004445649404428931,-0.00444564940442882,0.0,0.0,0.0
2026-03-25,0.0,-0.04764754885883449,0.0,-0.13972510753088796,-0.09573017970865116,0.0,-0.16160872193940923,-0.0007982286137629968,0.0,-0.22869485055080552,-0.0007874564818071139,0.0,0.0,-0.04764754885883449,0.0,-0.13972510753088796,-0.09573017970865116,0.0,0.0,-0.15886311291214283,-0.0006311810035138921,-0.0387973504948772,0.0,-0.04591729265941202,0.0,-7.978869848135339e-05,-0.038026842549730544,0.0,0.0,0.0,0.0,0.0,0.0,-0.05190294315343946,-0.031110424497332256,0.0,0.0,0.0,0.0,0.0,0.0,0.0,0.0,0.0
2026-03-26,0.0,-0.053467276817223075,0.0,-0.1408572677376978,-0.10210408883672395,0.0,-0.15959362684022382,0.0,0.0,-0.2279633632322271,0.0,0.0,0.0,-0.053467276817223075,0.0,-0.1408572677376978,-0.10210408883672395,0.0,0.0,-0.16400321398790674,0.0,-0.04437967171833723,0.0,-0.05174759403562168,0.0,0.0,-0.04361363860777123,0.0,0.0,0.0,0.0,0.0,0.0,-0.04986193756863233,-0.029024658045066376,0.0,0.0,0.0,0.0,0.0,0.0,0.0,0.0,0.0
2026-03-27,0.0,-0.057919115373570196,0.0,-0.13765056162795486,-0.10386362148792294,0.0,-0.1602150138327244,0.0,0.0,-0.2273259123519462,0.0,0.0,0.0,-0.057919115373570196,0.0,-0.13765056162795486,-0.10386362148792294,0.0,0.0,-0.16793516756309468,0.0,-0.04871002659253887,0.0,-0.056207520796342836,0.0,0.0,-0.047947464730036526,0.0,-0.0010099704834186651,-0.0010099704834188872,-0.0010099704834187762,-0.0010099704834188872,-0.0010099704834186651,-0.050223014873469474,-0.02939365406090777,0.0,0.0,-0.0010918523781712208,-0.0010918523781711098,0.0,0.0,-0.0010099704834187762,-0.0010946753901660555,-0.0005049852417093881
2026-03-30,0.0,-0.06243904494637276,0.0,-0.1346512457555724,-0.10765751747621288,0.0,-0.16432032622718706,0.0,0.0,-0.23047366931959934,0.0,0.0,0.0,-0.06243904494637276,0.0,-0.1346512457555724,-0.10765751747621288,0.0,0.0,-0.1719272604969323,-0.003702994830974693,-0.05208186097512246,0.0,-0.06021902087560849,0.0,-0.003702994830974693,-0.05132200200277848,0.0,0.0,0.0,0.0,0.0,0.0,-0.047353362821767164,-0.02646106826904615,0.0,0.0,0.0,0.0,0.0,0.0,0.0,0.0,0.0
2026-03-31,0.0,-0.06761437411442717,0.0,-0.13893515091175734,-0.1139169167514632,0.0,-0.16027359104160366,-0.002721954428220319,0.0,-0.227928381547425,-0.0023380566228647925,0.0,0.0,-0.06761437411442717,0.0,-0.13893515091175734,-0.1139169167514632,0.0,0.0,-0.17649821556808898,0.0,-0.04726050021397077,0.0,-0.06540660455923897,-0.002657928298705814,0.0,-0.04649677639920802,0.0,0.0,0.0,0.0,0.0,0.0,-0.034014081672461116,-0.012829246129181016,0.0,0.0,0.0,0.0,0.0,0.0,0.0,0.0,0.0
2026-04-01,0.0,-0.07198606419832465,0.0,-0.1439049747266018,-0.11948256102307464,0.0,-0.15903564895828903,-0.004884052828446062,0.0,-0.22650867138691166,-0.0010100462077059502,0.0,0.0,-0.07198606419832465,0.0,-0.1439049747266018,-0.11948256102307464,0.0,0.0,-0.1813136083969663,0.0,-0.04306105351856171,0.0,-0.06978864624445247,-0.004656251665228317,0.0,-0.04229396339280744,0.0,-0.0027084634375116323,-0.0027084634375117433,-0.003080278503982292,-0.0027084634375116323,-0.0027084634375117433,-0.043145370755300116,-0.022160791606909425,-0.011976369310140123,-0.011976369310140123,-0.0032448057657217255,-0.0032448057657218365,-0.011010994707689736,-0.011010994707689736,-0.0027084634375116323,-0.0027084634375116323,-0.0013542317187557051
2026-04-02,0.0,-0.0670754074733817,0.0,-0.14272048255373582,-0.1148624294136652,0.0,-0.16114597456814228,-0.005623659758680399,0.0,-0.22845632869349863,-0.0034115942637353847,0.0,0.0,-0.0670754074733817,0.0,-0.14272048255373582,-0.1148624294136652,0.0,0.0,-0.1866258365715422,-0.0062932033118913155,-0.04883977719110133,0.0,-0.06433133397410862,-0.005014991950408443,-0.0062932033118913155,-0.048077319337745394,0.0,-0.00041181465708384213,-0.0008840284872406734,-0.0019323822376359212,-0.0008840284872406734,-0.0008840284872406734,-0.025674622128366686,-0.004613016619099741,0.0,-0.0010052116894658791,-0.0005416191737881437,-0.001046514041554869,0.0,0.0,-0.0007742241787639381,-0.00041181465708384213,-0.00036196635914431674
2026-04-03,0.0,-0.0713861622488956,0.0,-0.14320070579852096,-0.1180264798023124,0.0,-0.16069627171232248,-0.007629674678029441,0.0,-0.22804332656574933,-0.005873820760806003,0.0,0.0,-0.0713861622488956,0.0,-0.14320070579852096,-0.1180264798023124,0.0,0.0,-0.18942879653757794,-0.010726239644871627,-0.05186597580958885,0.0,-0.06810752208509463,-0.006736828933391559,-0.010161470732160227,-0.05110594378192168,0.0,-0.0010706305516579029,-0.0018305692358662196,-0.0022612890915200135,-0.0018305692358661085,-0.0018305692358662196,-0.027823577636649777,-0.007640370420249898,-0.0025188384127319274,-0.0036115172175031907,-0.0012047757835641493,-0.001895296567479443,-0.0022957159654739545,-0.002712691553826807,-0.0028851831537655137,-0.0010706305516579029,-0.0007874529302819289
2026-04-06,0.0,-0.07505416206842075,0.0,-0.1440986975290327,-0.11582396503610792,0.0,-0.16019684268111467,-0.00778161580196346,0.0,-0.2277733663019268,-0.00315415157036647,0.0,0.0,-0.07505416206842075,0.0,-0.1440986975290327,-0.11582396503610792,0.0,0.0,-0.18626468781996075,-0.014633844536083962,-0.04844677972567557,0.0,-0.07178847244556608,-0.006526391735913184,-0.01407130644547061,-0.04768400684232077,0.0,-0.004869635934267369,-0.0030705422276515737,-0.0041585276997272436,-0.0030705422276513517,-0.0030705422276515737,-0.029951434692853107,-0.008443430362685578,-0.0007646791585166346,-0.003253754204726844,-0.005160875430380796,-0.0031958792253179436,-0.000771236196906,-0.002430299798129587,-0.007487010283086848,-0.004869635934267369,-0.0018345562517362302
2026-04-07,0.0,-0.07889951585156418,0.0,-0.14293153401348435,-0.11837572793150308,0.0,-0.1567395632303229,-0.00922831182965056,0.0,-0.22510011905032368,0.0,0.0,0.0,-0.07889951585156418,0.0,-0.14293153401348435,-0.11837572793150308,0.0,0.0,-0.18292527154952598,-0.018730388699327194,-0.04481512706779478,0.0,-0.0756474029501033,-0.007957866515287071,-0.0181701892948144,-0.04404944302181635,0.0,-0.008060393203631944,-0.004289766206477474,-0.005755046372865946,-0.004289766206477363,-0.0042897662064775854,-0.030855344637624738,-0.008931993190815501,-0.0019442276300701833,-0.0039711215865420035,-0.008098267943145498,-0.004331919873734824,-0.001746082441592689,-0.0030739697719778247,-0.012490322241649365,-0.008060393203631722,-0.002774882916592336
2026-04-08,0.0,-0.08895656137827324,0.0,-0.14070191131187948,-0.12682412816045385,0.0,-0.15677230543831278,-0.022119214580268665,0.0,-0.22682405743214107,0.0,0.0,0.0,-0.08895656137827324,0.0,-0.14070191131187948,-0.12682412816045385,0.0,0.0,-0.17512471418271214,-0.029441178997305806,-0.03529438520556871,0.0,-0.08573844362936256,-0.02057019497014001,-0.0288870943020203,-0.03452106925465093,0.0,-0.015351957286728446,-0.00716625878896493,-0.009409301502914302,-0.007166258788964819,-0.00716625878896493,-0.041694820098526986,-0.013405580320558719,-0.014551384182305838,-0.009164502000779784,-0.01553166291875363,-0.007369762196748675,-0.011240358088128843,-0.0067931765333320016,-0.023344327120005448,-0.015351957286728224,-0.004956908700232354
2026-04-09,0.0,-0.09277526208723252,0.0,-0.14012634518087774,-0.1293095821691398,0.0,-0.15752125235112202,-0.02594507265808199,0.0,-0.22612110509033112,0.0,0.0,0.0,-0.09277526208723252,0.0,-0.14012634518087774,-0.1293095821691398,0.0,0.0,-0.1795949369151515,-0.033578567010262295,-0.03153573639027951,0.0,-0.08957063329835202,-0.02434579473953502,-0.03302684431852243,-0.030759407475574374,0.0,-0.014668024440877114,-0.006762730438299225,-0.009065271206753933,-0.006762730438299003,-0.006762730438299225,-0.04019662668964685,-0.01269646095569199,-0.016025268380869262,-0.010228572983804085,-0.015294117493780623,-0.007227200232661102,-0.01089472939291558,-0.006826176534848072,-0.022244433482362158,-0.014668024440877003,-0.004706907725231524
2026-04-10,0.0,-0.09199034624066282,0.0,-0.13746249458048454,-0.1280630574770637,0.0,-0.15676114818063602,-0.024493971400848746,0.0,-0.22391882266656116,0.0,0.0,0.0,-0.09199034624066282,0.0,-0.13746249458048454,-0.1280630574770637,0.0,0.0,-0.18031948900232186,-0.03270649698461536,-0.03228995854649541,0.0,-0.08878294485992744,-0.02280135652643689,-0.03215267630297247,-0.03151423422247068,0.0,-0.00218988187556024,0.0,-0.0027907235793975804,0.0,0.0,-0.03562561648481599,-0.009820430080388576,-0.013404795399119984,-0.008812374424019831,-0.003587879558898277,-0.00019631232698147372,-0.006312161741926503,-0.004158267621973022,-0.004318178575621667,-0.002189881875560129,-0.00011048273587555002
2026-04-13,0.0,-0.09853758173316396,0.0,-0.14004228110445016,-0.13252458342540374,0.0,-0.15902405109241669,-0.03094063005472769,0.0,-0.22765460836499096,-0.00698311155354181,0.0,0.0,-0.09853758173316396,0.0,-0.14004228110445016,-0.13252458342540374,0.0,0.0,-0.17553677964193737,-0.038379112891014144,-0.027063035642441724,0.0,-0.09474000616259914,-0.02904066847087683,-0.03782854004676306,-0.026283121374050533,0.0,0.0,0.0,-0.00018164953991761656,0.0,0.0,-0.03502014783522489,-0.00929299717479759,-0.012556687205117045,-0.008592750728781628,0.0,0.0,-0.005370513685123868,-0.003732286620009573,0.0,0.0,0.0
2026-04-14,0.0,-0.09442148987105892,0.0,-0.1399535505098798,-0.1357594606443704,0.0,-0.15884952190729373,-0.0352937662525985,0.0,-0.2270499145840077,-0.006510520408036347,0.0,0.0,-0.09442148987105892,0.0,-0.1399535505098798,-0.1357594606443704,0.0,0.0,-0.17187270405640154,-0.042600898013783306,-0.02305465231363546,0.0,-0.09060657450952214,-0.0330774612616207,-0.04205274233857892,-0.022271524892218064,0.0,-0.005231483075587184,-0.003862558903317881,-0.0027969159294642942,-0.003862558903317992,-0.003862558903317881,-0.042845071913641064,-0.015125930271711163,-0.021135871034381526,-0.015011480143923062,-0.005173318533699955,-0.0038542125962620633,-0.014090433903002908,-0.010181443715729155,-0.0069549134087107944,-0.0052314830755874064,-0.0021594334803705095
2026-04-15,0.0,-0.09278501621333002,0.0,-0.14015971868145083,-0.13695272298682504,0.0,-0.15705789387894975,-0.03450293677963334,0.0,-0.2259522236991075,-0.004669122201299225,0.0,0.0,-0.09278501621333002,0.0,-0.14015971868145083,-0.13695272298682504,0.0,0.0,-0.1703993962889142,-0.04435033549150613,-0.021442412240089026,0.0,-0.0889632069067342,-0.032110954142958725,-0.04380318145091766,-0.020657992433775862,0.0,-0.008100040836175881,-0.006502598391527115,-0.004234705021612939,-0.006502598391527226,-0.006502598391527226,-0.04338653032136219,-0.015904766141198068,-0.020601186489295764,-0.014857849695047998,-0.008423556038610114,-0.006801806839757951,-0.014828383157731717,-0.011105723985047722,-0.009731439290613153,-0.008100040836176103,-0.003520520636844715
2026-04-16,0.0,-0.09469000550687434,0.0,-0.14409647664942993,-0.1384993914300341,0.0,-0.15688447578127873,-0.03441304070200113,0.0,-0.22848338414732527,-0.007899891945795323,0.0,0.0,-0.09469000550687434,0.0,-0.14409647664942993,-0.1384993914300341,0.0,0.0,-0.17085674490942548,-0.04382474553218063,-0.021987619936921998,0.0,-0.09018750853741297,-0.03186278440763868,-0.04327729056680729,-0.021203637173580314,0.0,-0.0052762895911605545,-0.004097458961603184,-0.0028173274597625975,-0.004097458961603295,-0.004097458961603406,-0.040617096241139516,-0.01355914226612831,-0.020903541980219487,-0.015326921176375352,-0.005696962472373612,-0.004467646122389035,-0.014486313610249768,-0.010990032499054836,-0.006601801999936763,-0.0052762895911607766,-0.0022436030294099574
2026-04-17,0.0,-0.09592174398704445,0.0,-0.14692142851662038,-0.14104330749505145,0.0,-0.15882861249555968,-0.03631406518849001,0.0,-0.23156458220097953,-0.012378947661456197,0.0,0.0,-0.09592174398704445,0.0,-0.14692142851662038,-0.14104330749505145,0.0,0.0,-0.16980597902934758,-0.04506807671981394,-0.020919335298426933,0.0,-0.09142537298416664,-0.03350761613597342,-0.04450230291948787,-0.02013449618933738,0.0,-0.013000822016099756,-0.011309095503555078,-0.006689141214186289,-0.0113090955035553,-0.011309095503555189,-0.04400521057023399,-0.01690207368822838,-0.024933355960502834,-0.019304436063331987,-0.01301100395028465,-0.011341309450158765,-0.01728572088389857,-0.01378502585913155,-0.01548801926815735,-0.013000822016099867,-0.005943303785193033
2026-04-20,0.0,-0.09955030036694279,0.0,-0.1501259879797372,-0.14496358137428933,0.0,-0.15551348073450377,-0.03535528474081073,0.0,-0.23222966898740938,-0.01621837483579125,0.0,0.0,-0.09955030036694279,0.0,-0.1501259879797372,-0.14496358137428933,0.0,0.0,-0.16660234554484687,-0.04890073644759885,-0.018927038683740682,0.0,-0.09507197573956427,-0.032337210602363275,-0.048337233404388225,-0.017425099029363844,0.0,-0.0018118107386320137,-0.00010090614828406341,-0.0010588597261670385,-0.00010090614828417444,-0.00010090614828406341,-0.03751042979554453,-0.010223161227570055,-0.021113020306350427,-0.015462046159340437,-0.002161230923812929,-0.00047318180532496257,-0.013125229782804282,-0.009609713959349842,-0.004327203837984461,-0.0018118107386321247,-0.0003087947438029648
2026-04-21,0.0,-0.09538472059106462,0.0,-0.1491417750648918,-0.14106784574050835,0.0,-0.15441502194228163,-0.03146241658140969,0.0,-0.23098308937750178,-0.011494286772991802,0.0,0.0,-0.09538472059106462,0.0,-0.1491417750648918,-0.14106784574050835,0.0,0.0,-0.17181994046835547,-0.044500846194183374,-0.014277180989770155,0.0,-0.09088567873927578,-0.02830232900745966,-0.04393473632364908,-0.012768122796881776,0.0,0.0,0.0,0.0,0.0,0.0,-0.03578696713352969,-0.00845083716489059,-0.016847891813913662,-0.011172295691798784,0.0,0.0,-0.010399411952327076,-0.006874186025824014,0.0,0.0,0.0
2026-04-22,0.0,-0.09407749769250051,0.0,-0.14900407578229535,-0.13992193780740914,0.0,-0.15351975988162048,-0.029632794858481804,0.0,-0.23052837629243617,-0.009960777401637144,0.0,0.0,-0.09407749769250051,0.0,-0.14900407578229535,-0.13992193780740914,0.0,0.0,-0.17200690764997884,-0.043120093069794696,-0.012826727427437956,0.0,-0.0895719544575666,-0.026443891776480988,-0.04255316513681695,-0.011315448712928666,0.0,-0.0005247011101878751,-0.0005247011101878751,-0.00026235055509393757,-0.0005247011101878751,-0.0005247011101878751,-0.03789994642758565,-0.010623720935068026,-0.014664799369105808,-0.008976600567394466,-0.0006725097321299556,-0.0006725097321299556,-0.008703593290740441,-0.005172326397826499,-0.0005247011101878751,-0.0005247011101877641,-0.00026235055509393757
2026-04-23,0.0,-0.0896253607570493,0.0,-0.14909691999428898,-0.13616013475241595,0.0,-0.15490063172602686,-0.026806065964941617,0.0,-0.23273202573822882,-0.007083481784357026,0.0,0.0,-0.0896253607570493,0.0,-0.14909691999428898,-0.13616013475241595,0.0,0.0,-0.176294930112171,-0.03841752704943002,-0.007849270216223947,0.0,-0.0850976751253879,-0.023564522436664403,-0.03784781296114237,-0.006330371436074067,0.0,-0.0011933027852739642,-0.0011933027852739642,-0.0005967391426897617,-0.0011933027852738531,-0.0011933027852739642,-0.03833685575996104,-0.011073016959893378,-0.011299283403299554,-0.005591655960582087,-0.00024392910470871776,-0.00024392910470860674,-0.008021231200926793,-0.004487533549018319,-0.0011933027852738531,-0.0011933027852738531,-0.0005967391426897617
2026-04-24,0.0,-0.09405428397228122,0.0,-0.14876733241261664,-0.14021361831668055,0.0,-0.15684161875509317,-0.032092475848633395,0.0,-0.2346856037907371,-0.012619210540353532,0.0,0.0,-0.09405428397228122,0.0,-0.14876733241261664,-0.14021361831668055,0.0,0.0,-0.17351956371920774,-0.04309557359667615,-0.012802349837481963,0.0,-0.08954862528550711,-0.02868746594499272,-0.04252863113651051,-0.011291033802946049,0.0,0.0,0.0,0.0,0.0,0.0,-0.037915258440180066,-0.010639467054184504,-0.013545709130671435,-0.007851049981507763,0.0,0.0,-0.00968493388537739,-0.0061571627940510965,0.0,0.0,0.0
2026-04-27,0.0,-0.09640316363035417,0.0,-0.1502019748237764,-0.14274393075204328,0.0,-0.15346835460990804,-0.033595069759554286,0.0,-0.23278357005242223,-0.013455865414487511,0.0,0.0,-0.09640316363035417,0.0,-0.1502019748237764,-0.14274393075204328,0.0,0.0,-0.17576631906342977,-0.04556300559698556,-0.015392137867862976,0.0,-0.0919027312043077,-0.030087072009036153,-0.04499752502990961,-0.013884786579571928,0.0,-0.011912248754987087,-0.011912248754986976,-0.005956124377493599,-0.011912248754986976,-0.011912248754987087,-0.047236963436626866,-0.020225449062688083,-0.017404293865907472,-0.011731909773042726,-0.012357555961078348,-0.012357555961078237,-0.016719316069015222,-0.013216603356544177,-0.011912248754987087,-0.011912248754987087,-0.00595612437749371
2026-04-28,0.0,-0.09177567632786299,0.0,-0.14602724442817427,-0.13789590111087013,0.0,-0.15696921501444483,-0.029206808841587883,0.0,-0.23443744267538136,-0.00856844597394013,0.0,0.0,-0.09177567632786299,0.0,-0.14602724442817427,-0.13789590111087013,0.0,0.0,-0.17138632305605073,-0.04073554433463222,-0.010335657667784104,0.0,-0.08725093793183192,-0.025640020453589485,-0.04016720361487114,-0.008820565336346009,0.0,-0.009479077378827139,-0.009479077378827028,-0.004732205195333905,-0.009479077378827028,-0.009479077378827139,-0.047963235751455446,-0.02097231171773617,-0.015438675143109037,-0.00975494381525599,-0.010119756920500378,-0.010119756920500378,-0.014739083265228103,-0.01122931642596614,-0.00947907737882725,-0.009479077378827139,-0.004732205195334016
2026-04-29,0.0,-0.08841110671100283,0.0,-0.1513713052160297,-0.1346969494623933,0.0,-0.15515943777206387,-0.023459617951937184,0.0,-0.23307183907933327,-0.0027405013396659683,0.0,0.0,-0.08841110671100283,0.0,-0.1513713052160297,-0.1346969494623933,0.0,0.0,-0.16833073620971117,-0.03590842570504538,-0.005183194695954629,0.0,-0.0831025775009081,-0.01985806979993887,-0.035337225035600994,-0.003660214379870963,0.0,0.0,0.0,0.0,0.0,0.0,-0.043439656750147715,-0.016320486012341262,-0.009404756915995516,-0.003686192643569841,0.0,0.0,-0.011156061008325668,-0.0076335304711558916,0.0,0.0,0.0
2026-04-30,0.0,-0.07281269401161472,0.0,-0.16605929020230603,-0.12032340009212406,0.0,-0.16665702311288821,-0.042511395472589975,0.0,-0.242438018792554,-0.022216228517706993,0.0,0.0,-0.07281269401161472,0.0,-0.16605929020230603,-0.12032340009212406,0.0,0.0,-0.1540998471527022,-0.05245433961530066,-0.022650207429862346,0.0,-0.06668141421616125,-0.03891693483301428,-0.051892941995020925,-0.02115396763166366,0.0,-0.006157003554218776,-0.006157003554218887,-0.003347438322885643,-0.006157003554218887,-0.006157003554218887,-0.04415951338498536,-0.017060751098276206,-0.009806537262529114,-0.004090292410422913,-0.0065515476820603435,-0.0065515476820603435,-0.010166297850510153,-0.00664024150829623,-0.006157003554218887,-0.006157003554218887,-0.003347438322885643
2026-05-01,0.0,-0.07129691971934671,0.0,-0.17007499544067273,-0.11925677459284212,0.0,-0.16722712696603836,-0.040933331438125053,0.0,-0.24481582911068855,-0.020709641757921005,0.0,0.0,-0.07129691971934671,0.0,-0.17007499544067273,-0.11925677459284212,0.0,0.0,-0.15271696184222594,-0.050836341452862754,-0.020850832844669487,0.0,-0.06515561645157797,-0.03731982269461154,-0.05022965844369731,-0.019351838356300832,0.0,-0.006176569469253379,-0.00617656946925349,-0.0036078397576588817,-0.00617656946925349,-0.006176569469253379,-0.04427972042295403,-0.017184366091853143,-0.007410330619079475,-0.0016802528096716562,-0.0065642531480570865,-0.0065642531480569755,-0.008481460365461047,-0.004949402174768025,-0.00617656946925349,-0.00617656946925349,-0.0036078397576589927
2026-05-04,0.0,-0.06695968078769765,0.0,-0.17463917948773322,-0.11521985602426743,0.0,-0.16954301185565024,-0.03631938768725995,0.0,-0.24764842510071838,-0.016232584046224408,0.0,0.0,-0.06695968078769765,0.0,-0.17463917948773322,-0.11521985602426743,0.0,0.0,-0.14875997165100863,-0.04640354731255136,-0.016082167963145877,0.0,-0.060789696340562194,-0.03268019929870791,-0.04579403096599066,-0.014575873052518729,0.0,-0.014528094306452188,-0.014528094306452188,-0.01198095073312666,-0.0145280943064523,-0.014528094306452077,-0.05530783854525834,-0.02852513926031941,-0.009815657478269069,-0.004099465275860359,-0.01336666372483819,-0.01336666372483808,-0.01624554518312049,-0.01274114477014654,-0.0145280943064523,-0.0145280943064523,-0.01198095073312666
2026-05-05,0.0,-0.06786124072585853,0.0,-0.1774184692328189,-0.11612378723352812,0.0,-0.16733576764728475,-0.03720304619298165,0.0,-0.24713052388875667,-0.01714631465862515,0.0,0.0,-0.06786124072585853,0.0,-0.1774184692328189,-0.11612378723352812,0.0,0.0,-0.14958249120511125,-0.04732496982904133,-0.01670914518818989,0.0,-0.06169721809053541,-0.03356719480190817,-0.04671604243400651,-0.015203810126619643,0.0,-0.008213624523483731,-0.008213624523483731,-0.005650159976385405,-0.008213624523483731,-0.00821362452348362,-0.05041053840180132,-0.02348899715076802,-0.005689507987617026,0.0,-0.0073998663290741895,-0.0073998663290741895,-0.009143325373152766,-0.005613624925283611,-0.008213624523483731,-0.008213624523483842,-0.005650159976385516
2026-05-06,0.0,-0.0725221712708305,0.0,-0.17545359943327798,-0.12093224968282867,0.0,-0.17232117684649428,-0.042551274315032916,0.0,-0.25110421739672073,-0.022406633818754296,0.0,0.0,-0.0725221712708305,0.0,-0.17545359943327798,-0.12093224968282867,0.0,0.0,-0.1538347947417732,-0.05208858694438756,-0.02230683922046861,0.0,-0.06638897031424884,-0.038812153471209476,-0.051482704340985785,-0.020810073754608194,0.0,-0.026913948623545902,-0.02691394862354579,-0.02439881869671967,-0.02691394862354579,-0.02691394862354568,-0.06585660849501362,-0.039372974392276605,-0.021602240364628322,-0.01600378604554975,-0.02604294811301522,-0.02604294811301522,-0.024536220611456883,-0.021061353834902596,-0.026913948623545902,-0.026913948623546013,-0.02439881869671967
2026-05-07,0.0,-0.06873358047918599,0.0,-0.1752288730798497,-0.11740598125240842,0.0,-0.1740526289952149,-0.03914473279092523,0.0,-0.2530194976367989,-0.01857729173736411,0.0,0.0,-0.06873358047918599,0.0,-0.1752288730798497,-0.11740598125240842,0.0,0.0,-0.1503783523282184,-0.04821652840071555,-0.01798997131000657,0.0,-0.06257532642920682,-0.03538668711749726,-0.04760817086887781,-0.016486597084805044,0.0,-0.025547779189285635,-0.025547779189285524,-0.02302911813217101,-0.025547779189285524,-0.025547779189285524,-0.06546760255717754,-0.03897293985753025,-0.02453494616613483,-0.018953272976509283,-0.02462108054276857,-0.02462108054276857,-0.02751912573142956,-0.02405488487263674,-0.025547779189285635,-0.025547779189285635,-0.02302911813217101
2026-05-08,0.0,-0.0742339420318634,0.0,-0.1725350129169566,-0.12251143698450107,0.0,-0.17680254041168952,-0.04528729859870739,0.0,-0.253916519171862,-0.025183077199127935,0.0,0.0,-0.0742339420318634,0.0,-0.1725350129169566,-0.12251143698450107,0.0,0.0,-0.15539649337488137,-0.05383807031817489,-0.023557898514077635,0.0,-0.06810825775866736,-0.041473038750782565,-0.05322944235648386,-0.02206304831409156,0.0,-0.021560775585434455,-0.021560775585434455,-0.01903180934300941,-0.021560775585434233,-0.021560775585434344,-0.06133208361298659,-0.03472017598976673,-0.021654671421984073,-0.016056517116756375,-0.021191033059530406,-0.021191033059530295,-0.02298194212964022,-0.019501538591217282,-0.021560775585434344,-0.021560775585434455,-0.01903180934300941
2026-05-11,0.0,-0.07346087927642853,0.0,-0.17251356258279538,-0.12173798047168827,0.0,-0.17793059293833036,-0.044579884542092496,0.0,-0.25376411248609365,-0.02430047845958494,0.0,0.0,-0.07346087927642853,0.0,-0.17251356258279538,-0.12173798047168827,0.0,0.0,-0.15469120556651794,-0.053038486443442334,-0.02243832425323844,0.0,-0.0673254065464639,-0.04076039447860269,-0.052429344141564305,-0.020941760079832727,0.0,-0.016548772217539698,-0.016548772217539698,-0.01400685147880254,-0.016548772217539476,-0.016548772217539587,-0.06322999728581757,-0.03667189687434591,-0.018765690977835425,-0.013151005742435329,-0.01602149735172853,-0.01602149735172842,-0.023607597087261012,-0.02012942230163406,-0.016548772217539698,-0.016548772217539698,-0.01400685147880254
2026-05-12,0.0,-0.0690461342090497,0.0,-0.17422309220501508,-0.11737533140956569,0.0,-0.17978616891931998,-0.039965143436158757,0.0,-0.2502636300210882,-0.018872314308973293,0.0,0.0,-0.0690461342090497,0.0,-0.17422309220501508,-0.11737533140956569,0.0,0.0,-0.15066350425615893,-0.04858062278098452,-0.017752273070751667,0.0,-0.06288054326920767,-0.03609993420451785,-0.04796861291448662,-0.01624853494966738,0.0,-0.011872439666056112,-0.011872439666056112,-0.009318432037437652,-0.01187243966605589,-0.011872439666056,-0.06034632390641692,-0.033706469289599084,-0.00960729731848975,-0.0039402071710453734,-0.012320896711775498,-0.012320896711775498,-0.016498887381700023,-0.01299538944240819,-0.011872439666056,-0.011872439666056,-0.00931843203743754
2026-05-13,0.0,-0.06719644638725608,0.0,-0.17662004005519472,-0.11557235918571329,0.0,-0.1784133238881519,-0.037693290434290594,0.0,-0.2477362953124519,-0.01619202685476895,0.0,0.0,-0.06719644638725608,0.0,-0.17662004005519472,-0.11557235918571329,0.0,0.0,-0.1489759798465069,-0.04669408319472912,-0.01573427866446464,0.0,-0.061018605196467623,-0.033806376078954314,-0.046080859793098394,-0.014227451164770644,0.0,-0.028408557699238002,-0.028408557699238002,-0.025897290879903445,-0.02840855769923778,-0.02840855769923778,-0.073908878764951,-0.047653532290713896,-0.014336716888936674,-0.008696688781608564,-0.029762581930409593,-0.029762581930409482,-0.024370800941525772,-0.02089534489520317,-0.02840855769923778,-0.028408557699238002,-0.025897290879903556
2026-05-14,0.0,-0.06145084196861317,0.0,-0.17564253044875588,-0.10987830903478535,0.0,-0.17906723487323006,-0.031462321102674884,0.0,-0.24444908780918317,-0.009351920992667129,0.0,0.0,-0.06145084196861317,0.0,-0.17564253044875588,-0.10987830903478535,0.0,0.0,-0.14373409654575453,-0.040908251519476746,-0.009705651066845622,0.0,-0.05523141491764727,-0.02752883744097101,-0.04029130632474831,-0.008189594248632748,0.0,-0.021595994547001784,-0.021595994547001784,-0.01906711933482441,-0.021595994547001673,-0.021595994547001673,-0.06923457413335765,-0.04284670777547783,-0.008676205651784619,-0.003003787738498853,-0.022477957098358092,-0.022477957098358092,-0.01902917270265625,-0.015534688326535817,-0.021595994547001562,-0.021595994547001784,-0.01906711933482441
2026-05-15,0.0,-0.05335053477129148,0.0,-0.17962044470962102,-0.10205004951194496,0.0,-0.1814349467614852,-0.023252568302518317,0.0,-0.24610732515987133,-0.0012800085790749538,0.0,0.0,-0.05335053477129148,0.0,-0.17962044470962102,-0.10205004951194496,0.0,0.0,-0.13634394888942925,-0.03297612774582037,-0.001462319832196357,0.0,-0.04707742990358765,-0.019238685801230115,-0.032345080893633416,0.0,0.0,-0.02194738757295811,-0.021947387572958,-0.019419420604316118,-0.021947387572958,-0.021947387572957888,-0.0666635089714479,-0.040202751075051,-0.002740719038504369,0.0,-0.02212358441605189,-0.02212358441605189,-0.01664075483675964,-0.013137762267853348,-0.021947387572957888,-0.02194738757295811,-0.019419420604316118
2026-05-18,0.0,-0.05841621380570583,0.0,-0.18266252314598197,-0.10697746690602239,0.0,-0.1784474951853674,-0.027502129030426814,0.0,-0.2461801607222862,-0.006279881310474411,0.0,0.0,-0.05841621380570583,0.0,-0.18266252314598197,-0.10697746690602239,0.0,0.0,-0.14096551633519872,-0.03814499324444598,-0.006512020643246852,0.0,-0.052173799758743034,-0.0234917359979252,-0.037517319417885275,-0.0050280563088945796,0.0,-0.021144550839166665,-0.021144550839166665,-0.01861450878303106,-0.021144550839166665,-0.021144550839166554,-0.06463259280322153,-0.03811425697908699,-0.002698479522615038,0.0,-0.021548047492149003,-0.021548047492149114,-0.015072006677659844,-0.011563425801966676,-0.021144550839166554,-0.021144550839166776,-0.01861450878303117
2026-05-19,0.0,-0.05344489096038019,0.0,-0.18169559385594114,-0.10207320765936767,0.0,-0.17629773329674947,-0.022288593260081813,0.0,-0.2475659914313454,-0.0008086179119106696,0.0,0.0,-0.05344489096038019,0.0,-0.18169559385594114,-0.10207320765936767,0.0,0.0,-0.1373685931443982,-0.032981227144721514,-0.001128239699846656,0.0,-0.04716673984600939,-0.018249481680923996,-0.03235018362022879,0.0,0.0,-0.013301987726739739,-0.013301987726739739,-0.010751675042781184,-0.013301987726739628,-0.013301987726739628,-0.06015732858550715,-0.03351211581599889,0.0,0.0,-0.014362009528130493,-0.014362009528130604,-0.0070512908327799995,-0.003514137989985233,-0.013301987726739517,-0.013301987726739739,-0.010751675042781295
2026-05-20,0.0,-0.056706580138932594,0.0,-0.18509934829585317,-0.1058092288574054,0.0,-0.17649715785064657,-0.025585885039396294,0.0,-0.24629455645639486,-0.004136941161079877,0.0,0.0,-0.056706580138932594,0.0,-0.18509934829585317,-0.1058092288574054,0.0,0.0,-0.13439738498228604,-0.03639954627026387,-0.004661121293187409,0.0,-0.050448632455799114,-0.02148710911435181,-0.035770733424439705,-0.003536872032781302,0.0,-0.01000678887228379,-0.01000678887228379,-0.007447959106776425,-0.010006788872283678,-0.010006788872283678,-0.05998541480727326,-0.033335328159042166,-0.0009379229312341808,-0.0009379229312341808,-0.011200946641080844,-0.011200946641080956,-0.005025907263240037,-0.0014815394543703508,-0.010006788872283567,-0.01000678887228379,-0.007447959106776314
2026-05-21,0.0,-0.0556980502141019,0.0,-0.18399274533799792,-0.1052301383550468,0.0,-0.175938707745237,-0.024604096316176105,0.0,-0.24521947996768467,-0.0030344860736633006,0.0,0.0,-0.0556980502141019,0.0,-0.18399274533799792,-0.1052301383550468,0.0,0.0,-0.13533718332798395,-0.03547194426087796,-0.003706498908493727,0.0,-0.049430850231837575,-0.020487845869527455,-0.03484252609356697,-0.0025811713886798593,0.0,-0.0016178506191656394,-0.0016178506191657505,0.0,-0.0016178506191657505,-0.0016178506191656394,-0.051303336725826765,-0.02440710694662529,0.0,0.0,-0.0035531782146751567,-0.0035531782146753788,0.0,0.0,-0.0016178506191654174,-0.0016178506191658615,0.0
2026-05-22,0.0,-0.0526014340463935,0.0,-0.18311956864292578,-0.10267153049895605,0.0,-0.1740935364490237,-0.021189762602685125,0.0,-0.2452319573117211,-0.0003392361262223309,0.0,0.0,-0.0526014340463935,0.0,-0.18311956864292578,-0.10267153049895605,0.0,0.0,-0.13810737152199082,-0.03253278405540183,-0.0006735812542627562,0.0,-0.04630899186236692,-0.017046186168882205,-0.031886778267498306,0.0,0.0,0.0,0.0,0.0,0.0,0.0,-0.042097901706732,-0.014940691252594451,0.0,0.0,0.0,0.0,0.0,0.0,0.0,0.0,0.0
2026-05-25,0.0,-0.059176683577585654,0.0,-0.18066770581457914,-0.10676692702203117,0.0,-0.1780366215745406,-0.02772472502742518,0.0,-0.24596616680957017,-0.006213282020684385,0.0,0.0,-0.059176683577585654,0.0,-0.18066770581457914,-0.10676692702203117,0.0,0.0,-0.13319094022920475,-0.03812397327413941,-0.006374774200025746,0.0,-0.052374239270359446,-0.023353874611675596,-0.037481700884677616,-0.005705035750899867,0.0,0.0,0.0,0.0,0.0,0.0,-0.03970060247299878,-0.012475426868844397,-0.0017441278132691584,-0.0017441278132691584,0.0,0.0,0.0,0.0,0.0,0.0,0.0
2026-05-26,0.0,-0.06321598614455926,0.0,-0.18021935445408943,-0.10333858911686788,0.0,-0.17719670620368333,-0.024248785705478504,0.0,-0.24514869865235045,-0.00204551831520694,0.0,0.0,-0.06321598614455926,0.0,-0.18021935445408943,-0.10333858911686788,0.0,0.0,-0.13676695079875034,-0.03411628469162831,-0.0023009450350043315,0.0,-0.05644274724739495,-0.019744807670823428,-0.03347133625281029,-0.0016284606813298241,0.0,-0.009258744429980315,-0.009258744429980315,-0.009258744429980204,-0.009258744429980204,-0.009258744429980315,-0.04602029509328931,-0.01897428730054307,-0.007822368858929063,-0.007822368858929063,-0.008742485101817632,-0.008742485101817521,-0.007813996545866342,-0.007813996545866342,-0.009258744429980315,-0.009258744429980315,-0.009258744429980315
2026-05-27,0.0,-0.06470199325068071,0.0,-0.17696718892173535,-0.10036312016435722,0.0,-0.17670941751968472,-0.024281594565409015,0.0,-0.24203800634071093,0.0,0.0,0.0,-0.06470199325068071,0.0,-0.17696718892173535,-0.10036312016435722,0.0,0.0,-0.1380929123910285,-0.032710475064422595,-0.0009283725378167462,0.0,-0.05793949864567316,-0.01927227182036073,-0.03206458792593503,-0.00025496302186611697,0.0,-0.00824566645904068,-0.00824566645904068,-0.008245666459040568,-0.00824566645904068,-0.00824566645904068,-0.04492307710865584,-0.017845962400311555,-0.007597851955553181,-0.007597851955553292,-0.00761283921509226,-0.007612839215092149,-0.007326482875417817,-0.007326482875417817,-0.00824566645904068,-0.00824566645904068,-0.00824566645904079
2026-05-28,0.0,-0.05932399948979705,0.0,-0.17962658303561896,-0.10618206438309441,0.0,-0.17958450376111867,-0.019392597086847707,0.0,-0.24435085177794802,-0.006070648143182367,0.0,0.0,-0.05932399948979705,0.0,-0.17962658303561896,-0.10618206438309441,0.0,0.0,-0.13323908603802315,-0.038143731446879436,-0.006264432285723265,0.0,-0.05252262032229571,-0.014350411340258162,-0.03750147225051992,-0.005594619462255035,0.0,-0.01155290097122208,-0.01155290097122219,-0.01155290097122208,-0.01155290097122208,-0.011552900971222302,-0.04552938545379892,-0.018469460021225736,-0.004956465072194494,-0.004956465072194494,-0.010811739316399782,-0.010811739316399671,-0.005615817905508247,-0.005615817905508247,-0.01155290097122219,-0.01155290097122219,-0.01155290097122219
2026-05-29,0.0,-0.05745044341465089,0.0,-0.17831155078489913,-0.10509215381488057,0.0,-0.18095614730506793,-0.017908517338834584,0.0,-0.24290772081226086,-0.003912039904444997,0.0,0.0,-0.05745044341465089,0.0,-0.17831155078489913,-0.10509215381488057,0.0,0.0,-0.1315722308054541,-0.04127465454672807,-0.008299304388232676,0.0,-0.05063395101096779,-0.012835663248696783,-0.04005464343217835,-0.00763086314033512,0.0,-0.014439502357497913,-0.014439502357498024,-0.014439502357497802,-0.014439502357497802,-0.014439502357498024,-0.045873449800064914,-0.018823278838097868,-0.0055303558103964034,-0.005530355810396292,-0.01401279195498839,-0.014012791954988058,-0.007126206382612854,-0.007126206382612854,-0.014439502357498024,-0.014439502357498024,-0.014439502357497913
2026-06-01,0.0,-0.06379176749485149,0.0,-0.17712603378938585,-0.10079148269311444,0.0,-0.17754754528840888,-0.023671709768000038,0.0,-0.2421907406103042,-0.003108011486022133,0.0,0.0,-0.06379176749485149,0.0,-0.17712603378938585,-0.10079148269311444,0.0,0.0,-0.1373656540560484,-0.047710373793277694,-0.0019781299391138374,0.0,-0.057013989331943016,-0.018610097411699278,-0.046498552353746225,-0.0013054279966784321,0.0,0.0,0.0,0.0,0.0,0.0,-0.028525157877848484,-0.0009831504165243032,0.0,0.0,0.0,0.0,0.0,0.0,0.0,0.0,0.0
2026-06-02,0.0,-0.06418219136105119,0.0,-0.17856344430210636,-0.10196879730966124,0.0,-0.17813790508370542,-0.024138596885945218,0.0,-0.24348850730483862,-0.004126261492568006,0.0,0.0,-0.06418219136105119,0.0,-0.17856344430210636,-0.10196879730966124,0.0,0.0,-0.1376797441818728,-0.0480731250182016,-0.001683400007434277,0.0,-0.05739776984320932,-0.019064694590189668,-0.046861765192132476,-0.0010104994066292283,0.0,-2.6017359394003847e-05,-2.6017359394003847e-05,-2.601735939411487e-05,-2.601735939411487e-05,0.0,-0.029195819615180918,-0.0016728258943806695,-0.00015747990321790528,-0.0001574799032180163,-0.0005155326255683601,-0.0005155326255684711,-0.00040507473277129336,-0.0004050747327714044,-2.601735939411487e-05,-2.601735939411487e-05,-2.601735939411487e-05
2026-06-03,0.0,-0.07253094628036794,0.0,-0.17930836377919313,-0.11013036486240724,0.0,-0.17513396712495855,-0.03168919681073423,0.0,-0.24333305832494556,-0.01285773414929181,0.0,0.0,-0.07253094628036794,0.0,-0.17930836377919313,-0.11013036486240724,0.0,0.0,-0.14511730408286994,-0.05624921466716215,0.0,0.0,-0.06580705093759875,-0.02661470396292409,-0.05504825919755718,0.0,0.0,-0.0007242094719330794,-0.0007242094719330794,-0.0007242094719331904,-0.0007242094719330794,-0.0003060890098407487,-0.02960538323269668,-0.002094000933747453,0.0,0.0,-0.0008151384608302559,-0.0008151384608302559,0.0,0.0,-0.0007242094719331904,-0.0007242094719331904,-0.0007242094719330794
2026-06-04,0.0,-0.07181895987619147,0.0,-0.18047113120041747,-0.109629476495811,0.0,-0.1748033487856948,-0.030913913785877156,0.0,-0.24363128471195528,-0.012249397515612825,0.0,0.0,-0.07181895987619147,0.0,-0.18047113120041747,-0.109629476495811,0.0,0.0,-0.14449114995284484,-0.055553943580877174,-0.0007787162974753903,0.0,-0.06508990282797456,-0.025794198783318123,-0.05435210335480156,-0.0007787162974756123,0.0,0.0,0.0,0.0,0.0,0.0,-0.022536566295946914,0.0,0.0,0.0,0.0,0.0,0.0,0.0,0.0,0.0,0.0
2026-06-05,0.0,-0.08412128090107784,0.0,-0.1790676882340011,-0.12140222733391526,0.0,-0.17131737775456557,-0.042450992681224875,0.0,-0.23888809156758206,-0.02343261144805775,0.0,0.0,-0.08412128090107784,0.0,-0.1790676882340011,-0.12140222733391526,0.0,0.0,-0.15463020277456707,-0.0673656669211693,0.0,0.0,-0.07684223038325977,-0.03736657367335516,-0.06554822315792264,0.0,0.0,0.0,0.0,0.0,0.0,0.0,-0.017665589380240987,0.0,0.0,0.0,0.0,0.0,0.0,0.0,0.0,0.0,0.0
2026-06-08,0.0,-0.08478181143176,0.0,-0.18160048299971043,-0.12226601195741038,0.0,-0.1696477862878062,-0.042706514864749856,0.0,-0.23809320688500246,-0.023754189028218464,0.0,0.0,-0.08478181143176,0.0,-0.18160048299971043,-0.12226601195741038,0.0,0.0,-0.15512399225523132,-0.0667830977955104,0.0,0.0,-0.07688679566967094,-0.03756479230346932,-0.06496451876779152,0.0,0.0,-0.009509223418589952,-0.009509223418589952,-0.009868743184352269,-0.009509223418589952,-0.004468591477470807,-0.02238601436573251,-0.004805313683874268,0.0,0.0,-0.006808303338614041,-0.006808303338614041,0.0,0.0,-0.00950922341858984,-0.009509223418589952,-0.009509223418589952
2026-06-09,0.0,-0.08523328835040156,0.0,-0.18336935971280277,-0.12351439177668244,0.0,-0.17034384793178603,-0.04348457127525107,0.0,-0.24056221206615858,-0.02546075503873768,0.0,0.0,-0.08523328835040156,0.0,-0.18336935971280277,-0.12351439177668244,0.0,0.0,-0.1555763773833101,-0.06632633563129953,0.0,0.0,-0.0773421671977439,-0.0382873309130658,-0.0645068665017291,0.0,0.0,-0.007020954428145321,-0.00702095442814521,-0.009805813093468618,-0.00702095442814521,-0.002978204260765116,-0.01805810267187613,-0.00039957196591278166,-0.00126569020126166,-0.001265690201261771,-0.00493573120351154,-0.00493573120351154,0.0,0.0,-0.00702095442814521,-0.007020954428145321,-0.007020954428145099
2026-06-10,0.0,-0.08663208441848258,0.0,-0.18262961305141256,-0.12488263120144982,0.0,-0.17106845488546085,-0.04520441529915742,0.0,-0.24185237610881938,-0.027362671492595747,0.0,0.0,-0.08663208441848258,0.0,-0.18262961305141256,-0.12488263120144982,0.0,0.0,-0.15689412225107457,-0.06492296815350629,0.0,0.0,-0.07875302980596088,-0.039963338357564826,-0.0631007642527831,0.0,0.0,-0.008543263681551783,-0.008543263681551783,-0.010221167015383115,-0.008543263681551894,-0.003969612296748859,-0.015408092018730724,0.0,0.0,0.0,-0.006609043989097896,-0.006609043989097896,0.0,0.0,-0.008543263681551894,-0.008543263681551783,-0.008543263681551672
2026-06-11,0.0,-0.08247345970936693,0.0,-0.18643205266891183,-0.12170104148447636,0.0,-0.1706351785103244,-0.04061547749508032,0.0,-0.24279648587117375,-0.022915454647512323,0.0,0.0,-0.08247345970936693,0.0,-0.18643205266891183,-0.12170104148447636,0.0,0.0,-0.15305683543366866,-0.06911093030383608,-0.004460944382831178,0.0,-0.07455853123852696,-0.035335720909719814,-0.06729688757134455,-0.004460944382831067,0.0,0.0,0.0,-0.0048471562112570865,0.0,0.0,-0.002749976647691388,0.0,0.0,0.0,0.0,0.0,0.0,0.0,0.0,0.0,0.0
2026-06-12,0.0,-0.08525397149620251,0.0,-0.19021610772587083,-0.12616518821944833,0.0,-0.17285136949279334,-0.043875250378161645,0.0,-0.24580172257688981,-0.026386492979051046,0.0,0.0,-0.08525397149620251,0.0,-0.19021610772587083,-0.12616518821944833,0.0,0.0,-0.15565102555164512,-0.06754475921828285,-0.0018010671764735475,0.0,-0.07736302876412726,-0.03854537460558993,-0.06512122466481451,-0.0018010671764735475,0.0,0.0,0.0,-0.003733433535770825,0.0,0.0,0.0,0.0,-0.0038398631181799647,-0.0038398631181799647,0.0,0.0,-0.0009308707830750773,-0.0009308707830750773,0.0,0.0,0.0
2026-06-15,0.0,-0.08368814040191763,0.0,-0.18825992366670907,-0.12502772982575017,0.0,-0.17451649565464522,-0.04245495675611244,0.0,-0.24683740482875138,-0.024837618099851633,0.0,0.0,-0.08368814040191763,0.0,-0.18825992366670907,-0.12502772982575017,0.0,0.0,-0.1542125624075147,-0.06594561310650038,-0.003603750152303853,0.0,-0.07578220552672921,-0.03710673987125768,-0.06351792222928765,-0.003556079466244255,0.0,-0.0031918981309098093,-0.0031918981309098093,-0.0054981132387705856,-0.0031918981309096983,-0.0029682545056834986,-0.0004002349608660527,-0.0004002349608660527,-0.006627065330528925,-0.006627065330528814,-0.0036447591171897553,-0.0036447591171897553,-0.003458529963562551,-0.00345852996356244,-0.0031918981309098093,-0.0031918981309098093,-0.0031918981309098093
2026-06-16,0.0,-0.08218112109095721,0.0,-0.18813709188185201,-0.12356413956163803,0.0,-0.17557492597447788,-0.040992502816140086,0.0,-0.24822950565325497,-0.02337737172176224,0.0,0.0,-0.08218112109095721,0.0,-0.18813709188185201,-0.12356413956163803,0.0,0.0,-0.15282400790505357,-0.06439043022431179,-0.005349741166857935,0.0,-0.0742587667145177,-0.03563062466778799,-0.061958697287719744,-0.0053021540144222445,0.0,-0.004892865950195779,-0.004892865950195779,-0.006503251621873707,-0.004892865950195668,-0.004577271012576878,0.0,0.0,-0.00531203898373378,-0.00531203898373378,-0.006151658168501384,-0.006151658168501384,-0.00151555031799544,-0.0015155503179952179,-0.004892865950195779,-0.004892865950195557,-0.004892865950195668
2026-06-17,0.0,-0.09751260775630488,0.0,-0.18645940913669756,-0.13013808195613263,0.0,-0.1711322804984482,-0.05573562408679389,0.0,-0.23968843833338982,-0.03933713742642253,0.0,0.0,-0.09751260775630488,0.0,-0.18645940913669756,-0.13013808195613263,0.0,0.0,-0.16709973168621184,-0.07964608525311645,0.0,0.0,-0.08970473140339563,-0.050419384893640395,-0.07725400312814612,0.0,0.0,-0.00493629191263123,-0.004936291912631119,-0.006820875072060084,-0.004936291912631119,-0.004620710747412771,-0.0011252855159649133,-0.0011252855159648023,-0.00021755164629710944,-0.00021755164629722046,-0.006034027014817034,-0.006034027014817034,0.0,0.0,-0.004936291912631119,-0.004936291912631008,-0.00493629191263123
2026-06-18,0.0,-0.10645532501286625,0.0,-0.18287823014747118,-0.1373810837333892,0.0,-0.17012349439444296,-0.0638452244575195,0.0,-0.23739721220834242,-0.04726145283277905,0.0,0.0,-0.10645532501286625,0.0,-0.18287823014747118,-0.1373810837333892,0.0,0.0,-0.17554695186882707,-0.08782984706116903,0.0,0.0,-0.09821276334937146,-0.05830364329235571,-0.08545903526495202,0.0,0.0,0.0,0.0,-0.0007897504138818512,0.0,0.0,0.0,0.0,0.0,0.0,0.0,0.0,0.0,0.0,0.0,0.0,0.0
2026-06-19,0.0,-0.10623242176146708,0.0,-0.18133703111247246,-0.13714594695183535,0.0,-0.17317551450935487,-0.06788721510668816,0.0,-0.24024533344524523,-0.04926876545418002,0.0,0.0,-0.10623242176146708,0.0,-0.18133703111247246,-0.13714594695183535,0.0,0.0,-0.17534128418348494,-0.08895258807763406,0.0,0.0,-0.09798780391225925,-0.06202833271073471,-0.08606039800400833,0.0,0.0,-0.0026266954104844364,-0.0026266954104845475,-0.002870314792205564,-0.0026266954104845475,-0.0026266954104845475,0.0,0.0,0.0,0.0,-0.0014573998559404,-0.0014573998559404,0.0,0.0,-0.0026266954104845475,-0.0026266954104844364,-0.0026266954104845475
2026-06-22,0.0,-0.10389744809571477,0.0,-0.18192415168972986,-0.13480500791936578,0.0,-0.17526775992008337,-0.06669252481982613,0.0,-0.24215868732538637,-0.04782745529229271,0.0,0.0,-0.10389744809571477,0.0,-0.18192415168972986,-0.13480500791936578,0.0,0.0,-0.17318685787451138,-0.08657247073294017,0.0,0.0,-0.09563129112824975,-0.060720525460100094,-0.08367272479375987,0.0,0.0,0.0,0.0,0.0,0.0,0.0,0.0,0.0,0.0,0.0,0.0,0.0,0.0,0.0,0.0,0.0,0.0
2026-06-23,0.0,-0.09622726636240142,0.0,-0.1846949183876916,-0.12720830719315812,0.0,-0.17900079825480109,-0.06452071170832951,0.0,-0.24727743597297291,-0.04350040745184269,0.0,0.0,-0.09622726636240142,0.0,-0.1846949183876916,-0.12720830719315812,0.0,0.0,-0.16610975822099794,-0.07875399601171429,0.0,0.0,-0.0878903552987208,-0.05835543746950689,-0.07582942972324846,0.0,0.0,0.0,0.0,0.0,0.0,0.0,0.0,0.0,0.0,0.0,0.0,0.0,0.0,0.0,0.0,0.0,0.0
2026-06-24,0.0,-0.09228702818147005,0.0,-0.1863890695265964,-0.12331572558959214,0.0,-0.17888246176740275,-0.06339565476843567,0.0,-0.24699175304792265,-0.04132825357022296,0.0,0.0,-0.09228702818147005,0.0,-0.1863890695265964,-0.12331572558959214,0.0,0.0,-0.16247419139421504,-0.07473757845026063,0.0,0.0,-0.08391377013136081,-0.05711709217068761,-0.07180026173536169,0.0,0.0,0.0,0.0,0.0,0.0,0.0,0.0,0.0,0.0,0.0,0.0,0.0,0.0,0.0,0.0,0.0,0.0
2026-06-25,0.0,-0.09438783628011027,0.0,-0.18718665696445058,-0.12562315885974873,0.0,-0.1797807510434971,-0.06441613695923187,0.0,-0.2482460610774111,-0.043458530300021114,0.0,0.0,-0.09438783628011027,0.0,-0.18718665696445058,-0.12562315885974873,0.0,0.0,-0.16441255853907832,-0.07687474661908222,-0.0025271483115214544,0.0,-0.0860318502173445,-0.05812760600396183,-0.07394421450889488,-0.0025271483115213433,0.0,0.0,0.0,0.0,0.0,0.0,-0.0005585778879337866,-0.0005585778879336756,-5.104895501639728e-05,-5.10489550165083e-05,0.0,0.0,0.0,0.0,0.0,0.0,0.0
2026-06-26,0.0,-0.09502916149084462,0.0,-0.18662732996409925,-0.1259653222989826,0.0,-0.18085518865610006,-0.06602621853220303,0.0,-0.2493804067179083,-0.04482497082647363,0.0,0.0,-0.09502916149084462,0.0,-0.18662732996409925,-0.1259653222989826,0.0,0.0,-0.16500429450890086,-0.0775191618904203,-0.0020492166745513796,0.0,-0.086212719158266,-0.05953783705847937,-0.07412026380337888,-0.0020492166745513796,0.0,-0.0035284318703535655,-0.0035284318703535655,-0.0035284318703535655,-0.0035284318703535655,-0.0035284318703535655,-0.008700461294351647,-0.008700461294351425,-0.0067064372942288175,-0.0067064372942288175,-0.002673587361095131,-0.002673587361095131,-0.007356147550149905,-0.007356147550149794,-0.0035284318703536766,-0.0035284318703535655,-0.0035284318703535655
2026-06-29,0.0,-0.09357445849426183,0.0,-0.18354353673432466,-0.1235026305544239,0.0,-0.18673724677445558,-0.06838959669268896,0.0,-0.2543779088847703,-0.04879632181057114,0.0,0.0,-0.09357445849426183,0.0,-0.18354353673432466,-0.1235026305544239,0.0,0.0,-0.16366207362926155,-0.07603631229749974,-0.003847868282507716,0.0,-0.08474384409719804,-0.061915893351775275,-0.0726319506231008,-0.003847868282507716,0.0,-0.0011352759036625804,-0.0011352759036625804,-0.0011352759036625804,-0.0011352759036625804,-0.0011352759036626914,-0.011605079929985718,-0.011605079929985496,-0.00940742086424573,-0.00940742086424573,-0.0006717319759177443,-0.0006717319759177443,-0.010484072653853871,-0.01048407265385376,-0.0011352759036625804,-0.0011352759036624693,-0.0011352759036625804
2026-06-30,0.0,-0.0928464218433811,0.0,-0.18189346531427408,-0.12249735540557649,0.0,-0.18893085385686037,-0.06918297547850027,0.0,-0.25601974713280573,-0.04964627056094317,0.0,0.0,-0.0928464218433811,0.0,-0.18189346531427408,-0.12249735540557649,0.0,0.0,-0.1629903310149614,-0.07529418909164554,-0.004964978631700645,0.0,-0.08400871473915439,-0.06269027380745795,-0.0718870930502652,-0.004964978631700534,0.0,0.0,0.0,0.0,0.0,0.0,-0.004190146778098369,-0.004190146778098147,-0.005190440220959269,-0.005190440220959158,0.0,0.0,-0.0052269586910072,-0.005226958691007089,0.0,0.0,0.0
2026-07-01,0.0,-0.09574560851061265,0.0,-0.18254288351976422,-0.12546974444806747,0.0,-0.1905677188188195,-0.07316725972524529,0.0,-0.25755335822775194,-0.05412914844858008,0.0,0.0,-0.09574560851061265,0.0,-0.18254288351976422,-0.12546974444806747,0.0,0.0,-0.16566534363806817,-0.07824947122098991,-0.001593456991127451,0.0,-0.08693614597623878,-0.06666979372198545,-0.07485326397248315,-0.00159345699112734,0.0,0.0,0.0,0.0,0.0,0.0,-0.0020000228295072864,-0.0020000228295072864,0.0,0.0,0.0,0.0,-0.0005364843877043723,-0.0005364843877043723,0.0,0.0,0.0
2026-07-02,0.0,-0.08686411794827487,0.0,-0.18959628456503352,-0.11765427199115419,0.0,-0.18523888291729151,-0.06390792204937545,0.0,-0.25360466341845267,-0.04735396493963151,0.0,0.0,-0.08686411794827487,0.0,-0.18959628456503352,-0.11765427199115419,0.0,0.0,-0.1574705972856565,-0.06919171498799515,-0.011460907483129557,0.0,-0.07796594040379645,-0.05727975244913508,-0.06576213426541577,-0.011460907483129334,0.0,-0.0017512381862505588,-0.0017512381862506698,-0.0017512381862505588,-0.0017512381862504478,-0.0017512381862504478,-0.005295104576437559,-0.005295104576437448,-0.003126054566363057,-0.003126054566363057,-0.0014524480216577818,-0.0014524480216577818,-0.0015665571365718334,-0.0015665571365718334,-0.0017512381862505588,-0.0017512381862505588,-0.0017512381862505588
2026-07-03,0.0,-0.08697591647316383,0.0,-0.18910351219152577,-0.11765986083911706,0.0,-0.18636016939282496,-0.0644352572994753,0.0,-0.2543990413959307,-0.04781623906130439,0.0,0.0,-0.08697591647316383,0.0,-0.18910351219152577,-0.11765986083911706,0.0,0.0,-0.15757375120420292,-0.06935244264967289,-0.0113388031724162,0.0,-0.0780752008136889,-0.05777973591382046,-0.06591753838936165,-0.011338803172415979,0.0,-0.00010628431361048296,-0.000106284313610705,-0.00010628431361048296,-0.00010628431361048296,-0.00010628431361048296,-0.004280676656135518,-0.004280676656135518,-0.0037316312979545074,-0.0037316312979543964,0.0,0.0,0.0,0.0,-0.00010628431361048296,-0.00010628431361059398,-0.00010628431361059398
2026-07-06,0.0,-0.08705725889176852,0.0,-0.1842690564160978,-0.11750265422189132,0.0,-0.19185715817906068,-0.06591789578049212,0.0,-0.25883605803552123,-0.04924683311247402,0.0,0.0,-0.08705725889176852,0.0,-0.1842690564160978,-0.11750265422189132,0.0,0.0,-0.1576488039764239,-0.06943118893630751,-0.011691638516186709,0.0,-0.07815527261811217,-0.05924640541681403,-0.06599657531873582,-0.011691638516186598,0.0,0.0,0.0,0.0,0.0,0.0,0.0,0.0,0.0,0.0,0.0,0.0,0.0,0.0,0.0,0.0,0.0
2026-07-07,0.0,-0.09152408120480782,0.0,-0.1818120517881584,-0.12156109187975972,0.0,-0.1928247043815996,-0.07033892426971844,0.0,-0.2587340824037625,-0.053017265453792706,0.0,0.0,-0.09152408120480782,0.0,-0.1818120517881584,-0.12156109187975972,0.0,0.0,-0.16084513525060595,-0.07291222850451284,-0.00792236856077444,0.0,-0.08215741421825551,-0.06333428387433382,-0.06949046297056705,-0.007922368560774218,0.0,-0.004158233345051721,-0.004158233345051832,-0.004158233345051721,-0.004158233345051832,-0.004158233345051721,0.0,0.0,0.0,0.0,-0.0031121935699702785,-0.0031121935699703895,0.0,0.0,-0.00415823334505161,-0.00415823334505161,-0.004158233345051721
2026-07-08,0.0,-0.09317864559481759,0.0,-0.18142912500569242,-0.12276892976853371,0.0,-0.19433444557241664,-0.07277105746346901,0.0,-0.2600457287165946,-0.055431247170556364,0.0,0.0,-0.09317864559481759,0.0,-0.18142912500569242,-0.12276892976853371,0.0,0.0,-0.16037651762403193,-0.07139041905394305,-0.009874699073865845,0.0,-0.08382903767755745,-0.06556697135134326,-0.06796303671079396,-0.009874699073865623,0.0,-0.007094354838201644,-0.007094354838201755,-0.007094354838201755,-0.007094354838201644,-0.007543834561043461,-0.00042526306701429206,-0.00042526306701407,-0.0007196317449411627,-0.0007196317449412737,-0.006078565833551597,-0.006078565833551597,-0.004790661425752685,-0.004790661425752685,-0.007094354838201533,-0.007094354838201644,-0.007094354838201644
2026-07-09,0.0,-0.09741788162861897,0.0,-0.1822352499166735,-0.12757725321279123,0.0,-0.19334681103529372,-0.0771060929216818,0.0,-0.2606449336533583,-0.05903912131044109,0.0,0.0,-0.09741788162861897,0.0,-0.1822352499166735,-0.12757725321279123,0.0,0.0,-0.16436178341040752,-0.06834186252132513,-0.013224264155428656,0.0,-0.08758330351254007,-0.06938061104217685,-0.06490322833558637,-0.013224264155428544,0.0,0.0,0.0,0.0,0.0,-0.004992719509260057,0.0,0.0,0.0,0.0,0.0,0.0,0.0,0.0,0.0,0.0,0.0
2026-07-10,0.0,-0.09699512129460697,0.0,-0.18168710928235232,-0.1272033147796423,0.0,-0.1921240132069314,-0.07647935304908449,0.0,-0.2598384189679417,-0.05860599260189492,0.0,0.0,-0.09699512129460697,0.0,-0.18168710928235232,-0.1272033147796423,0.0,0.0,-0.16397037892280697,-0.06799828792901852,-0.013284584352736495,0.0,-0.08715593676162203,-0.06859551212712423,-0.0645363819460435,-0.013284584352736273,0.0,0.0,0.0,0.0,0.0,-0.003775586460712632,0.0,0.0,0.0,0.0,0.0,0.0,0.0,0.0,0.0,0.0,0.0
2026-07-13,0.0,-0.10402231249688387,0.0,-0.18151082346356795,-0.13323803565269676,0.0,-0.19303586772256998,-0.07905869613405891,0.0,-0.2595316688122449,-0.06408097714810035,0.0,0.0,-0.10402231249688387,0.0,-0.18151082346356795,-0.13323803565269676,0.0,0.0,-0.17047636813351785,-0.07413798032312158,-0.008494280567359458,0.0,-0.09371456101284259,-0.07069164445774245,-0.0706988801328371,-0.007912390131941116,0.0,0.0,0.0,0.0,0.0,-0.0034821067051306054,-0.001358417493520947,-0.001358417493520947,0.0,0.0,0.0,0.0,-0.0004363152774881085,-0.0004363152774881085,0.0,0.0,0.0
2026-07-14,0.0,-0.11589071038999221,0.0,-0.17757105283492036,-0.14116273369465648,0.0,-0.1863789866376474,-0.09023755509289311,0.0,-0.2555633293704863,-0.07097553083163521,0.0,0.0,-0.11589071038999221,0.0,-0.17757105283492036,-0.14116273369465648,0.0,0.0,-0.1814644950277977,-0.06315524778599724,0.0,0.0,-0.10516572462852636,-0.08141070494692504,-0.05967535240511668,0.0,0.0,0.0,0.0,0.0,0.0,-0.0033726132041453916,0.0,0.0,0.0,0.0,-0.000825723260928668,-0.000825723260928668,0.0,0.0,0.0,-0.0003276644482871349,0.0
2026-07-15,0.0,-0.1086871710624705,0.0,-0.18117948190431743,-0.1348043389323771,0.0,-0.1943375150816219,-0.08389755728188508,0.0,-0.2611995481131818,-0.06519762305010879,0.0,0.0,-0.1086871710624705,0.0,-0.18117948190431743,-0.1348043389323771,0.0,0.0,-0.17479523731233926,-0.05558842708870615,0.0,0.0,-0.09786953880871263,-0.07500689045468933,-0.052080424869066944,0.0,0.0,0.0,0.0,0.0,0.0,-0.0016281621637879162,0.0,0.0,0.0,0.0,0.0,0.0,0.0,0.0,0.0,0.0,0.0
2026-07-16,0.0,-0.1122960698793034,0.0,-0.18065973794801626,-0.13822688928018123,0.0,-0.19178248536392117,-0.08756044116769368,0.0,-0.26000289962142553,-0.06878723362323813,0.0,0.0,-0.1122960698793034,0.0,-0.18065973794801626,-0.13822688928018123,0.0,0.0,-0.17813646655870652,-0.059585242457148246,-0.00423206945264476,0.0,-0.10152223789294224,-0.07870120633159605,-0.05609208634654261,-0.004232069452644649,0.0,-0.0063136092344735495,-0.0063136092344735495,-0.0063136092344736605,-0.0063136092344736605,-0.005395410366276665,-0.005436128039088328,-0.005436128039088328,0.0,0.0,-0.0059540211444854,-0.005954021144485511,-0.0012518171762211372,-0.0012518171762211372,-0.0063136092344735495,-0.012416813898178392,-0.0063136092344736605
2026-07-17,0.0,-0.11168092988740153,0.0,-0.17791993017012597,-0.1372867592700041,0.0,-0.18935201278344305,-0.08662348169002099,0.0,-0.257438803153917,-0.06762048866246573,0.0,0.0,-0.11168092988740153,0.0,-0.17791993017012597,-0.1372867592700041,0.0,0.0,-0.1775669510815847,-0.05886729299996518,-0.0034274134601572914,0.0,-0.10089963210676378,-0.07775514954554352,-0.055350403628596334,-0.0034274134601572914,0.0,-0.0029583218562511115,-0.0029583218562512226,-0.0029583218562512226,-0.0029583218562512226,-0.003277274777763961,0.0,0.0,0.0,0.0,-0.002784009925634323,-0.002784009925634434,0.0,0.0,-0.0029583218562511115,-0.009336123255029083,-0.0029583218562512226
2026-07-20,0.0,-0.11566020340980587,0.0,-0.18093566872672695,-0.1414823917144954,0.0,-0.19029154526685854,-0.09086949494353302,0.0,-0.25937120951267856,-0.07196570636642896,0.0,0.0,-0.11566020340980587,0.0,-0.18093566872672695,-0.1414823917144954,0.0,0.0,-0.18125108459354078,-0.0630786029582956,-0.00827150790382214,0.0,-0.10492502997441533,-0.0820197387782261,-0.05957745069936771,-0.008271507903822028,0.0,-0.004952700110623431,-0.004952700110623542,-0.004952700110623542,-0.004952700110623431,-0.00468247695885915,-0.0007957092880860328,-0.0007957092880861438,0.0,0.0,-0.0048949539786296015,-0.0048949539786297125,0.0,0.0,-0.004952700110623431,-0.012675755221505103,-0.004952700110623431
2026-07-21,0.0,-0.11995032363897962,0.0,-0.18289381181398434,-0.14595218339367544,0.0,-0.18988032855598036,-0.0951342507662074,0.0,-0.26049503865952084,-0.07650907434696697,0.0,0.0,-0.11995032363897962,0.0,-0.18289381181398434,-0.14595218339367544,0.0,0.0,-0.18522300952346338,-0.06748295494441714,-0.013313809876566163,0.0,-0.10926254223304144,-0.086310353161004,-0.063998261170645,-0.013313809876566274,0.0,0.0,0.0,0.0,0.0,0.0,0.0,0.0,0.0,0.0,0.0,0.0,0.0,0.0,0.0,-0.0017219076503112163,0.0
2026-07-22,0.0,-0.11995524943826019,0.0,-0.18200489676473364,-0.14575956508372045,0.0,-0.18915942332361113,-0.09497667946849164,0.0,-0.2599124620168003,-0.07589282305533085,0.0,0.0,-0.11995524943826019,0.0,-0.18200489676473364,-0.14575956508372045,0.0,0.0,-0.1852275699795618,-0.06635986870236132,-0.012047314095098849,0.0,-0.1087377496759182,-0.0855842514382743,-0.06287097810274478,-0.01204731409509896,0.0,0.0,0.0,0.0,0.0,0.0,0.0,0.0,0.0,0.0,0.0,0.0,0.0,0.0,0.0,0.0,0.0
2026-07-23,0.0,-0.11420733147985529,0.0,-0.18061854707578417,-0.1392372540985235,0.0,-0.19115238476361374,-0.08911078650583304,0.0,-0.2584036544512682,-0.0735642542070285,0.0,0.0,-0.11420733147985529,0.0,-0.18061854707578417,-0.1392372540985235,0.0,0.0,-0.17990597118638862,-0.0719499414633169,-0.018059630542434868,0.0,-0.10291656582019237,-0.07964075715669916,-0.06848194023172671,-0.01805963054243498,0.0,0.0,0.0,0.0,0.0,0.0,0.0,0.0,-0.0035628342182207895,-0.0035628342182207895,0.0,0.0,-0.008076960093217789,-0.008076960093217789,0.0,-0.0013112761197013878,0.0
2026-07-24,0.0,-0.11469993952296831,0.0,-0.1819123279760132,-0.14029070087960815,0.0,-0.1926843786078445,-0.08968609405143424,0.0,-0.2594243808365726,-0.07485868575802013,0.0,0.0,-0.11469993952296831,0.0,-0.1819123279760132,-0.14029070087960815,0.0,0.0,-0.18036204282601676,-0.07258281028142322,-0.017673832178922266,0.0,-0.1034154528969603,-0.08021443499507386,-0.06858043508213285,-0.01767383217892249,0.0,-0.006032718363799594,-0.006032718363799705,-0.006032718363799594,-0.006032718363799594,-0.006032718363799483,-0.0033215980992825633,-0.0033215980992825633,-0.0023324528839521186,-0.0023324528839521186,-0.005994278417880583,-0.005994278417880583,-0.00735400815596543,-0.00735400815596543,-0.006032718363799594,-0.009984387133771477,-0.006032718363799705
2026-07-27,0.0,-0.11302890355269535,0.0,-0.18566472446785898,-0.13916072673651503,0.0,-0.19233164516712054,-0.0878528318192946,0.0,-0.26220277737953923,-0.07437840519368633,0.0,0.0,-0.11302890355269535,0.0,-0.18566472446785898,-0.13916072673651503,0.0,0.0,-0.17881494645701757,-0.06966265984725295,-0.020959989588241523,0.0,-0.10115775099260171,-0.07776685135674066,-0.0656476824040042,-0.020959989588241634,0.0,-0.00738566329829915,-0.007385663298299261,-0.007385663298299039,-0.00738566329829915,-0.007385663298299039,-0.003745162790508405,-0.003745162790508627,-0.0016958852498862864,-0.0016958852498861754,-0.006993397948854008,-0.006993397948853897,-0.004781806912538933,-0.004781806912538933,-0.00738566329829915,-0.01018702866024801,-0.00738566329829915
2026-07-28,0.0,-0.1133357001266646,0.0,-0.18503505397720255,-0.1388540133250259,0.0,-0.19197902175251502,-0.08808130563723171,0.0,-0.26209364974085037,-0.07455821370041937,0.0,0.0,-0.1133357001266646,0.0,-0.18503505397720255,-0.1388540133250259,0.0,0.0,-0.17805481099891962,-0.070472183780935,-0.020069344286804736,0.0,-0.1008971926691683,-0.07741964613696606,-0.0664606999310241,-0.020069344286804736,0.0,-0.016044848847745152,-0.016044848847745374,-0.016044848847745152,-0.016044848847745152,-0.016044848847745152,-0.004969142772240032,-0.004969142772240254,0.0,0.0,-0.015415520109451797,-0.015415520109451686,0.0,0.0,-0.016044848847745263,-0.020213379434020573,-0.016044848847745263
2026-07-29,0.0,-0.12242492762984292,0.0,-0.18931618702130903,-0.14816180794211042,0.0,-0.19643823500172997,-0.09816678615191055,0.0,-0.2707151918286378,-0.08546882270124101,0.0,0.0,-0.12242492762984292,0.0,-0.18931618702130903,-0.14816180794211042,0.0,0.0,-0.1697759688476721,-0.07957035426837256,-0.010451352735354691,0.0,-0.11010955101558595,-0.0875813391794934,-0.07559813461619436,-0.010451352735354691,0.0,-0.018176696477984144,-0.018176696477984255,-0.018176696477984144,-0.018176696477984144,-0.018176696477984033,-0.002075862144065521,-0.002075862144065743,0.0,0.0,-0.017333413624725624,-0.017333413624725513,0.0,0.0,-0.018176696477984255,-0.022873848163745936,-0.018176696477984144
2026-07-30,0.0,-0.1409684852983688,0.0,-0.18343045568217442,-0.1658786562478326,0.0,-0.19453373476198876,-0.11587369191056285,0.0,-0.2668438396963808,-0.10042919363877534,0.0,0.0,-0.1409684852983688,0.0,-0.18343045568217442,-0.1658786562478326,0.0,0.0,-0.15361922425905317,-0.09725380991999177,0.0,0.0,-0.12835241280053922,-0.10494214773045896,-0.09335790524787058,0.0,0.0,-0.011175665310978355,-0.011175665310978466,-0.011175665310978355,-0.011175665310978355,-0.011175665310978355,0.0,0.0,0.0,0.0,-0.009600846112867822,-0.0096008461128676,0.0,0.0,-0.011175665310978466,-0.015906310707095472,-0.011175665310978355
2026-07-31,0.0,-0.14083171177454012,0.0,-0.18149708039233547,-0.1654661433418686,0.0,-0.1958059234199051,-0.11566483405095151,0.0,-0.26761229951938525,-0.10002255894651324,0.0,0.0,-0.14083171177454012,0.0,-0.18149708039233547,-0.1654661433418686,0.0,0.0,-0.15247600797177796,-0.10058890922743657,0.0,0.0,-0.12768284283427023,-0.10421558018504784,-0.09668058118257772,0.0,0.0,-0.010112655624100908,-0.010112655624100908,-0.010112655624100908,-0.010112655624100797,-0.010112655624100908,-0.005596184151601125,-0.005596184151601014,-0.006897273184609531,-0.006897273184609531,-0.00918712443921843,-0.009187124439218208,-0.008567738341329512,-0.008567738341329512,-0.010112655624101019,-0.014848386576574946,-0.010112655624101019
2026-08-03,0.0,-0.13670460618290314,0.0,-0.1838197150967258,-0.16195391276765647,0.0,-0.19252488571830972,-0.11293781498215272,0.0,-0.2646747086181481,-0.09727101312387743,0.0,0.0,-0.13670460618290314,0.0,-0.1838197150967258,-0.16195391276765647,0.0,0.0,-0.15644941924283262,-0.09626849308454744,-0.004632429091963486,0.0,-0.12349257526229618,-0.10135622196967276,-0.09234139097324667,-0.004632429091963375,0.0,-0.02967315545226945,-0.029673155452269562,-0.029673155452269562,-0.02967315545226945,-0.029673155452269562,-0.01773438242183145,-0.01773438242183145,-0.0034103798059541557,-0.0034103798059540447,-0.02924680256449541,-0.02924680256449519,-0.00781910208091463,-0.00781910208091463,-0.029673155452269562,-0.03431530680196526,-0.029673155452269562
2026-08-04,0.0,-0.13962568022611965,0.0,-0.179274670150937,-0.1630516398014109,0.0,-0.19443383390273383,-0.11585343018338823,0.0,-0.2652956345428946,-0.09905268365551301,0.0,0.0,-0.13962568022611965,0.0,-0.179274670150937,-0.1630516398014109,0.0,0.0,-0.15472437673664785,-0.09817769994767866,-0.0034241750775975133,0.0,-0.1259013114895008,-0.1039340365534207,-0.09425889416138789,-0.0034241750775972912,0.0,-0.037101380445939136,-0.037101380445939136,-0.037101380445939136,-0.037101380445938914,-0.037101380445939136,-0.021192485329338262,-0.02119248532933815,-0.004389262497419888,-0.004389262497419888,-0.03503661706094863,-0.035036617060948294,-0.008385444066918435,-0.008385444066918546,-0.037101380445939136,-0.041707994342585875,-0.03710138044593925
2026-08-05,0.0,-0.13597121761768682,0.0,-0.1810684667404896,-0.16186861994813184,0.0,-0.1956785215154666,-0.11285338931533195,0.0,-0.26725674519146236,-0.09859358046632827,0.0,0.0,-0.13597121761768682,0.0,-0.1810684667404896,-0.16186861994813184,0.0,0.0,-0.1512839827932525,-0.10192950214196395,0.0,0.0,-0.12218855426299335,-0.10086434037250713,-0.09802699954993566,0.0,0.0,-0.03408777522277684,-0.03408777522277684,-0.03408777522277684,-0.03408777522277673,-0.03408777522277673,-0.01911598698261896,-0.01911598698261896,-0.009663067796253033,-0.009663067796253033,-0.031941933248840426,-0.03194193324883998,-0.011713739366904452,-0.011713739366904452,-0.03408777522277684,-0.03870880654138065,-0.03408777522277684
2026-08-06,0.0,-0.13986677626743427,0.0,-0.18089264782135495,-0.16477258206700063,0.0,-0.1969730817483074,-0.11752729759141911,0.0,-0.2680235066022094,-0.10249230392154351,0.0,0.0,-0.13986677626743427,0.0,-0.18089264782135495,-0.16477258206700063,0.0,0.0,-0.15496088263507357,-0.09796628502126514,-0.004960016192913197,0.0,-0.12614625340451924,-0.10557415610414067,-0.09404656054618521,-0.004960016192913197,0.0,-0.027250936628381406,-0.027250936628381406,-0.027250936628381295,-0.027250936628381073,-0.027250936628381295,-0.018175860637575147,-0.018175860637575147,-0.008136176926546335,-0.008136176926546446,-0.025080327278434122,-0.025080327278433567,-0.008935581345773547,-0.008935581345773436,-0.027250936628381295,-0.031904676141844224,-0.027250936628381295
2026-08-07,0.0,-0.13276011526183928,0.0,-0.18412899629564838,-0.16109287676099526,0.0,-0.19843219905683973,-0.11048601463485763,0.0,-0.27081128875078675,-0.09790601099499163,0.0,0.0,-0.13276011526183928,0.0,-0.18412899629564838,-0.16109287676099526,0.0,0.0,-0.1481241841347989,-0.1064060574486092,0.0,0.0,-0.11892622960567789,-0.09840087246959373,-0.10195474894234269,0.0,0.0,-0.030280748336235508,-0.030280748336235508,-0.030280748336235508,-0.030280748336235175,-0.030280748336235397,-0.01601033632351645,-0.016010336323516228,-0.005959686622024951,-0.005959686622025062,-0.028492024060843835,-0.02849202406084339,-0.005010413560025961,-0.005010413560025739,-0.030280748336235508,-0.03491999289411929,-0.030280748336235508
2026-08-10,0.0,-0.1347272894543291,0.0,-0.1827818073997196,-0.16287259304423984,0.0,-0.20286438834855935,-0.11334322649537876,0.0,-0.2740078929746449,-0.1006433925670257,0.0,0.0,-0.1347272894543291,0.0,-0.1827818073997196,-0.16287259304423984,0.0,0.0,-0.15001701985879246,-0.10842909026607994,-0.0036628336846245,0.0,-0.1209228505359825,-0.10126248962699536,-0.10398785920412024,-0.003609753648789127,0.0,-0.026024498921731642,-0.026024498921731753,-0.026024498921731642,-0.02602449892173131,-0.02602449892173153,-0.017032296831755667,-0.017032296831755556,-0.005195119152474503,-0.005195119152474503,-0.0237458620692913,-0.023745862069290746,-0.005610788619119567,-0.005610788619119345,-0.026024498921731753,-0.03068410584934189,-0.026024498921731642
2026-08-11,0.0,-0.13448197107243853,0.0,-0.18373959049636723,-0.16275193755176176,0.0,-0.20327812300433645,-0.11333174128841006,0.0,-0.2743352615025182,-0.10058976643149675,0.0,0.0,-0.13448197107243853,0.0,-0.18373959049636723,-0.16275193755176176,0.0,0.0,-0.14978270887185607,-0.10815166806838883,-0.0033881778971380783,0.0,-0.12066146714492376,-0.1011954616079741,-0.10370905506802319,-0.0033350832289678056,0.0,-0.034069710460286506,-0.03406971046028662,-0.03406971046028662,-0.034069710460286284,-0.034069710460286506,-0.019759819994905392,-0.01975981999490506,-0.000328056328572357,-0.000328056328572246,-0.030822177829187947,-0.03082217782918739,-0.0021989029852043096,-0.0021989029852040876,-0.03406971046028673,-0.03869082820271952,-0.034069710460286506
2026-08-12,0.0,-0.13772278502097024,0.0,-0.18370462637716634,-0.1658131164996698,0.0,-0.2015958809782188,-0.11640266182606673,0.0,-0.2727263819057705,-0.1036113859461758,0.0,0.0,-0.13772278502097024,0.0,-0.18370462637716634,-0.1658131164996698,0.0,0.0,-0.15286668411958027,-0.111348961971665,-0.007003166939381966,0.0,-0.12395403008123729,-0.10424993978445707,-0.10692227582674341,-0.006950264860381639,0.0,-0.03541301868216795,-0.03541301868216806,-0.03541301868216795,-0.03541301868216762,-0.03541301868216795,-0.022047136785283916,-0.022047136785283583,-0.0013146076542863705,-0.0013146076542862595,-0.03214089835033196,-0.032140898350331515,-0.0031236581485222237,-0.0031236581485220016,-0.035413018682168174,-0.04002770988893389,-0.03541301868216784
2026-08-13,0.0,-0.13793924482850362,0.0,-0.18380927006940873,-0.16604275047423744,0.0,-0.20173589293361582,-0.11666418206568374,0.0,-0.2727928323801303,-0.1038500812044606,0.0,0.0,-0.13793924482850362,0.0,-0.18380927006940873,-0.16604275047423744,0.0,0.0,-0.15306403034080507,-0.11152330260776144,-0.00722892993607005,0.0,-0.12416758081371371,-0.10451505689183627,-0.10709748491541038,-0.007176039884632557,0.0,-0.03149894879473969,-0.03149894879473958,-0.03149894879473969,-0.031498948794739245,-0.03149894879473958,-0.021273284661760816,-0.021273284661760483,-0.00430689030639797,-0.004306890306397859,-0.02768606834714704,-0.027686068347146597,-0.005070382004424001,-0.00507038200442389,-0.03149894879473969,-0.03613236534638575,-0.031498948794739356
2026-08-14,0.0,-0.13084979539739583,0.0,-0.18382954271004048,-0.15906550277753628,0.0,-0.20666772071405926,-0.10998051682960464,0.0,-0.2764955120364804,-0.0969489619753725,0.0,0.0,-0.13084979539739583,0.0,-0.18382954271004048,-0.15906550277753628,0.0,0.0,-0.1463846408257482,-0.10474350566459889,0.0,0.0,-0.11696487542584266,-0.09773946660989719,-0.10026393420321944,0.0,0.0,-0.03882899694132458,-0.038828996941324356,-0.03882899694132458,-0.038828996941324134,-0.03882899694132447,-0.025396954768355018,-0.025396954768354796,-0.01132563108261364,-0.01132563108261353,-0.03478414597796997,-0.03478414597796953,-0.013035427126506072,-0.01303542712650596,-0.03882899694132458,-0.04342734572885776,-0.038828996941324245
2026-08-17,0.0,-0.1290079891004876,0.0,-0.1834376126793864,-0.1572320198637226,0.0,-0.20900914137554671,-0.10842823909048527,0.0,-0.2788478489614421,-0.09544609988185626,0.0,0.0,-0.1290079891004876,0.0,-0.1834376126793864,-0.1572320198637226,0.0,0.0,-0.14464964636296174,-0.10284637782652994,0.0,0.0,-0.11509364575320469,-0.09616583932717937,-0.09835731375629941,0.0,0.0,-0.03685440827431352,-0.03685440827431341,-0.03685440827431352,-0.03685440827431308,-0.03685440827431341,-0.03243530571238962,-0.032435305712389395,-0.02321567086940779,-0.023215670869407568,-0.033176079676625614,-0.03317607967662517,-0.024731952891459796,-0.024731952891459574,-0.03685440827431352,-0.041462203713247825,-0.0368544082743133
2026-08-18,0.0,-0.1317476092975246,0.0,-0.18328662025343856,-0.15990399940073952,0.0,-0.2075122697493439,-0.11097766232750061,0.0,-0.27754322323419534,-0.09808535655035544,0.0,0.0,-0.1317476092975246,0.0,-0.18328662025343856,-0.15990399940073952,0.0,0.0,-0.14726806740350062,-0.10566662588415587,-0.00298331265093732,0.0,-0.11787621302877382,-0.09873796949682945,-0.10119167341522961,-0.00298331265093732,0.0,-0.0265374108077282,-0.02653741080772798,-0.0265374108077282,-0.026537410807727646,-0.02653741080772798,-0.023003026752554723,-0.02300302675255461,-0.011453557629760858,-0.011453557629760525,-0.022513465473465666,-0.022513465473465222,-0.013952573094043963,-0.013952573094043852,-0.0265374108077282,-0.031194563907932404,-0.02653741080772798
2026-08-19,0.0,-0.11599392401947495,0.0,-0.18642514944694166,-0.14463969221461692,0.0,-0.21163303695650537,-0.09462856529994601,0.0,-0.2829349922446478,-0.0819516789578778,0.0,0.0,-0.11599392401947495,0.0,-0.18642514944694166,-0.14463969221461692,0.0,0.0,-0.13176614423147515,-0.08947867812150734,0.0,0.0,-0.10184434782626528,-0.08209997131173952,-0.0849227264425505,0.0,0.0,-0.024489206182445433,-0.02448920618244521,-0.024489206182445322,-0.024489206182444878,-0.02448920618244521,-0.015245014215530261,-0.01524501421553004,-0.011109084294289251,-0.011109084294288807,-0.02007675005820264,-0.02007675005820242,-0.009823523719982075,-0.009823523719981853,-0.024489206182445433,-0.029156158120967945,-0.0244892061824451
2026-08-20,0.0,-0.11708751958481911,0.0,-0.1876156491002755,-0.14575896131953725,0.0,-0.21545621889088107,-0.0978047131955797,0.0,-0.2864559627382278,-0.08509349757531026,0.0,0.0,-0.11708751958481911,0.0,-0.1876156491002755,-0.14575896131953725,0.0,0.0,-0.13276149311421737,-0.09065550689152324,-0.0012287975219407166,0.0,-0.10295355900728753,-0.08531227500568006,-0.0861054436798453,-0.0012287975219407166,0.0,-0.02972769377992579,-0.02972769377992568,-0.02972769377992568,-0.029727693779925235,-0.02972769377992568,-0.02756017423271495,-0.027560174232714618,-0.019299303725965777,-0.019299303725965333,-0.025530016971764602,-0.02553001697176427,-0.019408356440344776,-0.019408356440344665,-0.02972769377992579,-0.034369584212206705,-0.029727693779925568
2026-08-21,0.0,-0.11417185266192131,0.0,-0.18880225417352736,-0.1426981098575244,0.0,-0.21930557940260864,-0.09508126916427051,0.0,-0.2895761718531218,-0.08224325232194574,0.0,0.0,-0.11417185266192131,0.0,-0.18880225417352736,-0.1426981098575244,0.0,0.0,-0.12890565426006428,-0.08759850591033314,0.0,0.0,-0.09944795731233569,-0.08232213899854957,-0.08245500850673293,0.0,0.0,-0.02401371315696288,-0.024013713156962657,-0.024013713156962657,-0.024013713156962324,-0.024013713156962657,-0.02478824272841329,-0.024788242728412957,-0.023333601091083955,-0.02333360109108351,-0.019967549521909933,-0.0199675495219096,-0.0199852086493979,-0.01998520864939779,-0.02401371315696288,-0.02868293990690829,-0.024013713156962657
2026-08-24,0.0,-0.11014780528555124,0.0,-0.19252847284276864,-0.14155212499834535,0.0,-0.21600993525459422,-0.09601690694278064,0.0,-0.2870908050129086,-0.08436176878721813,0.0,0.0,-0.11014780528555124,0.0,-0.19252847284276864,-0.14155212499834535,0.0,0.0,-0.13377461373582022,-0.08233868143656586,-0.00611741125971732,0.0,-0.09480673324089817,-0.0831259726694824,-0.07716553272956528,-0.00611741125971732,0.0,-0.030947036576659315,-0.030947036576659093,-0.030947036576659093,-0.03094703657665876,-0.030947036576659093,-0.028534303292663155,-0.02853430329266282,-0.023848274352138765,-0.023848274352138432,-0.026899811908698723,-0.026899811908698612,-0.022030542220491944,-0.022030542220491833,-0.030947036576659315,-0.03558309353762956,-0.030947036576659093
2026-08-25,0.0,-0.109398984438558,0.0,-0.1904397759692763,-0.14179743219443897,0.0,-0.21837070982759688,-0.09708401788431786,0.0,-0.28871500114431614,-0.08576146642750115,0.0,0.0,-0.109398984438558,0.0,-0.1904397759692763,-0.14179743219443897,0.0,0.0,-0.13208895375197272,-0.08419734211808272,-0.0041271886586612405,0.0,-0.0934933917268207,-0.08396503057786042,-0.07903467127247477,-0.0041271886586612405,0.0,-0.0337928465628371,-0.033792846562836876,-0.033792846562836765,-0.033792846562836654,-0.033792846562836765,-0.02694226917529008,-0.026942269175289635,-0.021932320036065045,-0.0219323200360646,-0.030360227682228236,-0.030360227682228236,-0.020715070568270155,-0.020715070568270044,-0.03379284656283721,-0.03841528885289247,-0.033792846562836765
2026-08-26,0.0,-0.1037397961472789,0.0,-0.19073864722324374,-0.13631498283193566,0.0,-0.2139320522405146,-0.09200806081928159,0.0,-0.28480069641358763,-0.07917190766771554,0.0,0.0,-0.1037397961472789,0.0,-0.19073864722324374,-0.13631498283193566,0.0,0.0,-0.13847912241283133,-0.07842422369958191,-0.01062048056011533,0.0,-0.08773313377306935,-0.07868937366841122,-0.0732290079493585,-0.010620480560115442,0.0,-0.03506372379667222,-0.035063723796671886,-0.035063723796671886,-0.035063723796671775,-0.035063723796671886,-0.03083689885803842,-0.030836898858037864,-0.020562137785074208,-0.020562137785073764,-0.032453427994501016,-0.032453427994501016,-0.021327728383079947,-0.021327728383079947,-0.03506372379667222,-0.03968008606894846,-0.035063723796671886
2026-08-27,0.0,-0.10576797025701512,0.0,-0.19147350858508505,-0.1386809478279778,0.0,-0.2165677900418458,-0.09497726633334869,0.0,-0.28761723553633933,-0.08254802727665567,0.0,0.0,-0.10576797025701512,0.0,-0.19147350858508505,-0.1386809478279778,0.0,0.0,-0.14144988021148497,-0.08054710047462088,-0.008253553585648055,0.0,-0.08979752983941058,-0.0815275659455269,-0.07536385205594098,-0.008253553585648055,0.0,-0.03826809834512224,-0.038268098345122015,-0.038268098345121904,-0.03826809834512179,-0.038268098345122015,-0.030459859458697336,-0.03045985945869678,-0.02055870398958448,-0.02055870398958415,-0.03603259404734416,-0.03603259404734416,-0.023478456441722972,-0.023478456441722972,-0.03826809834512235,-0.04286913053381014,-0.038268098345121904
2026-08-28,0.0,-0.09654427065719717,0.0,-0.1930753038628611,-0.1308343157233346,0.0,-0.21166179197323132,-0.08976571189049853,0.0,-0.28493149625906034,-0.07588011697146801,0.0,0.0,-0.09654427065719717,0.0,-0.1930753038628611,-0.1308343157233346,0.0,0.0,-0.15143098921083475,-0.0712418486170524,-0.01852850056339228,0.0,-0.08040424484128339,-0.07606505423008325,-0.06598776188698041,-0.01852850056339217,0.0,-0.04799737656784897,-0.04799737656784875,-0.04799737656784864,-0.04799737656784864,-0.04799737656784886,-0.03500874360797723,-0.03500874360797657,-0.023602816477195976,-0.023602816477195643,-0.04613276873253602,-0.04613276873253591,-0.028074405933866564,-0.028074405933866564,-0.04799737656784919,-0.05255186280937796,-0.04799737656784875
2026-08-31,0.0,-0.10044878376336719,0.0,-0.1960067083370638,-0.1346133959468645,0.0,-0.2135593289586657,-0.0936226051585688,0.0,-0.28704306574026495,-0.07983459101979429,0.0,0.0,-0.10044878376336719,0.0,-0.1960067083370638,-0.1346133959468645,0.0,0.0,-0.15504748036970495,-0.07525571255831576,-0.013940952064330103,0.0,-0.08437851116311768,-0.07997610940900834,-0.07002433269680675,-0.013940952064329992,0.0,-0.05070213657171585,-0.05070213657171563,-0.05070213657171563,-0.05070213657171563,-0.05070213657171574,-0.02865588278949327,-0.028655882789492493,-0.017027513232866665,-0.01702751323286622,-0.049312561715306735,-0.049312561715306624,-0.021671731476786138,-0.02167173147678625,-0.05070213657171607,-0.05524368294110471,-0.05070213657171574
2026-09-01,0.0,-0.09562255331046143,0.0,-0.1953648191831252,-0.13013477184367284,0.0,-0.21214437164414068,-0.08866861355074362,0.0,-0.28599043092469434,-0.07510789963525744,0.0,0.0,-0.09562255331046143,0.0,-0.1953648191831252,-0.13013477184367284,0.0,0.0,-0.15053216757631427,-0.0702925115375953,-0.019520515644096514,0.0,-0.07946516720136998,-0.07494395638023399,-0.06503305430354,-0.019520515644096403,0.0,-0.0356452690895841,-0.035645269089583875,-0.035645269089583986,-0.035645269089583875,-0.0356452690895841,-0.012378464466734185,-0.012378464466733519,-0.006229360470182188,-0.006229360470181855,-0.033610163563434714,-0.0336101635634346,-0.008286389042177711,-0.008286389042177822,-0.03564526908958443,-0.04025884918461631,-0.035645269089583986
2026-09-02,0.0,-0.09711096334356528,0.0,-0.19014401719141072,-0.13151854310933897,0.0,-0.20500049089014238,-0.08965408913495965,0.0,-0.2792570047964176,-0.0760561492804166,0.0,0.0,-0.09711096334356528,0.0,-0.19014401719141072,-0.13151854310933897,0.0,0.0,-0.15189982738779617,-0.07168629940568783,-0.017740458103135293,0.0,-0.08097421055168175,-0.07592118627386846,-0.0664347269824751,-0.017740458103135293,0.0,-0.03161294682986315,-0.03161294682986304,-0.03161294682986315,-0.03161294682986304,-0.031612946829863264,-0.007162993362801129,-0.007162993362800352,-0.000142803436788852,-0.0001428034367884079,-0.03109185870766784,-0.03109185870766773,-0.0019312731566418773,-0.0019312731566419883,-0.031612946829863486,-0.036245818002253016,-0.03161294682986304
2026-09-03,0.0,-0.1074509938953877,0.0,-0.18786109307562637,-0.14138352594490522,0.0,-0.19756833391304918,-0.09648179762274156,0.0,-0.27263335521086207,-0.08299257814343353,0.0,0.0,-0.1074509938953877,0.0,-0.18786109307562637,-0.14138352594490522,0.0,0.0,-0.1614429605027078,-0.08096087963554044,-0.007966920151638024,0.0,-0.09096981664201231,-0.08255987809917198,-0.07576177452993893,-0.007966920151638024,0.0,-0.03612664413174793,-0.03612664413174771,-0.03612664413174793,-0.03612664413174782,-0.03612664413174804,-0.009184802474040854,-0.009184802474040077,-0.006088033545624261,-0.006088033545623928,-0.03422849845626419,-0.03422849845626397,-0.004157360801404608,-0.004157360801404719,-0.036126644131748264,-0.04073792127513631,-0.03612664413174771
2026-09-04,0.0,-0.111376309055361,0.0,-0.19139642187068107,-0.14611977662469955,0.0,-0.19758667723159085,-0.09888652694420141,0.0,-0.2731965792004388,-0.08667802308686778,0.0,0.0,-0.111376309055361,0.0,-0.19139642187068107,-0.14611977662469955,0.0,0.0,-0.16513082597242223,-0.07787549645590708,-0.011812913768959099,0.0,-0.0944395413786483,-0.08466828093098522,-0.07263686391939539,-0.01181291376895921,0.0,-0.037197857450493865,-0.03719785745049353,-0.037197857450493865,-0.03719785745049364,-0.037197857450493976,-0.011891969126050839,-0.011891969126050284,-0.011140319031440304,-0.011140319031440082,-0.033977744355199846,-0.033977744355199624,-0.00849431740310691,-0.008494317403107132,-0.03719785745049409,-0.041804009790439633,-0.03719785745049353
2026-09-07,0.0,-0.11453721877500411,0.0,-0.19530424875830654,-0.14938272791805918,0.0,-0.1922973766875855,-0.10112263763455565,0.0,-0.26886361484024535,-0.08908785130236718,0.0,0.0,-0.11453721877500411,0.0,-0.19530424875830654,-0.14938272791805918,0.0,0.0,-0.16810052632331984,-0.08115557140290208,-0.009432909561810199,0.0,-0.09766069661516674,-0.08693367739283742,-0.07593557312594379,-0.00888771402361932,0.0,-0.037883794128368065,-0.03788379412836773,-0.037883794128368065,-0.03788379412836784,-0.03788379412836829,-0.014024064329584696,-0.01402406432958403,-0.01355628816104082,-0.013556288161040597,-0.03431516779316934,-0.03431516779316912,-0.011864255415678593,-0.011864255415678926,-0.0378837941283684,-0.042486664871094426,-0.037883794128367954
2026-09-08,0.0,-0.11574294848136024,0.0,-0.19248029977304126,-0.15018479773336424,0.0,-0.19213110527556887,-0.10231791475744911,0.0,-0.2670796241209933,-0.09016708055348188,0.0,0.0,-0.11574294848136024,0.0,-0.19248029977304126,-0.15018479773336424,0.0,0.0,-0.16923331917399886,-0.08240675671138742,-0.010781759216933917,0.0,-0.09888940698715842,-0.08813773632822963,-0.07719386647682591,-0.010237306068451524,0.0,-0.037727230917354526,-0.03772723091735419,-0.037727230917354526,-0.037727230917354304,-0.03772723091735464,-0.008217308103077636,-0.00821730810307697,-0.008462797818062917,-0.008462797818062584,-0.03498807444493335,-0.034988074444933126,-0.0063791578463912035,-0.006379157846391426,-0.03772723091735475,-0.04233085067586395,-0.037727230917354304
2026-09-09,0.0,-0.11568377581848632,0.0,-0.19237868933158242,-0.1503468899601047,0.0,-0.1906006518087311,-0.10211211117773866,0.0,-0.2659487198209646,-0.089652833990572,0.0,0.0,-0.11568377581848632,0.0,-0.19237868933158242,-0.1503468899601047,0.0,0.0,-0.16917772597669622,-0.08234535325913661,-0.010715562767191211,0.0,-0.09882910651995735,-0.08785137053118275,-0.07713211418868404,-0.010171073185024193,0.0,-0.03902946618253189,-0.03902946618253156,-0.03902946618253189,-0.03902946618253156,-0.039029466182532,-0.012907294818556792,-0.012907294818556347,-0.0058400629906240065,-0.005840062990623673,-0.035199523647705955,-0.03519952364770573,-0.0038145619301112044,-0.0038145619301113154,-0.03902946618253211,-0.043626855902959005,-0.03902946618253178
2026-09-10,0.0,-0.10783532408042562,0.0,-0.19070546082208018,-0.145110522026359,0.0,-0.1875625475168139,-0.09296806113114675,0.0,-0.26424372646283223,-0.08092710978410877,0.0,0.0,-0.10783532408042562,0.0,-0.19070546082208018,-0.145110522026359,0.0,0.0,-0.1618040418326413,-0.07419462731205317,-0.0019286118589848522,0.0,-0.09082792910061555,-0.0784816794237495,-0.06893508358536538,-0.0013792860507049198,0.0,-0.02598499732824211,-0.025984997328241666,-0.02598499732824211,-0.025984997328241888,-0.02598499732824222,-0.01251449285184858,-0.012514492851847914,-0.002235078912092625,-0.002235078912092181,-0.022526934876977767,-0.022526934876977545,-0.001006172691453977,-0.001006172691454088,-0.025984997328242332,-0.030644793235861,-0.025984997328242
2026-09-11,0.0,-0.10663121062375569,0.0,-0.19325938874504978,-0.14457725550927336,0.0,-0.1879793889908985,-0.09180490486656567,0.0,-0.2671507798674988,-0.08045379405406794,0.0,0.0,-0.10663121062375569,0.0,-0.19325938874504978,-0.14457725550927336,0.0,0.0,-0.16067276746166792,-0.07306422506669696,-0.0007030230583935371,0.0,-0.08960086154846214,-0.07728973937386019,-0.06779501766309615,-0.00015302270161265952,0.0,-0.028264662727388923,-0.028264662727388368,-0.028264662727388812,-0.02826466272738848,-0.028264662727388923,-0.012720044978640432,-0.012720044978639877,0.0,0.0,-0.02394000885665537,-0.023940008856655037,0.0,0.0,-0.028264662727389034,-0.032913552462650375,-0.02826466272738859
2026-09-14,0.0,-0.10000550324681667,0.0,-0.19112886249649352,-0.13762528658775164,0.0,-0.18947143257589438,-0.0852949346217532,0.0,-0.2672184877516791,-0.07357586644481917,0.0,0.0,-0.10000550324681667,0.0,-0.19112886249649352,-0.13762528658775164,0.0,0.0,-0.15444786157461798,-0.0661846388797056,0.0,0.0,-0.08284642790297447,-0.07059016000962626,-0.06087632416419542,0.0,0.0,-0.024090589313481403,-0.02409058931348096,-0.02409058931348118,-0.02409058931348096,-0.024090589313481403,-0.010072879589775874,-0.010072879589775319,0.0,0.0,-0.019915442389685345,-0.0199154423896849,0.0,0.0,-0.024090589313481514,-0.02875944827935928,-0.02409058931348107
2026-09-15,0.0,-0.09712452535949911,0.0,-0.19142052937656684,-0.13495872760323913,0.0,-0.18797947774966284,-0.08192049056180406,0.0,-0.2673324514451899,-0.07064484869981102,0.0,0.0,-0.09712452535949911,0.0,-0.19142052937656684,-0.13495872760323913,0.0,0.0,-0.15174115945347633,-0.06324583298210817,0.0,0.0,-0.07991052199464022,-0.06711322426741828,-0.057920812494513196,0.0,0.0,-0.01987239694119114,-0.019872396941190584,-0.019872396941190806,-0.019872396941190584,-0.01987239694119114,-0.006690458987700598,-0.006690458987700265,0.0,0.0,-0.016722673249574216,-0.016722673249573772,0.0,0.0,-0.01987239694119114,-0.024561436207680365,-0.019872396941190806
2026-09-16,0.0,-0.0837131972691576,0.0,-0.18950624341746247,-0.12227804401713638,0.0,-0.1867987628156419,-0.06833551049189657,0.0,-0.2693380772371057,-0.05691304289941468,0.0,0.0,-0.0837131972691576,0.0,-0.18950624341746247,-0.12227804401713638,0.0,0.0,-0.13914110780113542,-0.04953394503779718,0.0,0.0,-0.06622814725074921,-0.05327915909313907,-0.04413097871681515,0.0,0.0,-0.014301457023054964,-0.014301457023054298,-0.014301457023054631,-0.01430145702305441,-0.014301457023054964,-0.004057813948724953,-0.00405781394872462,0.0,0.0,-0.012099290065386348,-0.012099290065385904,0.0,0.0,-0.014301457023054964,-0.019017148284596552,-0.014301457023054631
2026-09-17,0.0,-0.0854125865792289,0.0,-0.19064374991054922,-0.12399178387159338,0.0,-0.188412491732162,-0.07027631576190163,0.0,-0.272082089640065,-0.0590816339724094,0.0,0.0,-0.0854125865792289,0.0,-0.19064374991054922,-0.12399178387159338,0.0,0.0,-0.14073769785844337,-0.051349675245338955,-0.0018557969595066615,0.0,-0.06795996517050773,-0.055248002543808905,-0.04595703052301703,-0.0018557969595065504,0.0,-0.012907936971378042,-0.012907936971377376,-0.012907936971377598,-0.012907936971377487,-0.012907936971377931,0.0,0.0,0.0,0.0,-0.012898448634740878,-0.012898448634740323,0.0,0.0,-0.012907936971378042,-0.017630294987554973,-0.012907936971377598
2026-09-18,0.0,-0.0865260473055216,0.0,-0.19172039970391697,-0.1251994813111844,0.0,-0.18647121425196544,-0.07128809674555325,0.0,-0.27100674595153285,-0.060130824273690986,0.0,0.0,-0.0865260473055216,0.0,-0.19172039970391697,-0.1251994813111844,0.0,0.0,-0.14178380325304973,-0.052625425911278834,-0.0031012533539377385,0.0,-0.06909467351974419,-0.05626468743615709,-0.04722828731023043,-0.0031012533539377385,0.0,-0.013551176688328948,-0.013551176688328392,-0.013551176688328614,-0.013551176688328392,-0.013551176688328948,-0.004123227076715086,-0.004123227076715308,-0.005084611959473406,-0.005084611959473406,-0.013876207747641756,-0.0138762077476412,-0.005803714615478794,-0.005803714615478794,-0.013551176688329059,-0.018270457374287785,-0.013551176688328614
2026-09-21,0.0,-0.08301806583807181,0.0,-0.19263445193593542,-0.12221843588411074,0.0,-0.1880389770827009,-0.06783520773198526,0.0,-0.2740686856052441,-0.05683366768504805,0.0,0.0,-0.08301806583807181,0.0,-0.19263445193593542,-0.12221843588411074,0.0,0.0,-0.13924060834083096,-0.04898725709559082,0.0,0.0,-0.06551975096873941,-0.05267484715181525,-0.04356939205550825,0.0,0.0,-0.022876559614467884,-0.02333261105903972,-0.02287655961446755,-0.02333261105903983,-0.023332611059040165,-0.008006189942925013,-0.008220462186589006,-0.009830285847505227,-0.012268058371792012,-0.024143684891306583,-0.024618637682503386,-0.012035801198275409,-0.013792207552922098,-0.023332611059040387,-0.028005096277037844,-0.02333261105903983
2026-09-22,0.0,-0.0816164712716313,0.0,-0.19108945980495107,-0.12011531964438926,0.0,-0.1904863273532531,-0.06748921435300526,0.0,-0.27731768593171624,-0.05628002939376142,0.0,0.0,-0.0816164712716313,0.0,-0.19108945980495107,-0.12011531964438926,0.0,0.0,-0.14060782292101293,-0.04753364689520134,0.0,0.0,-0.06409141046311617,-0.05229256023112827,-0.042107500721195734,0.0,0.0,-0.030628874460715494,-0.031622576052122264,-0.030628874460715272,-0.031622576052122375,-0.03162257605212271,-0.014134311809973377,-0.017043108483986047,-0.015286791826655932,-0.024082080741365752,-0.03150168586014557,-0.03212717480433647,-0.018095845137197974,-0.025672293579748096,-0.03162257605212282,-0.03625540115724413,-0.031622576052122375
2026-09-23,0.0,-0.0698190195968158,0.0,-0.19693561693284423,-0.11207212737902872,0.0,-0.19295728453239502,-0.056238259396473644,0.0,-0.28351336042821984,-0.044953651260239424,0.0,0.0,-0.0698190195968158,0.0,-0.19693561693284423,-0.11207212737902872,0.0,0.0,-0.1528577546019153,-0.0352905195010732,0.0,0.0,-0.052064976279122765,-0.04078172284999215,-0.029794624932648173,0.0,0.0,-0.03588351435659254,-0.033785251455049625,-0.035883514356592316,-0.033785251455049514,-0.03378525145504996,-0.023777568300273666,-0.020813465380524754,-0.007187507216927624,-0.022527719601300955,-0.037254890542634866,-0.03440985949449593,-0.013679465402325897,-0.025302548424021576,-0.03378525145505018,-0.038407730080944336,-0.033785251455049625
2026-09-24,0.0,-0.06619913242766595,0.0,-0.19570058628302123,-0.1083144783881772,0.0,-0.19175150540542651,-0.05181721957960983,0.0,-0.2830701517968617,-0.04066738319606533,0.0,0.0,-0.06619913242766595,0.0,-0.19570058628302123,-0.1083144783881772,0.0,0.0,-0.1494711883238039,-0.03140795791533124,0.0,0.0,-0.048370858023911056,-0.036276906560830935,-0.025880678633117937,0.0,0.0,-0.045710523606468434,-0.037874549244720335,-0.04571052360646821,-0.037874549244720335,-0.03787454924472067,-0.02876741676277328,-0.023377180849265433,-0.006716648029225891,-0.022858729141397083,-0.048544705484279915,-0.03908029957602088,-0.01773685178908113,-0.027411275850822703,-0.037874549244721,-0.04247746421599685,-0.037874549244720335
