day,d,d_early,n_contracts,volume_usd,xplat_ok,sigma,index,escalation,escalation_z,level_z_spec_misspecified,shock_raw,confirmed
2024-01-01,0.0,0.0,0.0,0.0,True,,0.0,0.0,,,False,False
2024-01-02,0.0,0.0,0.0,0.0,True,,0.0,0.0,,,False,False
2024-01-03,0.0,0.0,0.0,0.0,True,,0.0,0.0,,,False,False
2024-01-04,0.0,0.0,0.0,0.0,True,,0.0,0.0,,,False,False
2024-01-05,0.0,0.0,0.0,0.0,True,,0.0,0.0,,,False,False
2024-01-06,0.0,0.0,0.0,0.0,True,,0.0,0.0,,,False,False
2024-01-07,0.0,0.0,0.0,0.0,True,,0.0,0.0,,,False,False
2024-01-08,0.0,0.0,0.0,0.0,True,,0.0,0.0,,,False,False
2024-01-09,0.0,0.0,0.0,0.0,True,,0.0,0.0,,,False,False
2024-01-10,0.0,0.0,0.0,0.0,True,,0.0,0.0,,,False,False
2024-01-11,0.0,0.0,0.0,0.0,True,,0.0,0.0,,,False,False
2024-01-12,0.0,0.0,0.0,0.0,True,,0.0,0.0,,,False,False
2024-01-13,0.0,0.0,0.0,0.0,True,,0.0,0.0,,,False,False
2024-01-14,0.0,0.0,0.0,0.0,True,,0.0,0.0,,,False,False
2024-01-15,0.0,0.0,0.0,0.0,True,,0.0,0.0,,,False,False
2024-01-16,0.0,0.0,0.0,0.0,True,,0.0,0.0,,,False,False
2024-01-17,0.0,0.0,0.0,0.0,True,,0.0,0.0,,,False,False
2024-01-18,0.0,0.0,0.0,0.0,True,,0.0,0.0,,,False,False
2024-01-19,0.0,0.0,0.0,0.0,True,,0.0,0.0,,,False,False
2024-01-20,0.0,0.0,0.0,0.0,True,,0.0,0.0,,,False,False
2024-01-21,0.0,0.0,0.0,0.0,True,,0.0,0.0,,,False,False
2024-01-22,0.0,0.0,0.0,0.0,True,,0.0,0.0,,,False,False
2024-01-23,0.0,0.0,0.0,0.0,True,,0.0,0.0,,,False,False
2024-01-24,0.0,0.0,0.0,0.0,True,,0.0,0.0,,,False,False
2024-01-25,0.0,0.0,0.0,0.0,True,,0.0,0.0,,,False,False
2024-01-26,0.0,0.0,0.0,0.0,True,,0.0,0.0,,,False,False
2024-01-27,0.0,0.0,0.0,0.0,True,,0.0,0.0,,,False,False
2024-01-28,0.0,0.0,0.0,0.0,True,,0.0,0.0,,,False,False
2024-01-29,0.0,0.0,0.0,0.0,True,,0.0,0.0,,,False,False
2024-01-30,-0.6610203925119051,-0.6609808395451446,1.0,22610.666665,True,,-0.6610203925119051,-0.03483161779618534,,,False,False
2024-01-31,0.0,0.0,0.0,0.0,True,,-0.6610203925119051,-0.033029778911339305,,,False,False
2024-02-01,0.05787250001592838,0.057873311827323394,1.0,1653.839999,True,,-0.6031478924959768,-0.02840903730675845,,,False,False
2024-02-02,0.0,0.0,0.0,0.0,True,,-0.6031478924959768,-0.026988765607333536,,,False,False
2024-02-03,0.0,0.0,0.0,0.0,True,,-0.6031478924959768,-0.025660655266290786,,,False,False
2024-02-04,0.0,0.0,0.0,0.0,True,,-0.6031478924959768,-0.024416741315562672,,,False,False
2024-02-05,0.0,0.0,0.0,0.0,True,,-0.6031478924959768,-0.023249942500911693,,,False,False
2024-02-06,0.0,0.0,0.0,0.0,True,,-0.6031478924959768,-0.022153941906932498,,,False,False
2024-02-07,0.5158638796192386,0.5614212099533935,1.0,1329.719876,True,,-0.08728401287673815,0.002880818034711222,,,False,False
2024-02-08,0.0,0.0,0.0,0.0,True,,-0.08728401287673815,0.0027484200491361688,,,False,False
2024-02-09,0.6196997980638602,0.09650669021027712,1.0,3157.1837149999997,True,,0.5324157851871221,0.030769258462545253,,,False,False
2024-02-10,0.0,0.0,0.0,0.0,True,,0.5324157851871221,0.029387462939285,,,False,False
2024-02-11,0.0,0.0,0.0,0.0,True,,0.5324157851871221,0.028081880103167436,,,False,False
2024-02-12,0.0,0.0,0.0,0.0,True,,0.5324157851871221,0.026847095664522976,,,False,False
2024-02-13,0.0,0.0,0.0,0.0,True,,0.5324157851871221,0.025678186366531276,,,False,False
2024-02-14,0.0,0.0,0.0,0.0,True,,0.5324157851871221,0.024570665488242275,,,False,False
2024-02-15,0.0,0.0,0.0,0.0,True,,0.5324157851871221,0.023520435455811308,,,False,False
2024-02-16,0.0,0.0,0.0,0.0,True,,0.5324157851871221,0.02252374650321008,,,False,False
2024-02-17,0.0,0.0,0.0,0.0,True,,0.5324157851871221,0.021577160500133273,,,False,False
2024-02-18,0.0,0.0,0.0,0.0,True,,0.5324157851871221,0.020677519208867973,,,False,False
2024-02-19,0.0,0.0,0.0,0.0,True,,0.5324157851871221,0.019821916350011994,,,False,False
2024-02-20,0.0,0.0,0.0,0.0,True,,0.5324157851871221,0.01900767295420182,,,False,False
2024-02-21,0.0,0.0,0.0,0.0,True,,0.5324157851871221,0.018232315557449395,,,False,False
2024-02-22,0.0,0.0,0.0,0.0,True,,0.5324157851871221,0.01749355686446625,,,False,False
2024-02-23,0.0,0.0,0.0,0.0,True,,0.5324157851871221,0.016789278560003076,,,False,False
2024-02-24,0.0,0.0,0.0,0.0,True,,0.5324157851871221,0.01611751599477591,,,False,False
2024-02-25,0.0,0.0,0.0,0.0,True,,0.5324157851871221,0.015476444511613268,,,False,False
2024-02-26,0.0,0.0,0.0,0.0,True,,0.5324157851871221,0.014864367210353913,,,False,False
2024-02-27,0.0,0.0,0.0,0.0,True,,0.5324157851871221,0.014279703977815715,,,False,False
2024-02-28,0.0,0.0,0.0,0.0,True,,0.5324157851871221,0.013720981632707742,,,False,False
2024-02-29,0.0,0.0,0.0,0.0,True,,0.5324157851871221,0.013186825055376552,,,False,False
2024-03-01,0.0,0.0,0.0,0.0,True,,0.5324157851871221,0.012675949189343007,,,False,False
2024-03-02,0.0,0.0,0.0,0.0,True,,0.5324157851871221,0.012187151816173948,,,False,False
2024-03-03,0.0,0.0,0.0,0.0,True,,0.5324157851871221,0.011719307017737176,,,False,False
2024-03-04,0.0,0.0,0.0,0.0,True,,0.5324157851871221,0.011271359250633847,,,False,False
2024-03-05,0.0,0.0,0.0,0.0,True,,0.5324157851871221,0.010842317966860221,,,False,False
2024-03-06,0.0,0.0,0.0,0.0,True,,0.5324157851871221,0.010431252722746046,,,False,False
2024-03-07,0.0,0.0,0.0,0.0,True,,0.5324157851871221,0.010037288725138252,,,False,False
2024-03-08,0.0,0.0,0.0,0.0,True,,0.5324157851871221,0.009659602769803871,,,False,False
2024-03-09,0.0,0.0,0.0,0.0,True,,0.5324157851871221,0.009297419532248077,,,False,False
2024-03-10,0.0,0.0,0.0,0.0,True,,0.5324157851871221,0.008950008175693766,,,False,False
2024-03-11,0.0,0.0,0.0,0.0,True,,0.5324157851871221,0.008616679244942823,,,False,False
2024-03-12,0.0,0.0,0.0,0.0,True,,0.5324157851871221,0.008296781818316118,,,False,False
2024-03-13,0.0,0.0,0.0,0.0,True,,0.5324157851871221,0.007989700892917565,,,False,False
2024-03-14,0.0,0.0,0.0,0.0,True,,0.5324157851871221,0.007694854981145087,,,False,False
2024-03-15,0.0,0.0,0.0,0.0,True,,0.5324157851871221,0.0074116938987274115,,,False,False
2024-03-16,0.0,0.0,0.0,0.0,True,,0.5324157851871221,0.007139696726642845,,,False,False
2024-03-17,0.0,0.0,0.0,0.0,True,,0.5324157851871221,0.006878369931110367,,,False,False
2024-03-18,0.0,0.0,0.0,0.0,True,,0.5324157851871221,0.006627245627466048,,,False,False
2024-03-19,0.0,0.0,0.0,0.0,True,,0.5324157851871221,0.006385879975175509,,,False,False
2024-03-20,0.0,0.0,0.0,0.0,True,,0.5324157851871221,0.0061538516925090615,,,False,False
2024-03-21,0.0,0.0,0.0,0.0,True,,0.5324157851871221,0.005930760680540326,,,False,False
2024-03-22,0.0,0.0,0.0,0.0,True,,0.5324157851871221,0.005716226747138699,0.050773272532077564,1.788549475694287,False,False
2024-03-23,0.0,0.0,0.0,0.0,True,,0.5324157851871221,0.005509888422526207,0.03556808837807945,1.7691179436653481,False,False
2024-03-24,0.0,0.0,0.0,0.0,True,,0.5324157851871221,0.005311401858772834,0.020934315428578,1.7501490015923569,False,False
2024-03-25,0.20234718322540962,-0.7419398354242559,1.0,40432.389898999994,True,,0.7347629684125316,0.01239547461701989,0.537833249958455,1.769619076030469,False,False
2024-03-26,0.0,0.0,0.0,0.0,True,,0.7347629684125316,0.011950657775240622,0.5013188370708065,1.7853591260385677,False,False
2024-03-27,0.0,0.0,0.0,0.0,True,,0.7347629684125316,0.01152258321905973,0.46628993298469323,1.797746647277322,False,False
2024-03-28,0.0,0.0,0.0,0.0,True,,0.7347629684125316,0.011110566071334147,0.4326596642380353,1.8071326708988091,False,False
2024-03-29,0.0,0.0,0.0,0.0,True,,0.7347629684125316,0.010713953307130842,0.40034977125979876,1.8138409563731142,False,False
2024-03-30,0.0,0.0,0.0,0.0,True,,0.7347629684125316,0.010332122006908648,0.3692894465589526,1.8181680510881233,False,False
2024-03-31,0.0,0.0,0.0,0.0,True,,0.7347629684125316,0.009964477723503933,0.3394143545877394,1.8203839937652777,False,False
2024-04-01,0.0,0.0,0.0,0.0,True,,0.7347629684125316,0.009610452954282374,0.31066580127068644,1.8207334723654776,False,False
2024-04-02,0.0,0.0,0.0,0.0,True,,0.7347629684125316,0.009269505710563286,0.282990027524365,1.8194372815065474,False,False
2024-04-03,0.0,0.0,0.0,0.0,True,,0.7347629684125316,0.008941118177095617,0.25633760603599576,1.8166939566218367,False,False
2024-04-04,-0.17829385309464316,-0.17829385309464316,1.0,113638.15677300001,True,,0.5564691153178885,0.002317038882313593,-0.2531570840098643,1.783741664520343,False,False
2024-04-05,0.0,0.0,0.0,0.0,True,,0.5564691153178885,0.002235173318246404,-0.258070716932363,1.752640306897891,False,False
2024-04-06,-0.7415154257344929,0.3630340095918178,1.0,1271.76907,True,,-0.18504631041660446,-0.024009719055316774,-2.230011699232423,1.6049047667732212,False,False
2024-04-07,0.0,0.0,0.0,0.0,True,,-0.18504631041660446,-0.023163518142744956,-2.1042720791998617,1.4686313084093945,False,False
2024-04-08,0.053268855865845316,0.053268855865845316,1.0,12800.0,True,,-0.13177745455075915,-0.02047290407089244,-1.859327610193056,1.3504686754841577,False,False
2024-04-09,0.4509526266232535,0.4509526266232535,1.0,4895.25,True,,0.31917517207249435,-0.0038964042370906423,-0.6303536169528638,1.3116836492051842,False,False
2024-04-10,0.0,0.0,0.0,0.0,True,,0.31917517207249435,-0.003759547308559637,-0.6159820107460957,1.2750360279814161,False,False
2024-04-11,0.0,0.0,0.0,0.0,True,,0.31917517207249435,-0.003627637185115277,-0.6021337600741742,1.2403454180522977,False,False
2024-04-12,0.0,0.0,0.0,0.0,True,,0.31917517207249435,-0.0035004854335451245,-0.5887843320257771,1.2074528372478406,False,False
2024-04-13,0.0,0.0,0.0,0.0,True,,0.31917517207249435,-0.003377911460339101,-0.5759107713382352,1.176217495740529,False,False
2024-04-14,0.0,0.0,0.0,0.0,True,,0.31917517207249435,-0.0032597421405132876,-0.5634915634294686,1.1465141512124095,False,False
2024-04-15,0.0,0.0,0.0,0.0,True,,0.31917517207249435,-0.0031458114669932376,-0.5515065122172153,1.1182309210619812,False,False
2024-04-16,0.0,0.0,0.0,0.0,True,,0.31917517207249435,-0.003035960219225484,-0.5399366308642518,1.0912674611178048,False,False
2024-04-17,0.0,0.0,0.0,0.0,True,,0.31917517207249435,-0.0029300356497845635,-0.5287640438527696,1.0655334404138335,False,False
2024-04-18,0.0,0.0,0.0,0.0,True,,0.31917517207249435,-0.002827891187833344,-0.5179718990138257,1.040947256760792,False,False
2024-04-19,0.0,0.0,0.0,0.0,True,,0.31917517207249435,-0.0027293861583774985,-0.5075442883260463,1.0174349494222463,False,False
2024-04-20,0.0,0.0,0.0,0.0,True,,0.31917517207249435,-0.0026343855163312503,-0.49746617645739394,0.994929274104536,False,False
2024-04-21,0.0,0.0,0.0,0.0,True,,0.31917517207249435,-0.0025427595944816604,-0.48772333615957464,0.9733689123688274,False,False
2024-04-22,0.0,0.0,0.0,0.0,True,,0.31917517207249435,-0.0024543838645032776,-0.47830228974049643,0.952697792961458,False,False
2024-04-23,0.0,0.0,0.0,0.0,True,,0.31917517207249435,-0.0023691387102343763,-0.4691902559392892,0.9328645067962785,False,False
2024-04-24,0.0,0.0,0.0,0.0,True,,0.31917517207249435,-0.0022869092124807922,-0.4603751016134225,0.9138218006777545,False,False
2024-04-25,0.0,0.0,0.0,0.0,True,,0.31917517207249435,-0.0022075849446638457,-0.4518452977205955,0.8955261375267519,False,False
2024-04-26,0.0,0.0,0.0,0.0,True,,0.31917517207249435,-0.002131059778675453,-0.4435898791411621,0.8779373130135344,False,False
2024-04-27,0.0,0.0,0.0,0.0,True,,0.31917517207249435,-0.002057231700346552,-0.43559840794139054,0.8610181202296088,False,False
2024-04-28,0.0,0.0,0.0,0.0,True,,0.31917517207249435,-0.001986002633974743,-0.4278609397251291,0.8447340554297306,False,False
2024-04-29,0.0,0.0,0.0,0.0,True,,0.31917517207249435,-0.00191727827539381,-0.42036799276250963,0.829053059015543,False,False
2024-04-30,0.0,0.0,0.0,0.0,True,,0.31917517207249435,-0.0018509679331018302,-0.4131105196200691,0.8139452868656003,False,False
2024-05-01,0.0,0.0,0.0,0.0,True,,0.31917517207249435,-0.0017869843769960769,-0.40607988104786064,0.7993829078840089,False,False
2024-05-02,0.0,0.0,0.0,0.0,True,,0.31917517207249435,-0.0017252436942921296,-0.39926782190638976,0.7853399242738932,False,False
2024-05-03,0.0,0.0,0.0,0.0,True,,0.31917517207249435,-0.0016656651522316674,-0.3926664489401043,0.7717920115677577,False,False
2024-05-04,0.0,0.0,0.0,0.0,True,,0.31917517207249435,-0.0016081710672085409,-0.38626821022513086,0.7587163758848026,False,False
2024-05-05,0.0,0.0,0.0,0.0,True,,0.31917517207249435,-0.0015526866799660366,-0.38006587613739073,0.7460916262514696,False,False
2024-05-06,0.0,0.0,0.0,0.0,True,,0.31917517207249435,-0.0014991400365399015,-0.37405252170347203,0.7338976601287944,False,False
2024-05-07,0.0,0.0,0.0,0.0,True,,0.31917517207249435,-0.0014474618746418322,-0.36822151021097016,0.7221155605489749,False,False
2024-05-08,0.0,0.0,0.0,0.0,True,,0.31917517207249435,-0.001397585515196853,-0.3625664779676844,0.7107275034822845,False,False
2024-05-09,0.0,0.0,0.0,0.0,True,,0.31917517207249435,-0.001349446758765435,-0.3570813201102789,0.6997166742408972,False,False
2024-05-10,0.0,0.0,0.0,0.0,True,,0.31917517207249435,-0.0013029837865974321,-0.35176017737297294,0.6890671918839034,False,False
2024-05-11,0.0,0.0,0.0,0.0,True,,0.31917517207249435,-0.001258137066080026,-0.3465974237356645,0.6787640407223493,False,False
2024-05-12,0.0,0.0,0.0,0.0,True,,0.31917517207249435,-0.0012148492603559684,-0.3415876548787613,0.668793008138223,False,False
2024-05-13,0.0,0.0,0.0,0.0,True,,0.31917517207249435,-0.0011730651419015448,-0.3367256773790008,0.6591406280300907,False,False
2024-05-14,0.0,0.0,0.0,0.0,True,,0.31917517207249435,-0.001132731509865967,-0.3320064985867939,0.6497941292830177,False,False
2024-05-15,0.0,0.0,0.0,0.0,True,,0.31917517207249435,-0.001093797110985344,-0.3274253171312207,0.6407413887337082,False,False
2024-05-16,0.0,0.0,0.0,0.0,True,,0.31917517207249435,-0.0010562125638950912,-0.32297751400379715,0.6319708881651362,False,False
2024-05-17,0.0,0.0,0.0,0.0,True,,0.31917517207249435,-0.0010199302866746446,-0.3186586441766227,0.6234716749198658,False,False
2024-05-18,0.0,0.0,0.0,0.0,True,,0.31917517207249435,-0.0009849044274677064,-0.314464428714528,0.6152333257689633,False,False
2024-05-19,0.0,0.0,0.0,0.0,True,,0.31917517207249435,-0.000951090798030001,-0.31039074734445865,0.6072459137149442,False,False
2024-05-20,0.0,0.0,0.0,0.0,True,,0.31917517207249435,-0.0009184468100647336,-0.3064336314485733,0.5994999774434527,False,False
2024-05-21,0.0,0.0,0.0,0.0,True,,0.31917517207249435,-0.0008869314142136134,-0.30258925745046134,0.5919864931700566,False,False
2024-05-22,0.0,0.0,0.0,0.0,True,,0.31917517207249435,-0.0008565050415785181,-0.2988539405665175,0.5846968486563334,False,False
2024-05-23,0.0,0.0,0.0,0.0,True,,0.31917517207249435,-0.0008271295476556192,-0.29522412889689353,0.5776228191937985,False,False
2024-05-24,5.0,5.0,1.0,53066.239451,True,,5.3191751720724945,0.17064589347801906,9.196402595830818,1.3875671485104986,False,False
2024-05-25,2.188974164029802,0.05805391532579854,1.0,11708.739483000001,True,,7.508149336102297,0.23983662896956665,8.806835513769123,2.478813098457382,False,False
2024-05-26,-0.9367126917275614,-0.9367045675628176,1.0,1649.0031339999998,True,,6.571436644374735,0.19951186672432233,6.222098946926837,3.280883592033925,False,False
2024-05-27,0.05962077539873054,0.0596229066251753,1.0,628.2975349999999,True,,6.631057419773466,0.19471828089425194,5.407653435571022,3.9291341706328993,False,False
2024-05-28,-0.9600258519029801,0.061444810850563074,1.0,7358.810414,True,,5.671031567870486,0.1551572034238364,4.008908250311089,4.288539500261155,False,False
2024-05-29,3.1773198536674876,4.242204481548303,1.0,28002.25373899999,True,,8.848351421537973,0.258675018416061,5.952222685090696,4.8754982918948455,False,False
2024-05-30,0.061977344866482355,0.976741959249181,1.0,11040.830106000001,True,,8.910328766404456,0.25193882861597294,5.217688449080869,5.236417766226216,False,False
2024-05-31,0.0638486409557754,1.951206194930044,1.0,11478.775649,True,,8.974177407360232,0.24549859123664064,4.677307788790034,5.422198454060572,False,False
2024-06-01,0.0,0.0,0.0,0.0,True,,8.974177407360232,0.23709416441470746,4.219801934986965,5.4808502875802345,False,False
2024-06-02,4.321288989079763,0.09345209001494034,1.0,9487.980759,True,,13.295466396439995,0.3768891295851307,5.99210424177107,5.743048416343664,False,False
2024-06-03,-3.7909685994275617,-2.2739617487241555,1.0,2916.1090710000008,True,,9.504497797012434,0.2342540061298213,3.4582544268499307,5.607356624050609,False,False
2024-06-04,0.044924343672839845,-0.5610850618131742,1.0,1624.7135210000001,True,,9.549422140685273,0.22777567383918945,3.2283741626301157,5.46122113138578,False,False
2024-06-05,0.0,0.0,0.0,0.0,True,2.5020256186682683,9.549422140685273,0.21998302286431198,3.0056564261813055,5.311079677490102,False,False
2024-06-06,0.0,0.0,0.0,0.0,True,2.5020256186682683,9.549422140685273,0.21245808953191803,2.808725727912109,5.162633380971869,False,False
2024-06-07,0.0,0.0,0.0,0.0,True,2.5020256186682683,9.549422140685273,0.20519160134840997,2.632568509599273,5.018912433464989,False,False
2024-06-08,0.0,0.0,0.0,0.0,True,2.5020256186682683,9.549422140685273,0.1981746120181221,2.4734608318229405,4.88140766128199,False,False
2024-06-09,0.0,0.0,0.0,0.0,True,2.5020256186682683,9.549422140685273,0.1913984896298903,2.328570431044763,4.750728297144417,False,False
2024-06-10,0.0,0.0,0.0,0.0,True,2.5020256186682683,9.549422140685273,0.1848549052939645,2.195699416242191,4.6269846966491395,False,False
2024-06-11,0.0,0.0,0.0,0.0,True,2.5020256186682683,9.549422140685273,0.17853582221062028,2.0731123564428167,4.510011768682674,False,False
2024-06-12,0.0,0.0,0.0,0.0,True,2.5020256186682683,9.549422140685273,0.17243348515269297,1.9594181404808153,4.399499739953711,False,False
2024-06-13,0.0,0.0,0.0,0.0,True,2.5020256186682683,9.549422140685273,0.16654041034507572,1.8534867795574963,4.2950706106813,False,False
2024-06-14,0.0,0.0,0.0,0.0,True,2.5020256186682683,9.549422140685273,0.16084937572500083,1.75438954722203,4.196322533399079,False,False
2024-06-15,0.0,0.0,0.0,0.0,True,2.5020256186682683,9.549422140685273,0.15535341156765867,1.661355085819951,4.102855121828232,False,False
2024-06-16,0.0,0.0,0.0,0.0,True,2.5020256186682683,9.549422140685273,0.1500457914624073,1.5737366723080277,4.014283376938769,False,False
2024-06-17,0.0,0.0,0.0,0.0,True,2.5020256186682683,9.549422140685273,0.1449200236254871,1.4909874337993332,3.9302448173852547,False,False
2024-06-18,0.0,0.0,0.0,0.0,True,2.5020256186682683,9.549422140685273,0.13996984253578368,1.412641324248523,3.850402574698215,False,False
2024-06-19,0.0,0.0,0.0,0.0,True,2.5020256186682683,9.549422140685273,0.13518920088077807,1.3382983413931966,3.774446125029757,False,False
2024-06-20,0.0,0.0,0.0,0.0,True,2.5020256186682683,9.549422140685273,0.13057226180039014,1.2676129087992258,3.702090673810546,False,False
2024-06-21,0.0,0.0,0.0,0.0,True,2.5020256186682683,9.549422140685273,0.1261133914169588,1.2002846510187697,3.6330758113953667,False,False
2024-06-22,0.0,0.0,0.0,0.0,True,2.5020256186682683,9.549422140685273,0.12180715164011441,1.1360509995987453,3.5671638139138544,False,False
2024-06-23,0.0,0.0,0.0,0.0,True,2.5020256186682683,9.549422140685273,0.11764829323578489,1.0746812150442195,3.504137813385984,False,False
2024-06-24,0.0,0.0,0.0,0.0,True,2.5020256186682683,9.549422140685273,0.11363174914903917,1.015971514878277,3.4437999684033413,False,False
2024-06-25,0.0,0.0,0.0,0.0,True,2.5020256186682683,9.549422140685273,0.10975262807091243,0.9597410737979123,3.385969709364664,False,False
2024-06-26,0.0,0.0,0.0,0.0,True,2.5020256186682683,9.549422140685273,0.10600620823977555,0.9058287173808645,3.3304820969758673,False,False
2024-06-27,0.0,0.0,0.0,0.0,True,2.5020256186682683,9.549422140685273,0.10238793146821068,0.8540901717984959,3.277186311209892,False,False
2024-06-28,0.0,0.0,0.0,0.0,True,2.5020256186682683,9.549422140685273,0.09889339738673422,0.8043957626223953,3.2259442750268628,False,False
2024-06-29,-2.296497078648737,-3.0609696788861176,1.0,67538.967472,True,2.5020256186682683,7.252925062036536,0.01714337498065196,-0.2718027185091176,3.136480181730193,False,False
2024-06-30,-0.682336159444933,-0.6823073356678768,1.0,5195.426145999998,True,2.4645477511001075,6.570588902591603,-0.006726965442757402,-0.5849285146483548,3.0426089105447125,False,False
2024-07-01,0.03031268423095783,0.030317924789588665,1.0,2123.339073,True,2.271187902876831,6.600901586822561,-0.005463034158410505,-0.5661556360165524,2.957078272448422,False,False
2024-07-02,0.03121611797681278,0.03121611797681278,1.0,22.360995000000003,True,2.1008164623721024,6.632117704799374,-0.004211479573923757,-0.5476245976786713,2.878805555525606,False,False
2024-07-03,0.7940459488540761,0.032137503752361844,1.0,2555.9953930000006,True,1.9596307213388868,7.426163653653449,0.023024831159276476,-0.18533805902678663,2.8192909283259784,False,False
2024-07-04,-1.4970855284396283,-1.4970855284396283,1.0,19330.602278000002,True,1.8601256511926982,5.929078125213821,-0.028837984879224853,-0.8718737531808326,2.7395107668020047,False,False
2024-07-05,0.7790913240996196,0.028166216332008512,1.0,2742.162267,True,1.824039942907675,6.7081694493134405,-0.0012747089352716815,-0.5028746983705279,2.6779484146989994,False,False
2024-07-06,0.8017248145967061,0.8017248779027939,1.0,30070.879187999995,True,1.746838234982316,7.509894263910146,0.026118950582386165,-0.13671860459556012,2.6328090298843576,False,False
2024-07-07,-0.7400541229856303,0.03795712797257128,1.0,11633.154360999999,True,1.6801767031753483,6.769840140924516,-1.7085533667627203e-05,-0.485043409426647,2.5785989941969842,False,False
2024-07-08,0.03421440491469222,0.8229402260932289,1.0,11966.889307999996,True,1.6185803712778997,6.804054545839208,0.0011505773190989416,-0.4678758046661323,2.528122789179363,False,False
2024-07-09,1.6590786907305295,0.8426919103454341,1.0,10231.528194999999,True,1.5486965954809,8.463133236569737,0.05770113502415874,0.2915181174911898,2.505288690086989,False,False
2024-07-10,-0.7534231817280003,-0.7534232298214626,1.0,185.16497500000003,True,1.557856772840624,7.709710054841737,0.030035613806137795,-0.08108213676469275,2.4715684937751425,False,False
2024-07-11,0.03988534156782674,0.8477544509085327,1.0,18.630889,True,1.5113833580680651,7.749595396409563,0.030371549828365253,-0.07634465590964942,2.4397279095699176,False,False
2024-07-12,0.04106983055587356,0.041069896047056076,1.0,4821.4006660000005,True,1.4548290544256006,7.790665226965436,0.030736411213136274,-0.07121799200973997,2.4096350038910876,False,False
2024-07-13,0.0,0.0,0.0,0.0,True,1.4025650863357382,7.790665226965436,0.029688198885801372,-0.08523395905002634,2.3805704237889787,False,False
2024-07-14,0.0,0.0,0.0,0.0,True,1.4025650863357382,7.790665226965436,0.028675774130615457,-0.09876496755937382,2.352471965028415,False,False
2024-07-15,0.0,0.0,0.0,0.0,True,1.4025650863357382,7.790665226965436,0.027697912417116076,-0.1118263667463312,2.3252828550770186,False,False
2024-07-16,0.0,0.0,0.0,0.0,True,1.4025650863357382,7.790665226965436,0.026753431294341257,-0.1244330047021903,2.2989511489865855,False,False
2024-07-17,0.0,0.0,0.0,0.0,True,1.4025650863357382,7.790665226965436,0.02584118893274849,-0.13659925052809524,2.273429205492368,False,False
2024-07-18,0.0,0.0,0.0,0.0,True,1.4025650863357382,7.790665226965436,0.024960082717464062,-0.1483390147276694,2.2486732310662116,False,False
2024-07-19,0.0526790775288167,-0.8582213839393663,1.0,62779.436896,True,1.4025650863357382,7.843344304494253,0.02590518495153943,-0.13496688650171568,2.2253478955384134,False,False
2024-07-20,0.054260039486118086,-0.8782870314649478,1.0,36.577279000000004,True,1.3440073703843698,7.897604343980371,0.02687193625977471,-0.12130059570766084,2.2033730203440314,False,False
2024-07-21,-0.8988249693248462,-0.8988258836216559,1.0,3723.4307980000003,True,1.2905863486289872,6.998779374655524,-0.00468847583093884,-0.5567853877131208,2.1701258442754416,False,False
2024-07-22,1.9892197549997506,1.9892166645728677,1.0,1825.29332,True,1.265532385683709,8.987999129655275,0.06328914927451443,0.3856041172059813,2.164260510358438,False,False
2024-07-23,-0.8741085793688248,-0.8741085793688248,1.0,2011.873849,True,1.330551692655515,8.11389055028645,0.03133169830718523,-0.05872935589425412,2.146430227442934,False,False
2024-07-24,1.955151609366765,1.0000927600069718,1.0,20498.638389,True,1.3042055930694056,10.069042159653215,0.09691608950335218,0.8520912098008093,2.1539176781967746,False,False
2024-07-25,-1.760502474941236,-0.8526929874411949,1.0,647.6749820000001,True,1.3572746333187446,8.30853968471198,0.03359707974070054,-0.03124336032412473,2.137379660749664,False,False
2024-07-26,0.0,0.0,0.0,0.0,True,1.3867772669363956,8.30853968471198,0.03245179224465611,-0.04714754523296237,2.121032412449811,False,False
2024-07-27,0.0,0.0,0.0,0.0,True,1.3867772669363956,8.30853968471198,0.031345574248525944,-0.06250624549529446,2.1048790264882165,False,False
2024-07-28,0.0,0.0,0.0,0.0,True,1.3867772669363956,8.30853968471198,0.030277091093751853,-0.0773368384933651,2.088921842766451,False,False
2024-07-29,0.0,0.0,0.0,0.0,True,1.3867772669363956,8.30853968471198,0.029245053840550345,-0.09165611117429769,2.0731625371703735,False,False
2024-07-30,0.5117899634880924,0.5117897215902991,1.0,7796.272583000002,True,1.3867772669363956,8.820329648200072,0.04569290212193178,0.14025256172412742,2.0638514772003322,False,False
2024-07-31,-2.3208349859303454,-1.073968397557489,1.0,60753.481545,True,1.3437659788959053,6.499494662269727,-0.03496992547818275,-0.9966749484138574,2.0261447755160034,False,False
2024-08-01,0.42151393987791,0.42151393987791,1.0,8697.160937,True,1.43164171630129,6.921008602147637,-0.01941105610520151,-0.7735668191547646,1.9953055112270675,False,False
2024-08-02,1.2243924082460416,1.2243924082460416,1.0,28457.422575,True,1.3879634207648297,8.145401010393678,0.022982072300037553,-0.1725953804543523,1.980438169426772,False,False
2024-08-03,-0.26167707771214416,-0.26167712247502484,1.0,8903.63358,True,1.3781247503628955,7.8837239326815345,0.013280094924077458,-0.30956497104545344,1.9626739279536551,False,False
2024-08-04,0.2686050106092381,-0.26970225079528676,1.0,33461.115418,True,1.3364596182333546,8.152328943290772,0.021982113466006332,-0.18530629363825946,1.9485127383196552,False,False
2024-08-05,1.4882977693968975,4.844365624004052,1.0,19554.132552000006,True,1.2973892238610667,9.64062671268767,0.0719563605290814,0.5258090002597098,1.9520301495550338,False,False
2024-08-06,-1.9967801791142394,-1.7175281896036507,1.0,17087.853876000005,True,1.3093132559581186,7.643846533573431,0.0014519594949913242,-0.4799481358673924,1.9312384547437427,False,False
2024-08-07,0.5508225651813413,0.5508225651813413,1.0,22704.782342,True,1.3578720060246823,8.194669098754773,0.020174681059338343,-0.21153171121102357,1.9174903323198562,False,False
2024-08-08,-1.10345670502095,-1.3756476725756241,1.0,11765.670569,True,1.3259378834425386,7.091212393733823,-0.018118389758989138,-0.7579775317839759,1.891196941782041,False,False
2024-08-09,-2.3989490626280134,-2.6488883233731575,1.0,26208.598757999996,True,1.3148046044748634,4.69226333110581,-0.09925518719150382,-1.9025134561930588,1.8383643885032892,False,False
2024-08-10,0.1626697698629619,0.1626575251870116,1.0,7030.689975999999,True,1.3939461875875983,4.854933100968772,-0.0903291335758242,-1.758747052591764,1.7900863799160858,False,False
2024-08-11,0.1823154215159657,-0.07602809459232283,1.0,12610.876035,True,1.3576016962951236,5.037248522484738,-0.08103790967752379,-1.6136427735827852,1.7462674588330211,False,False
2024-08-12,-1.04858707774539,-0.21172945864578518,2.0,58372.64661999999,True,1.3230443992658845,3.988661444739348,-0.1140097243153287,-2.0557775677008494,1.6926235462177939,False,False
2024-08-13,0.9948460956248893,0.1603090051174803,2.0,34345.42133999999,True,1.3106226709277022,4.983507540364237,-0.0762230379075241,-1.5138882274268068,1.6528789060850937,False,False
2024-08-14,-0.2417673090351026,-0.7955062185467726,2.0,11542.121492,True,1.2968308825869412,4.741740231329135,-0.08186424464093778,-1.5805449175642268,1.612216529481806,False,False
2024-08-15,-0.9551312744129327,-0.042681329930775634,2.0,32188.917644,True,1.2660544426214235,3.786608956916202,-0.11162193727821168,-1.9742713476363285,1.5626425333943283,False,False
2024-08-16,0.555683751093177,-0.12134799760080425,2.0,16563.444495,True,1.2529401447429904,4.342292708009379,-0.08888292790784201,-1.6454383932239551,1.521621254157504,False,False
2024-08-17,0.5878945218932172,0.6723062855906696,3.0,57682.984572,True,1.2289960517924248,4.930187229902596,-0.06582144109676212,-1.3189230938001264,1.4890204767279884,False,False
2024-08-18,-0.6281481123528425,-1.0392059770650341,3.0,122056.56454199998,True,1.2067791232356326,4.302039117549754,-0.08498274227063157,-1.5712363129262619,1.4507623233539928,False,False
2024-08-19,1.0610210843715808,1.210988009823091,3.0,53551.83383599999,True,1.1864459417548952,5.363060201921335,-0.04593306519182118,-1.0298122382462889,1.4260123428675089,False,False
2024-08-20,-0.30183324530491523,-0.6948191410818964,3.0,122816.328017,True,1.181059207201823,5.061226956616419,-0.0546526780548857,-1.1439514874746228,1.3988567467881619,False,False
2024-08-21,0.8769251639211711,0.8101273407540068,3.0,27317.899595,True,1.156131641779724,5.93815212053759,-0.022910175945932372,-0.705676589998274,1.38254415296309,False,False
2024-08-22,-0.02098921691989404,-0.3257341814866171,3.0,27671.339542,True,1.1452394481379973,5.9171629036176965,-0.022844722026037344,-0.7025366061515876,1.3665377126443123,False,False
2024-08-23,-0.26411395674062915,0.3682785927099847,3.0,83329.592978,True,1.1199665714146556,5.6530489468770675,-0.03106554335738697,-0.8128274403183078,1.3481264818566718,False,False
2024-08-24,0.6317932594568944,0.42883143584134864,2.0,26762.202200999993,True,1.0968862881634702,6.284842206333962,-0.008480020914643149,-0.5003820375910099,1.337362751094682,False,False
2024-08-25,1.400647957599842,1.0984091184114018,2.0,40058.73748199999,True,1.0811058327618355,7.685490163933804,0.039532614199683125,0.16171318149549196,1.3423715921757484,False,False
2024-08-26,-1.2566232320411963,-1.2352464423071594,2.0,16559.50388,True,1.096520003671114,6.428866931892608,-0.00463037441413758,-0.44774592146886155,1.3330095076087172,False,False
2024-08-27,0.0,0.0,0.0,0.0,True,1.1036991958079667,6.428866931892608,-0.004472608346033115,-0.44445113637134953,1.323857309493084,False,False
2024-08-28,0.0,0.0,0.0,0.0,True,1.1036991958079667,6.428866931892608,-0.0043202189493632,-0.4412424824159733,1.3149075851539558,False,False
2024-08-29,0.0,0.0,0.0,0.0,True,1.1036991958079667,6.428866931892608,-0.004173022902126715,-0.43811720369021323,1.3061532633131223,False,False
2024-08-30,0.0,0.0,0.0,0.0,True,1.1036991958079667,6.428866931892608,-0.004030843138522992,-0.4350726382276878,1.2975875946687812,False,False
2024-08-31,0.0,0.0,0.0,0.0,True,1.1036991958079667,6.428866931892608,-0.0038935086350665904,-0.43210621457004833,1.28920413380638,False,False
2024-09-01,0.0,0.0,0.0,0.0,True,1.1036991958079667,6.428866931892608,-0.0037608542040398155,-0.42921544847102394,1.280996722333292,False,False
2024-09-02,0.0,0.0,0.0,0.0,True,1.1036991958079667,6.428866931892608,-0.0036327202940295406,-0.426397939735531,1.2729594731399372,False,False
2024-09-03,0.0,0.0,0.0,0.0,True,1.1036991958079667,6.428866931892608,-0.0035089527973037643,-0.42365136918720014,1.2650867556988736,False,False
2024-09-04,0.0,0.0,0.0,0.0,True,1.1036991958079667,6.428866931892608,-0.0033894028637918732,-0.4209734957580771,1.2573731823213552,False,False
2024-09-05,0.0,0.0,0.0,0.0,True,1.1036991958079667,6.428866931892608,-0.003273926721440834,-0.4183621536946352,1.2498135952980205,False,False
2024-09-06,0.0,0.0,0.0,0.0,True,1.1036991958079667,6.428866931892608,-0.003162385502727482,-0.41581524987458185,1.24240305485683,False,False
2024-09-07,0.0,0.0,0.0,0.0,True,1.1036991958079667,6.428866931892608,-0.0030546450771147425,-0.4133307612292664,1.2351368278771901,False,False
2024-09-08,0.0,0.0,0.0,0.0,True,1.1036991958079667,6.428866931892608,-0.0029505758892470133,-0.4109067322667982,1.2280103773044346,False,False
2024-09-09,0.5564403136766679,0.29746046619752564,1.0,10994.829337,True,1.1036991958079667,6.985307245569276,0.016107296513768306,-0.1408935780464759,1.2270668860027873,False,False
2024-09-10,0.32658631845826863,0.32658631845826863,1.0,316.68935799999997,True,1.0775957912190686,7.311893564027544,0.026684941466909397,0.009087805947636751,1.229523720611733,False,False
2024-09-11,0.6432461926047551,1.2367594920071319,1.0,11355.335270000001,True,1.0473964946750303,7.955139756632299,0.047690330410218015,0.3068925977909802,1.2386559756685989,False,False
2024-09-12,-0.5222342391566681,-0.8177948074837802,1.0,7945.393254,True,1.0279080585251275,7.432905517475631,0.02827388472263304,0.030453816711098456,1.2415220005814023,False,False
2024-09-13,-0.23648607762301932,-0.2364860608772022,1.0,2901.165857,True,1.0056788230702656,7.196419439852612,0.019253966744190318,-0.09799824638120175,1.2415061783806705,False,False
2024-09-14,0.3916877408986651,1.7184490904878449,1.0,15240.550301999998,True,0.9785839957093996,7.588107180751277,0.03194208833305677,0.08315194469761006,1.245534259643779,False,False
2024-09-15,3.6748435085034217,3.2953381107426174,1.0,11509.291300999997,True,0.9557262876207194,11.262950689254698,0.15604836801404348,1.84415322607704,1.2888551238177424,True,False
2024-09-16,-0.7722247505539268,-0.7722247952178308,1.0,16321.481418,True,1.2611974361631253,10.490725938700772,0.12442411745308779,1.3856441807582118,1.321624519722313,False,False
2024-09-17,4.073225693956093,4.4335286380305154,1.0,22458.765380999997,True,1.2402585745074313,14.563951632656865,0.2589506578096792,3.2260863402205833,1.3964047395194323,True,False
2024-09-18,-0.38362940472249724,-1.1728745025696294,1.0,26922.74328099999,True,1.5217561641140966,14.180322227934369,0.23705952861620525,2.8683791982706257,1.4631553149837488,False,False
2024-09-19,4.537548874172827,1.6150025447084382,1.0,69033.70201999994,True,1.4851958063650512,18.717871102107196,0.38356610120164314,4.668014969405007,1.574694132147955,True,True
2024-09-20,-1.5367819785207288,-1.779629591309939,2.0,83755.242937,True,1.766737381493868,17.181089123586467,0.3181450436744198,3.696636212640073,1.6636376532981476,False,False
2024-09-21,-2.5359895599824966,-2.378355529312921,2.0,58954.584989,True,1.756177831582405,14.64509956360397,0.220912760584372,2.4125368943419603,1.7204786955647593,False,False
2024-09-22,1.3635428245877375,1.344198867429294,2.0,86982.35187199998,True,1.8015148830856007,16.00864238819171,0.25983879483557065,2.858524007181917,1.7880452682235786,False,False
2024-09-23,0.940413816581383,-0.0646730468114227,2.0,137970.226486,True,1.7831623991204133,16.949056204773093,0.283023899058335,3.087371750528331,1.8610611713192664,False,False
2024-09-24,-1.175991379734213,-0.6964228493337387,2.0,64675.128946,True,1.7528010524833277,15.77306482503888,0.23331988429023262,2.439651039053122,1.9169469298591013,False,False
2024-09-25,1.4342177612104925,-0.2451806664754061,2.0,102924.38243499998,True,1.7304293862376858,17.207282586249374,0.2742305303684345,2.8896625774644376,1.983662330114749,False,False
2024-09-26,0.9155497610454617,-0.45915265058044846,2.0,162962.14059200004,True,1.7180555877688646,18.122832347294835,0.2960781035078037,3.0914136724656083,2.0549336962337583,False,False
2024-09-27,1.7923921672848964,-0.8223571927804968,1.0,49376.83356899999,True,1.6901829673839326,19.91522451457973,0.3470523036508392,3.60103887722601,2.139116703382351,False,False
2024-09-28,-0.871418881583301,-1.9807049904348792,1.0,95030.079244,True,1.6948526412910252,19.043805632996428,0.3055433590026829,3.0582190017794106,2.2080261492125968,False,False
2024-09-29,1.8893157170779138,4.814095443261415,1.0,74177.402552,True,1.667262097970409,20.93312135007434,0.3594966568553588,3.5812481385934185,2.2901834612894754,False,False
2024-09-30,5.0,5.0,1.0,80637.03558199995,True,1.6775130925389268,25.93312135007434,0.5175811153143403,5.081247049270823,2.4149410452301576,True,True
2024-10-01,2.347719206615577,2.853112483651198,2.0,276967.5520569999,True,1.9409095879651923,28.280840556689917,0.5799268625474695,5.418740239854913,2.551949301355136,False,False
2024-10-02,-0.09118037321421012,0.31455686829697227,3.0,186120.33377399997,True,1.959929462538641,28.189660183475706,0.5570648835364924,4.942316133574468,2.6755850420217744,False,False
2024-10-03,0.36130024327231636,0.06097872074547842,3.0,206251.56350700004,True,1.9183046144872695,28.550960426748023,0.5503959695852213,4.67192720294444,2.7905007948922873,False,False
2024-10-04,2.3084729471371075,3.799815338890132,3.0,242032.64513699996,True,1.8793056573494284,30.859433373885132,0.6102864432602366,4.978510813744419,2.914874869922961,False,False
2024-10-05,-0.16053001529012328,-0.6176084421793956,5.0,81127.23677199999,True,1.8989783790140864,30.698903358595008,0.5840279457465695,4.556173354071352,3.023944787521605,False,False
2024-10-06,1.2842638570950666,1.152979553640111,6.0,103315.693301,True,1.8599206177511247,31.983167215690074,0.6078820074421384,4.569621159809115,3.1314854898657045,False,False
2024-10-07,-0.593606830008619,-0.8244819828521539,7.0,72079.523765,True,1.840024688321485,31.389560385681456,0.566952473838103,4.096103758902266,3.220073161147063,False,False
2024-10-08,-0.9958115293789613,-0.8846296504241791,6.0,75842.92468999999,True,1.8064569846294372,30.393748856302494,0.5137159631614947,3.579116693857248,3.2877053700992205,False,False
2024-10-09,0.3277093388292076,0.06954441969331245,7.0,92561.03909900002,True,1.7810971855637157,30.721458195131703,0.5073795461390479,3.4479761399676385,3.3476359931507034,False,False
2024-10-10,-0.6319036805119563,-0.7843214250476365,7.0,87267.652872,True,1.7465515224194708,30.089554514619746,0.46856931489478004,3.090977112875866,3.3923142333692096,False,False
2024-10-11,-0.11557029424824225,0.03302318235501072,7.0,41250.008859,True,1.7163215150536157,29.973984220371502,0.4486703540878412,2.891819767240901,3.4275239891163896,False,False
2024-10-12,0.3023073463577885,0.29170691058553216,6.0,72272.164649,True,1.682480741453409,30.27629156672929,0.4436844455537926,2.8097866346888476,3.4575255851915405,False,False
2024-10-13,0.16316173676346288,-0.260260977985379,5.0,50211.208119999996,True,1.650449199157001,30.439453303492755,0.43412835465788724,2.699476013597784,3.4816368998270364,False,False
2024-10-14,0.5828601072162477,1.4373904581227401,5.0,113783.63298199998,True,1.6184889205594137,31.022313410709003,0.439194938515363,2.6966771242207965,3.5036290706450965,False,False
2024-10-15,-0.36733565535287854,-0.1598357144569695,5.0,141527.88087,True,1.5911398968002648,30.654977755356125,0.4117203180781398,2.4679210490273036,3.5164196454094463,False,False
2024-10-16,1.4686305916876188,1.63356786373088,6.0,109076.70603300002,True,1.5620387986216961,32.12360834704374,0.4477241158596541,2.685880962728951,3.534619123450501,False,False
2024-10-17,-0.7216787294774956,-0.5208479516495954,6.0,115390.45160100002,True,1.5585847468728555,31.401929617566246,0.4078883012967314,2.3769986783194024,3.541502270389313,False,False
2024-10-18,-0.06864275222518641,-0.31503770973737555,7.0,96131.51304299998,True,1.5352219752629583,31.33328686534106,0.39165525055696154,2.239852980549735,3.5430956900681685,False,False
2024-10-19,-0.029700474693704477,0.045209266783345775,7.0,165326.29048800003,True,1.5060768630486638,31.303586390647354,0.3773017694261604,2.1198602955281247,3.540303441411177,False,False
2024-10-20,0.24691584589340002,0.16570708004230325,7.0,96577.68800800001,True,1.477579365141766,31.550502236540755,0.3728601793367047,2.070260951434501,3.5355443766143897,False,False
2024-10-21,0.008860468442849826,-0.05891772224554849,6.0,123185.271916,True,1.4505271654909415,31.559362704983606,0.36046056290994477,1.9685573376581667,3.527459757015023,False,False
2024-10-22,0.1564051715866968,0.11288977623008245,6.0,69492.91531499999,True,1.4233256463744066,31.715767876570304,0.3535094435038884,1.9059104009242303,3.517438143219909,False,False
2024-10-23,0.13758069837065526,0.1215092040292087,6.0,55910.533192999996,True,1.3970743476152165,31.85334857494096,0.34615386868413617,1.8420436051117968,3.5056092278706688,False,False
2024-10-24,0.07433736327969172,-0.08981306998555816,6.0,52051.02796,True,1.3713538520542263,31.92768593822065,0.336894497796383,1.7669085155574362,3.491816196969371,False,False
2024-10-25,-0.24261980297486826,-0.14645432318680973,6.0,43246.193965,True,1.3460364770601758,31.685066135245783,0.317153489578528,1.6235977462657964,3.474369897211157,False,False
2024-10-26,-0.19168105265492952,-0.516678719006765,6.0,315944.2145489999,True,1.3220242989720181,31.493385082590855,0.29982018812982963,1.4986669680935985,3.454076668277807,False,False
2024-10-27,2.364832427376591,2.463501362345,7.0,776285.9110370001,True,1.2982486273947613,33.858217509967446,0.3701641594159145,1.9555673581435917,3.4465729497261277,False,False
2024-10-28,0.4922904556104365,0.3350433282102662,3.0,28232.570388999997,True,1.3517364366588058,34.35050796557788,0.37432434785593127,1.9673061150129902,3.4392887706849713,False,False
2024-10-29,1.4747048827047406,1.4973129980283353,4.0,50748.84788600001,True,1.3303739454157324,35.825212848282625,0.41180837941263043,2.195397285476547,3.4378303849476097,False,False
2024-10-30,0.6830607397224744,1.0642386323409416,4.0,67961.79598299999,True,1.3358452637958849,36.508273588005096,0.4210484760751085,2.234119201054583,3.4369664059767655,False,False
2024-10-31,1.80484275848612,1.710626155521424,5.0,143151.79085899997,True,1.3180097666570403,38.31311634649121,0.46818679901623295,2.513070381689462,3.442795545435987,False,False
2024-11-01,-0.1242676051050124,-0.1760680359939952,5.0,96883.71275600004,True,1.3384996815211296,38.1888487413862,0.44800512680441457,2.3559528707580535,3.4439131295855407,False,False
2024-11-02,0.16840010367890776,0.28341979793443944,4.0,48358.55512199999,True,1.3146031446361688,38.35724884506511,0.4384805252123938,2.2712129517475383,3.4424139908050213,False,False
2024-11-03,0.8333968193506313,0.7864466840042668,5.0,81832.305914,True,1.2913874539270973,39.19064566441574,0.4519331350900903,2.3327224684370056,3.442072835225802,False,False
2024-11-04,0.4247739240719399,-0.28894079241003057,7.0,92926.113684,True,1.2779447855290675,39.61541958848768,0.45100797199100195,2.302918810793965,3.440596281336895,False,False
2024-11-05,1.0659019170651245,0.9621129435420511,6.0,100104.403656,True,1.2576652781455373,40.68132150555281,0.4719539690796872,2.4085156452290857,3.4413325762731746,False,False
2024-11-06,-1.1562210425380048,-1.1833206120751845,8.0,218476.38320500002,True,1.251395694331989,39.5251004630148,0.41649119495842996,2.0431217776551893,3.4329060235984636,False,False
2024-11-07,-0.20218312043921996,0.27656830158510143,8.0,380146.7614240003,True,1.2481673366996993,39.32291734257558,0.3954164522552512,1.8973474695211063,3.4210941228123266,False,False
2024-11-08,-0.27900234374220806,-0.21846743898109897,10.0,483047.63167,True,1.226632503055071,39.04391499883337,0.37244282542461365,1.743116285016725,3.405947115410124,False,False
2024-11-09,0.06906834895250756,-0.0431556681788702,12.0,431034.58249100053,True,1.2060766618473173,39.11298334778588,0.36210858290873754,1.6689000600521762,3.3895342726852826,False,False
2024-11-10,-0.10760125167092774,-0.34014391335860916,12.0,333719.02385,True,1.184871629653917,39.00538209611495,0.3461082512630643,1.5614156907444532,3.3712120638978784,False,False
2024-11-11,-0.11542149748293411,-0.21605048512973482,13.0,297652.235791,True,1.1641897044367375,38.889960598632015,0.3303865781448905,1.4572168708741864,3.351203485540889,False,False
2024-11-12,-0.003157165149917595,0.103790088549625,12.0,283155.4076389999,True,1.1439445120586071,38.8868034334821,0.31902466141907004,1.3809074350517,3.3302499369440284,False,False
2024-11-13,-0.4353440184262566,-0.5600867554489942,12.0,245780.862719,True,1.1238934187487266,38.451459415055844,0.2933276745917924,1.2181940590325702,3.306583633021095,False,False
2024-11-14,-0.09259590673963079,-0.0781645133962444,12.0,324165.87926799996,True,1.1072047846249988,38.35886350831621,0.2801814929884004,1.1333828377100483,3.2820590949305526,False,False
2024-11-15,0.06625316220272802,-0.29913466099273706,11.0,289997.09600799996,True,1.0880092071184781,38.42511667051894,0.27289419749955574,1.084942167397213,3.2575061514302175,False,False
2024-11-16,-0.9340766968436799,-0.5869833013969852,10.0,676872.97995,True,1.0691183008122034,37.49103997367526,0.23177973197048696,0.8304564653634599,3.2287286041960614,False,False
2024-11-17,0.4088168409657913,0.3991341232281098,9.0,475343.256149,True,1.0647457496919688,37.89985681464105,0.23781035167705225,0.8651229778102492,3.2018660412720865,False,False
2024-11-18,-0.3676690895203704,-0.3290658451170494,8.0,202366.177118,True,1.049000713546026,37.53218772512068,0.21718521551265424,0.7366855831388756,3.1735559265046014,False,False
2024-11-19,-0.22588699874539292,-0.20351477254955766,8.0,308726.05766,True,1.033064325213723,37.306300726375284,0.20209234885681795,0.642520274157682,3.1445813267429803,False,False
2024-11-20,-0.26528568466823865,-0.2043449423218766,8.0,484891.59916500025,True,1.0160435068177267,37.04101504170705,0.1861715329741078,0.5434964746575842,3.114904362924833,False,False
2024-11-21,-0.13669369428347222,0.0931196216510544,9.0,354124.23153099994,True,0.9996893192375395,36.904321347423576,0.17517342176074244,0.4748729608897097,3.085158689593008,False,False
2024-11-22,0.2846714703912472,0.224083533252006,8.0,381568.438269,True,0.9827619696289718,37.18899281781482,0.17890337192689273,0.4969222941066657,3.0570534457033056,False,False
2024-11-23,0.17497294409469047,0.16942135758102178,9.0,267259.45736999996,True,0.967258292170584,37.36396576190951,0.17876948557777025,0.4951550304629331,3.030044669634043,False,False
2024-11-24,-0.25898729931564923,0.14437874246840776,10.0,210295.60916299996,True,0.9511618871125362,37.10497846259386,0.16385771588047285,0.40229022690116956,3.0024045509271424,False,False
2024-11-25,-1.200695086869163,-0.5554918738400157,10.0,649115.519197,True,0.9360369231688985,35.9042833757247,0.117375536519122,0.11448884051833541,2.9706705969349194,False,False
2024-11-26,-0.7030233437218391,-0.5162268561405597,9.0,488694.0042479999,True,0.9462614806290365,35.201260032002864,0.08942944765635223,-0.05860914686597259,2.9371429266579234,False,False
2024-11-27,-0.40607161326853036,-0.36748173091125347,7.0,124445.816109,True,0.9390286879700405,34.795188418734334,0.07255069258040582,-0.1631159656167267,2.90313428776045,False,False
2024-11-28,-0.05844078699271112,-0.3848037633065437,8.0,202722.933838,True,0.9259789803771951,34.73674763174162,0.06808859851661499,-0.1905546289144064,2.870005772527517,False,False
2024-11-29,-0.25179093278467485,0.12456286085461238,8.0,99590.85004400002,True,0.9102071511648951,34.48495669895695,0.05719222503029437,-0.25796992556451587,2.837014771839575,False,False
2024-11-30,0.2000768082089373,0.1424553674237609,9.0,197724.04724699998,True,0.8958583800324662,34.68503350716589,0.06205944263332807,-0.22727360331140148,2.8058108409694142,False,False
2024-12-01,-0.6870133087037021,-0.4528960338727422,8.0,248925.60855900001,True,0.8813408442006513,33.998020198462186,0.03654305119800993,-0.38589585530658477,2.7731129499453346,False,False
2024-12-02,0.3629141514381063,0.1901597157228834,9.0,269155.568995,True,0.8754771973820636,34.36093434990029,0.04766054311841013,-0.3158928047422618,2.7427887409135545,False,False
2024-12-03,0.06678686641389069,-0.09952012946514802,10.0,194373.559993,True,0.8631496929579544,34.42772121631418,0.04831206123147671,-0.3113100175268403,2.713631669852349,False,False
2024-12-04,-0.09124784955840112,-0.21147989737559647,7.0,168493.77229300002,True,0.848555272882331,34.33647336675578,0.04355810078615946,-0.3405429049910558,2.6850256466830977,False,False
2024-12-05,-0.4866870538621202,-0.5465847650289443,5.0,146435.957265,True,0.8343023943499398,33.84978631289366,0.025495866445114184,-0.45308514484861706,2.6555946396644563,False,False
2024-12-06,-0.2268245230388611,-0.07442641706044126,6.0,153866.689342,True,0.8249844322370946,33.6229617898548,0.016900844351081558,-0.5061515459669825,2.6263191687809675,False,False
2024-12-07,0.013501421292744797,-0.1983028119465665,7.0,82817.49253699998,True,0.8120557112497251,33.63646321114754,0.01678504669787417,-0.5059498719001797,2.598025316125079,False,False
2024-12-08,1.5908210897681805,1.7028641816262358,7.0,549018.3163919996,True,0.7982956247084887,35.22728430091573,0.07040286140530329,-0.16809788142952636,2.5759500453363424,False,False
2024-12-09,0.7083230259114113,0.643719000526841,8.0,670300.3942809999,True,0.8371768129491391,35.93560732682714,0.09213290838730243,-0.03103651379677331,2.5566889660152436,False,False
2024-12-10,-0.6027114832315047,-0.4437081686641993,8.0,541981.593167,True,0.8331760385892125,35.33289584359564,0.06846380573293334,-0.1802275154728454,2.5357128297480553,False,False
2024-12-11,0.34198665286037166,-0.038320401869621844,7.0,461332.8840380001,True,0.8264902059116193,35.67488249645601,0.07778105576796461,-0.12113253335092942,2.516269900178559,False,False
2024-12-12,-2.13878229011234,-1.8112635955919525,7.0,662927.8963420007,True,0.8149337465090436,33.53610020634367,0.0022763190727280815,-0.5980968272877066,2.490189333888398,False,False
2024-12-13,0.3701923130822781,0.029400798242872606,8.0,651155.537117,True,0.8916513763874647,33.906292519425946,0.014808960939691163,-0.517715513044958,2.466098215083962,False,False
2024-12-14,0.3493638377510728,0.2580402664825123,8.0,555782.673359,True,0.8792190285299836,34.25565635717702,0.026205191868430632,-0.4446417233370684,2.4438010551792186,False,False
2024-12-15,-1.1410983932571481,-1.1812402226036016,8.0,952351.7233250003,True,0.8667524632754244,33.11455796391987,-0.013557668012677241,-0.6957543996582674,2.4184323393361464,False,False
2024-12-16,-0.6353443818088874,-0.5304064514404799,8.0,830191.4676310002,True,0.8773062690713477,32.47921358211099,-0.03473811648228558,-0.8284052234266235,2.391834548463003,False,False
2024-12-17,0.7465826025406029,0.1786384433658256,9.0,901829.202411,True,0.8703125778362945,33.22579618465159,-0.008123330539143755,-0.6577947772883886,2.368463289437855,False,False
2024-12-18,0.07750405636152569,-0.1687939948269055,14.0,676165.0814340002,False,0.8664682910304959,33.30330024101312,-0.005206533215082195,-0.6379553770811852,2.346013350896118,False,False
2024-12-19,3.546094126792523,3.4040538269571603,11.0,1264951.5831949995,False,0.8520131949865781,36.849394367805644,0.11576437248938636,0.1324962813248868,2.3352226755969747,True,False
2024-12-20,1.0330864284791355,0.7599776938973886,10.0,197150.87202299997,False,1.0587305741616302,37.88248079628478,0.14701187102779306,0.33131732829754756,2.3275228686384724,False,False
2024-12-21,-0.30217633976253466,-0.5402858865809621,10.0,223516.23273299998,False,1.057886200632437,37.58030445652225,0.13171080451629277,0.23323810304896073,2.3186048390487293,False,False
2024-12-22,-1.1595598090667132,-0.8997819474770831,9.0,183893.07496600001,False,1.0415842721269781,36.420744647455535,0.08772520088957182,-0.04802281016148819,2.305941839723729,False,False
2024-12-23,0.5651331729634094,0.5288736198548085,8.0,168861.451469,True,1.0457248977790667,36.98587782041894,0.10398753550736506,0.056057306981248084,2.2950358126104526,False,False
2024-12-24,0.21716723839544197,0.36259145981768903,5.0,77696.500351,True,1.0333379819045927,37.20304505881438,0.10784286690448883,0.08067184793124837,2.284726015558451,False,False
2024-12-25,-0.3810203950514959,-0.42178740995965064,5.0,124131.117706,True,1.0167850112134382,36.82202466376289,0.09119032602409097,-0.026247265077510903,2.273185244743366,False,False
2024-12-26,-0.3394525101623758,0.09996301147657785,6.0,99690.48864700011,True,1.0021562445568832,36.482572153600515,0.0765209960484814,-0.12042740111712782,2.2606291327599832,False,False
2024-12-27,-0.7678243524303561,-0.8671193275264529,5.0,97720.74048099999,True,0.9873104781599406,35.71474780117016,0.04775939145465411,-0.3052073482113435,2.245863274558122,False,False
2024-12-28,1.0793133064337816,0.22149697064250276,3.0,54819.739128,True,0.980811100655689,36.794061107603945,0.08289802551733312,-0.0785014637755364,2.2344978140045324,False,False
2024-12-29,-0.30301358382467564,0.16397858660730744,3.0,49880.587277,True,0.9842387022425223,36.49104752377927,0.06975241573754075,-0.16315968827704763,2.222258475384246,False,False
2024-12-30,2.4644442966919176,2.1136073416055727,3.0,143626.63379500003,True,0.9693460878048007,38.95549182047119,0.15132467396136917,0.36373912346315457,2.217295975517937,True,True
2024-12-31,-1.6124488044333944,-1.3632351094379425,4.0,64272.092386000004,True,1.0535158988945217,37.3430430160378,0.09124388818211482,-0.025185134933669865,2.207293717530267,False,False
2025-01-01,-1.4418006611660883,-0.9876441430932851,2.0,57979.904470999994,True,1.0767060812558744,35.901242354871705,0.039022606613832216,-0.36316556125178967,2.1930779335957404,False,False
2025-01-02,0.024532680808166358,0.4251639314497228,3.0,82421.356778,True,1.0907649842887215,35.92577503567987,0.038529025120340565,-0.36580550326529093,2.179146981641624,False,False
2025-01-03,-0.14543450391477955,-0.04048221012022455,4.0,102883.772694,True,1.0725543621468507,35.78034053176509,0.032262534478151576,-0.40588545220323635,2.1650052800613757,False,False
2025-01-04,0.32366480807240045,0.3810672963970472,6.0,124820.680017,True,1.054976838844497,36.10400533983749,0.04218879245148965,-0.3407954140383495,2.152011956251107,False,False
2025-01-05,-0.588273947072495,-0.4905756336120104,6.0,92918.81595899999,True,1.0390369408389741,35.515731392765,0.020712861111342303,-0.4798798870960054,2.13751695776299,False,False
2025-01-06,-0.3014461855140596,-0.8053101676280641,6.0,143704.83191599994,True,1.0272881713161766,35.21428520725094,0.009738913694399718,-0.55046655335455,2.122432382777404,False,False
2025-01-07,-0.36332928000447345,-0.080307404757432,5.0,108123.05991800001,True,1.0116380802896239,34.85095592724647,-0.002969189438159324,-0.6322151338103184,2.1066295282564553,False,False
2025-01-08,-1.215309815037258,-1.6729437928354847,6.0,279193.953478,True,0.9969593035158905,33.63564611220921,-0.044266058713814935,-0.8997639876091935,2.087776728081926,False,False
2025-01-09,0.6228477809070282,-0.019516482642510408,5.0,104590.43698199996,True,1.004938027295702,34.25849389311624,-0.02154166076706779,-0.7497354379750236,2.071191133651125,False,False
2025-01-10,-0.3344508846670123,-0.42218605709167856,4.0,75561.484334,True,0.9946558943656558,33.924043008449225,-0.03220052099960155,-0.8175936509462549,2.054087911065875,False,False
2025-01-11,-1.0561408676004058,-0.7687708832379234,3.0,75453.566996,True,0.9799700669912262,32.86790214084882,-0.06707976198297785,-1.042801476338742,2.0345111363220805,False,False
2025-01-12,-1.0545472359813397,-0.974349026548365,3.0,92741.22817199989,True,0.982581026829863,31.81335490486748,-0.10071659797662724,-1.258431424776341,2.0126194633849073,False,False
2025-01-13,-2.296370677821777,-1.9827228391590033,3.0,214240.13771500008,True,0.9850421121283918,29.516984227045704,-0.17550878403277675,-1.7378214506738343,1.9851482090664545,False,False
2025-01-14,0.056435608838952614,-0.6118853153002237,4.0,235770.80462899996,True,1.0547065780057137,29.573419835884657,-0.16760789145651112,-1.6778386139830939,1.958859210697339,False,False
2025-01-15,-2.5461564926485623,-0.7072153578222974,4.0,390404.87095799966,True,1.0372005034307314,27.027263343236093,-0.24863013791733637,-2.187705848550455,1.926597594098277,False,False
2025-01-16,0.9196042790197075,0.6640724614345416,5.0,836849.9162790013,True,1.1199380390998124,27.9468676222558,-0.2088357141811976,-1.918434716283793,1.8981189011498245,False,False
2025-01-17,1.4038833518959415,0.872416970377082,2.0,111003.23214100001,True,1.1139019878473304,29.350750974151744,-0.15390048794412567,-1.557353380644571,1.8745304139629702,False,False
2025-01-18,-0.37833504748195446,-0.3800954199569845,1.0,42946.15580099998,True,1.124662787963639,28.97241592666979,-0.16154556565233844,-1.5990673249993956,1.850756211565952,False,False
2025-01-19,-0.004185501584785091,-0.3876618509559909,1.0,49527.15895100001,True,1.1080904789732082,28.968230425085004,-0.15618529559233205,-1.5576699631931101,1.8278192461378762,False,False
2025-01-20,0.9294195653969345,1.03779094550809,2.0,157981.57879400006,True,1.0896652036646983,29.897649990481938,-0.11920555139919183,-1.316026960274386,1.8081874758562937,False,False
2025-01-21,-1.2725535621002142,-1.0804489136126025,3.0,185451.02290600003,True,1.0847588158928496,28.625096428381724,-0.15849287746341234,-1.5605492211235106,1.785791689884081,False,False
2025-01-22,-1.1433539636748977,-0.8663225403345447,3.0,161918.86773899992,True,1.091465089784946,27.481742464706826,-0.19204091005251944,-1.7654546664324369,1.7611266967010346,False,False
2025-01-23,-0.18858844838132544,-0.24095168722394322,4.0,98910.98253599997,True,1.0932146735398292,27.293154016325502,-0.19192330636954688,-1.7554107793133285,1.7368593383645619,False,False
2025-01-24,0.8151022430110443,1.7227871219721633,5.0,334868.73507900006,True,1.0755949460378513,28.108256259336546,-0.15762027302669776,-1.5308111258050496,1.7156424317932335,False,False
2025-01-25,0.1945611492246577,-0.014841141697210118,5.0,146055.965446,True,1.0680244088792445,28.302817408561204,-0.1456236652716767,-1.448925509882631,1.6956777491659376,False,False
2025-01-26,-0.6228826407515382,-0.030070977693251073,4.0,51656.87960599999,True,1.0508777105143121,27.679934767809666,-0.16188087848785293,-1.545183050244764,1.6747411185148378,False,False
2025-01-27,-0.6485725897788021,-0.36836965955522466,4.0,90279.03203700001,True,1.039589997021924,27.031362178030864,-0.1784594050077317,-1.6422272307316248,1.6528166180687311,False,False
2025-01-28,-1.2644015095681347,-0.5772667527161365,3.0,63416.22220600001,True,1.0290807864785199,25.76696066846273,-0.2154506230959271,-1.864922691685811,1.6283314896804066,False,False
2025-01-29,-0.1815034849620299,-0.22699735433288265,4.0,63467.36332400001,True,1.037679874329607,25.5854571835007,-0.2142942576371383,-1.8472307711663276,1.6042646479854379,False,False
2025-01-30,-0.08356808738667333,0.3239870166139697,4.0,105398.366956,True,1.0209854465787103,25.501889096114027,-0.20984123949460118,-1.8094516022602303,1.5808552389428765,False,False
2025-01-31,0.4666304493953296,0.46663706292185536,5.0,97392.235583,True,1.0041536699945175,25.968519545509356,-0.18679810600909605,-1.6574990392391447,1.5595177240068532,False,False
2025-02-01,0.7156922360049457,0.8086376836251352,3.0,304983.24601199996,True,0.9911114164499552,26.6842117815143,-0.156055940427957,-1.4599446974841361,1.540808602079451,False,False
2025-02-02,-0.041993347628718154,0.17094734934810837,2.0,39875.58275299998,True,0.9832753787607538,26.64221843388558,-0.15217054594879287,-1.4302473323776852,1.5226240847781065,False,False
2025-02-03,-0.0643413391640899,-0.10442946846665063,3.0,102226.25641900001,True,0.9669914109163431,26.57787709472149,-0.14917875788489557,-1.4063670975468228,1.5048837505372492,False,False
2025-02-04,0.13049236108835008,0.04203097985518886,5.0,134955.98917199997,True,0.951021182890713,26.70836945580984,-0.13965212410314348,-1.3424578335217505,1.4880777576803235,False,False
2025-02-05,0.7833626882769363,0.5668303145061233,5.0,77582.09917999999,True,0.9355455917572871,27.49173214408678,-0.10821082315996167,-1.1440049190865302,1.473866618838868,False,False
2025-02-06,0.9087822192461077,0.6379321202540881,5.0,241146.66011700002,True,0.9309351809272728,28.400514363332885,-0.0735682769024724,-0.9269214219101454,1.4624603007689359,False,False
2025-02-07,-0.44650392146725637,0.3316732733371042,6.0,173912.956772,True,0.9302149053998113,27.954010441865627,-0.08627184457790563,-1.0032531137650131,1.4502111449398414,False,False
2025-02-08,0.35874101676425474,0.5478812552745893,6.0,85829.66675399999,True,0.9183669397347921,28.312751458629883,-0.07111306068847792,-0.907137872710661,1.439249934959322,False,False
2025-02-09,0.1570836338359645,0.12992646368344551,5.0,160258.483806,True,0.9054801747574897,28.469835092465846,-0.06333983752443267,-0.8570549491307908,1.4289980135609321,False,False
2025-02-10,-0.22939237801642354,-0.07510971455560429,5.0,100210.82255899998,True,0.8909240178316378,28.240442714449422,-0.06899620087724993,-0.8902081649233031,1.4184249271487843,False,False
2025-02-11,0.34718629756715,0.3624199578872142,3.0,139309.86851699997,True,0.8771419190802455,28.58762901201657,-0.05481948689678418,-0.8005510905732847,1.4090385999511046,False,False
2025-02-12,0.40640665468176185,0.8173014464826862,4.0,320819.69945,True,0.8648968307703663,28.994035666698334,-0.03910842035041583,-0.7016534160260205,1.4009412023562469,False,False
2025-02-13,0.28047421479066403,0.7036875877190181,4.0,1175956.048607999,True,0.85374780952529,29.274509881489,-0.02822225524455818,-0.6328913831943064,1.3937523743977593,False,False
2025-02-14,1.0775187498810403,0.5636473071324111,6.0,743975.5482300002,True,0.841137500730903,30.35202863137004,0.00944336718293703,-0.3979910215599474,1.3894884911650671,False,False
2025-02-15,-1.9095546763987044,-1.5051009892774327,4.0,240332.24838999996,True,0.8499523165376133,28.442473954971334,-0.055924792096511244,-0.8034929911982058,1.3803289660307172,False,False
2025-02-16,0.6370086785510806,0.42190644719975784,4.0,360797.39015700005,True,0.9047186096451718,29.079482633522414,-0.032320919929967516,-0.6552898283291317,1.373042928849017,False,False
2025-02-17,0.6962585950208566,0.6816366477611072,5.0,368750.18935300026,True,0.8971913027573337,29.77574122854327,-0.007502812410982986,-0.49979491997869896,1.3677021652054677,False,False
2025-02-18,-1.7797601053465186,-0.9085914077709267,5.0,351245.2266019998,True,0.8913087217750681,27.995981123196753,-0.06787243613116924,-0.8746739347649032,1.357865385079124,False,False
2025-02-19,-0.049488306093616895,0.5219426292344748,5.0,639126.4152889999,True,0.9340268374645833,27.946492817103135,-0.06724620482955397,-0.8689266234581436,1.3481691479764644,False,False
2025-02-20,0.7396560747904108,0.5571243723769573,3.0,278502.701063,True,0.9185986283849182,28.686148891893545,-0.03976013644434949,-0.6960562501117596,1.3406318114668745,False,False
2025-02-21,0.3488628349621306,-0.3390930350892722,5.0,235376.53871400002,True,0.9132770003731335,29.035011726855675,-0.026522204608713882,-0.6123359582764596,1.3341608227793715,False,False
2025-02-22,0.10429957424456948,0.1634826519940057,5.0,287660.59614400007,True,0.9003737651754313,29.139311301100246,-0.022065932364537848,-0.5835372791442902,1.3280859126441111,False,False
2025-02-23,0.8095064816872406,0.25179718343249774,5.0,229029.80388199995,True,0.8856639605721424,29.948817782787486,0.006260490329984933,-0.4057159572914577,1.324194237913473,False,False
2025-02-24,-0.8933000194615106,-0.5986467469824744,5.0,229391.10297799995,True,0.8832667435964124,29.055517763325977,-0.024381857101442386,-0.596696172320349,1.3180437301753203,False,False
2025-02-25,0.0805985206201433,0.1455302434022147,5.0,384484.08343300014,True,0.883598093768524,29.13611628394612,-0.020805838454400965,-0.5733752022479065,1.3122181358000786,False,False
2025-02-26,0.38554450724802775,0.22916264618527812,5.0,556747.4805679996,True,0.8690897632046244,29.521660791194147,-0.006964047988612724,-0.48582472072083427,1.3074825592214443,False,False
2025-02-27,0.026227684890210132,0.21630547501314826,6.0,254178.74749799998,True,0.8575507375382605,29.547888476084356,-0.005833415248076189,-0.47803195514503927,1.302876098515637,False,False
2025-02-28,0.14035161014981665,0.2462114781270901,6.0,267756.9049910001,True,0.8433659297210279,29.688240086234174,-0.0008538146301355437,-0.446104626322258,1.2986849775053746,False,False
2025-03-01,-1.1700885195574513,-0.9619736454393929,6.0,1091110.5547649995,True,0.8297931788767966,28.51815156667672,-0.04068225645447326,-0.6954573009493915,1.2915585574980175,False,False
2025-03-02,0.007492910697857178,-0.05454735835709463,8.0,469635.02645099984,True,0.843150748936962,28.525644477374577,-0.0390412327926678,-0.6839495835434022,1.2846165051699627,False,False
2025-03-03,0.2483733580799024,0.5041460675433631,8.0,577937.6763780002,True,0.829194215616549,28.77401783545448,-0.02925083316897893,-0.621273669440783,1.2784644082795693,False,False
2025-03-04,0.05969232020578813,-0.1254811451051326,9.0,548941.0251679999,True,0.81670920088439,28.833710155660267,-0.02622110179045997,-0.6012207775942807,1.2725912124925098,False,False
2025-03-05,-0.6003640808579711,0.2082725172785234,8.0,561632.06856,True,0.8032633647138109,28.233346074802295,-0.04577852597379528,-0.7233077965431217,1.2653116759117906,False,False
2025-03-06,0.27097136109517966,0.13678327372654175,8.0,347155.4729230001,True,0.7974222752355116,28.504317435897473,-0.03498885849350534,-0.654122258736142,1.2588955077059676,False,False
2025-03-07,0.6536802172027597,0.15821485510256994,9.0,700185.788574,True,0.7857593534567515,29.15799765310023,-0.011530254239392832,-0.5052272534104195,1.25427769592835,False,False
2025-03-08,-0.5527569363924602,-0.4482896332643167,11.0,634589.967363,True,0.7817779085663712,28.605240716707772,-0.029966427519716732,-0.6207731480123784,1.2483288942164288,False,False
2025-03-09,0.3384625374218147,0.5315634027844187,9.0,450161.35565100017,True,0.7753347525481656,28.943703254129588,-0.017416380759602435,-0.5405786868553506,1.2433614051450037,False,False
2025-03-10,0.10544759372640324,0.07947382035175958,10.0,200219.72858,True,0.7649653938937191,29.04915084785599,-0.013231181559099336,-0.5133362083289796,1.2387460919336455,False,False
2025-03-11,-0.7205829877847726,-0.37886629803639676,8.0,304521.781347,True,0.7525488856578123,28.328567860071217,-0.03732618741971109,-0.6649089262109033,1.232381005265581,False,False
2025-03-12,2.627338420257798,2.258918412307213,8.0,1930670.666682,True,0.7515212833619654,30.955906280329014,0.053442095313841864,-0.08929864137235843,1.2327991352614691,True,True
2025-03-13,-0.6178768226687293,-1.5270313894596137,9.0,1465060.377149001,True,0.8790942014967241,30.338029457660284,0.03057450266178291,-0.23417167971094788,1.2315251290171507,False,False
2025-03-14,0.21507684458979384,-0.06051724375266179,10.0,1194284.3150499999,True,0.8717642842246848,30.55310630225008,0.036859331301075916,-0.1940055207509598,1.2307315641490626,False,False
2025-03-15,-0.3835542012063642,-0.2290360697640597,9.0,309134.9896010001,True,0.858224809566614,30.169552101043713,0.0225384995998464,-0.2847576262561515,1.2288889883477094,False,False
2025-03-16,0.09296516243837681,-0.039331958648803816,9.0,529574.2780970001,True,0.8468801318607532,30.26251726348209,0.024937490830179782,-0.2691532364624061,1.2272425121196713,False,False
2025-03-17,-0.39950487427428505,-0.587363077113148,10.0,989547.1103570003,True,0.8330386130026881,29.863012389207803,0.010479422498668702,-0.36086032610909013,1.2245437470800993,False,False
2025-03-18,-0.09919769113065154,-0.17424268690839279,8.0,417341.741137,True,0.822446557460429,29.76381469807715,0.006743416572753474,-0.38420268174258454,1.221592934275627,False,False
2025-03-19,-1.5535416045253212,-1.6710181070083172,8.0,1117084.9112859997,True,0.8090394327197235,28.21027309355183,-0.04640563020079485,-0.7224433954070744,1.2147406052616416,False,False
2025-03-20,-0.5753553585791796,-0.34817541552016484,7.0,393249.7394050002,True,0.8439564209144811,27.63491773497265,-0.06442360337590769,-0.8359927070773981,1.2066086814175385,False,False
2025-03-21,-0.4608777568647092,-0.30274654243165766,7.0,434340.133735,True,0.8365125432405753,27.174039978107942,-0.0779282898719934,-0.9204158730605229,1.197538481469291,False,False
2025-03-22,0.34823980636917,0.22455302823521936,9.0,295737.252333,True,0.826899308085516,27.52227978447711,-0.06341143730339557,-0.8260364261730021,1.1896032855743826,False,False
2025-03-23,-0.12515549327816378,-0.13661568933901067,9.0,148727.71340199996,True,0.8156631962157606,27.397124291198946,-0.06551466689699328,-0.8378937137871508,1.1815686268712795,False,False
2025-03-24,-0.8777574726622751,0.05665380896204297,8.0,258777.133027,True,0.8024907613031077,26.51936681853667,-0.0931826434947067,-1.012633531779232,1.171549228085625,False,False
2025-03-25,-0.5867430513242515,0.7393371434033087,9.0,733231.3185929998,True,0.8050718902925481,25.93262376721242,-0.10999512571710393,-1.1174007451136116,1.1603569537369924,False,False
2025-03-26,-0.2851644421333307,-0.17387319053158531,7.0,399228.48404499993,True,0.798856060731351,25.64745932507909,-0.11596203666564568,-1.1525799034713078,1.1487969982658337,False,False
2025-03-27,-0.09035998915205144,0.15971140059177205,5.0,397804.42763499985,True,0.787338371447791,25.557099335927038,-0.11508993680311291,-1.1440694530984539,1.1373739431736847,False,False
2025-03-28,-0.3530453314050711,-0.5797206938841172,7.0,909435.4310280001,True,0.7744883362822949,25.204054004521968,-0.12319557232695853,-1.1926764498559912,1.1254241768744275,False,False
2025-03-29,-0.5053637444354249,-0.24538230030147418,6.0,146208.050236,True,0.7643576974898098,24.698690260086543,-0.13621362514763388,-1.2721603499501764,1.1125873796586028,False,False
2025-03-30,0.14362640769371066,0.37242973604736385,7.0,380539.31421000004,True,0.757267712479036,24.842316667780253,-0.12668124496391248,-1.2080219854547392,1.1005271979259417,False,False
2025-03-31,0.011798855083298478,-0.09261297093223939,6.0,220866.26306099995,True,0.7451970620704567,24.85411552286355,-0.12196410373950564,-1.1748416283251213,1.0888832404158644,False,False
2025-04-01,0.19079763384761964,0.2252015852292244,9.0,447944.11266700027,True,0.7328752022519789,25.04491315671117,-0.1113102893762535,-1.1041949105288142,1.0780888099103094,False,False
2025-04-02,0.02749917103296216,0.19556115620588918,10.0,429667.3943380001,True,0.7215822021178396,25.072412327744132,-0.10658192897063366,-1.071520320480867,1.06770204030396,False,False
2025-04-03,-0.0406726977923321,-0.09579728623892926,11.0,340974.983989,True,0.7096657017229054,25.0317396299518,-0.10433681832188342,-1.0547697773771465,1.0575369074679601,False,False
2025-04-04,-0.5892027406958764,-0.485604832321321,12.0,522349.36531799985,False,0.6979678803245501,24.442536889255926,-0.12085313358608067,-1.1571087126034374,1.046210396742746,False,False
2025-04-05,0.17815138868254182,0.29754282869333276,12.0,302854.58922599995,False,0.6946702928239588,24.620688277938466,-0.1106679407167281,-1.0896069408011002,1.035691875699235,False,False
2025-04-06,-0.23355366388313958,-0.3791938451024005,14.0,312956.75232999993,False,0.6839434707174588,24.387134614055327,-0.11485388003608736,-1.1135670747145279,1.02491872921238,False,False
2025-04-07,-0.023638194184373598,-0.00832763463510015,14.0,302062.74059899995,False,0.6739614322886405,24.363496419870952,-0.11174673858251669,-1.0911843474482943,1.0144276636688847,False,False
2025-04-08,0.015034859224764338,-0.08967130020630203,16.0,249507.15629699998,False,0.6628297484059815,24.378531279095718,-0.10742809148824763,-1.0612413933384877,1.004305457600092,False,False
2025-04-09,1.041773889561124,0.7825810679995419,16.0,226413.298991,True,0.6518741714818679,25.420305168656842,-0.06828204928276245,-0.8105324122257207,0.9971129231521682,False,False
2025-04-10,-0.9355483754903586,-0.8723407959823388,14.0,190062.874484,False,0.6682811200312686,24.484756793166483,-0.09782432701377615,-0.9965735583157121,0.9877810120476567,False,False
2025-04-11,-0.15834323615851903,0.024278437534367328,11.0,323265.734213,True,0.67871888011277,24.326413557007964,-0.099885823421521,-1.0075241703114435,0.9783406881064394,False,False
2025-04-12,-0.7186863512584265,0.20355526479508232,11.0,189962.771097,True,0.6681110330501129,23.607727205749537,-0.12096444296721076,-1.138982956143734,0.9673913514438662,False,False
2025-04-13,0.14083303287124754,0.12264041858873508,10.0,137202.443326,True,0.6698304233202018,23.748560238620783,-0.11204665908372176,-1.0796952735140983,0.9571465091887297,False,False
2025-04-14,-0.2608831571224131,-0.32913986024077296,11.0,198418.76437000002,True,0.6592476785738536,23.48767708149837,-0.11711657702425173,-1.1093306981957674,0.9465723242797134,False,False
2025-04-15,0.3031805429545136,0.21203579957552016,10.0,188410.720778,True,0.6500657002546154,23.790857624452883,-0.10279971300974772,-1.0160053372298463,0.9370969738872547,False,False
2025-04-16,-0.03273296626375069,0.1735437205113297,10.0,268738.623742,True,0.6416699034601805,23.758124658189132,-0.10041298220757242,-0.9986946068561946,0.9278367323405751,False,False
2025-04-17,0.2312027452893021,0.3289113895984381,12.0,211463.694934,True,0.6310874565282808,23.989327403478434,-0.08911693228461294,-0.924978917020787,0.9194465563544306,False,False
2025-04-18,-0.8499520631281043,-0.5548617922425042,11.0,246445.41943500005,True,0.6220630129664325,23.13937534035033,-0.11503377182591529,-1.0874447997801837,0.9091800239462363,False,False
2025-04-19,-2.1665283949527856,-0.3510669390134848,9.0,329195.08245100005,True,0.630844090522265,20.972846945397546,-0.18491521483391196,-1.5268145963070108,0.8938009542714251,False,False
2025-04-20,1.620483279770079,1.5987072466785017,13.0,650655.573881,True,0.7340666607162273,22.593330225167623,-0.12341671014347799,-1.1332344399668388,0.8830122661469342,True,True
2025-04-21,-0.2840008227916809,-0.9830183239957014,11.0,335379.910968,True,0.7792965125247108,22.30932940237594,-0.12888679489838867,-1.1650980039254186,0.8718589162386322,False,False
2025-04-22,-0.06621369531933338,-0.18021091336203773,15.0,301817.33917999995,True,0.768134914473312,22.243115707056607,-0.12675191891268575,-1.1487408944899622,0.8609020789766646,False,False
2025-04-23,-1.25332408203355,-1.3006148582543149,14.0,465242.9640900002,True,0.755529380013806,20.989791625023056,-0.16512710488766222,-1.388120158865137,0.8471498026448613,False,False
2025-04-24,0.6031483603327438,0.41819800702672666,12.0,224774.702127,True,0.7769297124733731,21.592939985355798,-0.13895682058541256,-1.2189581760756856,0.8353744100843137,False,False
2025-04-25,-0.7545102643005202,-0.5650730634072473,8.0,99784.015591,True,0.771851345846489,20.838429721055277,-0.15992483182852096,-1.347918541208932,0.8220874320252326,False,False
2025-04-26,-1.5501212672017142,-1.0288342632917602,10.0,163420.121784,True,0.7712888336077947,19.288308453853563,-0.20728002856649486,-1.641536579625397,0.8053409778379752,False,False
2025-04-27,-0.06420641775540474,0.2726604344846416,6.0,152577.29887199998,True,0.8088130094900566,19.22410203609816,-0.20240641588648703,-1.6047435172298417,0.7890025831189768,False,False
2025-04-28,1.1601428658746407,1.6240857968225126,10.0,308963.251094,True,0.7955252455489016,20.3842449019728,-0.1559929829205481,-1.3080795038142219,0.7761422860135037,False,False
2025-04-29,0.45916823742410795,0.0172580714280096,14.0,279009.158987,True,0.810089403033788,20.843413139396908,-0.13503833240226215,-1.17301736884833,0.7648675920673194,False,False
2025-04-30,0.6169442851886328,0.6913005447421081,14.0,348690.98497,True,0.801023224724571,21.460357424585542,-0.10942304262227324,-1.0094019463069523,0.7555195513152124,False,False
2025-05-01,-0.05413520282783437,-0.3501011967589,12.0,224777.38402699996,True,0.7956623108693283,21.40622222175771,-0.10753973574498708,-0.9954862176556422,0.7463358154053137,False,False
2025-05-02,0.5991989911901769,0.7324508972731401,12.0,222526.74716699996,True,0.7825687776201153,22.005421212947887,-0.08346561912712133,-0.8422153505157819,0.7389601715431182,False,False
2025-05-03,0.3296469348474234,0.2269431334815757,13.0,272432.654572,True,0.7772418949615721,22.33506814779531,-0.06939348835750403,-0.7522544898194857,0.7326473430633438,False,False
2025-05-04,0.01394582039052995,-0.02511607868356944,15.0,216611.495761,True,0.7667190694843827,22.34901396818584,-0.06655464543703198,-0.7331893540431081,0.7265617877860099,False,False
2025-05-05,0.26371885663512606,0.3140454646470736,17.0,278069.832353,True,0.7540471249037877,22.612732824820966,-0.0553043170395926,-0.6611983978595332,0.7213272123254257,False,False
2025-05-06,-0.1754777814433082,-0.17911830374401047,15.0,253994.22772599998,True,0.7431166273229409,22.437255043377657,-0.05939786656397892,-0.6860284564218683,0.7158024592493153,False,False
2025-05-07,-0.6608886484865119,-0.5850132021393556,16.0,377216.58710899996,True,0.7315213152295454,21.776366394891145,-0.07988685149239687,-0.8141410089086624,0.708769436647088,False,False
2025-05-08,-0.37881809726519877,-0.3876113490750558,16.0,272477.45742999995,True,0.7293136095780699,21.397548297625946,-0.09006954749610066,-0.8769427046016891,0.7009962994934987,False,False
2025-05-09,-0.4022676556084235,-0.06565872103561649,16.0,329244.3768839999,True,0.7205290441623146,20.995280642017523,-0.10070416153802708,-0.9423888837491142,0.6924500670515806,False,False
2025-05-10,-2.117230922234833,-0.9220805684653766,15.0,943645.5443140002,True,0.712351172272762,18.87804971978269,-0.1693944681801853,-1.3727915271367699,0.6788100778220351,False,False
2025-05-11,-1.0325923902499121,-1.2252306686634111,17.0,911450.9618030001,True,0.7986226975369257,17.845457329532778,-0.19879815924263905,-1.5532160159043014,0.6630076377175548,False,False
2025-05-12,-1.5800562115207164,-1.950330631890644,13.0,656281.6959590001,True,0.8073708448406415,16.26540111801206,-0.24584888070821093,-1.8418964477103679,0.6437285704315865,False,False
2025-05-13,0.13060086573069518,0.3344786427638136,15.0,471459.797873,True,0.8440016676966204,16.396001983742757,-0.23302561997355087,-1.7539681008128425,0.6254395095923682,False,False
2025-05-14,-0.09005304261868013,-0.014390252608166251,14.0,326134.320206,True,0.8303852676424427,16.305948941124075,-0.22815544898062506,-1.7165567634501528,0.6075441755297056,False,False
2025-05-15,2.1281791204862364,1.4528903162467852,14.0,402897.41868600005,True,0.8168199878012933,18.434128061610313,-0.14789004095267833,-1.2104070393659454,0.5956709418098263,True,True
2025-05-16,0.7406851392449018,0.42621740264734465,14.0,397029.98762499983,True,0.8909723656153468,19.174813200855215,-0.11762190744722953,-1.0186802955549372,0.5860782826654065,False,False
2025-05-17,0.4579462642629544,0.42790087122442466,15.0,351894.748199,True,0.8864484718762373,19.63275946511817,-0.09801594203816222,-0.8942352503734599,0.5779667810521149,False,False
2025-05-18,-0.8655130088953404,-1.1032968386546735,16.0,584691.02907,True,0.8757288326920796,18.76724645622283,-0.12415971035301605,-1.0558493357353986,0.5679115358665545,False,False
2025-05-19,0.34014251863366757,0.11220503808409002,16.0,471486.8726549999,True,0.8753957410629775,19.107388974856494,-0.10834387154899718,-0.9549342895117229,0.5590553212308379,False,False
2025-05-20,0.2983596030606818,0.10215113438593623,13.0,556684.553844,True,0.8631243184467147,19.405748577917176,-0.09449005782941129,-0.8666155874427333,0.5512500378126048,False,False
2025-05-21,0.5400726094589903,0.4124379991078459,12.0,335081.348394,True,0.8505729283248368,19.94582118737617,-0.07287452334890285,-0.730021829999368,0.5450769065894422,False,False
2025-05-22,0.35564977000251724,0.48254355293610157,15.0,414294.001605,True,0.8422087895277061,20.301470957378687,-0.058277412442777676,-0.6375997166453398,0.5400082470640655,False,False
2025-05-23,0.11242950867969444,0.14477668668865074,13.0,201215.99689999997,True,0.8307855611292265,20.41390046605838,-0.05246250790454814,-0.6003100893317379,0.5353838777517658,False,False
2025-05-24,0.298430021924787,-0.06582241800122865,13.0,282825.673339,True,0.8173049270857884,20.712330487983166,-0.040509819933828795,-0.5246074153345059,0.5316647640745336,False,False
2025-05-25,-0.7570939514232,-0.5183307777231336,14.0,158361.413082,True,0.8056081016679101,19.955236536559966,-0.06491930658342733,-0.6770069362373937,0.5261157181358839,False,False
2025-05-26,-0.12577761241251947,0.11232628383328085,17.0,508995.8372880001,True,0.8040637524219225,19.829458924147445,-0.06699236393614154,-0.6890452231076646,0.5204183412430075,False,False
2025-05-27,0.3739237217771976,0.06572773352148628,14.0,362457.442132,True,0.7910993133955054,20.203382645924645,-0.05197314313540621,-0.5937958826342754,0.5158598723854727,False,False
2025-05-28,-0.1562142957978314,-0.30368459258010994,10.0,132145.28496599998,True,0.7809620739728022,20.047168350126814,-0.05552397953733582,-0.6153174276870425,0.5110401393327818,False,False
2025-05-29,-0.87123415243294,-1.0182349209872905,10.0,411514.5296479999,True,0.768572412600724,19.175934197693874,-0.08331006305189417,-0.7890533989762067,0.5041310181400481,False,False
2025-05-30,0.0556786509903262,0.38566953550268823,10.0,236098.46404899997,True,0.7721550999144341,19.2316128486842,-0.07857559713256172,-0.7580686830356653,0.49758764589504717,False,False
2025-05-31,-0.6525041839711936,-0.2214752289981295,10.0,144297.065323,True,0.7594572969188564,18.579108664713008,-0.09812571205850021,-0.8797675342314233,0.4895751829302124,False,False
2025-06-01,1.8060208579441175,1.6574325359082795,12.0,401036.88980599993,True,0.756190294944124,20.385129522657124,-0.03326348858315446,-0.47033898976581245,0.4864752430496002,True,True
2025-06-02,0.11042477892503524,0.05768002473689746,11.0,447349.580618,True,0.8124179491724776,20.49555430158216,-0.028368938625890187,-0.43895723500068035,0.4837499660206717,False,False
2025-06-03,0.41475329821430124,0.3122149508970974,14.0,322035.56465899997,True,0.7992378821830926,20.91030759979646,-0.013274568279155595,-0.34329138570446266,0.4821715098403861,False,False
2025-06-04,0.10984759540759635,0.08748188003074253,13.0,440531.5632239999,True,0.7896053203348323,21.020155195204058,-0.009080575332902213,-0.3164563735512021,0.4809137547920166,False,False
2025-06-05,0.5041089813379799,0.2534403843864137,11.0,264857.435924,True,0.776806970959062,21.524264176542037,0.00840054516778385,-0.2056961163958522,0.4809841532443927,False,False
2025-06-06,0.23071059855228165,0.371319913112835,11.0,280458.35796700005,True,0.769399642423699,21.75497477509432,0.01597324180467228,-0.15760606157373003,0.48163062881021135,False,False
2025-06-07,0.1689799244836873,0.041282095119846374,11.0,147696.35004999998,True,0.7578330212842623,21.923954699578005,0.021185211183361554,-0.1244625229464627,0.4826738214712434,False,False
2025-06-08,0.5715802207832505,0.2788781737298907,11.0,119330.425272,True,0.74593311297959,22.495534920361255,0.03993368598670326,-0.005555121990150347,0.48514236029928054,False,False
2025-06-09,0.16073137854441674,-0.4082188810156205,11.0,206287.18123599997,True,0.7408672250923523,22.65626629890567,0.04404849890243049,0.020546270851249892,0.48792311512587533,False,False
2025-06-10,0.03460828871066511,-0.4151850738584152,12.0,448454.401047,True,0.7292010444994387,22.690874587616335,0.04372693068381835,0.018485466715156818,0.4906783848265051,False,False
2025-06-11,1.8806316472358566,1.5528433168406044,11.0,487426.96452199994,True,0.7171740591450833,24.57150623485219,0.10629864945146715,0.41598687664437206,0.4981979909330455,True,True
2025-06-12,3.0298491986980425,3.098854203444259,10.0,855561.3713729996,True,0.7832240106042493,27.601355433550232,0.20588551481891174,1.0477848261678122,0.5133014947852994,True,True
2025-06-13,3.344426013716503,3.3943045130819653,8.0,953015.6937909999,True,0.9456869161901013,30.945781447266736,0.31279572715589243,1.7217344859073758,0.5365440100701611,True,True
2025-06-14,-0.8157176996036019,-0.43884287484718204,9.0,512027.1513530002,True,1.109839967361142,30.130063747663133,0.274354416591614,1.4731110272138408,0.5568289737199493,False,False
2025-06-15,0.259699308851418,0.49984294188332223,12.0,780898.5888449994,True,1.1014422746967751,30.38976305651455,0.2738552098170733,1.465584856594347,0.5770532759049873,False,False
2025-06-16,-1.7390278599026112,0.5550468155310178,14.0,579741.956091,True,1.0842548066525732,28.65073519661194,0.2052890223662755,1.0289729670217844,0.5920154976725388,False,False
2025-06-17,3.159632733199312,3.018658467890859,17.0,2270836.016475998,True,1.111854839450943,31.810367929811253,0.30592481569814917,1.6609521100455753,0.6146517066504199,True,True
2025-06-18,-0.628552298347642,1.3295777760743357,19.0,3427359.2042899923,True,1.2341076338357388,31.18181563146361,0.2740930943759957,1.455265603036271,0.6348227059510932,False,False
2025-06-19,1.9145332965698643,2.711303839868738,20.0,2253279.445529,False,1.2190317612497799,33.09634892803348,0.32997251032022973,1.8013045453432492,0.6592400263569266,False,False
2025-06-20,-2.2404993551927683,-1.6458667299893777,22.0,2595975.1174999983,False,1.2479971450304668,30.85584957284071,0.24241280146160588,1.24602244723393,0.6769165536160052,False,False
2025-06-21,1.391726948912661,0.4532078962199874,20.0,2220263.4182199985,False,1.2926795503535324,32.24757652175337,0.28156266085502485,1.4883728901709736,0.6975625912317341,False,False
2025-06-22,1.739785915063578,2.138419129100318,21.0,2449531.492494998,True,1.296047152674487,33.98736243681695,0.3312350985236659,1.7941076215103566,0.7219780795761224,False,False
2025-06-23,-0.4790867664249729,-0.3832644010100049,21.0,2068387.3712279983,False,1.3129765838242682,33.50827567039198,0.30363256084539486,1.6152162060691913,0.7442321848307931,False,False
2025-06-24,-0.8518223823218277,-0.6913214883590987,23.0,2728927.6518980004,False,1.2941830236236407,32.65645328807015,0.26427352343592675,1.3646177256918501,0.7634247549997366,False,False
2025-06-25,0.8276832598134445,0.005330352904657749,17.0,1064580.6789389998,True,1.2821013341670973,33.4841365478836,0.28346532750984443,1.4805645431498613,0.7840494277893512,False,False
2025-06-26,2.7689630340077547,2.9822004727807587,17.0,1413087.6142429984,True,1.2697831578491332,36.253099581891355,0.36813050441055295,2.0015104138487536,0.8111231566410718,True,True
2025-06-27,-0.7222658682919573,-0.5855379483363969,13.0,123861.488128,False,1.3456870080103371,35.5308337135994,0.3309876007883603,1.7628384469254417,0.8352827592244977,False,False
2025-06-28,0.14894776786876623,-0.10030241965125429,10.0,87776.54982500001,True,1.329888437164656,35.67978148146817,0.32478665575836124,1.7179193867564828,0.8589059986470688,False,False
2025-06-29,-0.3943831390405871,0.037122040853306976,11.0,152371.892665,False,1.3081827233578067,35.285398342427584,0.30028909227289047,1.5605597362221173,0.880586796528902,False,False
2025-06-30,0.49748267169863064,-0.39622077418240126,12.0,140026.696351,True,1.2885381942012324,35.78288101412621,0.30700622953984696,1.5970851666961114,0.9027233424502522,False,False
2025-07-01,1.3262224317817182,1.5392324557948294,11.0,185353.672057,True,1.270435664031712,37.10910344590793,0.3417244752035181,1.8054420521746586,0.92746052343675,False,False
2025-07-02,-0.9770671066371581,-0.7766522728901233,11.0,376704.53560299997,True,1.27230357168817,36.13203633927077,0.2968015922979989,1.522654522312283,0.9486734594432606,False,False
2025-07-03,-2.471640594888204,-1.5288499815455183,11.0,333529.9327410001,True,1.2637176080655828,33.66039574438256,0.20249828774628367,0.9378310637750715,0.9625803759765063,False,False
2025-07-04,-2.9849623508001697,-2.250840259411475,11.0,470719.7162699999,True,1.320954570139846,30.67543339358239,0.09392167643730051,0.2660097025909482,0.9681087583968652,False,False
2025-07-05,1.5922955811164337,1.207893711629502,11.0,413988.94597299997,True,1.4070703746979163,32.26772897469883,0.14496179252477553,0.5812625925136733,0.9775394520808183,False,False
2025-07-06,0.02777626481771839,-0.17908257841029165,10.0,391824.142243,True,1.4135283757063606,32.295505239516544,0.1409700232352406,0.5558787034949637,0.9866340449563427,False,False
2025-07-07,-0.17388465172025763,-0.3457847618043842,10.0,332079.5998279999,True,1.3901712496707161,32.121620587796286,0.13024491710189257,0.48885769296882536,0.994876351211627,False,False
2025-07-08,0.15867304778996147,0.033405333561576066,10.0,300135.9450250001,True,1.3675536507634374,32.28029363558625,0.13121328359922244,0.49430928880959624,1.003166592328289,False,False
2025-07-09,0.15315883550192028,0.40420342704088513,9.0,490606.9934960001,True,1.3452542929934093,32.43345247108817,0.13196082966399758,0.498389070328451,1.011487214659638,False,False
2025-07-10,0.07559120583251867,-0.03269774842821929,8.0,337573.920855,True,1.3233073506232291,32.50904367692068,0.130040673331235,0.48592407524612047,1.019632921342431,False,False
2025-07-11,0.9877848248393065,0.8466812592733604,7.0,287651.4588009999,True,1.301504553630129,33.49682850175999,0.15925858809150076,0.6666484569205066,1.0299936282149293,False,False
2025-07-12,0.6263158176608787,0.695299371859114,6.0,183344.01264599993,True,1.2924265112520905,34.123144319420874,0.17516827199418322,0.7644906458610182,1.0415387774355036,False,False
2025-07-13,-0.021143521349474743,0.09322059838190348,7.0,124826.87830499999,True,1.2761115930537394,34.1020007980714,0.16848117161263976,0.7219124248424577,1.0525290011216333,False,False
2025-07-14,0.1365163778780737,-0.04556717751512591,6.0,185606.61476999996,True,1.2550228618291581,34.238517175949475,0.16739233338896228,0.7141739822074853,1.0633952151065185,False,False
2025-07-15,-1.4231947342274696,-1.0299735202269258,7.0,406663.06252899993,True,1.2345244157203075,32.815322441722,0.11321109851295762,0.3764720216881846,1.0700649089553813,False,False
2025-07-16,0.8891779666695687,0.5632235716581656,8.0,257057.98952199993,True,1.2411652643519135,33.704500408391574,0.13964337876380636,0.5405383527632558,1.0787377200976576,False,False
2025-07-17,-1.168872986694388,-1.9654786226223986,8.0,390492.9325200003,True,1.231221126905168,32.535627421697185,0.09507050754982971,0.26240212804574314,1.083960241557019,False,False
2025-07-18,-1.0062875716833306,-0.7412536020502176,9.0,179933.23930800005,True,1.2292270393397744,31.529339850013855,0.05755420808534456,0.028289701538767427,1.08628822956442,False,False
2025-07-19,0.14004684383475147,0.7805626581376145,10.0,265612.25279300014,True,1.2225622290850724,31.669386693848608,0.060364210104137596,0.04579806827684739,1.0888252346657405,False,False
2025-07-20,-0.6006178306566893,-0.20523287052394637,11.0,314535.52908500005,True,1.2026202997257287,31.06876886319192,0.03784873521526818,-0.09485448428768221,1.0896294481193942,False,False
2025-07-21,-0.2480609348308334,0.07458135129885765,9.0,431660.22901700006,True,1.1877302616721652,30.820707928361088,0.02810960223011592,-0.1556437205203302,1.0896873908706828,False,False
2025-07-22,-0.018961311065525517,1.635426540737354,7.0,471185.46205699985,True,1.1689600278721342,30.801746617295564,0.02650619411803347,-0.16553413248772383,1.0896255946363744,False,False
2025-07-23,0.6095121954380289,-0.7828099636788611,7.0,803467.8056109999,True,1.1496419232626778,31.411258812733593,0.04636551883415182,-0.041041439362437905,1.0910886106804711,False,False
2025-07-24,1.6563922316766744,-0.24193231615391073,7.0,620482.2331760002,True,1.1360118870836988,33.06765104441027,0.10120893934217781,0.3026700709490001,1.096749045712532,False,False
2025-07-25,2.6613766141736956,1.7344558467482785,6.0,784453.7608140003,True,1.1567915095772545,35.729027658583966,0.18841764912922085,0.8488367415252699,1.109066204896124,True,True
2025-07-26,-0.16048646085659615,-0.1935621027448225,6.0,334878.099972,True,1.2355247910794747,35.56854119772737,0.17653269426167897,0.7731319968364003,1.1204235482380762,False,False
2025-07-27,-0.10031121796607972,0.1899497456067784,7.0,341486.85422699986,True,1.215448696288538,35.46822997976129,0.1671023742747682,0.7129606134031693,1.1310124538905348,False,False
2025-07-28,-0.27666109689898694,-0.49058374856803805,6.0,194446.00017599997,True,1.1954950249087872,35.191568882862306,0.15198616132405315,0.6172305992736159,1.1404007809117436,False,False
2025-07-29,0.3768072258423153,0.21677222024480447,6.0,171217.8140830001,True,1.1767999644957992,35.56837610870462,0.15964439213295498,0.6645471311284553,1.1503354263389034,False,False
2025-07-30,-0.21311729173873342,0.1799372372414992,6.0,210387.94428900004,True,1.1593566165570117,35.355258816965886,0.14694676071788645,0.5839960145814976,1.1592567410857009,False,False
2025-07-31,0.1447800036245062,0.19012661465424957,6.0,182858.532571,True,1.140845033484437,35.50003882059039,0.14687295301681044,0.5828553912896723,1.168133991961797,False,False
2025-08-01,0.7303759380696652,0.6260956757425193,6.0,355099.79709099996,True,1.1222928408740016,36.230414758660054,0.16674920680934963,0.7071088775654715,1.1784909589215515,False,False
2025-08-02,0.25118789973056255,0.21487389553781336,6.0,211045.99469099997,True,1.1116360475859282,36.481602658390614,0.16962549867639132,0.7242768779807227,1.1890209424945513,False,False
2025-08-03,0.10354363518327163,0.13435500078771515,7.0,130683.955718,True,1.0942061838187351,36.585146293573885,0.16737450781027846,0.7091708192345633,1.1993307992612419,False,False
2025-08-04,0.24983508291561984,0.32805850432582084,7.0,237817.07450600003,True,1.0762820458525066,36.8349813764895,0.1701834177222165,0.7259287571207728,1.209806979657871,False,False
2025-08-05,-0.2751543839070473,-0.26810276365132696,7.0,197754.07880099997,True,1.0594571498775025,36.55982699258245,0.15501357730471918,0.6294817057232712,1.2190765459703232,False,False
2025-08-06,0.5885375080029323,0.23957203260157325,9.0,311104.443685,True,1.0431346274261835,37.14836450058538,0.1697809939071769,0.7217428434876149,1.2294276869992828,False,False
2025-08-07,-2.3664665253470676,-2.0488646503921593,8.0,473002.38192500017,True,1.0314115950753833,34.781897975238316,0.08338709251080595,0.17610187808634895,1.2331455630170214,False,False
2025-08-08,-0.8429028576829738,0.0017433631693044385,13.0,649152.9036409999,True,1.101155711716692,33.93899511755534,0.05183425627944641,-0.023266436238935866,1.234444326278095,False,False
2025-08-09,-0.6263187398410079,0.682915812235371,13.0,728164.892295,True,1.093655724080881,33.31267637771433,0.028733875647209865,-0.16921862140612828,1.2339810949817136,False,False
2025-08-10,-0.28101419636682123,-0.5141093367727225,13.0,279777.373103,True,1.0815397862225091,33.031662181347514,0.018182719191066437,-0.23579410812350482,1.2327207081793223,False,False
2025-08-11,-0.30168537379977794,-0.4799647787190122,10.0,268558.634364,True,1.0648781467051118,32.729976807547736,0.007286837669132487,-0.30453632170886724,1.2306413812270134,False,False
2025-08-12,0.440887705909325,0.31592434922282436,8.0,310703.082905,True,1.048699249850027,33.17086451345706,0.02205687504222122,-0.21071037139220958,1.2296990159950791,False,False
2025-08-13,-0.7904062485907184,-0.02268924447919927,8.0,336192.4241119999,True,1.0344491637202409,32.38045826486634,-0.0056186015971131445,-0.3859354198343763,1.226661476180326,False,False
2025-08-14,1.0127358172884924,0.0843082079651633,8.0,332291.51622,True,1.0273673015905656,33.393194082154835,0.029070288408364862,-0.16553270135985562,1.226277896623922,False,False
2025-08-15,-1.7293667263294603,-0.5568067439697764,8.0,332486.69558699994,True,1.026890883548745,31.663827355825376,-0.030828531739142365,-0.5455797012873193,1.2213510349260275,False,False
2025-08-16,1.8060826371973342,1.5789587734895587,8.0,785660.1034830001,True,1.0573492136791511,33.46990999302271,0.03174340618553167,-0.14758529565809902,1.221201824916494,False,False
2025-08-17,-0.6394496718356363,-0.3095161074253596,7.0,445196.8636909998,True,1.0900830683306644,32.830460321187076,0.008880105922576244,-0.29281590353126286,1.2193218398639274,False,False
2025-08-18,-1.3414964166888987,-0.5345198331766197,8.0,558814.476127,True,1.078298356690774,31.488963904498178,-0.037118675820481735,-0.5851095760492115,1.2139655964067468,False,False
2025-08-19,0.7485744459821005,0.2561462061150996,8.0,1212081.3830180003,True,1.08793792960232,32.23753835048028,-0.010355083725730732,-0.41415914312996577,1.2106681956885852,False,False
2025-08-20,0.36223828036076144,0.09708663328541578,9.0,1003388.3220659998,True,1.0785057100633724,32.59977663084104,0.0023368140859654153,-0.33291786853325184,1.208352102244781,False,False
2025-08-21,1.8573510998564775,1.3318059434201095,8.0,354682.00191500003,True,1.0627039639598594,34.45712773069752,0.06552541061708887,0.07025645721827757,1.2108378325051696,False,False
2025-08-22,-0.08274168429195225,-0.05692477257503151,9.0,300225.832673,True,1.097915842738627,34.37438604640557,0.060474889060134936,0.037968415884786104,1.2129320796641851,False,False
2025-08-23,-0.007284428491794624,0.19183017609211983,9.0,215683.61872600007,True,1.07987107774783,34.367101617913775,0.05816675795269268,0.023195380093976925,1.2148444927275777,False,False
2025-08-24,0.6907880835780444,0.5173776123907432,8.0,145623.908602,True,1.062021480071217,35.05788970149182,0.07971616272264827,0.16091848616207477,1.2183813174155504,False,False
2025-08-25,-0.10996828185669204,-0.26939133301543894,7.0,172720.309976,True,1.0519292088068284,34.94792141963512,0.0732548141890009,0.11944868781469152,1.221415096899306,False,False
2025-08-26,-0.33300391992525635,-0.1043900571243877,6.0,147530.97515,True,1.034732290279312,34.61491749970987,0.05941615028750434,0.03074727878009969,1.2233906943282902,False,False
2025-08-27,0.8294432150480133,1.0131504641368627,5.0,132318.594701,True,1.0194128772953828,35.444360714757885,0.08564609896101481,0.19879325609170065,1.2273419499784175,False,False
2025-08-28,0.28376906539933205,0.20141944766285522,5.0,235301.76144699997,True,1.0137489557243846,35.72812978015722,0.09239489452730876,0.24189755048797507,1.2317864256922568,False,False
2025-08-29,0.2852738399745369,0.4051172891009805,5.0,150118.544117,True,0.9983147482629623,36.013403620131754,0.09896505948714661,0.2838467950958683,1.2367078017493973,False,False
2025-08-30,0.16818348571668446,-0.01972826870461628,5.0,97240.32171600014,True,0.9831703790064327,36.181587105848436,0.10132289319223362,0.2987356896460835,1.2417853694746328,False,False
2025-08-31,0.20826521183704907,0.18888116752031217,5.0,124518.78599599995,True,0.9673979002034329,36.38985231768549,0.10496574116104854,0.3218783519546347,1.2471150116784209,False,False
2025-09-01,0.012709189158095454,0.22643944999765472,5.0,137586.499685,True,0.952153779162545,36.40256150684358,0.10182314431702252,0.30137775447314236,1.2521834937182137,False,False
2025-09-02,0.5843800376399718,0.37547661730681997,5.0,168135.239118,True,0.9364173925263403,36.98694154448356,0.11826080361668004,0.4068895700453211,1.2584677025950222,False,False
2025-09-03,-0.1839927353423126,-0.09778890251886152,6.0,171823.335543,True,0.9269973663954979,36.80294880914124,0.10796493847795331,0.3402026676674747,1.2639467742824844,False,False
2025-09-04,0.13641136485562858,0.15574471134614043,6.0,123906.73824500002,True,0.912282532620505,36.93936017399687,0.10893392818992115,0.3461380217629197,1.2694731666655177,False,False
2025-09-05,0.09308289493921351,0.22793564130103194,6.0,85476.985638,True,0.8975423374512558,37.03244306893608,0.10839398380675815,0.3423405322254128,1.2749328371231232,False,False
2025-09-06,0.6639750174282363,0.6819121146992548,5.0,135139.53705499996,True,0.8828667625242256,37.69641808636432,0.1273191134021146,0.4641550967704963,1.281789790534016,False,False
2025-09-07,0.8259907755702197,0.3579342018839744,4.0,86555.74805,True,0.8765570997396153,38.52240886193454,0.1511184351044707,0.6173258329369551,1.2904017635503922,False,False
2025-09-08,-0.4666904077441033,-0.42425578066677744,6.0,172745.85585299996,True,0.8749455220870281,38.05571845419043,0.1300735978834816,0.48072193397637436,1.2973891613112176,False,False
2025-09-09,1.1556023160552216,0.5419675560764118,7.0,252155.58663400004,True,0.8646220381314846,39.211320770245656,0.1650068708348431,0.7059646347851337,1.306963770661744,False,False
2025-09-10,-0.26732849948447834,-0.4804507759825951,10.0,430836.52652799996,False,0.875696829779262,38.94399227076118,0.15027994097903108,0.6099317824803848,1.3153832859053405,False,False
2025-09-11,0.04389688203929917,0.4718282966530046,10.0,280293.260461,True,0.8625807355356713,38.98788915280048,0.14665614344965183,0.5858208149798446,1.3234867828296073,False,False
2025-09-12,-0.035689825239333554,-0.3566156909638769,10.0,173888.765143,True,0.8483594237760492,38.952199327561146,0.14044477034755598,0.5449910997743241,1.3310818373194613,False,False
2025-09-13,-0.19222541000085225,-0.26394599034107497,9.0,241259.04574600002,True,0.8343609836090635,38.759973917560295,0.12911280274273204,0.47103627583171565,1.3377877955005615,False,False
2025-09-14,1.2330071638502087,1.0836597066925393,10.0,129537.83565899999,True,0.8213067872454938,39.992981081410505,0.16671549717699585,0.7141897536583282,1.3472716086483985,False,False
2025-09-15,0.8216942650706681,0.8247855778366217,10.0,253186.05888799997,True,0.8380183726516954,40.814675346481174,0.18902647849678028,0.8578369726180612,1.3583709986242516,False,False
2025-09-16,0.04465104921046691,-0.08311269596082133,10.0,174661.10012,True,0.8374882000813427,40.85932639569164,0.18410852136031136,0.8247922983991535,1.3690397632966391,False,False
2025-09-17,-0.1384663299635822,-0.11613935739737229,9.0,99852.60117399998,True,0.8236841201761053,40.720860065728054,0.17312043772354135,0.7524817823711438,1.378826645860473,False,False
2025-09-18,-0.9505302625363325,-0.7450587969643048,6.0,161335.87619199997,True,0.8104564551487838,39.77032980319172,0.13484476985253804,0.50329105606456,1.385701149455478,False,False
2025-09-19,0.6413233884118336,1.2923787227543744,6.0,349724.939193,True,0.8154306590334918,40.411653191603556,0.15209729092782898,0.614777195059678,1.3938222418937207,False,False
2025-09-20,-0.3058383275054828,0.20287800418011906,6.0,123712.27957599999,True,0.8103155922178253,40.10581486409807,0.13649832264260178,0.5128005118430228,1.40073374133992,False,False
2025-09-21,0.5097041393114994,0.7018313267884113,7.0,177753.98146100002,True,0.7988428353629365,40.615519003409574,0.14921108282913145,0.5948978684538377,1.408550821783356,False,False
2025-09-22,-0.917985076522142,-0.2038702247103819,8.0,238341.82679700002,True,0.7910403817983366,39.69753392688743,0.11285846387275944,0.3578664056943982,1.413617867728963,False,False
2025-09-23,0.09412169011762332,0.29667725557227675,10.0,195356.18596399997,True,0.7955237696299344,39.791655617005055,0.11222022057435882,0.35339304888521206,1.418607974848262,False,False
2025-09-24,-0.5668951143263626,0.0012231070125357081,10.0,504083.208928,True,0.7825592929001589,39.22476050267869,0.08908705917734239,0.20238519027658766,1.4218514253980765,False,False
2025-09-25,-0.39614841872367756,-0.4576385993681045,9.0,234523.19687099996,True,0.776438728374632,38.828612083955015,0.07255815745938872,0.09445027378573098,1.423850616777572,False,False
2025-09-26,-1.3604745210217097,-0.4645383181211181,10.0,441508.882383,True,0.7669658624025456,37.46813756293331,0.023743803646145183,-0.22415342864382953,1.42222144162625,False,False
2025-09-27,-0.06713003923959374,-0.7110199683329672,4.0,74394.39739099998,True,0.7934955535691197,37.401007523693714,0.020648306951922216,-0.24418078456063327,1.4203759680324064,False,False
2025-09-28,-0.4174383962757929,-0.67915492860436,8.0,190400.984061,True,0.7804736645363939,36.98356912741792,0.005725465586919358,-0.3414825651541497,1.417440409291919,False,False
2025-09-29,-3.3261908826143323,-3.332762682609954,7.0,238710.54319799997,True,0.7712850444439151,33.65737824480359,-0.10777183697645999,-1.0824671498256428,1.4061326901358662,False,False
2025-09-30,-0.05223991594096937,2.5182635068943413,10.0,603096.3590380001,True,0.9685638749433895,33.60513832886262,-0.10588021588367964,-1.068293718005803,1.395037043444603,False,False
2025-10-01,2.614001844695588,2.7058997640723996,13.0,450738.40751499997,True,0.9526003972497181,36.21914017355821,-0.013231047987322742,-0.46162457154750197,1.390853483170387,True,True
2025-10-02,0.43021024279293124,0.16582906681871598,13.0,278820.276953,True,1.049632479645143,36.64935041635114,0.0018741902863548866,-0.36240567484487257,1.3878125327139432,False,False
2025-10-03,-0.9456657219167122,0.9953535047396895,13.0,341938.487433,True,1.0352170263753984,35.70368469443443,-0.030402497620522804,-0.5732818199229723,1.3824121780182084,False,False
2025-10-04,-3.6558896108563808,-3.5751105497389215,14.0,1113215.9198679996,True,1.0324040870029652,32.04779508357805,-0.15389989815891464,-1.3797065072779524,1.3679448054529608,False,False
2025-10-05,-0.3987965218952359,-0.09483418530254809,15.0,887554.7859680002,True,1.2120752959659602,31.648998561682816,-0.1622419761989754,-1.4309521698662742,1.3529491715757096,False,False
2025-10-06,-1.312573523720583,-1.7484253130681995,16.0,780036.1965189999,True,1.1942247603064575,30.336425037962233,-0.20142649166879656,-1.6824014593676015,1.3351560192650098,False,False
2025-10-07,0.0699539279825354,0.7037453919198258,15.0,581960.798212,True,1.198290401168774,30.406378965944768,-0.192182278315808,-1.6174333027528245,1.3181431738758906,False,False
2025-10-08,-1.433664596993085,-0.95137191815695,13.0,564717.554174,True,1.1785506350549246,28.97271436895168,-0.23447172367257602,-1.886793514684801,1.2981132920639484,False,False
2025-10-09,-1.657362712438835,-1.687674129892102,11.0,496688.2348360001,True,1.1877841608102717,27.315351656512846,-0.28294061429826356,-2.1926487809123314,1.2746257633832927,False,False
2025-10-10,-0.48740581890603646,0.31416481426461595,13.0,483028.96060399996,True,1.206082578145838,26.82794583760681,-0.289905449775524,-2.2275744562898683,1.25074523562055,False,False
2025-10-11,-0.5065513644756098,-0.6001160766062598,13.0,353743.40671599994,True,1.189424731129044,26.3213944731312,-0.2972852049548587,-2.2645984802312578,1.2264386951377302,False,False
2025-10-12,-1.6851866899418693,-2.054291451425286,14.0,580793.4601690001,True,1.1733539350125743,24.63620778318933,-0.34456222463169295,-2.554842049832544,1.1987728076251862,False,False
2025-10-13,-1.403137778687201,-0.8333890139340837,12.0,246759.164313,True,1.193620465288021,23.23307000450213,-0.38062119411877815,-2.7680037650681077,1.168581261471092,False,False
2025-10-14,0.09013183899693561,-0.25120596656019883,13.0,229841.27608399995,True,1.2010695453162208,23.323201843499067,-0.3645856176387139,-2.6490388790570756,1.1396940490884955,False,False
2025-10-15,-0.6649945775319089,-0.8287772173261989,14.0,275911.314596,True,1.181328512993917,22.658207265967157,-0.3748186496380116,-2.696923312944855,1.1101707776695446,False,False
2025-10-16,-0.033071746175771556,0.40887502808107984,14.0,355538.7390439999,True,1.168024256112909,22.625135519791385,-0.3631774955259097,-2.607510644245316,1.0816139703294105,False,False
2025-10-17,-1.7156285506241604,-1.4688562361468498,13.0,597247.498776,True,1.1487323349764973,20.909506969167225,-0.40924694341818274,-2.8774021087196697,1.0497767076831699,False,False
2025-10-18,-1.3979871980060994,-1.627833641695965,13.0,487171.7348050002,True,1.171676237814987,19.511519771161126,-0.4429270662335804,-3.0640357310833135,1.0155730232258486,False,False
2025-10-19,0.2646750205476355,-0.04866947833449098,14.0,394333.3846309998,True,1.1797848120410446,19.77619479170876,-0.4188235414943648,-2.8930301258764097,0.9832467805945585,False,False
2025-10-20,0.3526954267984521,0.5786528499904432,12.0,373506.7706409999,True,1.1612722246723128,20.128890218507212,-0.3925427731270284,-2.712838075314783,0.9529460924329738,False,False
2025-10-21,0.24686485697530408,0.10676952204709597,12.0,277818.3370200001,True,1.1438604766312164,20.375755075482516,-0.370762201929743,-2.5637187497768137,0.9243294621703168,False,False
2025-10-22,0.4193975493197691,0.2709414137466531,9.0,525483.4865739997,True,1.12584011328235,20.795152624802284,-0.3438464600633272,-2.386311381759804,0.8977654075637037,False,False
2025-10-23,1.308236761777129,1.3551459497094422,12.0,364535.78385299986,True,1.1098310977593862,22.103389386579412,-0.2875704405996599,-2.034158298587165,0.8754035665855131,False,False
2025-10-24,-0.18525498718157013,0.04295131180712087,9.0,567447.9568160002,True,1.1168951861363527,21.918134399397843,-0.2840852006481552,-2.0052486043846725,0.8533507415406026,False,False
2025-10-25,-0.2744731464646083,0.3217140032670393,10.0,371801.12497,True,1.0989449040594772,21.643661252933235,-0.28375777879605707,-1.9957177744392398,0.8313714066882539,False,False
2025-10-26,-0.797581259135143,-0.8860351041741125,10.0,280786.30463399994,True,1.0819213634115634,20.846079993798092,-0.3012604928227321,-2.0934975495777524,0.8081510216435942,False,False
2025-10-27,-0.17230681167472628,-0.23289502025735936,9.0,411351.98078099993,True,1.0737932421262533,20.673773182123366,-0.29686785704376073,-2.0587326070090146,0.785300325875359,False,False
2025-10-28,0.24867995256462683,0.30683676790117054,8.0,215013.63498799998,True,1.0565041474979082,20.92245313468799,-0.27828449589979226,-1.9394546428433888,0.7638609475809872,False,False
2025-10-29,-0.028824974492797792,-0.42856186348720643,9.0,217049.50163799993,True,1.0400153074598124,20.893628160195192,-0.26978698881526925,-1.8817709628937227,0.7430858024548236,False,False
2025-10-30,0.3750525070041611,-0.06957058010813923,8.0,275649.6804889999,True,1.0228370965623153,21.26868066719935,-0.24782138833153583,-1.7442499118871584,0.72396437415073,False,False
2025-10-31,1.0389035507085882,0.3515181763399826,10.0,373725.930462,True,1.0082193017579328,22.30758421790794,-0.2039908132402669,-1.4772913680672177,0.7081047872461317,False,False
2025-11-01,0.6558632318165384,0.7909850541361603,11.0,536098.680362,True,1.0092401353276748,22.96344744972448,-0.17470102787448197,-1.298797602714757,0.6944299943453667,False,False
2025-11-02,-0.8648399611110886,-0.4600211709812116,14.0,343682.11247500003,False,0.9996367049441166,22.098607488613393,-0.19820969349421727,-1.4366059966751619,0.6790415856700791,False,False
2025-11-03,1.4145935746662686,1.0605278525174542,11.0,372076.270531,True,0.9955065856077453,23.513201063279663,-0.14327169345458865,-1.1053078898086561,0.6677303007662704,False,False
2025-11-04,-0.52329228907724,-0.428979281557655,10.0,153827.107674,True,1.012002714311824,22.989908774202423,-0.15621659002659055,-1.1808233207333736,0.6554792697166928,False,False
2025-11-05,-1.2530893563997545,-1.0091209406276187,13.0,313554.07985599997,False,0.9997744761887152,21.736819417802668,-0.193580103154207,-1.4017027744691337,0.6404846259530608,False,False
2025-11-06,-1.0042609409992553,-0.3003281955220349,11.0,643386.0388110001,False,1.0090886773502252,20.732558476803412,-0.22119486856333773,-1.5631171163149844,0.6234680442688979,False,False
2025-11-07,-0.019502986839959286,-0.25120264878842974,11.0,479884.02516,False,1.0089307571400679,20.713055489963452,-0.21432450264533986,-1.51828561774828,0.6069799157524706,False,False
2025-11-08,-0.30151950409084544,-0.13354878114699534,11.0,465156.824786,False,0.9922593453721411,20.411535985872607,-0.21729468449416248,-1.532241519799922,0.590290776193198,False,False
2025-11-09,-0.07090359744428884,-0.04511312673297302,12.0,304378.432145,False,0.9773833025288964,20.340632388428318,-0.21230806665626079,-1.498864068220268,0.5739886983413107,False,False
2025-11-10,0.2451219562733223,0.298518716893698,11.0,236696.06068499997,True,0.9613128242299815,20.58575434470164,-0.19672632081438016,-1.4028258378388743,0.5588572832712032,False,False
2025-11-11,0.5551106727530007,0.0526828997720606,10.0,168582.78946099998,True,0.9464635420369515,21.14086501745464,-0.171115992761928,-1.2477865463099944,0.5456384455841155,False,False
2025-11-12,-0.2734737015129582,-0.5619563593741106,9.0,357227.00491099997,False,0.9362297629360479,20.86739131594168,-0.1746026720850189,-1.2661415195264147,0.5321734332264507,False,False
2025-11-13,-0.024831937217196308,0.10199941571057712,9.0,265342.249443,False,0.9220844102027654,20.842559378724484,-0.16950093103552957,-1.2334670650357054,0.5190988611532774,False,False
2025-11-14,1.296867766186833,1.9345610589524935,9.0,418814.7141959999,False,0.9068534383806431,22.139427144911316,-0.11955103005591326,-0.9347514074903992,0.5097432042950675,False,False
2025-11-15,0.6779207787880793,0.9213249651348072,7.0,266392.6805469999,False,0.9222596878440897,22.817347923699394,-0.09238621266641348,-0.772079606434475,0.502413089369426,False,False
2025-11-16,-0.9195958180609227,-0.5843793315887845,8.0,298023.141894,False,0.9152834008357669,21.89775210563847,-0.12056400857611253,-0.9386431782244733,0.4929951946167135,False,False
2025-11-17,-1.04395528038469,-0.9423299245841198,8.0,336891.788198,False,0.9154251137159815,20.85379682525378,-0.1520181051341049,-1.1241719217350772,0.48124589419433605,False,False
2025-11-18,0.0229074602290269,0.29469816837103546,8.0,350825.774938,False,0.9199240040819073,20.87670428548281,-0.14605949821267694,-1.086953235909381,0.46994854619743615,False,False
2025-11-19,-2.32659149890047,-1.3331568381441017,10.0,1396231.0182369999,False,0.904727106044377,18.55011278658234,-0.22033642305611925,-1.5256090080286822,0.4531295082042215,False,False
2025-11-20,0.4897751894241438,0.6928859559867757,10.0,816859.6664920002,False,0.9844645310647697,19.039887976006483,-0.19614741466094848,-1.3787823191817181,0.43812287330755567,False,False
2025-11-21,-3.6091837643727436,-2.526155380163667,9.0,2211988.056828999,True,0.9722444331661796,15.430704211633739,-0.31240796224969886,-2.062155400074449,0.41445923505651777,False,False
2025-11-22,1.4208869052869442,0.9640784423691545,8.0,1186309.9103089997,True,1.1581692391150404,16.851591116920684,-0.2533655760034099,-1.7070800951807354,0.39521130798228515,False,False
2025-11-23,0.49154355944357286,0.8318831814198662,8.0,982202.766912,True,1.1677205108537148,17.343134676364258,-0.22799123623172501,-1.5529367560657727,0.3778661881294503,False,False
2025-11-24,-0.10789712717942548,0.22123340369348277,8.0,1031885.1926759998,True,1.1518618569132506,17.235237549184834,-0.2239003900027572,-1.525060016035278,0.3608340882811873,False,False
2025-11-25,-3.604101374855561,-0.4452601584616867,7.0,1943725.860147995,True,1.1329899625543687,13.631136174329274,-0.3390424445226812,-2.196477027903947,0.33520390936696537,False,False
2025-11-26,2.1150976161816915,0.3265777848308588,7.0,1415852.2281020002,True,1.2913038711902503,15.746233790510965,-0.2554454247196932,-1.698876407486656,0.3158336732371606,False,False
2025-11-27,0.30137470945293504,0.31100794362795847,7.0,588371.649365,True,1.326450659402976,16.0476084999639,-0.23647808682060098,-1.583209468570701,0.29788859086795505,False,False
2025-11-28,1.6743428878160442,1.697665401750012,6.0,1046427.9883419995,True,1.3056652258097905,17.721951387779946,-0.17138850965504204,-1.1983255109113538,0.28482245038832815,False,False
2025-11-29,0.08998182203054798,-0.5329738535213774,7.0,709454.2974949996,True,1.3193875120337095,17.811933209810494,-0.16248527664743181,-1.1440881135427654,0.27242682420135556,False,False
2025-11-30,-0.6717317974834425,-0.6148783208361773,7.0,555739.731468,True,1.297680237252605,17.140201412327052,-0.17983208262986128,-1.2437788460171082,0.2587333975499493,False,False
2025-12-01,0.3814823030972115,-0.5319830675710494,8.0,766289.9314450003,True,1.2820124594020386,17.521683715424263,-0.16071165402416443,-1.129599151172874,0.24647758679561477,False,False
2025-12-02,-0.16679040262539513,0.30958293440769347,9.0,981611.5855159994,True,1.2627114842917455,17.35489331279887,-0.1609187185170709,-1.1289816843591645,0.23420863107462114,False,False
2025-12-03,1.3786149130987462,1.3664308228806021,10.0,1038380.11179,True,1.2422059626095603,18.733508225897616,-0.10847655127919625,-0.8200055885752977,0.22588230882197138,False,False
2025-12-04,-0.2671066928904181,0.15571277787204113,11.0,691400.253777,True,1.246915024780413,18.466401533007197,-0.11388007624578297,-0.8507054142495188,0.21715119915100808,False,False
2025-12-05,-0.14158079295911308,0.39497617384274875,10.0,358582.89677900006,True,1.227256831879762,18.324820740048082,-0.11482366434847498,-0.855197781094321,0.2083505405169556,False,False
2025-12-06,-0.280665610192655,-0.26428567728836916,9.0,290477.15895099996,True,1.2072424233247538,18.044155129855426,-0.12047284984230824,-0.8872716689011598,0.1991258801096253,False,False
2025-12-07,-0.12196802811564525,-0.11789258993046954,8.0,361593.2351589999,True,1.1883737879831482,17.92218710173978,-0.12052378110321108,-0.8864495594167363,0.18989866392880947,False,False
2025-12-08,0.38132496903975277,-0.10197343107590448,8.0,420771.63005399995,True,1.1689385361665552,18.303512070779533,-0.10342897034848676,-0.7850598207072512,0.18196153683392824,False,False
2025-12-09,-0.13843818842926958,-0.5386339562579757,8.0,310094.81448899995,True,1.1516875568279796,18.165073882350264,-0.1046215128378143,-0.7911636689308569,0.17393540587556414,False,False
2025-12-10,0.043651768151441936,0.020841407823015856,9.0,613373.6805629993,False,1.132927438511204,18.208725650501705,-0.0995707805648584,-0.7606102772284064,0.16629152072209208,False,False
2025-12-11,0.386162560724031,0.3161180275978957,9.0,524824.3411399999,True,1.114228108418768,18.594888211225737,-0.08302491979662906,-0.6625927910336433,0.15989855839536887,False,False
2025-12-12,-0.08756227125416753,-0.3007458369964587,7.0,205045.95732699998,True,1.098038453600424,18.50732593997157,-0.083179478644234,-0.6628318606995324,0.15349457921530396,False,False
2025-12-13,0.6283408683263432,0.9471627559137228,6.0,194337.46840899996,True,1.0800041919595722,19.135666808297913,-0.058942483581299006,-0.5196596907857072,0.14892497689073383,False,False
2025-12-14,-0.3801639406040635,-0.2937598061906061,6.0,651565.8598140001,True,1.0682278764453919,18.75550286769385,-0.06988446563580032,-0.5835716517798508,0.14352742730836235,False,False
2025-12-15,-0.4888952029357531,-0.2727470296643137,6.0,960259.5458219997,True,1.0528227942929185,18.266607664758094,-0.08415750956839084,-0.66701969002213,0.13704899610544424,False,False
2025-12-16,-0.8050162957821697,-0.942234571586312,7.0,1688042.353273002,True,1.039196972476862,17.461591368975924,-0.1087126061540225,-0.8108592341226912,0.1287093962277247,False,False
2025-12-17,0.24890194857756248,0.23053278372497726,8.0,994913.0020640002,True,1.0323615526602576,17.710493317553485,-0.09653094158976132,-0.7382213628900148,0.12129454269461322,False,False
2025-12-18,-0.48896967676962483,-0.6381285798778032,8.0,1378395.6208200003,True,1.0162963644647798,17.22152364078386,-0.1098988455822863,-0.8161355477684975,0.11286522236218022,False,False
2025-12-19,0.48574797289230887,-0.2502752542469965,8.0,1220562.4108880009,True,1.0034107593797443,17.70727161367617,-0.08960892828049982,-0.6956908940391404,0.10597784116374394,False,False
2025-12-20,0.11455091726352858,-0.18171330928935214,5.0,145594.164635,True,0.9907362556588829,17.8218225309397,-0.08265449445503252,-0.6539906882623863,0.09961952515039481,False,False
2025-12-21,-0.23327382368965166,-0.044313324827473986,7.0,193106.01826399998,True,0.9745800695814877,17.588548707250048,-0.08778514174371309,-0.683592047056174,0.09287116465958473,False,False
2025-12-22,0.2890799576425718,0.39878149697897913,6.0,213936.31082899997,True,0.959400475536042,17.87762866489262,-0.07494773295833901,-0.6071801889632222,0.08710041548958965,False,False
2025-12-23,1.0174987733773164,0.49547452992438024,8.0,305913.60335600004,True,0.9449923357263726,18.895127438269935,-0.03773499449883162,-0.38694509812420336,0.08416494562543353,False,False
2025-12-24,-0.7426683249903165,-0.6984433665155991,8.0,211227.38367499996,True,0.9474575806002061,18.15245911327962,-0.061747611598910866,-0.5284762029123938,0.07939897952448605,False,False
2025-12-25,0.5001325245843079,0.922667373306211,8.0,312748.750113,True,0.9414497765435519,18.652591637863928,-0.04260791145606854,-0.41490194369386046,0.07609336614495532,False,False
2025-12-26,-0.635826200390858,0.5000943610568845,10.0,787109.6585790004,False,0.9303057686902355,18.01676543747307,-0.06281510412634796,-0.534051912930702,0.07124522845214017,False,False
2025-12-27,-0.5462530655550767,-0.5057892303492286,11.0,419139.48368599993,False,0.9221429996857371,17.47051237191799,-0.07928277582988735,-0.6309783967493923,0.06513918691020876,False,False
2025-12-28,-0.2753996123463803,-0.3879999243658887,7.0,225288.83008599994,False,0.9122778171122758,17.19511275957161,-0.08596323524135867,-0.6698942151567215,0.058522578278018884,False,False
2025-12-29,2.0290055290088564,1.7205324818059735,7.0,609408.2722020001,False,0.8985825624811865,19.224118288580467,-0.013919634920946122,-0.24268372525759271,0.057417481313589674,True,False
2025-12-30,-0.5869391246076872,-0.40802679062669983,6.0,362084.7885719999,False,0.9570558847007753,18.637179163972778,-0.03343878233748894,-0.3581803640878022,0.054818218209498115,False,False
2025-12-31,-0.001181413460087412,-0.1438185213596995,9.0,236357.40065399985,False,0.9472167773794077,18.63599775051269,-0.03233997793428829,-0.35138910339558505,0.05230322042648311,False,False
2026-01-01,0.3880086108803556,-0.09962535941543667,10.0,662701.7220539999,False,0.9315592469590341,19.024006361393045,-0.018021361867863468,-0.2661648739881907,0.05088594730933524,False,False
2026-01-02,-0.29125205852916963,-0.2838286026381762,11.0,883214.589468,False,0.9188504622434233,18.732754302863874,-0.027328602446655807,-0.32122834658420313,0.04875478640290321,False,False
2026-01-03,1.108814213199984,1.4424678898774397,12.0,2130889.738422999,False,0.9051993674771147,19.84156851606386,0.011372592720277797,-0.09105574157602918,0.04959452512461032,False,False
2026-01-04,1.4607604212184793,1.2166292228826723,16.0,2607234.4174619983,True,0.912595880965543,21.30232893728234,0.060744062971000025,0.2025531717527734,0.05422681887247086,False,False
2026-01-05,-0.6291940695149896,-0.7437613874686596,18.0,2229583.590981,False,0.9356744339060279,20.67313486776735,0.03724223736359455,0.06258697282365912,0.05705263226803215,False,False
2026-01-06,0.6458013291917301,-0.06570348841395847,21.0,1821563.2525120005,True,0.9272335235366069,21.31893619695908,0.05797199409759019,0.18595957150931522,0.06147303524481057,False,False
2026-01-07,-0.8606619563161633,-1.1343969494261188,20.0,1921634.9246000003,False,0.9193732460177686,20.458274240642915,0.026679949371982377,-0.000593178905900629,0.06348487936754212,False,False
2026-01-08,0.38771214934685777,0.4170706068323106,23.0,2646877.825343,False,0.9175078573007139,20.845986389989772,0.038978031479558535,0.07272439132925573,0.06644404160035923,False,False
2026-01-09,0.7748693603592367,0.771260692299773,25.0,3285023.594003998,False,0.9050682501674873,21.62085575034901,0.06404519165375655,0.22221161577147114,0.07133534296129969,False,False
2026-01-10,-0.4502422098059033,-0.2609417257546896,32.0,1679563.5734720002,False,0.9010977707810259,21.170613540543105,0.04652667477221569,0.11748272316914257,0.0748755186377498,False,False
2026-01-11,1.498578498513811,1.888122865688667,36.0,2665271.9978359994,True,0.8899446510958383,22.669192039056917,0.09598889048056325,0.4128214531191198,0.08223323029817692,False,False
2026-01-12,0.09990662574914744,0.18786312336465377,35.0,3028887.3094509994,False,0.9163323416954129,22.769098664806066,0.0961223429261127,0.4132939167202749,0.08960123748788214,False,False
2026-01-13,2.8104411533357223,1.707159038206572,31.0,3182144.3516580015,True,0.9013668606832127,25.57953981814179,0.18858200607759565,0.9653421806021069,0.1041147528642769,True,True
2026-01-14,1.2895118530209588,0.13257068055194715,29.0,2650654.524651,True,1.0221516225929494,26.869051671162747,0.2260837182609239,1.187845633399433,0.1215281230058489,False,False
2026-01-15,-3.084673515379486,-2.280945983589481,32.0,5978034.064801998,False,1.0320163624731713,23.784378155783262,0.11330717284384237,0.5126828664716995,0.13021379357169066,False,False
2026-01-16,-0.48643357830913225,-0.3986510606404896,29.0,1819767.0348450001,False,1.158495565925368,23.29794457747413,0.0928778011660848,0.39009497331093734,0.13731729234903003,False,False
2026-01-17,-0.7342587899524456,-0.7573802367130636,28.0,1695859.1589019992,False,1.142745054092176,22.563685787521685,0.06470249239184334,0.22119103515136582,0.1422374251676309,False,False
2026-01-18,0.28404875624074705,0.48623118793007974,29.0,1770106.8458270002,True,1.131692343292549,22.84773454376243,0.07217423137519621,0.2657796989636858,0.1477368266177826,False,False
2026-01-19,0.22707396605477806,0.26463853250992336,29.0,1864607.290894,False,1.1141731724346193,23.07480850981721,0.07745068498697733,0.29720584867856986,0.15364549970953686,False,False
2026-01-20,-0.29393372714144556,-0.34090311493562026,28.0,1566910.782626,False,1.0965269668589488,22.780874782675763,0.06479996852973229,0.22114154620207585,0.15857183733706665,False,False
2026-01-21,0.29255581277461,0.20910356332337754,26.0,2604896.595575001,False,1.0797138810446887,23.073430595450372,0.07255816869357114,0.26753312885860064,0.16410078519937055,False,False
2026-01-22,-0.9348341588702577,-0.5067577008958419,26.0,3221511.1160420002,False,1.0631866697289298,22.138596436580116,0.03824268780364356,0.0613260412971263,0.16696192805000784,False,False
2026-01-23,0.6864086932534962,0.6086352865804093,29.0,3476820.0593579994,True,1.0592250305173267,22.825005129833613,0.06032160141548296,0.19392993621253748,0.17154057920765758,False,False
2026-01-24,0.018077396294416268,-0.14211024351065005,28.0,3471279.041072998,False,1.0491043487216551,22.84308252612803,0.05888260870740137,0.18514646181937738,0.17600709830728387,False,False
2026-01-25,-0.6508265514357002,-0.5043196795006707,25.0,2653503.633526,False,1.0317677784203736,22.19225597469233,0.03470730931716165,0.03959338121525511,0.17859050921624767,False,False
2026-01-26,0.2593877835461727,0.30201797005545433,25.0,2441275.352333,False,1.0215328448119338,22.451643758238504,0.04236075108833928,0.0856379603095577,0.18177044380860602,False,False
2026-01-27,0.020304467789739492,-0.10444960609348396,22.0,2588452.4121690006,False,1.0057441240460672,22.471948226028243,0.04160943310891243,0.08105551948411784,0.18489175370062436,False,False
2026-01-28,0.07797539081350678,-0.1814976868161397,18.0,668427.78988,False,0.9891259416560483,22.54992361684175,0.042848191130499376,0.08846843584425561,0.18810970290821405,False,False
2026-01-29,0.07207348274298492,-0.42749712510118265,20.0,1363732.8591000005,True,0.9728780849464251,22.621997099584735,0.043843711851066176,0.09441425558532184,0.1914053442420808,False,False
2026-01-30,0.1064144756337531,0.046413593332621204,18.0,926698.398024,False,0.9568853457090165,22.728411575218487,0.04597510176748829,0.10721544206647532,0.19486746664533983,False,False
2026-01-31,-0.04614195275069636,0.01185020050124568,19.0,826734.9864590002,False,0.9412652138257979,22.682269622467793,0.042837256721958136,0.08819395009415583,0.19808416849936225,False,False
2026-02-01,-0.2914621340544056,-0.4741008747075424,19.0,912776.0537129999,False,0.9257437425255448,22.390807488413387,0.03144979223389024,0.019317608995585336,0.2004098973105988,False,False
2026-02-02,-0.6075563712953354,-0.6040097210514196,21.0,1147910.1631230002,False,0.9119694725749572,21.783251117118052,0.009682896464365435,-0.11232585844379263,0.20103162468506824,False,False
2026-02-03,-0.5226313620033514,-0.2300505259299617,24.0,1154010.8224339997,False,0.9036162347921509,21.2606197551147,-0.008449681344749067,-0.22197028058196303,0.2002331449858432,False,False
2026-02-04,0.1889075150016339,0.30372285322797477,21.0,1191237.548492,True,0.8937038673002881,21.449527270116334,-0.0017269707240713467,-0.18111540904738693,0.19996196255176577,False,False
2026-02-05,0.14939454504549263,-0.18595355411796438,21.0,1703390.6279469999,False,0.8795962338841511,21.598921815161827,0.0034207828814965327,-0.14980569147504239,0.2000948247916277,False,False
2026-02-06,0.2483978897366917,0.1300173260627882,22.0,884998.0386199999,False,0.865479304138205,21.847319704898517,0.011765602470377862,-0.09911511091439214,0.20088285709767464,False,False
2026-02-07,-0.772431381760961,-0.8576802504140173,20.0,973166.6720250002,False,0.852360407569523,21.074888323137557,-0.014947025658677652,-0.2610957465049844,0.19957328203448033,False,False
2026-02-08,0.24490844174829077,0.3722003237044658,21.0,584914.5066460001,False,0.849858986123627,21.319796764885847,-0.006095394489823404,-0.2071880274015075,0.19895966855630046,False,False
2026-02-09,0.2154057649872792,0.0066316199152086875,20.0,454547.041958,False,0.8369863754146512,21.535202529873125,0.0014497481493886872,-0.16122080270743766,0.19893965068205688,False,False
2026-02-10,0.039362106538034417,-0.17182108887544356,19.0,469250.09353799996,False,0.8240744896358595,21.57456463641116,0.002741182255225986,-0.15326482214580422,0.19902150120671572,False,False
2026-02-11,0.1361779425278056,0.07314399117995977,20.0,769859.319308,False,0.8104838246858694,21.710742578938966,0.007286528166495906,-0.12552038644301636,0.19946144824529513,False,False
2026-02-12,-0.3708670786274435,-0.2553679810588973,18.0,860624.2733470001,False,0.7974677815641216,21.33987550031152,-0.005594771911244966,-0.2038260868314426,0.19888685043738297,False,False
2026-02-13,0.14473632497001584,-0.05947838782571509,19.0,929988.768597,False,0.7871553022527157,21.484611825281537,-0.0004739428747034501,-0.17250801501648355,0.19871622280194454,False,False
2026-02-14,-0.18341580980161598,-0.18262087895780024,19.0,654058.6779249997,False,0.7745870598839798,21.30119601547992,-0.0067056144555894875,-0.21036266834226477,0.1980543389793784,False,False
2026-02-15,0.07161686762164589,0.07854959792194544,21.0,715455.787824,False,0.7625066986122218,21.372812883101567,-0.004037663188315481,-0.19395593463966712,0.19760334044257433,False,False
2026-02-16,0.4256378516618517,0.17211051578987854,22.0,782883.720441,False,0.7500145287936217,21.798450734763417,0.010598662218616769,-0.10453594141242609,0.19830852264222174,False,False
2026-02-17,0.2984848756741925,0.4282397453506447,20.0,1053436.2292570001,True,0.741632238002347,22.09693561043761,0.020405123500857658,-0.04460246905666374,0.19978881840630858,False,False
2026-02-18,2.942502789980795,1.9450173467825729,24.0,1880986.6916570002,True,0.7313727340360293,25.039438400418405,0.11994249726148754,0.5633565096211172,0.20913974547988426,True,True
2026-02-19,-0.6019128246257316,-0.37543510025462223,25.0,2379978.7853239994,True,0.8951243526503596,24.437525575792673,0.0953534550128284,0.4126776817679464,0.21654441554508028,False,False
2026-02-20,0.24918394644413167,0.11795982334712865,25.0,1253467.737085,True,0.8870489561143569,24.686709522236804,0.10059348627428256,0.44439878679302663,0.22436330152678519,False,False
2026-02-21,-0.33425273439120146,-0.22926277933860448,26.0,1184799.172693,False,0.8735520145091877,24.3524567878456,0.08578102764523522,0.3534672936506867,0.2310080915242552,False,False
2026-02-22,-0.04026522357167618,-0.06356099638135118,35.0,1771566.4773389997,False,0.8612414216550985,24.312191564273924,0.08148742960351928,0.3269376193134984,0.23731194237267103,False,False
2026-02-23,0.562420979109269,0.43120002139557556,37.0,1800290.052703,True,0.8470364243824453,24.874612543383193,0.0978697918429147,0.427017443387005,0.24491446351759594,False,False
2026-02-24,0.22749052850413293,0.5199373872792459,36.0,2377078.0444539995,True,0.8392366384809283,25.102103071887328,0.10228514998106816,0.45374349806753084,0.25286650989120607,False,False
2026-02-25,-0.24641060661698552,-0.23910882015846377,30.0,1862060.612422,False,0.8263912646127692,24.85569246527034,0.090407292422993,0.380596749766974,0.2598744238434018,False,False
2026-02-26,-0.6316925508928543,-0.7568789190521485,27.0,2716703.7800649996,True,0.8139547775587723,24.223999914377487,0.06580992087682755,0.22945808711592391,0.264927183846913,False,False
2026-02-27,1.7235156918925976,1.5608851110676718,39.0,5756239.741398999,True,0.8086306110010882,25.947515606270084,0.12227746500016913,0.5757940211256855,0.2744683696626862,True,True
2026-02-28,1.1588507051218537,1.4194616390771477,21.0,1648995.4227060012,True,0.854305749742377,27.106366311391938,0.15758695489702665,0.7919393555585542,0.2868166582125086,False,False
2026-03-01,-0.9681138770276015,-0.7122621972240434,28.0,3096516.6622079997,False,0.8659906717011546,26.138252434364336,0.1192414520292708,0.5558066510687241,0.29611084335326077,False,False
2026-03-02,1.0504456464788305,1.2059675788808482,42.0,5422018.797069999,False,0.8695291709359456,27.188698080843167,0.1509616854128428,0.7501046076180827,0.30792929253198725,False,False
2026-03-03,1.6580427549524488,0.8002572438687218,48.0,5544538.609712994,True,0.8760534631210072,28.846740835795615,0.20229839924929136,1.0644123220790664,0.3238356156319038,False,False
2026-03-04,0.5189335238430969,0.013311112151499983,47.0,3999544.1652160008,True,0.9123822369801217,29.36567435963871,0.21308415398430733,1.1291223041006906,0.34059786433903266,False,False
2026-03-05,1.0449494656982992,1.1463806526424163,50.0,3946175.209154,True,0.9022069791922213,30.41062382533701,0.24142054034139418,1.3011475899622449,0.35961570064452514,False,False
2026-03-06,0.01836667040708573,-0.35185228353425985,51.0,4068347.3771599974,False,0.9072432332448502,30.428990495744095,0.2338225066839037,1.2524229654038892,0.3780212358960481,False,False
2026-03-07,1.681390591304295,1.841874019945464,47.0,3947567.320832002,False,0.8922526422177165,32.11038108704839,0.2831319897773537,1.5520448035910195,0.40035758852830766,False,False
2026-03-08,0.32777818919592117,0.48156402013449273,40.0,1907003.4230650004,False,0.9288183974501366,32.438159276244306,0.284652803229105,1.5580218014927105,0.42280662213598613,False,False
2026-03-09,0.010198832201129594,-0.10330257212676328,40.0,2311722.655265,True,0.9153910781595768,32.44835810844543,0.27530389343472933,1.4976354973309915,0.4444985836838497,False,False
2026-03-10,-1.012467132087056,-1.017644599952213,41.0,3476256.707378999,False,0.9002614989399031,31.435890976358376,0.23143768480120108,1.2268908923111896,0.46267245232641896,False,False
2026-03-11,0.006391474299500484,0.05647279013588238,43.0,2432546.029486,True,0.9041611873155097,31.442282450657878,0.22377178470995446,1.178167491260515,0.48022368625053025,False,False
2026-03-12,0.5322005136440904,-0.046646733223946885,41.0,1989584.5349510002,True,0.8892160979404998,31.97448296430197,0.23427799948250372,1.2405461005770368,0.4986060532254346,False,False
2026-03-13,0.14341671422101648,0.15061132855443837,42.0,2044127.5074080003,True,0.8798107623405889,32.11789967852299,0.2311829305478881,1.219701959479535,0.5167295777078542,False,False
2026-03-14,0.5175657893270549,0.48845077549851845,45.0,1417505.6484219998,False,0.8656570363005572,32.63546546785005,0.24093818205091178,1.2773153968979956,0.5356228702327842,False,False
2026-03-15,-0.05853519182685413,-0.08270844139527411,45.0,1609427.7419009996,False,0.8564902921466444,32.57693027602319,0.23073701954736503,1.213034347268106,0.5536855918909098,False,False
2026-03-16,0.35585398950236974,0.6118704747870964,40.0,1624796.1289730007,False,0.8423991338385937,32.93278426552556,0.23499896285783542,1.2371554869967805,0.5720766575461649,False,False
2026-03-17,-0.14007504259228756,-0.10879694577872388,39.0,1686510.7143899999,False,0.8309761774715347,32.792709222933276,0.22222256530733264,1.1573524904892527,0.589428590152798,False,False
2026-03-18,0.37230328064950613,0.5376351548047154,39.0,1594920.569078,True,0.8176335813357269,33.16501250358278,0.22733486542947584,1.1868318467559935,0.6071762227198662,False,False
2026-03-19,0.49839052628521874,0.7023590126688651,23.0,944547.447454,True,0.8069389152257637,33.663403029868,0.2365680163039306,1.2413073312037033,0.6256491673390493,False,False
2026-03-20,0.2424142411710187,0.2426300955646452,39.0,1734783.2544849997,True,0.7987147523344124,33.90581727103902,0.2367671601848346,1.2405745726699395,0.644120709512006,False,False
2026-03-21,0.30100018976261206,0.1935395395736511,39.0,2861921.519210999,True,0.786737394519764,34.20681746080163,0.238955172976534,1.2519510840659298,0.6627495475233486,False,False
2026-03-22,-0.5332711962115512,-0.5515607943331692,38.0,2857574.4603359993,True,0.7756498087270708,33.67354626459008,0.21265030794093454,1.0898776289759784,0.6792455969251426,False,False
2026-03-23,-2.9973840845207755,-1.7071365638905156,44.0,5345497.061570999,True,0.7689153661233626,30.676162180069305,0.10330475225612237,0.42205004309015565,0.6869368789648869,False,False
2026-03-24,0.6487310472475838,0.7791044998349006,46.0,3663020.920319,False,0.9308135198963817,31.32489322731689,0.12188397416446206,0.5351050264219014,0.6961135674579891,False,False
2026-03-25,0.2795746961531619,-1.4781729648160598,47.0,5005112.866609002,False,0.9229329466133578,31.60446792347005,0.12725549904989167,0.5674670669093318,0.7057121101928067,False,False
2026-03-26,0.3651050975609975,-0.29887459864409766,45.0,3366899.200414999,False,0.9090873844703431,31.96957302103105,0.13535752953893573,0.6164732595351526,0.7159514378808957,False,False
2026-03-27,0.9806556639909418,0.7233967980999341,48.0,4044076.4773980007,True,0.8965009937862681,32.95022868502199,0.16415148715136504,0.7917689436246792,0.7284952594035435,False,False
2026-03-28,0.10910795139383593,0.137901066381107,37.0,1538285.1138749998,False,0.899385026171485,33.05933663641583,0.16227650225450613,0.7795332090025214,0.7408727313572809,False,False
2026-03-29,1.3694086112362538,0.979935065117344,30.0,1062882.520614,True,0.8847387423755827,34.42874524765208,0.20339585335913715,1.0298120367315833,0.7565441280948632,False,False
2026-03-30,-0.6050942540721844,-0.504751850882075,32.0,1513156.8689399997,False,0.9047557028215407,33.823650993579896,0.17585571227206784,0.860407760687036,0.76997718112904,False,False
2026-03-31,-0.6744608817074066,-0.580333756172343,30.0,1955935.2283529995,False,0.8965203053797762,33.14919011187249,0.14689080750499267,0.6825631995498218,0.7810592625013827,False,False
2026-04-01,-1.233772806892542,-0.8354995541919022,33.0,5476409.534375999,False,0.8901184833589786,31.91541730497995,0.09986033627870129,0.39441533451749655,0.7883378735756136,False,False
2026-04-02,1.8373900431624832,1.8591315743435617,34.0,3283704.413309002,True,0.9034608742805306,33.75280734814243,0.15904697669732412,0.7561566686942741,0.8003745621364582,True,True
2026-04-03,0.4211496670735299,0.2940704402767658,33.0,2554254.287363,True,0.9487719058147777,34.17395701521596,0.16797515653021575,0.8100327972936161,0.813112823810326,False,False
2026-04-04,0.11340639965799106,-0.16312723015714004,33.0,2137121.034073,False,0.93619962235682,34.28736341487395,0.1661163443451395,0.7978516066997529,0.8256817742634419,False,False
2026-04-05,-0.5077909980289426,0.30991052511813044,36.0,3197755.4421499996,False,0.9209531436419152,33.779572416845006,0.1431605862993688,0.6566023224910078,0.8363806651578244,False,False
2026-04-06,-0.7891735392058833,-0.9164008680063255,37.0,3528331.2393610007,False,0.9103848066484914,32.99039887763912,0.11140186331600484,0.4615692867877724,0.8445023023773977,False,False
2026-04-07,-0.4524009350707107,-0.7771974048934325,37.0,3299999.981799001,False,0.9066676422474549,32.53799794256841,0.09219667024050156,0.3435452504775967,0.8510626150228375,False,False
2026-04-08,-3.164963948985297,-3.26567700735121,38.0,6123725.459413,False,0.8954352344588523,29.373033993583114,-0.018754177731789223,-0.3370913550026513,0.8486656703629022,False,False
2026-04-09,0.06405304562169943,0.22653190746095084,40.0,3353505.232101001,True,1.0506863090732228,29.437087039204812,-0.015933459712828234,-0.31956024498541413,0.8465015938455005,False,False
2026-04-10,-1.0640219331152192,-0.8831623524737771,41.0,5294570.705955999,False,1.0333834851087198,28.37306510608959,-0.051635200728479075,-0.5384662383819265,0.8414624268635367,False,False
2026-04-11,-0.49201446123585774,-0.3577908729087767,43.0,2635317.2672659997,False,1.0344024136795769,27.881050644853733,-0.06663613500672666,-0.6301304790382636,0.8352226479128814,False,False
2026-04-12,1.8740684005971142,1.4517706903859584,46.0,4232759.532938,True,1.0211972185449536,29.755119045450847,-0.0005286140518379898,-0.22355444964520088,0.8343293868026056,False,False
2026-04-13,-0.7930173954869778,0.038145337789545895,43.0,2729093.739648,False,1.060096241689865,28.96210164996387,-0.02752369123340208,-0.3893486712500391,0.8312598665847197,False,False
2026-04-14,-1.8111951342484758,-1.605978148856489,47.0,3408102.240974,False,1.052414800370051,27.150906515715395,-0.08828208857442998,-0.7625778739090507,0.8232914156057743,False,False
2026-04-15,-1.3388839941224522,-0.6787260393058729,45.0,3676340.7195860012,False,1.0857338188317807,25.812022521592944,-0.13088218053099024,-1.023580199199371,0.8118969550823472,False,False
2026-04-16,0.4650706281772707,0.47113263821713053,45.0,3789633.607957,True,1.0949622218013766,26.277093149770213,-0.11058184007883252,-0.8976394742960442,0.802161066683798,False,False
2026-04-17,-3.226498593855511,-1.0848029342850918,42.0,6512529.956054992,False,1.080150074107494,23.050594555914703,-0.21672140347707,-1.547973279743317,0.7838660039427856,False,False
2026-04-18,1.7367736657288935,1.2817675233535086,42.0,6037784.393847996,True,1.2123497923202622,24.787368221643597,-0.15017818999268642,-1.1370647700158745,0.7709760032599441,False,False
2026-04-19,-0.5114883954280373,0.2652910005409396,6.0,114795.90920000002,True,1.2330855251618091,24.275879826215558,-0.16248574198673546,-1.2109811265026467,0.7571101864359305,False,False
2026-04-20,-0.24967809520658651,-0.02525900558826951,6.0,173942.79450000002,True,1.2162340126353495,24.02620173100897,-0.1654558336270858,-1.2274101635819756,0.7430238896589397,False,False
2026-04-21,-0.06103861001193175,-0.3364994626627003,30.0,986182.7851039998,False,1.196983664886269,23.96516312099704,-0.16189899966727758,-1.2037913739218233,0.7292445085637291,False,False
2026-04-22,1.0663161011931968,1.2126044589493505,27.0,1248632.6041990002,True,1.1772493305704832,25.03147922219024,-0.12006148446202024,-0.9456211649772549,0.718868320276031,False,False
2026-04-23,0.4421900120906356,0.41194437852732463,26.0,3633005.323345002,True,1.1737784249812309,25.473669234280873,-0.10090913442193347,-0.8270897583801814,0.7100557547561857,False,False
2026-04-24,0.5868697790507317,0.3600703256530705,31.0,3521745.783984999,True,1.1571492364228133,26.060539013331606,-0.07748085974096905,-0.6824864953743076,0.7031513085161974,False,False
2026-04-25,-0.2845620836044419,-0.6338040117937631,29.0,1688828.2871479997,False,1.1429721052665063,25.775976929727165,-0.08453480643649611,-0.7252053171131966,0.6956845290234956,False,False
2026-04-26,0.4922909006161637,0.6514038708263642,25.0,1422584.252463,True,1.1252590224756773,26.26826783034333,-0.06488600528375743,-0.6038675917040984,0.6898189171631555,False,False
2026-04-27,-0.9010164386381156,-0.5988479814201533,23.0,1469426.3807000006,False,1.1102426617881256,25.367251391705214,-0.0933676773414715,-0.7783735074333615,0.681652629706157,False,False
2026-04-28,0.5745815513597339,0.6217492397554126,21.0,1344573.2247030002,False,1.1040116755116267,25.94183294306495,-0.07061487452008677,-0.6378173039462643,0.6753405631064343,False,False
2026-04-29,0.07523018308568574,-0.13429330171966855,21.0,1676702.863318,True,1.0907355986554261,26.017063126150635,-0.065646856449866,-0.6067433558163519,0.6694389651369341,False,False
2026-04-30,0.6665272566269903,0.5979550905751172,21.0,2250221.731419,True,1.0727921573303898,26.683590382777627,-0.04070631829226919,-0.4528204783285594,0.6655675890266822,False,False
2026-05-01,-1.041050037336519,0.04879238929540268,24.0,3105970.376843,False,1.0619392632065299,25.64254034544111,-0.0747816976998943,-0.6622204235169871,0.6589359203639134,False,False
2026-05-02,0.7843369614585827,0.23454751354512968,24.0,2490893.501859,False,1.0612608900831562,26.42687730689969,-0.04551696227978803,-0.48149503908392605,0.654687395464373,False,False
2026-05-03,-0.2278363000208457,0.1524192201002479,28.0,1994682.117848,False,1.0533364233772424,26.199041006878844,-0.05172742823124026,-0.5194051327604223,0.6499396247157344,False,False
2026-05-04,0.09886159575135921,-0.19540410864345248,31.0,4841372.202879999,False,1.0367458419211133,26.297902602630202,-0.04659781325076776,-0.4874072962318435,0.6456140309452717,False,False
2026-05-05,-0.37575391916841555,-0.250888732864277,29.0,4561686.056520998,False,1.0197654964438236,25.92214868346179,-0.05781007857512666,-0.5561818606139368,0.6403823108840204,False,False
2026-05-06,-2.5050434875539036,-3.319384255068439,34.0,9027164.059911,False,1.0052139517017527,23.417105195907887,-0.14117183246271903,-1.0695436117583093,0.6283797720572247,False,False
2026-05-07,-1.5058490238483582,-0.9837478692438665,37.0,4857044.053761,False,1.0876907105526046,21.911256172059527,-0.18765774743385064,-1.3542951092766762,0.612608512482716,False,False
2026-05-08,0.8468858885047387,0.8552860287785765,37.0,4871339.288199,True,1.10391521112524,22.758142060564268,-0.1524173933063401,-1.1353187732215937,0.5997185317945116,False,False
2026-05-09,0.4524339362431096,0.39552490599490375,35.0,2747010.065376,True,1.0964438061547257,23.21057599680738,-0.13181393656719548,-1.0070196417883417,0.5885167664042846,False,False
2026-05-10,-0.5692172782813579,-0.3866477741428865,35.0,2536362.6085789995,False,1.0814269952927913,22.64135871852602,-0.1467135001265217,-1.0975371875103124,0.5761114560689833,False,False
2026-05-11,1.306647967237792,1.2058660147039042,34.0,5055281.815656997,True,1.0685334905132116,23.948006685763815,-0.09720667314891475,-0.7913851935034657,0.5677487928149751,False,False
2026-05-12,0.27403868987843294,0.21820754233634387,27.0,2053637.8419859996,True,1.0771754444215293,24.22204537564225,-0.0845606932145736,-0.7127327094942698,0.560423474124036,False,False
2026-05-13,0.2234260668910161,0.08799008291808252,27.0,2288590.6605020002,False,1.0605311362739185,24.445471442533265,-0.07406953352283327,-0.6474487331909824,0.5539593434219856,False,False
2026-05-14,-0.0944752885302363,0.0416548671569303,32.0,2194465.7916790005,False,1.043784802758548,24.350996154003028,-0.07476462844944569,-0.6512038726039588,0.5474437213360385,False,False
2026-05-15,0.26109366720953253,0.34749698018592484,29.0,1632071.6984030001,True,1.026673502401834,24.61208982121256,-0.06332406193825524,-0.5800970598821142,0.5418666346335282,False,False
2026-05-16,0.16740169533519117,0.10440289790221047,31.0,1605042.753561,True,1.0108087182343164,24.77949151654775,-0.05546469563392595,-0.5311447243674983,0.5369354340586016,False,False
2026-05-17,0.2641990169157753,0.18903252609132987,32.0,1902639.5147609992,True,0.9945620032813454,25.043690533463526,-0.04457577607496928,-0.4635147110289517,0.5328972715719206,False,False
2026-05-18,0.034243962327055975,0.36115934370752817,34.0,2687721.985755,False,0.9792910061966263,25.077934495790583,-0.04189088643181275,-0.44660331012734805,0.529081681929404,False,False
2026-05-19,-0.31369953727654465,-0.34707261815985335,33.0,2794730.6392449997,False,0.963123223063415,24.764234958514038,-0.05114968690956993,-0.5035223797851498,0.5245124519541614,False,False
2026-05-20,-0.6940003496067941,0.45310860419811694,37.0,3146126.0369009995,False,0.9489043640931065,24.070234608907242,-0.07304754043413492,-0.6385409378765733,0.5181562843307206,False,False
2026-05-21,-0.6527615375752135,-0.6634860426611043,40.0,4062948.9992449973,False,0.9416415994400713,23.41747307133203,-0.0927947273504131,-0.7601177303762687,0.5101893161781015,False,False
2026-05-22,-2.172669894933928,-0.8335754315487373,37.0,4550993.912224002,False,0.933588532731936,21.2448031763981,-0.1636429109363647,-1.1972099085461059,0.4964298401862563,False,False
2026-05-23,0.2510876841239251,2.3874688051120825,40.0,6964977.689809,False,0.998889993016404,21.495890860522024,-0.14951566436142696,-1.1083255871183215,0.48383513324101274,False,False
2026-05-24,-2.3280188783616564,-3.1399780941301203,41.0,10139656.526113998,False,0.9834297788034131,19.167871982160367,-0.22372348127930247,-1.5646276285805574,0.4651692367173382,False,False
2026-05-25,-1.6108382959781578,0.5263885759216895,43.0,4990251.860176,False,1.055044536862865,17.55703368618221,-0.2709737040706811,-1.852189825917944,0.44264065849352996,False,False
2026-05-26,1.9011173651803794,0.46737600316201694,42.0,4568269.331954,True,1.0778212658179702,19.458151051362588,-0.19698430834242792,-1.3928238154891708,0.42618860817670684,False,False
2026-05-27,-0.9254778104720636,-1.0588336696423715,44.0,4448867.620996998,False,1.1144999367978012,18.532673240890524,-0.22179947137936062,-1.5430409636178564,0.40770803046818366,False,False
2026-05-28,1.6193243872852434,1.8559282587416672,35.0,2703935.1436019996,True,1.108813535102668,20.151997628175767,-0.15908403384918682,-1.1546331353822665,0.39438173808216165,False,False
2026-05-29,-1.2078596868724472,-0.2466413690096602,34.0,2577274.585292999,False,1.1292170711882978,18.94413794130332,-0.19480918272540343,-1.3727124844268097,0.37812698708088766,False,False
2026-05-30,1.796050112257966,1.5415281255540012,36.0,2431858.013589,True,1.131882158643701,20.740188053561287,-0.12699320654417245,-0.953632715228885,0.36744904268255785,False,False
2026-05-31,0.4952606127142231,0.341082135875455,30.0,1415130.9209779997,True,1.1597050787845788,21.23544866627551,-0.10579695711969478,-0.8221818227944239,0.3585168875798061,False,False
2026-06-01,0.6466003450427465,0.20481377837818462,34.0,3444934.353816001,True,1.1440552152211514,21.882049011318255,-0.0801675429009985,-0.6636131485028292,0.3516953105181694,False,False
2026-06-02,-0.491077551860795,-0.4404478366737985,35.0,4383915.750023,False,1.131219143622534,21.39097145945746,-0.09416464628769446,-0.7492820979100692,0.34372432115457946,False,False
2026-06-03,0.18821498366601486,0.12260916757462535,36.0,3057344.7947699996,True,1.1160679119279355,21.579186443123476,-0.08454575945462703,-0.6893649431582727,0.33654759067571915,False,False
2026-06-04,-0.15473391033635675,-0.18483882017695744,34.0,2225558.8924630005,False,1.0981481970028066,21.424452532787118,-0.0869366255396357,-0.7035253139510053,0.3291760858857459,False,False
2026-06-05,-0.019119977465202786,-0.07256342704418539,34.0,2254992.8981170002,False,1.0803591043653749,21.405332555321916,-0.08462654154620862,-0.6886925135405283,0.32199703813346386,False,False
2026-06-06,0.4889615154174651,0.6890429404820299,33.0,2696908.1159389997,False,1.062506339537991,21.89429407073938,-0.06508802664116027,-0.5676241520934762,0.31643083412587103,False,False
2026-06-07,0.5324769494341541,0.29908357183815404,36.0,1897466.2540130003,True,1.0486871597345713,22.426771020173536,-0.04473276985009741,-0.4415905112811766,0.31254525533075816,False,False
2026-06-08,-0.07023747831102524,0.509840639381642,36.0,5071731.116400999,False,1.035849253095214,22.35653354186251,-0.0456015538499782,-0.4466584525920393,0.3085891295077534,False,False
2026-06-09,-0.46712705712415237,-0.15869816494422387,35.0,3505347.0731399995,False,1.0188059825852829,21.88940648473836,-0.05996025994329915,-0.5350476580953372,0.303448499495807,False,False
2026-06-10,0.527366497268183,0.45561373352277673,36.0,3133525.814663,True,1.0055288760393304,22.416772982006542,-0.039953754472009405,-0.41103441627132475,0.29996206968364447,False,False
2026-06-11,0.6228333452744564,-0.03794944406237962,37.0,5497496.5396460015,True,0.9935071324574731,23.039606327281,-0.017376792713389422,-0.2711636652727669,0.29834280498851523,False,False
2026-06-12,-2.2831185064321877,-2.7206332512073477,38.0,5843437.444101,False,0.9835713752597366,20.75648782084881,-0.09455627319076593,-0.7483501569787568,0.2903413356847579,False,False
2026-06-13,-1.916341497317073,-1.0932859611492052,36.0,3420235.8384680008,False,1.0519506205650522,18.840146323531737,-0.156612965834983,-1.1312117643971356,0.2772067627592709,False,False
2026-06-14,0.7031966203779572,-0.33709357870422124,41.0,3411049.4611369995,True,1.0912027943951654,19.543342943909693,-0.12732469490295986,-0.9488558994576931,0.2664993489864247,False,False
2026-06-15,-2.2978047444731184,-2.2565193227162723,32.0,3865839.624257,False,1.0806923990615158,17.245538199436574,-0.20125921338670488,-1.4043381535271497,0.2496696458726988,False,False
2026-06-16,0.6090260398612325,0.673888522801014,32.0,2068033.3320630002,True,1.1413658837168543,17.854564239297805,-0.17365792304301814,-1.2317886483142337,0.23512989667045842,False,False
2026-06-17,0.5343325135011817,0.26574327695947897,32.0,2346484.772482998,True,1.127902988098862,18.388896752798985,-0.14954116968822082,-1.0812710747645202,0.2225918600415982,False,False
2026-06-18,0.4337457870789668,-0.13879889941496412,26.0,2354546.243615001,False,1.1134701800443614,18.82264253987795,-0.12967227465047498,-0.9573328099459947,0.21170378861449626,False,False
2026-06-19,0.9266798360052562,1.0798657808874348,26.0,2476622.346849999,True,1.0978772773560608,19.749322375883207,-0.09368904381355207,-0.7340875881354205,0.2038039461636229,False,False
2026-06-20,0.21729053854272393,-0.073444212948869,27.0,1803606.5757140007,True,1.092689624078749,19.96661291442593,-0.08309593760907873,-0.6679984200500925,0.19678480745668556,False,False
2026-06-21,-0.09744237929005599,-0.33730524904120485,28.0,1469436.1266660008,False,1.0753474209123481,19.869170535135876,-0.08358463007959843,-0.6704849478282174,0.18972581865342347,False,False
2026-06-22,-0.5076852294544217,-0.09734559750356347,27.0,1408897.533049,False,1.0577190312892988,19.361485305681455,-0.0980310533994786,-0.7592756690333805,0.18146639203076698,False,False
2026-06-23,0.4955028530660695,0.13145558248883316,25.0,874203.8557480002,True,1.0442888550842735,19.856988158747527,-0.07781310963768423,-0.6335642688017897,0.17488963820010306,False,False
2026-06-24,-0.0507573626557347,0.26500088432793145,24.0,1448771.743845,False,1.0309382938780913,19.806230796091793,-0.07689149157179849,-0.6273714743546362,0.16839017935174072,False,False
2026-06-25,-3.2240554662585543,-2.1080864865933506,25.0,2442621.876866999,False,1.0139384726106735,16.582175329833237,-0.18409545002510605,-1.289886407240096,0.15296326443005218,False,False
2026-06-26,1.1367515575554035,0.708282823912432,26.0,2937598.5264999997,True,1.1554948528322027,17.71892688738864,-0.13910255201828065,-1.0100128091762717,0.14128628829690212,False,False
2026-06-27,0.8177297351656029,0.716802763558377,24.0,718331.54938,True,1.1548851418837647,18.536656622554244,-0.10650933171356047,-0.8073533605248017,0.13232725342617185,False,False
2026-06-28,0.8205714041669065,0.6944613463605426,24.0,767489.0581469999,True,1.1454055449392713,19.35722802672115,-0.07492955846641551,-0.6112078663966022,0.12600294296530057,False,False
2026-06-29,-0.9559277645672761,-0.5696670402134687,24.0,1135109.540454,False,1.1362286823823315,18.401300262153875,-0.10493959157683688,-0.7965136850668642,0.11717423718415709,False,False
2026-06-30,0.2505201392577406,0.22355269415743187,24.0,665123.4930859996,True,1.1307731091244912,18.651820401411616,-0.09283132822522468,-0.7208428734961704,0.1093570120439604,False,False
2026-07-01,-0.3179880998135734,0.0018870749898681509,20.0,799391.2069719998,False,1.1130061369547768,18.333832301598044,-0.100500994432954,-0.7677374267934166,0.1008992376867213,False,False
2026-07-02,0.05410778001149628,0.26000134886189485,21.0,751756.338767,True,1.0961214023942036,18.38794008160954,-0.09523445199494542,-0.7344504839250678,0.09288199627552977,False,False
2026-07-03,0.10327949648846585,0.09624722393199675,19.0,715645.480757,True,1.078046965899706,18.491219578098004,-0.08847233814997622,-0.6919355641675619,0.08543058335551305,False,False
2026-07-04,0.26447563138877855,0.18739865546381773,21.0,716574.3442379999,True,1.0603916975711858,18.75569520948678,-0.07644963460896426,-0.6168546802114615,0.07898553352794686,False,False
2026-07-05,0.2036053828473788,0.07400260609019041,21.0,911867.5640029999,True,1.0439623234780253,18.95930059233416,-0.06690993261138461,-0.5572306030235145,0.0733394452454878,False,False
2026-07-06,0.2822567823627527,0.00429894094660831,17.0,376632.193794,True,1.0273672619080083,19.241557374696914,-0.05501603248211323,-0.4830368524153734,0.06868996938134157,False,False
2026-07-07,0.2995490784583964,0.38808501820883684,19.0,531504.529745,True,1.0116766131213788,19.54110645315531,-0.0429382431683099,-0.40773547470714805,0.06505304390161556,False,False
2026-07-08,1.978931482378693,1.720719934892369,24.0,2485660.860747,True,0.9964308757849842,21.520037935534006,0.02593406211953689,0.020370420384909892,0.06719273860621475,False,False
2026-07-09,-0.0500622107785185,-0.14788716439695174,24.0,994911.3281429998,False,1.043417576275774,21.46997572475549,0.023345350076599825,0.004267659039707369,0.06911523422079908,False,False
2026-07-10,-0.13678397054868793,-0.29032147283892323,26.0,699660.779858,False,1.0262098539106839,21.3331917542068,0.01789075756933201,-0.029659432791853187,0.07057978461255256,False,False
2026-07-11,-0.6173565524203954,-0.4015092332859859,28.0,1146703.0988850005,False,1.0095504022894852,20.715835201786405,-0.003748097849534989,-0.1642967933789956,0.07022651558427404,False,False
2026-07-12,1.1911458397128867,1.3190859539390145,24.0,1493150.3185790002,True,0.9991355862019357,21.906981041499293,0.03695437620928793,0.08921183387713752,0.07329455243524798,False,False
2026-07-13,0.4810702765537691,0.2293246981543594,24.0,771942.2244129999,True,1.0060122549224073,22.388051318053062,0.05208259415786857,0.1834017516911335,0.07763490740241494,False,False
2026-07-14,0.22036905812399335,0.4748850938565236,21.0,677055.348449,True,0.9932100300228551,22.608420376177055,0.05781504891281154,0.21902623263846535,0.08245763849434032,False,False
2026-07-15,-0.28968321405204317,-0.019703402232244826,19.0,672867.4097409997,False,0.9776068865626477,22.31873716212501,0.04597798238398909,0.14509069828242072,0.08628380788905333,False,False
2026-07-16,1.3205605138937975,1.3994683023839372,19.0,1278567.245499,True,0.9628767602694799,23.63929767601881,0.0893949424954773,0.4158649118367323,0.09376724834952276,False,False
2026-07-17,-0.14065467707264567,0.03966162666380184,20.0,574949.5130660001,False,0.9766833120512077,23.498642998946163,0.08155860792354427,0.3666996241470017,0.10059018334041085,False,False
2026-07-18,1.472056752691011,1.324218274404815,19.0,672062.7949620001,True,0.9608762625387705,24.970699751637174,0.12892407935751618,0.662143478195967,0.1114071666894131,False,False
2026-07-19,0.9966895164410828,1.1192294258011597,19.0,633491.6203960001,True,0.9818651579251639,25.967389268078257,0.15848335577671868,0.8461155012108559,0.12471786286447564,False,False
2026-07-20,-1.433247714459989,-2.0442511378460404,22.0,1278182.6212629997,False,0.9823547495925407,24.53414155361827,0.10426315216007148,0.5068324369640753,0.1334512634869759,False,False
2026-07-21,0.08604318880394353,0.06263586447305435,26.0,1014375.7104339999,True,1.0003657397642405,24.620184742422214,0.10364251332130697,0.5026136305751223,0.14213202653797077,False,False
2026-07-22,1.0816697827591941,1.178364149889129,24.0,1018679.4969799998,True,0.9839529847232475,25.70185452518141,0.13695771252997085,0.7104674399509737,0.1536277510777075,False,False
2026-07-23,0.4280644466259334,0.356021922165718,22.0,635622.363657,True,0.9873101737490962,26.129918971807342,0.14687387656797826,0.7718620905806418,0.16596138814061423,False,False
2026-07-24,-0.26022620327085433,0.5263636942550096,27.0,1107390.1225349999,False,0.9740786290757628,25.86969276853649,0.13300655335367906,0.6845260941535466,0.1771213889260056,False,False
2026-07-25,-1.4835852437300505,-1.139787312564018,28.0,1365605.914955,False,0.9591351698388844,24.386107524806437,0.0779395021150257,0.3395495161952837,0.18362027610396134,False,False
2026-07-26,-1.5491420304610255,-1.4746846217030396,30.0,1845593.441174,False,0.980786958353626,22.836965494345414,0.022515131976896547,-0.007622193614259924,0.18542568955598104,False,False
2026-07-27,0.10436047400194179,0.08979234055157549,28.0,1065316.3828659996,True,1.0045333511192622,22.941325968347357,0.02530308478667122,0.009845502077953615,0.18746733120862386,False,False
2026-07-28,-0.15279499969695423,-0.219574139425315,27.0,750954.1208009999,False,0.9881090582778841,22.788530968650402,0.019236410217705904,-0.028181452578340538,0.18899474816541303,False,False
2026-07-29,1.0838289195859208,0.6680927863561382,24.0,980180.715841,True,0.9721693148067345,23.872359888236325,0.05550033928589826,0.19922775553146563,0.19359767418837992,False,False
2026-07-30,0.11878781288833962,0.19484164436133874,28.0,1486222.7949319996,True,0.9760328508004552,23.991147701124664,0.05765614296986936,0.21264218955971914,0.19838332387204644,False,False
2026-07-31,-0.061388165233990356,-0.012212028295058661,26.0,802157.1762369999,False,0.9601399190516322,23.929759535890675,0.05360105681184375,0.18707207745255022,0.20282449331748414,False,False
2026-08-01,0.24930979937464232,0.2596596212737667,26.0,1237642.506549,True,0.9443341673647754,24.179069335265318,0.06026761504503503,0.22883449930264363,0.20783168900565369,False,False
2026-08-02,-1.778835935866955,-1.9057842989502898,28.0,3059587.4158079997,False,0.929820755788042,22.400233399398363,-0.002379003386379858,-0.16491986110440915,0.20751489225719033,False,False
2026-08-03,-0.2447158182573839,-0.15770012972189987,30.0,1521924.649958001,False,0.9695186080226597,22.15551758114098,-0.010633884937546374,-0.21672313285464964,0.20649644470642234,False,False
2026-08-04,-1.1973582431532477,-0.08393122078716317,34.0,2812031.635555,False,0.9545214680422249,20.958159337987734,-0.05105807313267996,-0.47081570531313066,0.20203951118265195,False,False
2026-08-05,-0.5458455086872318,-0.31663950752088754,28.0,1619369.756077,False,0.9634543067184519,20.4123138293005,-0.06791234958952946,-0.5765208632650566,0.1961486491146178,False,False
2026-08-06,0.052738874294336366,0.1264904200551263,28.0,1314327.843045,True,0.9526692655899517,20.46505270359484,-0.06380252598433463,-0.5502593958139919,0.1906083806592172,False,False
2026-08-07,0.6321280376698686,0.6007887551935253,30.0,1403204.4845000007,True,0.9369702466017491,21.097180741264708,-0.04009657617287093,-0.4006600688443841,0.18708836934987502,False,False
2026-08-08,0.09782442929073291,-0.2750113877429573,30.0,1178546.0140379998,True,0.9285636100281518,21.19500517055544,-0.03539848040840413,-0.370825764179517,0.18396923776665192,False,False
2026-08-09,0.17474435404296937,0.2206177478914716,29.0,899008.88596,True,0.9133861655464516,21.369749524598408,-0.028240244016851886,-0.32549721175463214,0.18146096367694914,False,False
2026-08-10,0.1776564273344126,0.143960043405012,27.0,1186209.572801,True,0.8988449248602522,21.54740595193282,-0.021226647528473214,-0.2810898971452709,0.1795514678398875,False,False
2026-08-11,-0.21536226665199992,-0.12690641494218563,28.0,1438955.412001,False,0.8845720772434567,21.33204368528082,-0.027839619402268513,-0.32264407197818495,0.17707768782699088,False,False
2026-08-12,0.295995121151459,0.3184901611696282,26.0,940782.219793,True,0.8708236128096186,21.62803880643228,-0.016808619317338326,-0.25284314790587753,0.1755464295335928,False,False
2026-08-13,-0.1826105018064229,-0.03914195908086312,20.0,568297.2670779999,False,0.8581042614671018,21.445428304625857,-0.02245644010608793,-0.2883629509608461,0.17353275814206065,False,False
2026-08-14,-0.12515611972460933,-0.2194132795173807,19.0,422959.44253099995,False,0.8445672641104485,21.32027218490125,-0.025954768212136995,-0.31029841428706795,0.17122023900817657,False,False
2026-08-15,-0.09810769565685708,-0.11553763213146526,20.0,536458.6007749999,False,0.8309156125050164,21.222164489244392,-0.02841256179972343,-0.32565366489874514,0.1686977448697497,False,False
2026-08-16,-0.02211259444608216,-0.13566531451731417,23.0,490497.99561399996,False,0.8173735906781588,21.20005189479831,-0.028197961784004782,-0.3241091488996869,0.16619390283159846,False,False
2026-08-17,0.13626145274514495,0.10821847839079214,22.0,935603.4828249998,True,0.8038723244108543,21.336313347543456,-0.022595870382271333,-0.2884852854008747,0.1641700626474497,False,False
2026-08-18,0.13984442956311718,0.169145985730656,19.0,664562.6953129999,True,0.7909691761029374,21.47615777710657,-0.017062557435582177,-0.2533025505972749,0.1626205445339471,False,False
2026-08-19,0.05785338592136292,0.059618257144483947,20.0,572102.4119729999,True,0.7783064311199155,21.534011163027934,-0.014510645382786291,-0.23700330738769784,0.16128999389693446,False,False
2026-08-20,0.21340839514527885,0.1392982580146364,23.0,572158.6617770001,True,0.7655126555166835,21.747419558173213,-0.006746886154473469,-0.18768635777648948,0.16062549644961524,False,False
2026-08-21,0.02625480413617284,-0.060947334391854936,20.0,499509.339206,True,0.7538497285336522,21.773674362309386,-0.005622727431488773,-0.18045987452482043,0.1600576267025171,False,False
2026-08-22,-0.13124099024881888,-0.1194135899763001,20.0,504814.288967,False,0.7414037860138767,21.642433372060566,-0.009901746617130617,-0.20750059511940158,0.15912255921034468,False,False
2026-08-23,-0.44911397378195944,-0.506078444547924,19.0,605265.764474,False,0.7295354827497428,21.193319398278607,-0.02486292745545939,-0.30231430539900295,0.1569025848613607,False,False
2026-08-24,0.03831666492960509,0.08777124746306905,18.0,776260.420773,False,0.7220701788895928,21.231636063208214,-0.022710798601792218,-0.2884830133705833,0.15486779713147114,False,False
2026-08-25,-0.16147126886148452,-0.04565575982279521,17.0,1112434.0341780004,False,0.7101682043292845,21.07016479434673,-0.027437489618952135,-0.3183387922631289,0.15242682296513418,False,False
2026-08-26,-0.640487465444256,-0.4853913386684071,20.0,1750904.6034650002,False,0.6990407920892617,20.429677328902475,-0.0483202223480967,-0.450824785642254,0.14818963855862727,False,False
2026-08-27,0.07049133150083564,0.06379796106678971,22.0,1629959.9613499995,True,0.6971989872605032,20.50016866040331,-0.04427306465785867,-0.4248250578574262,0.14430109102680727,False,False
2026-08-28,0.31254663224717677,0.19021200290204995,18.0,529999.922015,True,0.6857930349985233,20.812715292650488,-0.032118475869349225,-0.34728499772724114,0.14145948389166796,False,False
2026-08-29,0.05858785676384586,0.09075182360197884,17.0,370820.20298899995,True,0.6768270224682863,20.871303149414334,-0.02902868519009852,-0.3274292482893054,0.13888430724333636,False,False
2026-08-30,-0.45080439937385086,-0.2200635604211359,16.0,160593.596891,False,0.665723559968897,20.420498750040483,-0.04339591438554223,-0.4186785662052138,0.13507088071439605,False,False
2026-08-31,0.8414833325754367,1.2146259137885824,14.0,708147.7564599996,False,0.6597880043600572,21.26198208261592,-0.013253678775833062,-0.22650452542460714,0.13385728170872652,False,False
2026-09-01,0.20972646606959697,0.5068109623548985,12.0,297621.67411699996,True,0.6665310346489501,21.471708548685516,-0.005658156465528035,-0.17799175005428172,0.13329923103274932,False,False
2026-09-02,0.10659775830105281,0.20825956273562313,14.0,666667.3529510002,True,0.6566123188099086,21.57830630698657,-0.00183430790867865,-0.15352352836208488,0.13307142321556303,False,False
2026-09-03,-0.09902468751062632,0.18247169375479896,15.0,446209.5935300201,False,0.6460468777045358,21.47928161947594,-0.005144969031108797,-0.1745567983857437,0.132557771839939,False,False
2026-09-04,-0.47672385731083927,-0.4467880814754486,17.0,499590.03426699404,False,0.6356206377192906,21.0025577621651,-0.021208677167456547,-0.2769577275736749,0.1306560450298546,False,False
2026-09-05,0.7105173376614414,0.26375949003339677,19.0,1027958.1386260001,False,0.6310456243779409,21.713075099826543,0.0037165971188086264,-0.11769447223047308,0.13090957114464205,False,False
2026-09-06,0.2970393900313385,0.12184368691487561,19.0,329076.722585,True,0.6338092746811724,22.01011448985788,0.013708248255426693,-0.053816223216921935,0.13202752371351834,False,False
2026-09-07,0.2970560811586927,0.2796158769258026,17.0,661862.7064380001,True,0.6256485474708051,22.307170571016574,0.023360115635301375,0.007890552397095458,0.13398089958001363,False,False
2026-09-08,1.1720575673123828,1.359925082499946,19.0,690472.9558319997,False,0.6176530781638995,23.479228138328956,0.06248896779409761,0.258054883572217,0.1393225606810827,False,False
2026-09-09,0.315728016257124,0.28512763098199684,16.0,411916.48142900004,True,0.6434494904855114,23.79495615458608,0.07111521944432725,0.31308780614866777,0.14541145890282767,False,False
2026-09-10,0.4424529532809273,0.34206198149433886,19.0,531871.133178,True,0.6353903656453266,24.23740910786701,0.08376434586753045,0.3938478870768956,0.15259661317539194,False,False
2026-09-11,0.21295359668909725,0.0989861718502069,19.0,597968.8037810001,False,0.6300021249023241,24.450362704556106,0.08816500601396193,0.42178481551164193,0.16016317527966928,False,False
2026-09-12,-0.004617429001786975,0.15143108956396362,18.0,298226.27489999996,False,0.6207868676015915,24.44574527555432,0.08500449566603357,0.40129487025575916,0.16745524864750796,False,False
2026-09-13,-0.04510221737990794,-0.04652927499621989,17.0,342222.88902899995,False,0.6105257933555971,24.40064305817441,0.08057258338816711,0.37266651402356255,0.1743623181036787,False,False
2026-09-14,0.05037785646735095,0.44148268961551634,14.0,395462.80607700004,False,0.6004892996250233,24.45102091464176,0.07954404014213232,0.3658596103854502,0.18117976851032935,False,False
2026-09-15,0.2001049112782724,0.05690153072599114,13.0,449972.408244,False,0.590633619142197,24.651125825920033,0.08365078600104789,0.39198269098510363,0.1883537440339018,False,False
2026-09-16,0.3770998660251049,-0.13102378797194272,13.0,361872.2616900001,True,0.5819993831700359,25.02822569194514,0.09364673894029404,0.45587299346261057,0.19639632677867602,False,False
2026-09-17,-0.8187736737894761,-0.6375545624570307,11.0,259239.75621699996,False,0.5764373660616284,24.209452018155663,0.06256635011881048,0.2561365306833873,0.20173521125914798,False,False
2026-09-18,0.6561785307540655,0.062349074620165264,10.0,814785.9925060002,False,0.5859740782091954,24.865630548909728,0.08278696018617498,0.3858314945639335,0.20883335045604065,False,False
2026-09-19,-0.055330344186563594,-0.021278410012650215,12.0,324691.85089900007,False,0.5884086921394487,24.810300204723163,0.07808217776023502,0.3553884855727567,0.2155214311928593,False,False
2026-09-20,1.8757850667194005,1.7265573287398883,17.0,827193.7888409998,True,0.578768979706482,26.686085271442565,0.13931853766059496,0.7485895210826657,0.22754273686207824,True,True
2026-09-21,-1.7974860310161915,-1.4998519748572556,17.0,660390.365864,True,0.6628376357512938,24.888599240426373,0.0733438638963325,0.32405616593417363,0.23381383877730466,False,False
2026-09-22,-1.0132885574480486,-0.6773135669422992,19.0,1103556.80231,False,0.7286162746207832,23.875310682978323,0.036329174516058854,0.0858246212555106,0.2368574015041547,False,False
2026-09-23,0.0797376363382779,-0.21061620031255487,14.0,682198.0995720001,True,0.7396889716787417,23.955048319316603,0.03780782608144933,0.0952962244729319,0.24002978110150547,False,False
2026-09-24,0.016330727980614374,0.016330727980614374,12.0,475966.342159,True,0.727605131785711,23.971379047297216,0.03707623727609366,0.09053806177982585,0.2431381404525814,False,False
