,base_carry,pm_timed,vix_timed,pm_timed_level_misspecified,pm_timed_prob_index_D12,base_carry__coarse12,pm_timed__coarse12,base_carry__previous,pm_timed__previous,base_carry__primary_cap20,pm_timed__primary_cap20,base_carry__previous_cap20,pm_timed__previous_cap20,base_carry_gross,pm_timed_gross,vix_timed_gross,b2_oil_tilt,b2_oil_tilt_gross,b2_brent_tilt,pm_timed_min3events
2024-01-01,-0.0013069002585594995,-0.0013069002585594995,-0.00046606683431313096,-0.0013069002585594995,-0.0013069002585594995,-0.0013488885032694514,-0.0013488885032694514,-0.0038181628761114416,-0.0038181628761114416,-0.001388690540968001,-0.001388690540968001,-0.003043864510989535,-0.003043864510989535,0.0,0.0,0.0,-0.0013069002585594995,0.0,-0.0016499583140032693,-0.0013069002585594995
2024-01-02,0.00350869294294367,0.00350869294294367,0.004307442185828907,0.00350869294294367,0.00350869294294367,-0.003201449477553584,-0.003201449477553584,-0.002175455672917398,-0.002175455672917398,0.0031000201210273854,0.0031000201210273854,-0.0023073006316076646,-0.0023073006316076646,0.00350869294294367,0.00350869294294367,0.004528272609675204,0.00350869294294367,0.00350869294294367,-0.0006096626313773866,0.00350869294294367
2024-01-03,-0.0035127693935848633,-0.0035127693935848633,-0.001363957970263167,-0.0035127693935848633,-0.0035127693935848633,0.0025554870380312773,0.0025554870380312773,0.0045178247050562306,0.0045178247050562306,-0.0047814546559945175,-0.0047814546559945175,0.003751466139685141,0.003751466139685141,-0.0035127693935848633,-0.0035127693935848633,-0.0012747247558021957,-0.0035127693935848633,-0.0035127693935848633,-0.0028173622994266167,-0.0035127693935848633
2024-01-04,0.004674924631295875,0.004674924631295875,0.0016309060104759186,0.004674924631295875,0.004674924631295875,0.0026568296381835263,0.0026568296381835263,0.004084945357267241,0.004084945357267241,0.0049282404126237325,0.0049282404126237325,0.0035880246003979605,0.0035880246003979605,0.004674924631295875,0.004674924631295875,0.0017201013835675821,0.004674924631295875,0.004674924631295875,0.006899926935594007,0.004674924631295875
2024-01-05,0.011887811612459977,0.011887811612459977,0.005393531411510525,0.011887811612459977,0.011887811612459977,0.012413441491837833,0.012413441491837833,0.00897381556920844,0.00897381556920844,0.011981018792391818,0.011981018792391818,0.009794085010409518,0.009794085010409518,0.011887811612459977,0.011887811612459977,0.005485960636607748,0.011887811612459977,0.011887811612459977,0.017093719316636256,0.011887811612459977
2024-01-08,0.007271943441094467,0.007271943441094467,0.0039002359768277564,0.007271943441094467,0.007271943441094467,0.0030480320456548787,0.0030480320456548787,0.0013754794280718503,0.0013754794280718503,0.008270525923846918,0.008270525923846918,0.0021424361851166674,0.0021424361851166674,0.007271943441094467,0.007271943441094467,0.003990447024017589,0.007271943441094467,0.007271943441094467,0.007703736749445058,0.007271943441094467
2024-01-09,-0.004306352222999467,-0.004306352222999467,-0.0027827513146766094,-0.004306352222999467,-0.004306352222999467,-0.009236845075513297,-0.009236845075513297,-0.003512352468297282,-0.003512352468297282,-0.0037518286821113275,-0.0037518286821113275,-0.005193108947566073,-0.005193108947566073,-0.004306352222999467,-0.004306352222999467,-0.002693325258847724,-0.004306352222999467,-0.004306352222999467,-0.0068403064040304835,-0.004306352222999467
2024-01-10,0.0006557665783799302,0.0006557665783799302,0.0002421788587253155,0.0006557665783799302,0.0006557665783799302,0.0018630075358942414,0.0018630075358942414,0.006759638062721755,0.006759638062721755,0.00022671345773253668,0.00022671345773253668,0.006296771578858742,0.006296771578858742,0.0006557665783799302,0.0006557665783799302,0.00032881088940462267,0.0006557665783799302,0.0006557665783799302,0.0017748025487469082,0.0006557665783799302
2024-01-11,-0.0010615428831657362,-0.0010615428831657362,-0.0007008180241479204,-0.0010615428831657362,-0.0010615428831657362,0.003216707552731672,0.003216707552731672,-0.0012738635577406313,-0.0012738635577406313,-0.0009867266684762096,-0.0009867266684762096,-0.0004597031989985649,-0.0004597031989985649,-0.0010615428831657362,-0.0010615428831657362,-0.0006127971081371462,-0.0010615428831657362,-0.0010615428831657362,-0.0016308511159274903,-0.0010615428831657362
2024-01-12,0.002393844474558332,0.002393844474558332,0.001913133266307577,0.002393844474558332,0.002393844474558332,0.0034535797787579605,0.0034535797787579605,0.0011032837851996163,0.0011032837851996163,0.0022093452646480723,0.0022093452646480723,0.0016721421478806345,0.0016721421478806345,0.002393844474558332,0.002393844474558332,0.0020015796294190783,0.002393844474558332,0.002393844474558332,0.0028595764698393926,0.002393844474558332
2024-01-15,0.003739178576675695,0.003739178576675695,0.0031854201759731592,0.003739178576675695,0.003739178576675695,0.0018570656305409489,0.0018570656305409489,0.003465984440594606,0.003465984440594606,0.0036797286881615062,0.0036797286881615062,0.0026243334255681107,0.0026243334255681107,0.003739178576675695,0.003739178576675695,0.0032726910418499574,0.003739178576675695,0.003739178576675695,0.004217522810960791,0.003739178576675695
2024-01-16,-0.003048388872699738,-0.003048388872699738,-0.003392010538899822,-0.003048388872699738,-0.003048388872699738,-0.004917387164566658,-0.004917387164566658,0.0013904432147094623,0.0013904432147094623,-0.0020258764319380004,-0.0020258764319380004,-0.002161661133844984,-0.002161661133844984,-0.003048388872699738,-0.003048388872699738,-0.003378031309078296,-0.003048388872699738,-0.003048388872699738,-0.0025661789200375276,-0.003048388872699738
2024-01-17,0.0024372105844596478,0.0024372105844596478,0.0024372105844596478,0.0024372105844596478,0.0024372105844596478,0.0038017188205970885,0.0038017188205970885,0.006895099595436747,0.006895099595436747,0.001177902318476946,0.001177902318476946,0.005590568090652143,0.005590568090652143,0.0024372105844596478,0.0024372105844596478,0.0024372105844596478,0.0024372105844596478,0.0024372105844596478,0.0024372105844596478,0.0024372105844596478
2024-01-18,0.002006167367712,0.002006167367712,0.002006167367712,0.002006167367712,0.002006167367712,0.0037379025698212726,0.0037379025698212726,0.001694542492387015,0.001694542492387015,0.002460577643958594,0.002460577643958594,0.0015358653768532107,0.0015358653768532107,0.002006167367712,0.002006167367712,0.002006167367712,0.002006167367712,0.002006167367712,0.002006167367712,0.002006167367712
2024-01-19,7.821113719458841e-05,7.821113719458841e-05,7.821113719458841e-05,7.821113719458841e-05,7.821113719458841e-05,0.0013922354465275176,0.0013922354465275176,-0.00033706715912678817,-0.00033706715912678817,-0.0006530974204621895,-0.0006530974204621895,0.0005036485264504452,0.0005036485264504452,7.821113719458841e-05,7.821113719458841e-05,7.821113719458841e-05,7.821113719458841e-05,7.821113719458841e-05,7.821113719458841e-05,7.821113719458841e-05
2024-01-22,-0.0020549880281933567,-0.0020549880281933567,-0.0020549880281933567,-0.0020549880281933567,-0.0020549880281933567,-0.0025936672012030863,-0.0025936672012030863,-0.00036572271811862735,-0.00036572271811862735,-0.001659495607640908,-0.001659495607640908,-0.0016561705647829721,-0.0016561705647829721,-0.0020549880281933567,-0.0020549880281933567,-0.0020549880281933567,-0.0020549880281933567,-0.0020549880281933567,-0.0020549880281933567,-0.0020549880281933567
2024-01-23,-0.008757559371068698,-0.008757559371068698,-0.008757559371068698,-0.008757559371068698,-0.008757559371068698,-0.003695783356492511,-0.003695783356492511,-0.0039517780164123805,-0.0039517780164123805,-0.008496715297469008,-0.008496715297469008,-0.004974156472077575,-0.004974156472077575,-0.008757559371068698,-0.008757559371068698,-0.008757559371068698,-0.008757559371068698,-0.008757559371068698,-0.008757559371068698,-0.008757559371068698
2024-01-24,0.0062398039047044974,0.0062398039047044974,0.0062398039047044974,0.0062398039047044974,0.0062398039047044974,0.005882625190786252,0.005882625190786252,0.006601785250447697,0.006601785250447697,0.006007751546215952,0.006007751546215952,0.006393603046694702,0.006393603046694702,0.0062398039047044974,0.0062398039047044974,0.0062398039047044974,0.0062398039047044974,0.0062398039047044974,0.0062398039047044974,0.0062398039047044974
2024-01-25,-0.002219389652602106,-0.002219389652602106,-0.002219389652602106,-0.002219389652602106,-0.002219389652602106,0.00040737416452378637,0.00040737416452378637,0.0026675662533979998,0.0026675662533979998,-0.0026401073710773386,-0.0026401073710773386,0.0024383818740819317,0.0024383818740819317,-0.002219389652602106,-0.002219389652602106,-0.002219389652602106,-0.002219389652602106,-0.002219389652602106,-0.002219389652602106,-0.002219389652602106
2024-01-26,0.009357721567365336,0.009357721567365336,0.009357721567365336,0.009357721567365336,0.009357721567365336,0.0022844020210903253,0.0022844020210903253,-0.00030166765456508105,-0.00030166765456508105,0.010618321131876385,0.010618321131876385,-0.0003354943878414077,-0.0003354943878414077,0.009357721567365336,0.009357721567365336,0.009357721567365336,0.009357721567365336,0.009357721567365336,0.009357721567365336,0.009357721567365336
2024-01-29,-0.0005385028713840543,-0.0005385028713840543,-0.0005385028713840543,-0.0005385028713840543,-0.0005385028713840543,-0.0045888313575926385,-0.0045888313575926385,-0.005055277738253207,-0.005055277738253207,4.0734513945913964e-05,4.0734513945913964e-05,-0.005682518830326918,-0.005682518830326918,-0.0005385028713840543,-0.0005385028713840543,-0.0005385028713840543,-0.0005385028713840543,-0.0005385028713840543,-0.0005385028713840543,-0.0005385028713840543
2024-01-30,0.0018727612705018242,0.0018727612705018242,0.0018727612705018242,0.0018727612705018242,0.0018727612705018242,-0.000762675477397247,-0.000762675477397247,0.0009721618289308077,0.0009721618289308077,0.0022756699658019962,0.0022756699658019962,0.0016197754732210606,0.0016197754732210606,0.0018727612705018242,0.0018727612705018242,0.0018727612705018242,0.0018727612705018242,0.0018727612705018242,0.0018727612705018242,0.0018727612705018242
2024-01-31,-0.0010015528762502618,-0.0010015528762502618,-0.0010015528762502618,-0.0010015528762502618,-0.0010015528762502618,0.0003493060849885199,0.0003493060849885199,0.003432452991146832,0.003432452991146832,-0.001302448501579976,-0.001302448501579976,0.002467711535588433,0.002467711535588433,-0.0004569540564752844,-0.0004569540564752844,-0.0004569540564752844,-0.0010015528762502618,-0.0004569540564752844,-0.0010015528762502618,-0.0010015528762502618
2024-02-01,0.0026014293190594322,0.0026014293190594322,0.0026014293190594322,0.0026014293190594322,0.0026014293190594322,0.006430863387466248,0.006430863387466248,0.0031211246796110145,0.0031211246796110145,0.0026139108953443907,0.0026139108953443907,0.004591310280592186,0.004591310280592186,0.002625842306230112,0.002625842306230112,0.002625842306230112,0.0026014293190594322,0.002625842306230112,0.0026014293190594322,0.0026014293190594322
2024-02-02,-0.005375409757733528,-0.005375409757733528,-0.005375409757733528,-0.005375409757733528,-0.005375409757733528,-0.015239803328167933,-0.015239803328167933,-0.01695606077684764,-0.01695606077684764,-0.00610830046551706,-0.00610830046551706,-0.0176999531823016,-0.0176999531823016,-0.005375409757733528,-0.005375409757733528,-0.005375409757733528,-0.005375409757733528,-0.005375409757733528,-0.005375409757733528,-0.005375409757733528
2024-02-05,0.002569228112633114,0.002569228112633114,0.002569228112633114,0.002569228112633114,0.002569228112633114,0.005138032292064101,0.005138032292064101,0.009598523196905795,0.009598523196905795,0.0017167093660504329,0.0017167093660504329,0.007412555430847642,0.007412555430847642,0.002569228112633114,0.002569228112633114,0.002569228112633114,0.002569228112633114,0.002569228112633114,0.002569228112633114,0.002569228112633114
2024-02-06,0.0008423452898361321,0.0008423452898361321,0.0008423452898361321,0.0008423452898361321,0.0008423452898361321,0.00759090165673427,0.00759090165673427,0.008177226531285916,0.008177226531285916,0.000729032881273773,0.000729032881273773,0.008203539111860858,0.008203539111860858,0.0008423452898361321,0.0008423452898361321,0.0008423452898361321,0.0008423452898361321,0.0008423452898361321,0.0008423452898361321,0.0008423452898361321
2024-02-07,0.0006650427576492659,0.0006650427576492659,0.0006650427576492659,0.0006650427576492659,0.0006650427576492659,-0.002991425311652169,-0.002991425311652169,-0.005808386555103831,-0.005808386555103831,0.0005826148872149991,0.0005826148872149991,-0.005370374728754726,-0.005370374728754726,0.0006650427576492659,0.0006650427576492659,0.0006650427576492659,0.0006650427576492659,0.0006650427576492659,0.0006650427576492659,0.0006650427576492659
2024-02-08,0.0010361234916477166,0.0010361234916477166,0.0010361234916477166,0.0010361234916477166,0.0010361234916477166,0.0006775148543319762,0.0006775148543319762,0.0018648509423424154,0.0018648509423424154,0.001635673644045276,0.001635673644045276,0.0009317274107289843,0.0009317274107289843,0.0010361234916477166,0.0010361234916477166,0.0010361234916477166,0.0010361234916477166,0.0010361234916477166,0.0010361234916477166,0.0010361234916477166
2024-02-09,0.0006286461657569742,0.0006286461657569742,0.0006286461657569742,0.0006286461657569742,0.0006286461657569742,0.0028350850375961365,0.0028350850375961365,0.0013899951042680935,0.0013899951042680935,0.0009910557529950602,0.0009910557529950602,0.0025752658016248023,0.0025752658016248023,0.0006286461657569742,0.0006286461657569742,0.0006286461657569742,0.0006286461657569742,0.0006286461657569742,0.0006286461657569742,0.0006286461657569742
2024-02-12,0.0018767385057117804,0.0018767385057117804,0.0018767385057117804,0.0018767385057117804,0.0018767385057117804,0.002939486362741177,0.002939486362741177,0.0009512143024846127,0.0009512143024846127,0.0018725186925695355,0.0018725186925695355,0.0014029141900596006,0.0014029141900596006,0.0018767385057117804,0.0018767385057117804,0.0018767385057117804,0.0018767385057117804,0.0018767385057117804,0.0018767385057117804,0.0018767385057117804
2024-02-13,-0.005980636171242815,-0.005980636171242815,-0.005980636171242815,-0.005980636171242815,-0.005980636171242815,-0.008834333358236673,-0.008834333358236673,-0.002429705449231453,-0.002429705449231453,-0.005330611042032401,-0.005330611042032401,-0.004637992107851465,-0.004637992107851465,-0.005980636171242815,-0.005980636171242815,-0.005980636171242815,-0.005980636171242815,-0.005980636171242815,-0.005980636171242815,-0.005980636171242815
2024-02-14,0.010896015633617336,0.010896015633617336,0.010216341431901983,0.010896015633617336,0.010896015633617336,0.01201577462631891,0.01201577462631891,0.009937493789706283,0.009937493789706283,0.010131042446718894,0.010131042446718894,0.009942181357790255,0.009942181357790255,0.010896015633617336,0.010896015633617336,0.010896015633617336,0.010896015633617336,0.010896015633617336,0.010896015633617336,0.010896015633617336
2024-02-15,0.0024335174531912836,0.0024335174531912836,-3.3822112438932977e-06,0.0024335174531912836,0.0024335174531912836,0.003468273786635199,0.003468273786635199,0.0051055186568073506,0.0051055186568073506,0.0022843277555195914,0.0022843277555195914,0.0051083650155877335,0.0051083650155877335,0.0024335174531912836,0.0024335174531912836,0.00022519896529657848,0.0024335174531912836,0.0024335174531912836,0.0024335174531912836,0.0024335174531912836
2024-02-16,-0.00047508315051873675,-0.00047508315051873675,-0.0002846481317239761,-0.00047508315051873675,-0.00047508315051873675,-0.00018577954658755252,-0.00018577954658755252,-0.004351964530302219,-0.004351964530302219,-0.00032994383270998145,-0.00032994383270998145,-0.003189289233308857,-0.003189289233308857,-0.00047508315051873675,-0.00047508315051873675,-0.0002048294962349567,-0.00047508315051873675,-0.00047508315051873675,-0.00047508315051873675,-0.00047508315051873675
2024-02-19,-0.0005810837090555798,-0.0005810837090555798,-0.0003058521651233972,-0.0005810837090555798,-0.0005810837090555798,-0.00021275845919132284,-0.00021275845919132284,0.0017862444627849757,0.0017862444627849757,-0.0007028834754104357,-0.0007028834754104357,0.0012180387612389524,0.0012180387612389524,-0.0005810837090555798,-0.0005810837090555798,-0.00022251934623078071,-0.0005810837090555798,-0.0005810837090555798,-0.0005810837090555798,-0.0005810837090555798
2024-02-20,-0.00468406284882013,-0.00468406284882013,-0.0023837898046751307,-0.00468406284882013,-0.00468406284882013,0.0018773413321110373,0.0018773413321110373,0.0027557286808791285,0.0027557286808791285,-0.004506803484048982,-0.004506803484048982,0.003196079799210675,0.003196079799210675,-0.00468406284882013,-0.00468406284882013,-0.0023024091325080953,-0.00468406284882013,-0.00468406284882013,-0.00468406284882013,-0.00468406284882013
2024-02-21,0.0007138314558140736,0.0007138314558140736,0.000395463276963716,0.0007138314558140736,0.0007138314558140736,-0.0021100622227403043,-0.0021100622227403043,-0.0027934816575529214,-0.0027934816575529214,0.00046654993693021323,0.00046654993693021323,-0.0019589469185080583,-0.0019589469185080583,0.0007138314558140736,0.0007138314558140736,0.00047549430744944765,0.0007138314558140736,0.0007138314558140736,0.0007138314558140736,0.0007138314558140736
2024-02-22,-0.002209582286941219,-0.002209582286941219,-0.0012694248403234993,-0.002209582286941219,-0.002209582286941219,-0.008850207996871246,-0.008850207996871246,0.0013788240917695215,0.0013788240917695215,-0.0019898886850567643,-0.0019898886850567643,-0.0021203982721771006,-0.0021203982721771006,-0.002209582286941219,-0.002209582286941219,-0.0011910714059569277,-0.002209582286941219,-0.002209582286941219,-0.002209582286941219,-0.002209582286941219
2024-02-23,5.363885728350802e-05,5.363885728350802e-05,-0.00011710349664803168,5.363885728350802e-05,5.363885728350802e-05,-0.002433125181902127,-0.002433125181902127,-0.0028206669337179076,-0.0028206669337179076,-0.0007090531109267397,-0.0007090531109267397,-0.0033461148851241674,-0.0033461148851241674,5.363885728350802e-05,5.363885728350802e-05,-4.039636663598432e-05,5.363885728350802e-05,5.363885728350802e-05,5.363885728350802e-05,5.363885728350802e-05
2024-02-26,-6.57166955719503e-05,-6.57166955719503e-05,-0.00012770220466250192,-6.57166955719503e-05,-6.57166955719503e-05,0.0014353555248022454,0.0014353555248022454,-0.004749025800996598,-0.004749025800996598,-5.3565243915421735e-06,-5.3565243915421735e-06,-0.0025239388162852684,-0.0025239388162852684,-6.57166955719503e-05,-6.57166955719503e-05,-5.217011491378195e-05,-6.57166955719503e-05,-6.57166955719503e-05,-6.57166955719503e-05,-6.57166955719503e-05
2024-02-27,-0.0007466894164845818,-0.0007466894164845818,-0.0007153116781057569,-0.0007466894164845818,-0.0007466894164845818,0.0023663053125728886,0.0023663053125728886,-0.00038238665234285245,-0.00038238665234285245,-0.00022148279665593445,-0.00022148279665593445,0.00026000115525188876,0.00026000115525188876,-0.0007466894164845818,-0.0007466894164845818,-0.0006407704765980896,-0.0007466894164845818,-0.0007466894164845818,-0.0007466894164845818,-0.0007466894164845818
2024-02-28,0.005440980468226657,0.005440980468226657,0.004875993635530879,0.005440980468226657,0.005440980468226657,0.0005098477795719841,0.0005098477795719841,0.0007865176772776101,0.0007865176772776101,0.005498284837008869,0.005498284837008869,-0.0001977588823875037,-0.0001977588823875037,0.005440980468226657,0.005440980468226657,0.004950290812287069,0.005440980468226657,0.005440980468226657,0.005440980468226657,0.005440980468226657
2024-02-29,0.0003242261521233446,0.0003242261521233446,0.00037649675605709744,0.0003242261521233446,0.0003242261521233446,-0.0038897521138256856,-0.0038897521138256856,-0.004090739132516451,-0.004090739132516451,1.628435377954004e-05,1.628435377954004e-05,-0.0042838071392559286,-0.0042838071392559286,0.0007090437061637892,0.0007090437061637892,0.0007775994565740038,0.0003242261521233446,0.0007090437061637892,0.0003242261521233446,0.0003242261521233446
2024-03-01,-0.001256860747698028,-0.001256860747698028,-0.001256860747698028,-0.001256860747698028,-0.001256860747698028,-0.004421546451862257,-0.004421546451862257,-0.004366754906288458,-0.004366754906288458,-0.0019895782288579214,-0.0019895782288579214,-0.004427463679783387,-0.004427463679783387,-0.0011944129402829758,-0.0011944129402829758,-0.0011944129402829758,-0.001256860747698028,-0.0011944129402829758,-0.001256860747698028,-0.001256860747698028
2024-03-04,0.008285092188922203,0.008285092188922203,0.008285092188922203,0.008285092188922203,0.008285092188922203,0.00568258273341013,0.00568258273341013,-0.002710713864362203,-0.002710713864362203,0.008931136528329432,0.008931136528329432,-0.002710713864362203,-0.002710713864362203,0.008285092188922203,0.008285092188922203,0.008285092188922203,0.008285092188922203,0.008285092188922203,0.008285092188922203,0.008285092188922203
2024-03-05,0.0043135915813080124,0.0043135915813080124,0.0043135915813080124,0.0043135915813080124,0.0043135915813080124,-0.0015599203829232066,-0.0015599203829232066,-0.0036976377397896364,-0.0036976377397896364,0.004340314805002373,0.004340314805002373,-0.0036976377397896364,-0.0036976377397896364,0.0043135915813080124,0.0043135915813080124,0.0043135915813080124,0.0043135915813080124,0.0043135915813080124,0.0043135915813080124,0.0043135915813080124
2024-03-06,0.008013736395430926,0.008013736395430926,0.008013736395430926,0.008013736395430926,0.008013736395430926,0.00015312862652208398,0.00015312862652208398,7.47645961680682e-05,7.47645961680682e-05,0.008460440664525556,0.008460440664525556,7.47645961680682e-05,7.47645961680682e-05,0.008013736395430926,0.008013736395430926,0.008013736395430926,0.008013736395430926,0.008013736395430926,0.008013736395430926,0.008013736395430926
2024-03-07,-0.002177579374187281,-0.002177579374187281,-0.002177579374187281,-0.002177579374187281,-0.002177579374187281,-1.6663661153504435e-05,-1.6663661153504435e-05,-0.0034678284154042063,-0.0034678284154042063,-0.0021024283477900233,-0.0021024283477900233,-0.0034678284154042063,-0.0034678284154042063,-0.002177579374187281,-0.002177579374187281,-0.002177579374187281,-0.002177579374187281,-0.002177579374187281,-0.002177579374187281,-0.002177579374187281
2024-03-08,-0.01109368689437203,-0.01109368689437203,-0.01109368689437203,-0.01109368689437203,-0.01109368689437203,0.000456947352294226,0.000456947352294226,-0.0100498553509653,-0.0100498553509653,-0.012155693860510505,-0.012155693860510505,-0.0100498553509653,-0.0100498553509653,-0.01109368689437203,-0.01109368689437203,-0.01109368689437203,-0.01109368689437203,-0.01109368689437203,-0.01109368689437203,-0.01109368689437203
2024-03-11,-0.0034946031959696474,-0.0034946031959696474,-0.0034946031959696474,-0.0034946031959696474,-0.0034946031959696474,-0.007596385580082482,-0.007596385580082482,-0.005344304581732264,-0.005344304581732264,-0.002279399206031121,-0.002279399206031121,-0.005344304581732264,-0.005344304581732264,-0.0034946031959696474,-0.0034946031959696474,-0.0034946031959696474,-0.0034946031959696474,-0.0034946031959696474,-0.0034946031959696474,-0.0034946031959696474
2024-03-12,-0.004160790243833547,-0.004160790243833547,-0.004160790243833547,-0.004160790243833547,-0.004160790243833547,0.004708638033041898,0.004708638033041898,0.0019710389460830084,0.0019710389460830084,-0.005187771453879224,-0.005187771453879224,0.0019710389460830084,0.0019710389460830084,-0.004160790243833547,-0.004160790243833547,-0.004160790243833547,-0.004160790243833547,-0.004160790243833547,-0.004160790243833547,-0.004160790243833547
2024-03-13,0.0033026327289973605,0.0033026327289973605,0.0033026327289973605,0.0033026327289973605,0.0033026327289973605,0.009755365413925358,0.009755365413925358,0.009145950236979583,0.009145950236979583,0.0007635023904550083,0.0007635023904550083,0.009145950236979583,0.009145950236979583,0.0033026327289973605,0.0033026327289973605,0.0033026327289973605,0.0033026327289973605,0.0033026327289973605,0.0033026327289973605,0.0033026327289973605
2024-03-14,-0.00039014448237613603,-0.00039014448237613603,-0.00039014448237613603,-0.00039014448237613603,-0.00039014448237613603,0.005336187549596457,0.005336187549596457,0.001978683687538293,0.001978683687538293,-0.0008622431204403627,-0.0008622431204403627,0.001978683687538293,0.001978683687538293,-0.00039014448237613603,-0.00039014448237613603,-0.00039014448237613603,-0.00039014448237613603,-0.00039014448237613603,-0.00039014448237613603,-0.00039014448237613603
2024-03-15,0.009050297016565217,0.009050297016565217,0.009050297016565217,0.009050297016565217,0.009050297016565217,0.00805664546162525,0.00805664546162525,0.009445540140642165,0.009445540140642165,0.008244486587931317,0.008244486587931317,0.009445540140642165,0.009445540140642165,0.009050297016565217,0.009050297016565217,0.009050297016565217,0.009050297016565217,0.009050297016565217,0.009050297016565217,0.009050297016565217
2024-03-18,-0.0012845557996296214,-0.0012845557996296214,-0.0012845557996296214,-0.0012845557996296214,-0.0012845557996296214,0.0015018098100716723,0.0015018098100716723,-0.0037926382922136995,-0.0037926382922136995,-0.0005235819453349936,-0.0005235819453349936,-0.0037926382922136995,-0.0037926382922136995,-0.0012845557996296214,-0.0012845557996296214,-0.0012845557996296214,-0.0012845557996296214,-0.0012845557996296214,-0.0012845557996296214,-0.0012845557996296214
2024-03-19,0.01521883205565807,0.01521883205565807,0.01521883205565807,0.01521883205565807,0.01521883205565807,0.0038060238805316324,0.0038060238805316324,0.008490127250056403,0.008490127250056403,0.01652861041820472,0.01652861041820472,0.008490127250056403,0.008490127250056403,0.01521883205565807,0.01521883205565807,0.01521883205565807,0.01521883205565807,0.01521883205565807,0.01521883205565807,0.01521883205565807
2024-03-20,0.00434323308180758,0.00434323308180758,0.00434323308180758,0.00434323308180758,0.00434323308180758,0.0005204213527123818,0.0005204213527123818,0.012051419113047546,0.012051419113047546,0.003314392476669705,0.003314392476669705,0.012051419113047546,0.012051419113047546,0.00434323308180758,0.00434323308180758,0.00434323308180758,0.00434323308180758,0.00434323308180758,0.00434323308180758,0.00434323308180758
2024-03-21,-0.00987984600617096,-0.00987984600617096,-0.00987984600617096,-0.00987984600617096,-0.00987984600617096,-0.007810599781803411,-0.007810599781803411,0.0031682938749902265,0.0031682938749902265,-0.007161764758583735,-0.007161764758583735,0.0031682938749902265,0.0031682938749902265,-0.00987984600617096,-0.00987984600617096,-0.00987984600617096,-0.00987984600617096,-0.00987984600617096,-0.00987984600617096,-0.00987984600617096
2024-03-22,0.01395932435990957,0.01395932435990957,0.01395932435990957,0.01395932435990957,0.01395932435990957,0.016709220306751642,0.016709220306751642,0.014345865694475749,0.014345865694475749,0.01355957271425243,0.01355957271425243,0.014345865694475749,0.014345865694475749,0.01395932435990957,0.01395932435990957,0.01395932435990957,0.01395932435990957,0.01395932435990957,0.01395932435990957,0.01395932435990957
2024-03-25,0.004045070740303883,0.004045070740303883,0.004045070740303883,0.004045070740303883,0.004045070740303883,0.005709140507917905,0.005709140507917905,0.004505278259452442,0.004505278259452442,0.002472664555536948,0.002472664555536948,0.004505278259452442,0.004505278259452442,0.004045070740303883,0.004045070740303883,0.004045070740303883,0.004045070740303883,0.004045070740303883,0.004045070740303883,0.004045070740303883
2024-03-26,0.0059702432972509045,0.0059702432972509045,0.0059702432972509045,0.0059702432972509045,0.0059702432972509045,0.00412324722323428,0.00412324722323428,0.004066198247938169,0.004066198247938169,0.0069676514524856905,0.0069676514524856905,0.004066198247938169,0.004066198247938169,0.0059702432972509045,0.0059702432972509045,0.0059702432972509045,0.0059702432972509045,0.0059702432972509045,0.0059702432972509045,0.0059702432972509045
2024-03-27,0.009987233535806182,0.009987233535806182,0.009987233535806182,0.009987233535806182,0.009987233535806182,0.010823997529327316,0.010823997529327316,0.005205028815249958,0.005205028815249958,0.008275045510171697,0.008275045510171697,0.005205028815249958,0.005205028815249958,0.009987233535806182,0.009987233535806182,0.009987233535806182,0.009987233535806182,0.009987233535806182,0.009987233535806182,0.009987233535806182
2024-03-28,-0.005131229371716045,-0.005131229371716045,-0.005131229371716045,-0.005131229371716045,-0.005131229371716045,-0.0022506109189994778,-0.0022506109189994778,-0.004176925357923871,-0.004176925357923871,-0.004378378083810339,-0.004378378083810339,-0.004176925357923871,-0.004176925357923871,-0.005131229371716045,-0.005131229371716045,-0.005131229371716045,-0.005131229371716045,-0.005131229371716045,-0.005131229371716045,-0.005131229371716045
2024-03-29,0.0035834460824295724,0.0035834460824295724,0.0035834460824295724,0.003139701614637362,0.003139701614637362,0.0014934341636445815,0.0014934341636445815,0.001772079218245834,0.001772079218245834,0.0029454067686743315,0.0029454067686743315,0.001772079218245834,0.001772079218245834,0.003689700494983635,0.003689700494983635,0.003689700494983635,0.0035834460824295724,0.003689700494983635,0.0035834460824295724,0.0035834460824295724
2024-04-01,0.00015004145816427844,0.00015004145816427844,0.00015004145816427844,0.0004918808697194647,0.0004918808697194647,-0.005635364582139063,-0.005635364582139063,2.706792713011788e-05,2.706792713011788e-05,0.0008000956976356849,0.0008000956976356849,2.706792713011788e-05,2.706792713011788e-05,0.0001600600351461905,0.0001600600351461905,0.0001600600351461905,0.00015004145816427844,0.0001600600351461905,0.00015004145816427844,0.00015004145816427844
2024-04-02,0.004583163898596296,0.004583163898596296,0.004583163898596296,0.002291581949298148,0.002291581949298148,0.007955813850897766,0.007955813850897766,0.01669639052622997,0.01669639052622997,0.0029625535190844583,0.0029625535190844583,0.01669639052622997,0.01669639052622997,0.004583163898596296,0.004583163898596296,0.004583163898596296,0.004583163898596296,0.004583163898596296,0.004583163898596296,0.004583163898596296
2024-04-03,-0.00703375904689266,-0.00703375904689266,-0.00703375904689266,-0.00351687952344633,-0.00351687952344633,0.0015584909251871036,0.0015584909251871036,0.0035533536838579277,0.0035533536838579277,-0.009718605641800285,-0.009718605641800285,0.0035533536838579277,0.0035533536838579277,-0.00703375904689266,-0.00703375904689266,-0.00703375904689266,-0.00703375904689266,-0.00703375904689266,-0.00703375904689266,-0.00703375904689266
2024-04-04,-0.001667980480609859,-0.001667980480609859,-0.001667980480609859,-0.0008339902403049295,-0.0008339902403049295,0.0017122073694662292,0.0017122073694662292,0.002770022918242721,0.002770022918242721,-0.0027653792921167,-0.0027653792921167,0.002770022918242721,0.002770022918242721,-0.001667980480609859,-0.001667980480609859,-0.001667980480609859,-0.001667980480609859,-0.001667980480609859,-0.001667980480609859,-0.001667980480609859
2024-04-05,0.011174400512615031,0.011174400512615031,0.010560244317229428,0.005587200256307516,0.005587200256307516,0.0039909683554088205,0.0039909683554088205,0.0010249104992833575,0.0010249104992833575,0.011064619076565965,0.011064619076565965,0.0010249104992833575,0.0010249104992833575,0.011174400512615031,0.011174400512615031,0.011174400512615031,0.011174400512615031,0.011174400512615031,0.011174400512615031,0.011174400512615031
2024-04-08,0.0028717741559920345,0.0028717741559920345,0.0007150635412945556,0.0014358870779960173,0.0014358870779960173,0.004911790342564653,0.004911790342564653,0.007388612512998284,0.007388612512998284,0.0014909665739366018,0.0014909665739366018,0.007388612512998284,0.007388612512998284,0.0028717741559920345,0.0028717741559920345,0.0009692865406713067,0.0028717741559920345,0.0028717741559920345,0.0028717741559920345,0.0028717741559920345
2024-04-09,-0.0028544941696311762,-0.0028544941696311762,-0.0010806131132520538,-0.0014272470848155881,-0.0014272470848155881,-0.0031368550379242887,-0.0031368550379242887,-0.002598504668783909,-0.002598504668783909,-0.003298794493292358,-0.003298794493292358,-0.002598504668783909,-0.002598504668783909,-0.0028544941696311762,-0.0028544941696311762,-0.0009979389574076357,-0.0028544941696311762,-0.0028544941696311762,-0.0028544941696311762,-0.0028544941696311762
2024-04-10,-0.0012351740188822598,-0.0012351740188822598,-0.0005797510289619152,-0.0006175870094411299,-0.0006175870094411299,-0.006552214809140863,-0.006552214809140863,-0.008315652660437964,-0.008315652660437964,0.0005885933015611355,0.0005885933015611355,-0.008315652660437964,-0.008315652660437964,-0.0012351740188822598,-0.0012351740188822598,-0.000494069607552904,-0.0012351740188822598,-0.0012351740188822598,-0.0012351740188822598,-0.0012351740188822598
2024-04-11,0.0034371206268052927,0.0034371206268052927,0.001185572749051604,0.0017185603134026463,0.0017185603134026463,0.0037348598068978438,0.0037348598068978438,0.009027563448963372,0.009027563448963372,0.0022870493509750366,0.0022870493509750366,0.009027563448963372,0.009027563448963372,0.0034371206268052927,0.0034371206268052927,0.001269990953221152,0.0034371206268052927,0.0034371206268052927,0.0034371206268052927,0.0034371206268052927
2024-04-12,-0.00012407924596295923,-0.00012407924596295923,-0.0005882614847333696,-6.203962298147962e-05,-6.203962298147962e-05,-0.0019945886623878983,-0.0019945886623878983,-0.0004036088232692841,-0.0004036088232692841,0.000981144833250766,0.000981144833250766,-0.0004036088232692841,-0.0004036088232692841,-0.00012407924596295923,-0.00012407924596295923,-0.0005032437948636389,-0.00012407924596295923,-0.00012407924596295923,-0.00012407924596295923,-0.00012407924596295923
2024-04-15,0.0007187388589144548,0.0007187388589144548,-0.000243177899968664,0.0003593694294572274,0.0003593694294572274,-0.00695707181957899,-0.00695707181957899,-0.005893869817527403,-0.005893869817527403,0.0009506282417529851,0.0009506282417529851,-0.005893869817527403,-0.005893869817527403,0.0007187388589144548,0.0007187388589144548,0.00011490190291927986,0.0007187388589144548,0.0007187388589144548,0.0007187388589144548,0.0007187388589144548
2024-04-16,-0.007625417447089847,-0.007625417447089847,2.991249352620411e-05,-0.0038127087235449234,-0.0038127087235449234,-0.010496462448953959,-0.010496462448953959,-0.008044510681848048,-0.008044510681848048,-0.007438938226895021,-0.007438938226895021,-0.008044510681848048,-0.008044510681848048,-0.007625417447089847,-0.007625417447089847,0.00012343459809059957,-0.007625417447089847,-0.007625417447089847,-0.007625417447089847,-0.007625417447089847
2024-04-17,0.0004989226108590688,0.0004989226108590688,5.814485913732394e-05,0.0002494613054295344,0.0002494613054295344,0.003021052235527343,0.003021052235527343,0.0032057841613109214,0.0032057841613109214,0.0005945208506133132,0.0005945208506133132,0.0032057841613109214,0.0032057841613109214,0.0004989226108590688,0.0004989226108590688,0.0001247306527147672,0.0004989226108590688,0.0004989226108590688,0.0004989226108590688,0.0004989226108590688
2024-04-18,-0.019723645861194593,-0.019723645861194593,-0.0059759462865369975,-0.009861822930597296,-0.009861822930597296,-0.011470547538327805,-0.011470547538327805,-0.011441162992627388,-0.011441162992627388,-0.020000458872119396,-0.020000458872119396,-0.011441162992627388,-0.011441162992627388,-0.019723645861194593,-0.019723645861194593,-0.005890886574343402,-0.019723645861194593,-0.019723645861194593,-0.019723645861194593,-0.019723645861194593
2024-04-19,0.0033589898116488798,0.0033589898116488798,0.0009017311043408234,0.0016794949058244399,0.0016794949058244399,0.007934387955773415,0.007934387955773415,0.01051426153135318,0.01051426153135318,0.0009953721071794867,0.0009953721071794867,0.01051426153135318,0.01051426153135318,0.0033589898116488798,0.0033589898116488798,0.0009876023729073345,0.0033589898116488798,0.0033589898116488798,0.0033589898116488798,0.0033589898116488798
2024-04-22,-0.004134482812698217,-0.004134482812698217,-0.0019488642399163732,-0.0020672414063491085,-0.0020672414063491085,0.003214663755106369,0.003214663755106369,0.005680243557317263,0.005680243557317263,-0.0040200935890249995,-0.0040200935890249995,0.005680243557317263,0.005680243557317263,-0.004134482812698217,-0.004134482812698217,-0.0018570582163036056,-0.004134482812698217,-0.004134482812698217,-0.004134482812698217,-0.004134482812698217
2024-04-23,0.007336758342294582,0.007336758342294582,0.003986346897720956,0.003668379171147291,0.003668379171147291,0.00783169712447076,0.00783169712447076,0.0040756197854608265,0.0040756197854608265,0.007096668013116704,0.007096668013116704,0.0040756197854608265,0.0040756197854608265,0.007336758342294582,0.007336758342294582,0.004071580318843969,0.007336758342294582,0.007336758342294582,0.007336758342294582,0.007336758342294582
2024-04-24,-0.013595139715223034,-0.013595139715223034,-0.008250291955052906,-0.006797569857611517,-0.006797569857611517,-0.009527025511718907,-0.009527025511718907,-0.008717420143376712,-0.008717420143376712,-0.013081809003670125,-0.013081809003670125,-0.008717420143376712,-0.008717420143376712,-0.013595139715223034,-0.013595139715223034,-0.008157597827084802,-0.013595139715223034,-0.013595139715223034,-0.013595139715223034,-0.013595139715223034
2024-04-25,-0.004099083894433222,-0.004099083894433222,-0.003171002420170353,-0.002049541947216611,-0.002049541947216611,-0.008034474866514207,-0.008034474866514207,-0.002784418757602044,-0.002784418757602044,-0.004694563693113715,-0.004694563693113715,-0.002784418757602044,-0.002784418757602044,-0.004099083894433222,-0.004099083894433222,-0.0030809242219755934,-0.004099083894433222,-0.004099083894433222,-0.004099083894433222,-0.004099083894433222
2024-04-26,0.009046273527520975,0.009046273527520975,0.006897732296863173,0.004523136763760488,0.004523136763760488,0.012808331487469045,0.012808331487469045,0.01575299656133439,0.01575299656133439,0.009521819382604614,0.009521819382604614,0.01575299656133439,0.01575299656133439,0.009046273527520975,0.009046273527520975,0.006987947587680569,0.009046273527520975,0.009046273527520975,0.009046273527520975,0.009046273527520975
2024-04-29,0.007763939132265823,0.007763939132265823,0.006430791057563393,0.0038819695661329117,0.0038819695661329117,0.009197871183922587,0.009197871183922587,0.009505027852105934,0.009505027852105934,0.005984118209403144,0.005984118209403144,0.009505027852105934,0.009505027852105934,0.007763939132265823,0.007763939132265823,0.0065207668644250635,0.007763939132265823,0.007763939132265823,0.007763939132265823,0.007763939132265823
2024-04-30,-0.0010569376841438453,-0.0010569376841438453,-0.0011830040134121938,-0.0009219606891320994,-0.0009219606891320994,-0.010710731999846481,-0.010710731999846481,-0.005578604443082745,-0.005578604443082745,0.0011580488389597678,0.0011580488389597678,-0.005578604443082745,-0.005578604443082745,-0.0009861435755244,-0.0009861435755244,-0.0011014067986903396,-0.0010569376841438453,-0.0009861435755244,-0.0010569376841438453,-0.0010569376841438453
2024-05-01,0.004384061221717428,0.004384061221717428,0.004395700447686118,0.004303613177944015,0.004303613177944015,0.0023049253384599118,0.0023049253384599118,0.002385935358900322,0.002385935358900322,0.004315253532392039,0.004315253532392039,0.002385935358900322,0.002385935358900322,0.004398006182031958,0.004398006182031958,0.004398006182031958,0.004384061221717428,0.004398006182031958,0.004384061221717428,0.004384061221717428
2024-05-02,-0.005492157017121727,-0.005492157017121727,-0.005492157017121727,-0.005492157017121727,-0.005492157017121727,0.0032239664302958137,0.0032239664302958137,0.0029717369899762537,0.0029717369899762537,-0.0070741336780411335,-0.0070741336780411335,0.0029717369899762537,0.0029717369899762537,-0.005492157017121727,-0.005492157017121727,-0.005492157017121727,-0.005492157017121727,-0.005492157017121727,-0.005492157017121727,-0.005492157017121727
2024-05-03,-0.009109610092377471,-0.009109610092377471,-0.009109610092377471,-0.009109610092377471,-0.009109610092377471,-0.003310401384598776,-0.003310401384598776,-0.002606277724081082,-0.002606277724081082,-0.008723120793193949,-0.008723120793193949,-0.002606277724081082,-0.002606277724081082,-0.009109610092377471,-0.009109610092377471,-0.009109610092377471,-0.009109610092377471,-0.009109610092377471,-0.009109610092377471,-0.009109610092377471
2024-05-06,0.0020272125120192417,0.0020272125120192417,0.0020272125120192417,0.0020272125120192417,0.0020272125120192417,0.0037387571813679603,0.0037387571813679603,0.0045334095312475915,0.0045334095312475915,0.0005747249783475969,0.0005747249783475969,0.0045334095312475915,0.0045334095312475915,0.0020272125120192417,0.0020272125120192417,0.0020272125120192417,0.0020272125120192417,0.0020272125120192417,0.0020272125120192417,0.0020272125120192417
2024-05-07,0.0016376575909158868,0.0016376575909158868,0.0016376575909158868,0.0016376575909158868,0.0016376575909158868,0.00120072672480296,0.00120072672480296,0.002157352152443028,0.002157352152443028,0.0030239174638231887,0.0030239174638231887,0.002157352152443028,0.002157352152443028,0.0016376575909158868,0.0016376575909158868,0.0016376575909158868,0.0016376575909158868,0.0016376575909158868,0.0016376575909158868,0.0016376575909158868
2024-05-08,0.00046424420039239945,0.00046424420039239945,0.00046424420039239945,0.00046424420039239945,0.00046424420039239945,-0.0006607209434859895,-0.0006607209434859895,0.0004281073839848559,0.0004281073839848559,0.00023825089787844257,0.00023825089787844257,0.0004281073839848559,0.0004281073839848559,0.00046424420039239945,0.00046424420039239945,0.00046424420039239945,0.00046424420039239945,0.00046424420039239945,0.00046424420039239945,0.00046424420039239945
2024-05-09,0.002652163626120528,0.002652163626120528,0.002652163626120528,0.002652163626120528,0.002652163626120528,0.0008716948797536047,0.0008716948797536047,0.001641704077435905,0.001641704077435905,-0.00031649481193479897,-0.00031649481193479897,0.001641704077435905,0.001641704077435905,0.002652163626120528,0.002652163626120528,0.002652163626120528,0.002652163626120528,0.002652163626120528,0.002652163626120528,0.002652163626120528
2024-05-10,0.0008385997014896279,0.0008385997014896279,0.0008385997014896279,0.0008385997014896279,0.0008385997014896279,-0.002065708323243963,-0.002065708323243963,-0.0015917516783593019,-0.0015917516783593019,0.0010828891680396899,0.0010828891680396899,-0.0015917516783593019,-0.0015917516783593019,0.0008385997014896279,0.0008385997014896279,0.0008385997014896279,0.0008385997014896279,0.0008385997014896279,0.0008385997014896279,0.0008385997014896279
2024-05-13,-0.0012450784819042092,-0.0012450784819042092,-0.0012450784819042092,-0.0012450784819042092,-0.0012450784819042092,-8.73362743958739e-05,-8.73362743958739e-05,0.0003756636609177121,0.0003756636609177121,-0.0015877520255696683,-0.0015877520255696683,0.0003756636609177121,0.0003756636609177121,-0.0012450784819042092,-0.0012450784819042092,-0.0012450784819042092,-0.0012450784819042092,-0.0012450784819042092,-0.0012450784819042092,-0.0012450784819042092
2024-05-14,0.0018511528191740997,0.0018511528191740997,0.0018511528191740997,0.0018511528191740997,0.0018511528191740997,0.00231912509523818,0.00231912509523818,0.0015898203303577943,0.0015898203303577943,0.0004847746547774268,0.0004847746547774268,0.0015898203303577943,0.0015898203303577943,0.0018511528191740997,0.0018511528191740997,0.0018511528191740997,0.0018511528191740997,0.0018511528191740997,0.0018511528191740997,0.0018511528191740997
2024-05-15,0.004065953435805435,0.004065953435805435,0.004065953435805435,0.004065953435805435,0.004065953435805435,0.0035368208563872497,0.0035368208563872497,0.0022195552800609018,0.0022195552800609018,0.002099523993119588,0.002099523993119588,0.0022195552800609018,0.0022195552800609018,0.004065953435805435,0.004065953435805435,0.004065953435805435,0.004065953435805435,0.004065953435805435,0.004065953435805435,0.004065953435805435
2024-05-16,-0.014926981179819152,-0.014926981179819152,-0.014926981179819152,-0.014926981179819152,-0.014926981179819152,-0.010656405760152737,-0.010656405760152737,-0.010283090414809508,-0.010283090414809508,-0.013255212648808065,-0.013255212648808065,-0.010283090414809508,-0.010283090414809508,-0.014926981179819152,-0.014926981179819152,-0.014926981179819152,-0.014926981179819152,-0.014926981179819152,-0.014926981179819152,-0.014926981179819152
2024-05-17,0.0043621894010278306,0.0043621894010278306,0.0043621894010278306,0.0043621894010278306,0.0043621894010278306,0.006797660603521454,0.006797660603521454,0.008701691013108477,0.008701691013108477,0.0016851671150542526,0.0016851671150542526,0.008701691013108477,0.008701691013108477,0.0043621894010278306,0.0043621894010278306,0.0043621894010278306,0.0043621894010278306,0.0043621894010278306,0.0043621894010278306,0.0043621894010278306
2024-05-20,0.0032637183369636003,0.0032637183369636003,0.0032637183369636003,0.0032637183369636003,0.0032637183369636003,0.0010432763017670006,0.0010432763017670006,0.0025758607261287658,0.0025758607261287658,0.0029455196257245587,0.0029455196257245587,0.0025758607261287658,0.0025758607261287658,0.0032637183369636003,0.0032637183369636003,0.0032637183369636003,0.0032637183369636003,0.0032637183369636003,0.0032637183369636003,0.0032637183369636003
2024-05-21,0.001841129191837835,0.001841129191837835,0.001841129191837835,0.001841129191837835,0.001841129191837835,0.002732117741964843,0.002732117741964843,0.005748517681766024,0.005748517681766024,0.0009490944674418595,0.0009490944674418595,0.005748517681766024,0.005748517681766024,0.001841129191837835,0.001841129191837835,0.001841129191837835,0.001841129191837835,0.001841129191837835,0.001841129191837835,0.001841129191837835
2024-05-22,0.006124750101733468,0.006124750101733468,0.006124750101733468,0.006124750101733468,0.006124750101733468,-0.0034072458504943314,-0.0034072458504943314,-0.0038456741580401967,-0.0038456741580401967,0.009882391992160075,0.009882391992160075,-0.0038456741580401967,-0.0038456741580401967,0.006124750101733468,0.006124750101733468,0.006124750101733468,0.006124750101733468,0.006124750101733468,0.006124750101733468,0.006124750101733468
2024-05-23,-0.007048869763040943,-0.007048869763040943,-0.007048869763040943,-0.007048869763040943,-0.007048869763040943,-0.0019310522644423868,-0.0019310522644423868,-0.0038473347624511317,-0.0038473347624511317,-0.007074889718944605,-0.007074889718944605,-0.0038473347624511317,-0.0038473347624511317,-0.007048869763040943,-0.007048869763040943,-0.007048869763040943,-0.007048869763040943,-0.007048869763040943,-0.007048869763040943,-0.007048869763040943
2024-05-24,0.0007535569617297599,0.0007535569617297599,0.0007535569617297599,0.0007535569617297599,0.0007535569617297599,0.0022450018939486624,0.0022450018939486624,0.0015076716239519217,0.0015076716239519217,-0.0013111709932596884,-0.0013111709932596884,0.0015076716239519217,0.0015076716239519217,0.0007535569617297599,0.0007535569617297599,0.0007535569617297599,0.0007535569617297599,0.0007535569617297599,0.0007535569617297599,0.0007535569617297599
2024-05-27,-0.0020045712048505026,-0.0020045712048505026,-0.0020045712048505026,-0.0020045712048505026,-0.0020045712048505026,-0.002382227142866276,-0.002382227142866276,-0.0008215401873975396,-0.0008215401873975396,-0.001624322438023124,-0.001624322438023124,-0.0008215401873975396,-0.0008215401873975396,-0.0020045712048505026,-0.0020045712048505026,-0.0020045712048505026,-0.0020045712048505026,-0.0020045712048505026,-0.0020045712048505026,-0.0020045712048505026
2024-05-28,-0.004285432582422053,-0.004285432582422053,-0.004285432582422053,-0.004285432582422053,-0.004285432582422053,-0.0009796303310896969,-0.0009796303310896969,-0.0001983233888324469,-0.0001983233888324469,-0.0042947262897025445,-0.0042947262897025445,-0.0001983233888324469,-0.0001983233888324469,-0.004285432582422053,-0.004285432582422053,-0.004285432582422053,-0.004285432582422053,-0.004285432582422053,-0.004285432582422053,-0.004285432582422053
2024-05-29,-0.00020312536551951978,-0.00020312536551951978,-0.00020312536551951978,-0.00020312536551951978,-0.00020312536551951978,-0.005493847046691691,-0.005493847046691691,-0.0014851690963205415,-0.0014851690963205415,0.0015784146677136658,0.0015784146677136658,-0.0014851690963205415,-0.0014851690963205415,-0.00020312536551951978,-0.00020312536551951978,-0.00020312536551951978,-0.00020312536551951978,-0.00020312536551951978,-0.00020312536551951978,-0.00020312536551951978
2024-05-30,0.009319032199739384,0.009319032199739384,0.009319032199739384,0.009319032199739384,0.009319032199739384,0.003398598983000506,0.003398598983000506,0.0007178347776675846,0.0007178347776675846,0.008698243687767,0.008698243687767,0.0007178347776675846,0.0007178347776675846,0.009319032199739384,0.009319032199739384,0.009319032199739384,0.009319032199739384,0.009319032199739384,0.009319032199739384,0.009319032199739384
2024-05-31,0.0034358945123397393,0.00267846758662697,0.0034358945123397393,0.00267846758662697,0.00267846758662697,-0.0008974508527626374,-0.0012637280735489226,-0.003613766160959463,-0.004432580523646442,0.0028365326473882542,0.0019489369515338602,-0.003613766160959463,-0.004432580523646442,0.003551305633531312,0.003551305633531312,0.003551305633531312,0.00267846758662697,0.003551305633531312,0.00267846758662697,0.0034358945123397393
2024-06-03,-0.03233441926195557,-0.004341379281346219,-0.03233441926195557,-0.004341379281346219,-0.004341379281346219,-0.01995334553673401,-0.002683058218654101,-0.011745742232870234,-0.0024747703975438328,-0.03331180760388292,-0.003283541316928978,-0.011745742232870234,-0.0024747703975438328,-0.03232859215680173,-0.004189243472714427,-0.03232859215680173,-0.004341379281346219,-0.004189243472714427,-0.004341379281346219,-0.03233441926195557
2024-06-04,-0.013020731130434343,0.0,-0.013020731130434343,0.0,0.0,-0.018645799049798514,0.0,-0.02562140238080246,0.0,-0.012383914219407037,0.0,-0.02562140238080246,0.0,-0.013020731130434343,0.0,-0.013020731130434343,0.0,0.0,0.0,-0.013020731130434343
2024-06-05,0.010435390309859268,0.0,0.010435390309859268,0.0,0.0,0.00843460530490272,0.0,0.012281001235893452,0.0,0.01094849131976053,0.0,0.012281001235893452,0.0,0.010435390309859268,0.0,0.010435390309859268,0.0,0.0,0.0,0.010435390309859268
2024-06-06,-0.015075440811781618,0.0,-0.015075440811781618,0.0,0.0,-0.011219701257017075,0.0,-0.01005142817443416,0.0,-0.015168457444084486,0.0,-0.01005142817443416,0.0,-0.015075440811781618,0.0,-0.015075440811781618,0.0,0.0,0.0,-0.015075440811781618
2024-06-07,-0.009903754065624049,0.0,-0.009903754065624049,0.0,0.0,-0.01864247902132741,0.0,-0.012216344349745127,0.0,-0.007387704014034544,0.0,-0.012216344349745127,0.0,-0.009903754065624049,0.0,-0.009903754065624049,0.0,0.0,0.0,-0.009903754065624049
2024-06-10,0.010244565275105618,0.0,0.010244565275105618,0.0,0.0,0.013320393553312314,0.0,0.022288211798152723,0.0,0.009239539141876377,0.0,0.022288211798152723,0.0,0.010244565275105618,0.0,0.010244565275105618,0.0,0.0,0.0,0.010244565275105618
2024-06-11,-0.014572033519971314,0.0,-0.014572033519971314,0.0,0.0,-0.015498249513244184,0.0,-0.008161190166096871,0.0,-0.014472736100725742,0.0,-0.008161190166096871,0.0,-0.014572033519971314,0.0,-0.014572033519971314,0.0,0.0,0.0,-0.014572033519971314
2024-06-12,-0.014466941584489891,0.0,-0.014466941584489891,0.0,0.0,-0.014038118912652308,0.0,-0.008786460585960694,0.0,-0.015050071157033542,0.0,-0.008786460585960694,0.0,-0.014466941584489891,0.0,-0.014466941584489891,0.0,0.0,0.0,-0.014466941584489891
2024-06-13,-0.005707522776145661,0.0,-0.005707522776145661,0.0,0.0,-0.002097941395406757,0.0,0.001691339463982013,0.0,-0.005396616165598406,0.0,0.001691339463982013,0.0,-0.005707522776145661,0.0,-0.005707522776145661,0.0,0.0,0.0,-0.005707522776145661
2024-06-14,0.009529790580026528,0.0,0.009529790580026528,0.0,0.0,0.0023531573830695043,0.0,-0.0037533017126602946,0.0,0.011432895786611484,0.0,-0.0037533017126602946,0.0,0.009529790580026528,0.0,0.009529790580026528,0.0,0.0,0.0,0.009529790580026528
2024-06-17,0.0008460282603213379,0.0,0.0008460282603213379,0.0,0.0,-0.003023965754102701,0.0,-0.001158511290855804,0.0,0.0008292169524669863,0.0,-0.001158511290855804,0.0,0.0008460282603213379,0.0,0.0008460282603213379,0.0,0.0,0.0,0.0008460282603213379
2024-06-18,0.003532676095063262,0.0,0.003532676095063262,0.0,0.0,0.0007295339758633032,0.0,0.016411678468427122,0.0,0.0036220797974790522,0.0,0.016411678468427122,0.0,0.003532676095063262,0.0,0.003532676095063262,0.0,0.0,0.0,0.003532676095063262
2024-06-19,-0.005099355868455149,0.0,-0.005099355868455149,0.0,0.0,-0.005111649468347135,0.0,0.0010348587865000869,0.0,-0.005827814207104485,0.0,0.0010348587865000869,0.0,-0.005099355868455149,0.0,-0.005099355868455149,0.0,0.0,0.0,-0.005099355868455149
2024-06-20,0.0017817960448470397,0.0,0.0017817960448470397,0.0,0.0,0.0012910076808190915,0.0,-0.005106232955557096,0.0,0.001480591037743442,0.0,-0.005106232955557096,0.0,0.0017817960448470397,0.0,0.0017817960448470397,0.0,0.0,0.0,0.0017817960448470397
2024-06-21,0.01815827059699327,0.0,0.01815827059699327,0.0,0.0,0.011259305065798971,0.0,0.011332301698966957,0.0,0.019195043590675774,0.0,0.011332301698966957,0.0,0.01815827059699327,0.0,0.01815827059699327,0.0,0.0,0.0,0.01815827059699327
2024-06-24,0.014226828739888462,0.0,0.014226828739888462,0.0,0.0,0.014333423750696447,0.0,0.007445036103865008,0.0,0.014492661284930826,0.0,0.007445036103865008,0.0,0.014226828739888462,0.0,0.014226828739888462,0.0,0.0,0.0,0.014226828739888462
2024-06-25,-0.007917213984825307,0.0,-0.007917213984825307,0.0,0.0,-0.010861207933291143,0.0,-0.011353728859881626,0.0,-0.008332143941817747,0.0,-0.011353728859881626,0.0,-0.007917213984825307,0.0,-0.007917213984825307,0.0,0.0,0.0,-0.007917213984825307
2024-06-26,-0.00667440362989534,0.0,-0.00667440362989534,0.0,0.0,-0.01146515911536975,0.0,0.0010408907468320917,0.0,-0.005365207692918556,0.0,0.0010408907468320917,0.0,-0.00667440362989534,0.0,-0.00667440362989534,0.0,0.0,0.0,-0.00667440362989534
2024-06-27,-0.006697117255197553,0.0,-0.006697117255197553,0.0,0.0,-0.004019888685196412,0.0,-0.0052918706589216566,0.0,-0.00587377553792711,0.0,-0.0052918706589216566,0.0,-0.006697117255197553,0.0,-0.006697117255197553,0.0,0.0,0.0,-0.006697117255197553
2024-06-28,-0.005726814452906711,-0.0007640977922261645,-0.005726814452906711,0.0,-0.0007640977922261645,-0.006031535945465441,-0.0005611741856539002,0.0019249786021032019,-0.0030926562156877503,-0.006966256233170592,-0.0007937783709208973,0.0019249786021032019,-0.0030926562156877503,-0.005373097033284096,0.0,-0.005373097033284096,-0.0007640977922261645,0.0,-0.0007640977922261645,-0.005726814452906711
2024-07-01,0.004630335831549252,0.0009325020076026093,0.004630335831549252,0.0,0.0009325020076026093,-0.004125352267993192,-0.005952316970595531,-0.002500617499283932,-0.00435536278480727,0.004389414793378218,0.0014354394349764548,-0.002500617499283932,-0.00435536278480727,0.004665802398650628,0.001023262862981992,0.004665802398650628,0.0009325020076026093,0.001023262862981992,0.0009325020076026093,0.004630335831549252
2024-07-02,0.005592661302105034,0.005592661302105034,0.005592661302105034,0.0,0.005592661302105034,0.005308541005140423,0.005308541005140423,0.005143277798217707,0.005143277798217707,0.004991316945525371,0.004991316945525371,0.005143277798217707,0.005143277798217707,0.005592661302105034,0.005592661302105034,0.005592661302105034,0.005592661302105034,0.005592661302105034,0.005592661302105034,0.005592661302105034
2024-07-03,0.0029763701273630427,0.0029763701273630427,0.0029763701273630427,0.0,0.0029763701273630427,0.011118809917423074,0.011118809917423074,0.011905087384523083,0.011905087384523083,0.00223399171009278,0.00223399171009278,0.011905087384523083,0.011905087384523083,0.0029763701273630427,0.0029763701273630427,0.0029763701273630427,0.0029763701273630427,0.0029763701273630427,0.0029763701273630427,0.0029763701273630427
2024-07-04,-0.0015240312164237467,-0.0015240312164237467,-0.0015240312164237467,0.0,-0.0015240312164237467,0.0033431594535557703,0.0033431594535557703,0.002067598926911188,0.002067598926911188,-0.001524580346370971,-0.001524580346370971,0.002067598926911188,0.002067598926911188,-0.0015240312164237467,-0.0015240312164237467,-0.0015240312164237467,-0.0015240312164237467,-0.0015240312164237467,-0.0015240312164237467,-0.0015240312164237467
2024-07-05,0.0019391487904436408,0.0019391487904436408,0.0019391487904436408,0.0,0.0019391487904436408,0.0024262553766705233,0.0024262553766705233,0.002487695137352709,0.002487695137352709,0.001961236157210311,0.001961236157210311,0.002487695137352709,0.002487695137352709,0.0019391487904436408,0.0019391487904436408,0.0019391487904436408,0.0019391487904436408,0.0019391487904436408,0.0019391487904436408,0.0019391487904436408
2024-07-08,0.00792577217320642,0.00792577217320642,0.00792577217320642,0.0,0.00792577217320642,0.004051064681602182,0.004051064681602182,0.005083157868726049,0.005083157868726049,0.007403387009864479,0.007403387009864479,0.005083157868726049,0.005083157868726049,0.00792577217320642,0.00792577217320642,0.00792577217320642,0.00792577217320642,0.00792577217320642,0.00792577217320642,0.00792577217320642
2024-07-09,0.002676327374755457,0.002676327374755457,0.002676327374755457,0.0,0.002676327374755457,0.007276054012539689,0.007276054012539689,0.00479288989351166,0.00479288989351166,0.0013726336744630026,0.0013726336744630026,0.00479288989351166,0.00479288989351166,0.002676327374755457,0.002676327374755457,0.002676327374755457,0.002676327374755457,0.002676327374755457,0.002676327374755457,0.002676327374755457
2024-07-10,0.0010998053417031828,0.0010998053417031828,0.0010998053417031828,0.0,0.0010998053417031828,0.005346324243712532,0.005346324243712532,0.007386497436326821,0.007386497436326821,-0.0015007039199639515,-0.0015007039199639515,0.007386497436326821,0.007386497436326821,0.0010998053417031828,0.0010998053417031828,0.0010998053417031828,0.0010998053417031828,0.0010998053417031828,0.0010998053417031828,0.0010998053417031828
2024-07-11,-0.003282437878453207,-0.003282437878453207,-0.003282437878453207,0.0,-0.003282437878453207,-0.005226510497769151,-0.005226510497769151,-0.003975138704559282,-0.003975138704559282,-0.0018129287256009022,-0.0018129287256009022,-0.003975138704559282,-0.003975138704559282,-0.003282437878453207,-0.003282437878453207,-0.003282437878453207,-0.003282437878453207,-0.003282437878453207,-0.003282437878453207,-0.003282437878453207
2024-07-12,0.008221984918074979,0.008221984918074979,0.008221984918074979,0.0,0.008221984918074979,0.006617554823938724,0.006617554823938724,0.0026498655146806136,0.0026498655146806136,0.0064871181428052,0.0064871181428052,0.0026498655146806136,0.0026498655146806136,0.008221984918074979,0.008221984918074979,0.008221984918074979,0.008221984918074979,0.008221984918074979,0.008221984918074979,0.008221984918074979
2024-07-15,-0.0010172953298208552,-0.0010172953298208552,-0.0010172953298208552,0.0,-0.0010172953298208552,-0.003663309488207826,-0.003663309488207826,-0.0043243683497941375,-0.0043243683497941375,-0.0011982580230972002,-0.0011982580230972002,-0.0043243683497941375,-0.0043243683497941375,-0.0010172953298208552,-0.0010172953298208552,-0.0010172953298208552,-0.0010172953298208552,-0.0010172953298208552,-0.0010172953298208552,-0.0010172953298208552
2024-07-16,-0.001362113548509154,-0.001362113548509154,-0.001362113548509154,0.0,-0.001362113548509154,-0.0005923240420426764,-0.0005923240420426764,0.0024560874721255375,0.0024560874721255375,-0.0007098283182726882,-0.0007098283182726882,0.0024560874721255375,0.0024560874721255375,-0.001362113548509154,-0.001362113548509154,-0.001362113548509154,-0.001362113548509154,-0.001362113548509154,-0.001362113548509154,-0.001362113548509154
2024-07-17,0.00022599328620767287,0.00022599328620767287,0.00022599328620767287,0.0,0.00022599328620767287,-0.009718963088491867,-0.009718963088491867,-0.011762818525123373,-0.011762818525123373,0.0024845604326412685,0.0024845604326412685,-0.011762818525123373,-0.011762818525123373,0.00022599328620767287,0.00022599328620767287,0.00022599328620767287,0.00022599328620767287,0.00022599328620767287,0.00022599328620767287,0.00022599328620767287
2024-07-18,-0.002728184846573391,-0.002728184846573391,-0.003284831856768925,0.0,-0.002728184846573391,-0.009920572666824577,-0.009920572666824577,-0.0065700553193798,-0.0065700553193798,-0.001160964355863253,-0.001160964355863253,-0.0065700553193798,-0.0065700553193798,-0.002728184846573391,-0.002728184846573391,-0.002728184846573391,-0.002728184846573391,-0.002728184846573391,-0.002728184846573391,-0.002728184846573391
2024-07-19,0.003156209335123224,0.003156209335123224,0.002543475795913091,0.0,0.003156209335123224,0.001420266859262941,0.001420266859262941,0.0057510156885792075,0.0057510156885792075,0.002549293347842545,0.002549293347842545,0.0057510156885792075,0.0057510156885792075,0.003156209335123224,0.003156209335123224,0.002704743501234449,0.003156209335123224,0.003156209335123224,0.003156209335123224,0.003156209335123224
2024-07-22,0.0044803233466625125,0.0044803233466625125,0.0010667329396724266,0.0,0.0044803233466625125,0.006305415290023016,0.006305415290023016,0.010095156471941489,0.010095156471941489,0.0036272547984752164,0.0036272547984752164,0.010095156471941489,0.010095156471941489,0.0044803233466625125,0.0044803233466625125,0.0011200808366656281,0.0044803233466625125,0.0044803233466625125,0.0044803233466625125,0.0044803233466625125
2024-07-23,-0.004617001626179593,-0.004617001626179593,-0.0015109547113706858,0.0,-0.004617001626179593,-0.00656143748730579,-0.00656143748730579,-0.0038471828462752107,-0.0038471828462752107,-0.004156095354042916,-0.004156095354042916,-0.0038471828462752107,-0.0038471828462752107,-0.004617001626179593,-0.004617001626179593,-0.0014414800438453486,-0.004617001626179593,-0.004617001626179593,-0.004617001626179593,-0.004617001626179593
2024-07-24,-0.008692326105828726,-0.008692326105828726,-0.003384841267935153,0.0,-0.008692326105828726,-0.011846581711301405,-0.011846581711301405,-0.006934703068310826,-0.006934703068310826,-0.007814397779987813,-0.007814397779987813,-0.006934703068310826,-0.006934703068310826,-0.008692326105828726,-0.008692326105828726,-0.0033164107826507967,-0.008692326105828726,-0.008692326105828726,-0.008692326105828726,-0.008692326105828726
2024-07-25,0.0017398391800916187,0.0017398391800916187,0.0005653247757377747,0.0,0.0017398391800916187,-0.00018370316150043804,-0.00018370316150043804,-0.0032926085158480256,-0.0032926085158480256,0.0012719276033276966,0.0012719276033276966,-0.0032926085158480256,-0.0032926085158480256,0.0017398391800916187,0.0017398391800916187,0.0007380431549389301,0.0017398391800916187,0.0017398391800916187,0.0017398391800916187,0.0017398391800916187
2024-07-26,0.0015371999922514906,0.0015371999922514906,0.00035612802436520087,0.0,0.0015371999922514906,-0.000808876943173891,-0.000808876943173891,0.0019519979419761423,0.0019519979419761423,0.0013832606516657941,0.0013832606516657941,0.0019519979419761423,0.0019519979419761423,0.0015371999922514906,0.0015371999922514906,0.00045744392441314155,0.0015371999922514906,0.0015371999922514906,0.0015371999922514906,0.0015371999922514906
2024-07-29,-0.006723898003444147,-0.006723898003444147,-0.002228452371411451,0.0,-0.006723898003444147,-0.005907242181370004,-0.005907242181370004,-0.007741344281556721,-0.007741344281556721,-0.005894683387187789,-0.005894683387187789,-0.007741344281556721,-0.007741344281556721,-0.006723898003444147,-0.006723898003444147,-0.0021590627862756707,-0.006723898003444147,-0.006723898003444147,-0.006723898003444147,-0.006723898003444147
2024-07-30,-0.0042293844785818106,-0.0042293844785818106,-0.001808028682308335,0.0,-0.0042293844785818106,-0.0051809193085749945,-0.0051809193085749945,-0.0019625281454321427,-0.0019625281454321427,-0.0045103980058000875,-0.0045103980058000875,-0.0019625281454321427,-0.0019625281454321427,-0.0042293844785818106,-0.0042293844785818106,-0.0017373862613115148,-0.0042293844785818106,-0.0042293844785818106,-0.0042293844785818106,-0.0042293844785818106
2024-07-31,-0.0032776291155957567,-0.0032776291155957567,-0.0012842656708983355,0.0,-0.0032776291155957567,-0.0063237701595139275,-0.0063237701595139275,-0.005273680510578825,-0.005273680510578825,-0.003348134869693012,-0.003348134869693012,-0.005273680510578825,-0.005273680510578825,-0.003170294611203936,-0.003170294611203936,-0.001155036677536332,-0.0032776291155957567,-0.003170294611203936,-0.0032776291155957567,-0.0032776291155957567
2024-08-01,-0.004986498002261344,-0.004986498002261344,-0.002783243153107907,0.0,-0.004986498002261344,-0.014886279986556448,-0.014886279986556448,-0.013688337340266855,-0.013688337340266855,-0.0035492178231751694,-0.0035492178231751694,-0.013688337340266853,-0.013688337340266853,-0.004936186332934073,-0.004936186332934073,-0.0026765122867818732,-0.004986498002261344,-0.004936186332934073,-0.005311879873118763,-0.004986498002261344
2024-08-02,-0.016191538940992,-0.016191538940992,-0.010175864389595567,0.0,-0.016191538940992,-0.018250278184048133,-0.018250278184048133,-0.019505546696617363,-0.019505546696617363,-0.01586803110035693,-0.01586803110035693,-0.019505546696617363,-0.019505546696617363,-0.016191538940992,-0.016191538940992,-0.009844135250025305,-0.016191538940992,-0.016191538940992,-0.020998573174899803,-0.016191538940992
2024-08-05,-0.001902894183576002,-0.001902894183576002,0.0007042698585343684,0.0,-0.001902894183576002,-0.01142109132801057,-0.01142109132801057,-0.02103548276688652,-0.02103548276688652,-0.002391499033133468,-0.002391499033133468,-0.02103548276688652,-0.02103548276688652,-0.001902894183576002,-0.001902894183576002,0.000817306817684245,-0.001902894183576002,-0.001902894183576002,-0.0006436462873716536,-0.001902894183576002
2024-08-06,-0.0013547343580535614,-0.0013547343580535614,-0.00033868358951339036,0.0,-0.0013547343580535614,0.011832924861992132,0.011832924861992132,0.01060270432099528,0.01060270432099528,-0.0046074473962873525,-0.0046074473962873525,0.010602704320995282,0.010602704320995282,-0.0013547343580535614,-0.0013547343580535614,-0.00033868358951339036,-0.0013547343580535614,-0.0013547343580535614,0.0034565364582313618,-0.0013547343580535614
2024-08-07,0.004515611145243082,0.004515611145243082,0.001005221116666448,0.0,0.004515611145243082,0.00964794065227925,0.00964794065227925,0.013675381083348752,0.013675381083348752,0.005471327667805904,0.005471327667805904,0.01367538108334875,0.01367538108334875,0.004515611145243082,0.004515611145243082,0.0011289027863107706,0.004515611145243082,0.004515611145243082,0.006046648675746688,0.004515611145243082
2024-08-08,0.015821644117013058,0.015821644117013058,0.004878442500397707,0.0,0.015821644117013058,0.013295879794560251,0.013295879794560251,0.009715807101458302,0.009715807101458302,0.01464475973912588,0.01464475973912588,0.009715807101458302,0.009715807101458302,0.015821644117013058,0.015821644117013058,0.005053277354423273,0.015821644117013058,0.015821644117013058,0.02312643959278393,0.015821644117013058
2024-08-09,-0.00546668117026624,-0.00546668117026624,-0.0018808797920977453,0.0,-0.00546668117026624,-0.004559629379461888,-0.004559629379461888,-0.005770813112614631,-0.005770813112614631,-0.004686474115454724,-0.004686474115454724,-0.0057708131126146325,-0.0057708131126146325,-0.00546668117026624,-0.00546668117026624,-0.0017880521318211619,-0.00546668117026624,-0.00546668117026624,-0.007611140924644228,-0.00546668117026624
2024-08-12,-3.923009391439613e-05,-3.923009391439613e-05,-0.00028555519769940107,0.0,-3.923009391439613e-05,0.003271149841602459,0.003271149841602459,0.004470073523242914,0.004470073523242914,-0.0013279832212385772,-0.0013279832212385772,0.004470073523242914,0.004470073523242914,-3.923009391439613e-05,-3.923009391439613e-05,-0.00018997439499844474,-3.923009391439613e-05,-3.923009391439613e-05,0.0007938653074843847,-3.923009391439613e-05
2024-08-13,0.0016328844835813091,0.0016328844835813091,0.0009284632382102134,0.0,0.0016328844835813091,0.0034845801337704905,0.0034845801337704905,0.004691183262114044,0.004691183262114044,0.0014407351334880351,0.0014407351334880351,0.004691183262114042,0.004691183262114042,0.0016328844835813091,0.0016328844835813091,0.0010181627230931426,0.0016328844835813091,0.0016328844835813091,0.001756569778908254,0.0016328844835813091
2024-08-14,0.005353115294954416,0.005353115294954416,0.0034385433649649403,0.0,0.005353115294954416,-0.0023249701465878547,-0.0023249701465878547,-0.0051068522547590795,-0.0051068522547590795,0.006991915867441934,0.006991915867441934,-0.00510685225475908,-0.00510685225475908,0.005353115294954416,0.005353115294954416,0.0035256588278850145,0.005353115294954416,0.005353115294954416,0.006364712186832473,0.005353115294954416
2024-08-15,0.002385146129472265,0.002385146129472265,0.0015850004485017265,0.0,0.002385146129472265,0.004684739657158946,0.004684739657158946,0.0072239918870253255,0.0072239918870253255,0.001753962174803008,0.001753962174803008,0.0072239918870253255,0.0072239918870253255,0.002385146129472265,0.002385146129472265,0.0016696022906305856,0.002385146129472265,0.002385146129472265,0.0036207953946745604,0.002385146129472265
2024-08-16,-0.0027421261289534574,-0.0027421261289534574,-0.0019195460459818284,0.0,-0.0027421261289534574,-0.0020955232139198074,-0.0020955232139198074,-0.0009996904639597752,-0.0009996904639597752,2.114081814847714e-05,2.114081814847714e-05,-0.0009996904639597752,-0.0009996904639597752,-0.0027421261289534574,-0.0027421261289534574,-0.0018296324300460327,-0.0027421261289534574,-0.0027421261289534574,-0.0067351396735479485,-0.0027421261289534574
2024-08-19,-0.013325563011351252,-0.013325563011351252,-0.010838945254619339,0.0,-0.013325563011351252,-0.009373184721500507,-0.009373184721500507,-0.012857869647598524,-0.012857869647598524,-0.013773690233085783,-0.013773690233085783,-0.012857869647598528,-0.012857869647598528,-0.013325563011351252,-0.013325563011351252,-0.010737374942344426,-0.013325563011351252,-0.013325563011351252,-0.018320562775533927,-0.013325563011351252
2024-08-20,-0.00513258137525348,-0.00513258137525348,-0.004744668180053185,0.0,-0.00513258137525348,-0.009901904461933508,-0.009901904461933508,-0.013735487884547027,-0.013735487884547027,-0.005862396487832301,-0.005862396487832301,-0.013735487884547024,-0.013735487884547024,-0.00513258137525348,-0.00513258137525348,-0.004642379328502252,-0.00513258137525348,-0.00513258137525348,-0.008770141497144168,-0.00513258137525348
2024-08-21,-0.00941040176010785,-0.00941040176010785,-0.009547002092449703,0.0,-0.00941040176010785,-0.004982777323885192,-0.004982777323885192,-0.004952172954642854,-0.004952172954642854,-0.011608290258753196,-0.011608290258753196,-0.004952172954642852,-0.004952172954642852,-0.00941040176010785,-0.00941040176010785,-0.00951745712179212,-0.00941040176010785,-0.00941040176010785,-0.010531147823983565,-0.00941040176010785
2024-08-22,-0.003583263417151576,-0.003583263417151576,-0.003583263417151576,0.0,-0.003583263417151576,-0.011153438426631178,-0.011153438426631178,-0.009916663917194564,-0.009916663917194564,-0.0042176242813136595,-0.0042176242813136595,-0.00991666391719456,-0.00991666391719456,-0.003583263417151576,-0.003583263417151576,-0.003583263417151576,-0.003583263417151576,-0.003583263417151576,-0.004570142228770329,-0.003583263417151576
2024-08-23,0.003355290432182758,0.003355290432182758,0.003355290432182758,0.0,0.003355290432182758,0.012721951223638051,0.012721951223638051,0.013521694274438443,0.013521694274438443,0.003607718364829219,0.003607718364829219,0.013521694274438443,0.013521694274438443,0.003355290432182758,0.003355290432182758,0.003355290432182758,0.003355290432182758,0.003355290432182758,0.003735904580577661,0.003355290432182758
2024-08-26,-0.0066457173201034695,-0.0066457173201034695,-0.0066457173201034695,0.0,-0.0066457173201034695,-0.009623557746639732,-0.009623557746639732,-0.01059822649648819,-0.01059822649648819,-0.007955753577853365,-0.007955753577853365,-0.01059822649648819,-0.01059822649648819,-0.0066457173201034695,-0.0066457173201034695,-0.0066457173201034695,-0.0066457173201034695,-0.0066457173201034695,-0.007311990874248537,-0.0066457173201034695
2024-08-27,-0.00676270699349724,-0.00676270699349724,-0.00676270699349724,0.0,-0.00676270699349724,-0.005875919150653803,-0.005875919150653803,-0.0023750964565040483,-0.0023750964565040483,-0.007400488785644406,-0.007400488785644406,-0.0023750964565040474,-0.0023750964565040474,-0.00676270699349724,-0.00676270699349724,-0.00676270699349724,-0.00676270699349724,-0.00676270699349724,-0.007064604274333256,-0.00676270699349724
2024-08-28,-0.0010989016847890482,-0.0010989016847890482,-0.0010989016847890482,0.0,-0.0010989016847890482,-0.007399984607940677,-0.007399984607940677,-0.005075127810428222,-0.005075127810428222,0.00016613745950563277,0.00016613745950563277,-0.005075127810428221,-0.005075127810428221,-0.0010989016847890482,-0.0010989016847890482,-0.0010989016847890482,-0.0010989016847890482,-0.0010989016847890482,-0.0009085593427008029,-0.0010989016847890482
2024-08-29,-0.009026544766546503,-0.009026544766546503,-0.009026544766546503,0.0,-0.009026544766546503,-0.013876046200267628,-0.013876046200267628,-0.010055497127302606,-0.010055497127302606,-0.00879587869743651,-0.00879587869743651,-0.010055497127302606,-0.010055497127302606,-0.009026544766546503,-0.009026544766546503,-0.009026544766546503,-0.009026544766546503,-0.009026544766546503,-0.009026544766546503,-0.009026544766546503
2024-08-30,-0.0019419262258930474,-0.0019419262258930474,-0.0019419262258930474,-0.0003648062501649656,-0.0019419262258930474,1.4395101180776594e-05,1.4395101180776594e-05,0.0011333807484744248,0.0011333807484744248,-0.0017333937410163856,-0.0017333937410163856,0.0011333807484744248,0.0011333807484744248,-0.0019078557069943385,-0.0019078557069943385,-0.0019078557069943385,-0.0019419262258930474,-0.0019078557069943385,-0.0019419262258930474,-0.0026715387262229787
2024-09-02,0.0022351063924876758,0.0022351063924876758,0.0022351063924876758,0.0007969911337855956,0.0022351063924876758,0.00614919510392142,0.00614919510392142,0.011077044697826999,0.011077044697826999,0.00273791814130485,0.00273791814130485,0.011077044697826999,0.011077044697826999,0.0022682140586428533,0.0022682140586428533,0.0022682140586428533,0.0022351063924876758,0.0022682140586428533,0.0022351063924876758,-0.00010490861882257344
2024-09-03,0.003881880943578239,0.003881880943578239,0.003881880943578239,0.0019409404717891194,0.003881880943578239,-0.0005722592764515012,-0.0005722592764515012,-0.0010149656423679748,-0.0010149656423679748,0.005237560884845791,0.005237560884845791,-0.0010149656423679748,-0.0010149656423679748,0.003881880943578239,0.003881880943578239,0.003881880943578239,0.003881880943578239,0.003881880943578239,0.003881880943578239,0.0
2024-09-04,0.0007710371760605863,0.0007710371760605863,0.00023412155361262623,0.00038551858803029314,0.0007710371760605863,-0.002744808326414719,-0.002744808326414719,0.0003786656691179567,0.0003786656691179567,0.0026819799520756723,0.0026819799520756723,0.0003786656691179567,0.0003786656691179567,0.0007710371760605863,0.0007710371760605863,0.0007710371760605863,0.0007710371760605863,0.0007710371760605863,0.0007710371760605863,0.0
2024-09-05,0.0023786768281188215,0.0023786768281188215,4.050822387603292e-06,0.0011893384140594107,0.0023786768281188215,-0.00011403324678028483,-0.00011403324678028483,0.0009940639505917307,0.0009940639505917307,0.002204656006478261,0.002204656006478261,0.0009940639505917307,0.0009940639505917307,0.0023786768281188215,0.0023786768281188215,0.0003375046635345461,0.0023786768281188215,0.0023786768281188215,0.0023786768281188215,0.0
2024-09-06,-0.0028893430200587406,-0.0028893430200587406,-0.001038018477408584,-0.0014446715100293703,-0.0028893430200587406,-0.005177527965310714,-0.005177527965310714,-0.007163019169741287,-0.007163019169741287,-0.0026670100461578267,-0.0026670100461578267,-0.007163019169741287,-0.007163019169741287,-0.0028893430200587406,-0.0028893430200587406,-0.0009563506872735734,-0.0028893430200587406,-0.0028893430200587406,-0.0028893430200587406,0.0
2024-09-09,-0.0025521303052141236,-0.0025521303052141236,-0.001328722268407275,-0.0012760651526070618,-0.0025521303052141236,0.004842458556128653,0.004842458556128653,0.007879133292533362,0.007879133292533362,-0.002172202005429562,-0.002172202005429562,0.007879133292533362,0.007879133292533362,-0.0025521303052141236,-0.0025521303052141236,-0.0012399016981436673,-0.0025521303052141236,-0.0025521303052141236,-0.0025521303052141236,0.0
2024-09-10,-0.005759143414118838,-0.005759143414118838,-0.0028895829122191157,-0.002879571707059419,-0.005759143414118838,-0.011727838764749032,-0.011727838764749032,-0.007166564884626813,-0.007166564884626813,-0.005378428464228495,-0.005378428464228495,-0.007166564884626813,-0.007166564884626813,-0.005759143414118838,-0.005759143414118838,-0.0028005293205225637,-0.005759143414118838,-0.005759143414118838,-0.005759143414118838,0.0
2024-09-11,0.0032380208558550356,0.0032380208558550356,0.0018017496059897402,0.0016190104279275178,0.0032380208558550356,0.0019005235726867395,0.0019005235726867395,0.0030106507613262452,0.0030106507613262452,0.0031329144023380046,0.0031329144023380046,0.0030106507613262452,0.0030106507613262452,0.0032380208558550356,0.0032380208558550356,0.0018908322405729833,0.0032380208558550356,0.0032380208558550356,0.0032380208558550356,0.0
2024-09-12,0.009394512046804799,0.009394512046804799,0.005724079538472557,0.004697256023402399,0.009394512046804799,0.011259523069220652,0.011259523069220652,0.01218705470303365,0.01218705470303365,0.0075202946707157515,0.0075202946707157515,0.01218705470303365,0.01218705470303365,0.009394512046804799,0.009394512046804799,0.005815656243225505,0.009394512046804799,0.009394512046804799,0.009394512046804799,0.0
2024-09-13,0.004498758245123134,0.004498758245123134,0.003314063885736467,0.002249379122561567,0.004498758245123134,0.0018199769142008934,0.0018199769142008934,0.0004333261749245828,0.0004333261749245828,0.005030752086278943,0.005030752086278943,0.0004333261749245828,0.0004333261749245828,0.004498758245123134,0.004498758245123134,0.0034057961970872385,0.004498758245123134,0.004498758245123134,0.004498758245123134,0.0
2024-09-16,-0.007000917691468945,-0.007000917691468945,-0.005516757950672107,-0.0035004588457344726,-0.007000917691468945,-0.001582428619554428,-0.001582428619554428,-0.0030444952231780524,-0.0030444952231780524,-0.006912304852990827,-0.006912304852990827,-0.0030444952231780524,-0.0030444952231780524,-0.007000917691468945,-0.007000917691468945,-0.005425711210888432,-0.007000917691468945,-0.007000917691468945,-0.007000917691468945,0.0
2024-09-17,0.008261511630101238,0.008261511630101238,0.00693085935557194,0.004130755815050619,0.008261511630101238,0.002668771177376807,0.002668771177376807,0.0012674447999279624,0.0012674447999279624,0.009350022071310273,0.009350022071310273,0.0012674447999279624,0.0012674447999279624,0.008261511630101238,0.008261511630101238,0.007022284885586051,0.008261511630101238,0.008261511630101238,0.008261511630101238,0.0
2024-09-18,-0.0002350242936358239,-0.0002350242936358239,-0.00030900937303607155,-0.00011751214681791195,-0.0002350242936358239,-8.99216178493501e-05,-8.99216178493501e-05,0.002844320936352621,0.002844320936352621,-0.0009107236503746018,-0.0009107236503746018,0.002844320936352621,0.002844320936352621,-0.0002350242936358239,-0.0002350242936358239,-0.00021739747161313681,-0.0002350242936358239,-0.0002350242936358239,-0.0002350242936358239,0.0
2024-09-19,0.00012200959446234715,-0.00042910640004993877,0.000222178340220282,-0.00012270053427292172,0.00012200959446234715,-0.0015241769148433056,-0.0018309035104854044,-0.0005926003267832372,-0.0023269603989389325,0.00023770659721557264,-0.0003388461248943017,-0.0005926003267832372,-0.0023269603989389325,0.00012200959446234715,0.00012200959446234715,0.0002578806257543759,-0.00023536193786776214,0.00012200959446234715,0.00012200959446234715,0.0
2024-09-20,0.0018940645319264608,0.0019996080594144104,0.0018940645319264608,0.0009822134417925468,0.0018940645319264608,-0.004017396574359891,-0.0010513378796250532,-0.0022672981377590755,-0.00044234543531222346,0.0009995165016682146,0.0013936058196330912,-0.0022672981377590755,-0.00044234543531222346,0.0018940645319264608,0.002411284550778309,0.0018940645319264608,-0.0026666332544480727,-0.002020429202078549,0.0018940645319264608,0.0
2024-09-23,-0.003769263775827942,-0.0013207194002733858,-0.003769263775827942,-0.0010684504293957855,-0.003769263775827942,-0.0020610406418279555,-0.0007426233870163325,0.0029943044876569822,0.000667582236010154,-0.004912419038470803,-0.0016847598714292667,0.0029943044876569822,0.000667582236010154,-0.003769263775827942,-0.0012302778156066652,-0.003769263775827942,-0.005106841848841368,-0.005021785667538117,-0.003769263775827942,0.0
2024-09-24,-0.003265906432898937,-0.0012865989279749266,-0.003265906432898937,-0.000973184048141465,-0.003265906432898937,0.0009721917417536176,0.000654301487010402,-0.0004676423829055305,-2.7401963286847835e-05,-0.004300567790644088,-0.0017211940281064773,-0.0004676423829055305,-2.7401963286847835e-05,-0.003265906432898937,-0.0011879428118160618,-0.003265906432898937,-0.0012526092642408412,-0.001150917874364585,-0.003265906432898937,0.0
2024-09-25,-0.007856408939221782,-0.003970435677650814,-0.007856408939221782,-0.0026328800490872345,-0.007856408939221782,-0.009965560710788376,-0.004667723293304161,-0.0074286704887518385,-0.0034958628436484083,-0.007787105999290118,-0.00389623418973768,-0.0074286704887518385,-0.0034958628436484083,-0.007856408939221782,-0.0038657513962241145,-0.007856408939221782,-0.01098468155294586,-0.010858664570111823,-0.007856408939221782,0.0
2024-09-26,-0.007035051107942592,-0.0034170121814389633,-0.007035051107942592,-0.0023115125784700864,-0.007035051107942592,0.0009970231408768686,0.0007393981583116434,0.0014004778282441816,0.0007710497949159254,-0.007324568365259144,-0.0037024899928673805,0.0014004778282441816,0.0007710497949159254,-0.007035051107942592,-0.003309198021718524,-0.007035051107942592,-0.011433187273795616,-0.011302804224337066,-0.007035051107942592,0.0
2024-09-27,-0.006239226953831218,-0.003792913377713064,-0.006239226953831218,-0.002304175618209558,-0.006239226953831218,-0.005655117290194744,-0.003338997224561965,-0.005727840300786572,-0.0033666078717632976,-0.0055543305779891415,-0.0034085366368098212,-0.005727840300786572,-0.0033666078717632976,-0.006239226953831218,-0.003689804861228471,-0.006239226953831218,-0.009340447466089507,-0.009224172408948673,-0.006239226953831218,0.0
2024-09-30,-0.001723596639692368,-0.001875788929004337,-0.001723596639692368,-0.0010283053912061068,-0.002418254489227964,-0.003832617327051647,-0.002919157539164238,-0.004173787871586974,-0.004039388608625497,-0.0019473167979302804,-0.002034020136755343,-0.0040154489917221675,-0.004039388608625497,-0.0016237819732594734,-0.0012706291123888592,-0.0016237819732594734,-0.0024170059909685328,-0.0013967679818342785,-0.002418254489227964,-0.0008942871824013851
2024-10-01,0.002181352406390967,-0.0004309738567035663,0.002181352406390967,-0.0002462707752591808,-0.0006156769381479519,0.006165480088137768,0.003350174349152243,0.009760085150011597,0.004891539972002725,0.003416750600120384,-0.00032737289464965865,0.009476488942055777,0.004891539972002725,0.002244224894990828,0.0,0.002244224894990828,-0.000945594913442275,0.0,-0.0006156769381479519,0.0015656754682430152
2024-10-02,0.015770343368743497,0.0,0.015770343368743497,0.0,0.0,0.010895205768709107,0.0,0.012542927964091184,0.0,0.015394764017823722,0.0,0.012439487488275051,0.0,0.015770343368743497,0.0,0.015770343368743497,0.0,0.0,0.0,0.015770343368743497
2024-10-03,0.0034233726935906173,0.0,0.0034233726935906173,0.0,0.0,0.004491362252835845,0.0,0.005529464711859363,0.0,0.004676111359763283,0.0,0.004642616386373642,0.0,0.0034233726935906173,0.0,0.0034233726935906173,0.0,0.0,0.0,0.0034233726935906173
2024-10-04,0.017741185439220222,0.0,0.017741185439220222,0.0,0.0,0.009726264198193023,0.0,0.011192111661229263,0.0,0.015295108249956856,0.0,0.01131246497382743,0.0,0.017741185439220222,0.0,0.017741185439220222,0.0,0.0,0.0,0.017741185439220222
2024-10-07,-0.006453747986942072,0.0,-0.006453747986942072,0.0,0.0,0.0017441362008081152,0.0,0.008696956443859028,0.0,-0.004886020993345322,0.0,0.008108660278186595,0.0,-0.006453747986942072,0.0,-0.006453747986942072,0.0,0.0,0.0,-0.006453747986942072
2024-10-08,0.00040719614063588973,0.0,0.00040719614063588973,0.0,0.0,-0.0032013535334201714,0.0,-0.0028298700648121617,0.0,0.0009804110197740223,0.0,-0.0034210252492305557,0.0,0.00040719614063588973,0.0,0.00040719614063588973,0.0,0.0,0.0,0.00040719614063588973
2024-10-09,-0.0035776413784634306,0.0,-0.0035776413784634306,0.0,0.0,-0.00656417854871386,0.0,-0.003556196775183687,0.0,-0.0037343884960864995,0.0,-0.004096850832107535,0.0,-0.0035776413784634306,0.0,-0.0035776413784634306,0.0,0.0,0.0,-0.0035776413784634306
2024-10-10,0.008086615873394853,0.0,0.008086615873394853,0.0,0.0,0.008022339519711118,0.0,0.011381978752458218,0.0,0.006491294449301695,0.0,0.011186322909372576,0.0,0.008086615873394853,0.0,0.008086615873394853,0.0,0.0,0.0,0.008086615873394853
2024-10-11,-0.0008352184059714851,0.0,-0.0008352184059714851,0.0,0.0,-0.0027103798382769983,0.0,-0.0022458131240841463,0.0,-0.0007616926947034645,0.0,-0.0018814277497376981,0.0,-0.0008352184059714851,0.0,-0.0008352184059714851,0.0,0.0,0.0,-0.0008352184059714851
2024-10-14,0.003105237293653848,0.0,0.003105237293653848,0.0,0.0,0.0020361438633620358,0.0,0.0009090491186629385,0.0,0.0027888026116272783,0.0,0.0004924589284009748,0.0,0.003105237293653848,0.0,0.003105237293653848,0.0,0.0,0.0,0.003105237293653848
2024-10-15,-0.003073255202429893,0.0,-0.003073255202429893,0.0,0.0,-0.0076260949347864435,0.0,-0.0032288430723055083,0.0,-0.002218986311905885,0.0,-0.004108386645311513,0.0,-0.003073255202429893,0.0,-0.003073255202429893,0.0,0.0,0.0,-0.003073255202429893
2024-10-16,-0.008712332517985089,0.0,-0.008712332517985089,0.0,0.0,-0.006505340004515565,0.0,-0.0008946412013108801,0.0,-0.009767222848282499,0.0,-0.001351077244449528,0.0,-0.008712332517985089,0.0,-0.008712332517985089,0.0,0.0,0.0,-0.008712332517985089
2024-10-17,0.009608535121868418,0.0,0.009608535121868418,0.0,0.0,0.004818578157463892,0.0,0.005234926747137375,0.0,0.0100034742240691,0.0,0.004849020648377266,0.0,0.009608535121868418,0.0,0.009608535121868418,0.0,0.0,0.0,0.009608535121868418
2024-10-18,-0.0012392678774712485,0.0,-0.0012392678774712485,0.0,0.0,-0.00511683357317333,0.0,-0.00631338004649037,0.0,0.00022966733971347352,0.0,-0.0060854440890202414,0.0,-0.0012392678774712485,0.0,-0.0012392678774712485,0.0,0.0,0.0,-0.0012392678774712485
2024-10-21,0.0011965371794835215,0.0,0.0011965371794835215,0.0,0.0,0.003064258353006819,0.0,0.004913812973357594,0.0,-0.00015645834459427624,0.0,0.0045312890567910415,0.0,0.0011965371794835215,0.0,0.0011965371794835215,0.0,0.0,0.0,0.0011965371794835215
2024-10-22,-3.65356879546824e-05,0.0,-3.65356879546824e-05,0.0,0.0,0.0036909784609667423,0.0,0.006308321858256603,0.0,-0.0007105023741592212,0.0,0.006231503089248695,0.0,-3.65356879546824e-05,0.0,-3.65356879546824e-05,0.0,0.0,0.0,-3.65356879546824e-05
2024-10-23,-0.0020879850552086177,0.0,-0.0020879850552086177,0.0,0.0,0.0004191557348258903,0.0,-0.0007739896578469784,0.0,-0.0014975285532646489,0.0,-0.0013212244692816894,0.0,-0.0020879850552086177,0.0,-0.0020879850552086177,0.0,0.0,0.0,-0.0020879850552086177
2024-10-24,0.00243279767237204,0.0,0.00243279767237204,0.0,0.0,0.004132356149050549,0.0,0.005119964543723494,0.0,0.0024512986623484775,0.0,0.00510173332776201,0.0,0.00243279767237204,0.0,0.00243279767237204,0.0,0.0,0.0,0.00243279767237204
2024-10-25,-0.0020849986960871534,0.0,-0.0020849986960871534,0.0,0.0,-0.0036273802308808773,0.0,0.0005360988235325905,0.0,-0.0028750110162731857,0.0,8.142591149589562e-05,0.0,-0.0020849986960871534,0.0,-0.0020849986960871534,0.0,0.0,0.0,-0.0020849986960871534
2024-10-28,-0.005065763822295645,0.0,-0.005065763822295645,0.0,0.0,-0.0007654163806032667,0.0,0.0008713325909496907,0.0,-0.00457719375744548,0.0,0.0006146972681097744,0.0,-0.005065763822295645,0.0,-0.005065763822295645,0.0,0.0,0.0,-0.005726464000041982
2024-10-29,-0.0030415770426348576,0.0,-0.0030415770426348576,0.0,0.0,-0.006253608945169081,0.0,-0.002194490839719768,0.0,-0.0014731392933638888,0.0,-0.002680031592512579,0.0,-0.0030415770426348576,0.0,-0.0030415770426348576,0.0,0.0,0.0,-0.0005774181747122589
2024-10-30,-0.0051748858516869,0.0,-0.0051748858516869,0.0,0.0,-0.005205319396839959,0.0,-0.004783327703510769,0.0,-0.003320448453623229,0.0,-0.00491890700945865,0.0,-0.0051748858516869,0.0,-0.0051748858516869,0.0,0.0,0.0,-0.001580513548179586
2024-10-31,0.0005759867239677799,0.0,0.0005759867239677799,0.0,0.0,-0.0005957193723016565,0.0,-0.0004097533675739849,0.0,0.0012424428178646793,0.0,-7.146793223893497e-05,0.0,0.0006526017457461934,0.0,0.0006526017457461934,0.0,0.0,0.0,-5.882617091221542e-05
2024-11-01,-0.005890922999299785,0.0,-0.005890922999299785,0.0,0.0,-0.007313921165299046,0.0,-0.004382352482057443,0.0,-0.00659899880593987,0.0,-0.005458016000836489,0.0,-0.005860750349395715,0.0,-0.005860750349395715,0.0,0.0,0.0,0.00010761635746367337
2024-11-04,-0.000555253628716763,0.0,-0.000555253628716763,0.0,0.0,0.004897620939181166,0.0,0.0038649586468554728,0.0,-0.0004282617989779286,0.0,0.004967370759281863,0.0,-0.000555253628716763,0.0,-0.000555253628716763,0.0,0.0,0.0,0.0
2024-11-05,0.0059518044134252825,0.0,0.0059518044134252825,0.0,0.0,0.0024803658488277112,0.0,0.0037663448085430112,0.0,0.005407576256128969,0.0,0.004167294750147146,0.0,0.0059518044134252825,0.0,0.0059518044134252825,0.0,0.0,0.0,0.0
2024-11-06,0.010671732778576953,0.0,0.010671732778576953,0.0,0.0,0.019329090835321784,0.0,0.028853856212060876,0.0,0.010003470789353843,0.0,0.02634032163292642,0.0,0.010671732778576953,0.0,0.010671732778576953,0.0,0.0,0.0,0.0
2024-11-07,0.008638788585429604,0.0,0.008638788585429604,0.0,0.0,0.010259910195870936,0.0,0.008766294842037349,0.0,0.00784073023430301,0.0,0.0109527899508181,0.0,0.008638788585429604,0.0,0.008638788585429604,0.0,0.0,0.0,0.0
2024-11-08,-0.0006504927601123506,0.0,-0.0006504927601123506,0.0,0.0,-0.014460947233557352,0.0,-0.0161453652188452,0.0,0.00015583633132907086,0.0,-0.017498755146367003,0.0,-0.0006504927601123506,0.0,-0.0006504927601123506,0.0,0.0,0.0,0.0
2024-11-11,0.002571049949437635,0.0,0.002571049949437635,0.0,0.0,0.003326270864728765,0.0,0.0073212679779660235,0.0,0.0023995767382502886,0.0,0.004901201235584565,0.0,0.002571049949437635,0.0,0.002571049949437635,0.0,0.0,0.0,0.0
2024-11-12,-0.011668852614430434,0.0,-0.011668852614430434,0.0,0.0,-0.0031574471691647966,0.0,0.0031041695598994523,0.0,-0.011063144576315742,0.0,0.0007199614671187064,0.0,-0.011668852614430434,0.0,-0.011668852614430434,0.0,0.0,0.0,0.0
2024-11-13,-0.005884792346086721,0.0,-0.005884792346086721,0.0,0.0,-0.004734519983471677,0.0,-0.002733391641563752,0.0,-0.005484996465388059,0.0,-0.003663640980526958,0.0,-0.005884792346086721,0.0,-0.005884792346086721,0.0,0.0,0.0,0.0
2024-11-14,-0.0007994131757931227,0.0,-0.0007994131757931227,0.0,0.0,0.007416273610721083,0.0,0.01096124741605457,0.0,-0.00047657397202678837,0.0,0.010006205077067277,0.0,-0.0007994131757931227,0.0,-0.0007994131757931227,0.0,0.0,0.0,0.0
2024-11-15,0.008857440848661805,0.0,0.008857440848661805,0.0,0.0,0.001609044190765302,0.0,-0.002711028709163033,0.0,0.008609070490425783,0.0,-0.0012339634268024968,0.0,0.008857440848661805,0.0,0.008857440848661805,0.0,0.0,0.0,0.0
2024-11-18,0.0029548911856008848,0.0,0.0029548911856008848,0.0,0.0,0.006704084287429644,0.0,0.006255564466112174,0.0,0.0026145645573028772,0.0,0.00789153938716312,0.0,0.0029548911856008848,0.0,0.0029548911856008848,0.0,0.0,0.0,0.0
2024-11-19,0.0018937349820060685,0.0,0.0018937349820060685,0.0,0.0,-0.0017445399377584256,0.0,-0.0025840561768954956,0.0,0.002147381650848992,0.0,-0.00315354767591699,0.0,0.0018937349820060685,0.0,0.0018937349820060685,0.0,0.0,0.0,0.0
2024-11-20,-0.00103445016417005,0.0,-0.00103445016417005,0.0,0.0,-0.00020054636203613432,0.0,0.0053118684135226735,0.0,-0.001701965638129987,0.0,0.003997889126379291,0.0,-0.00103445016417005,0.0,-0.00103445016417005,0.0,0.0,0.0,0.0
2024-11-21,-0.0018011250504127601,0.0,-0.0018011250504127601,0.0,0.0,-0.004889706990149495,0.0,0.0021680677834541215,0.0,-0.002180074523031972,0.0,0.0014281996737738089,0.0,-0.0018011250504127601,0.0,-0.0018011250504127601,0.0,0.0,0.0,0.0
2024-11-22,0.004956722773507876,0.0,0.004956722773507876,0.0,0.0,-0.00014287986350168037,0.0,0.0022656565191288736,0.0,0.005676702295367094,0.0,0.002051338545783401,0.0,0.004956722773507876,0.0,0.004956722773507876,0.0,0.0,0.0,0.0
2024-11-25,0.0005309212182934564,0.0,0.0005309212182934564,0.0,0.0,0.0021733572127244144,0.0,-0.0025164281890860942,0.0,0.00014962952984401727,0.0,-0.0018989647586923155,0.0,0.0005309212182934564,0.0,0.0005309212182934564,0.0,0.0,0.0,0.0
2024-11-26,-0.009990838838169269,0.0,-0.009990838838169269,0.0,0.0,-0.005868577804721166,0.0,-0.00559482614601346,0.0,-0.010486771592199786,0.0,-0.0064568105371149865,0.0,-0.009990838838169269,0.0,-0.009990838838169269,0.0,0.0,0.0,0.0
2024-11-27,0.001124607313417772,0.0,0.001124607313417772,0.0,0.0,-0.008238820936394492,0.0,-0.0072776334017854065,0.0,0.0013042183160436125,0.0,-0.007775808039366531,0.0,0.001124607313417772,0.0,0.001124607313417772,0.0,0.0,0.0,0.0
2024-11-28,0.0029418292811841636,0.0,0.0029418292811841636,0.0,0.0,-0.0035934287241102185,0.0,0.0006206658412755472,0.0,0.00347459314192308,0.0,9.223030821870092e-05,0.0,0.0029418292811841636,0.0,0.0029418292811841636,0.0,0.0,0.0,0.0
2024-11-29,-0.0032195183190996154,-0.001059840355357459,-0.0032195183190996154,0.0,-0.001059840355357459,0.0001781573278661952,-0.0005358426295724087,-0.001534940304351521,-0.003540907930278089,-0.0029861958271251176,-0.001108315576596949,-0.0012456486023226065,-0.0029587358739371706,-0.0031222091806030715,0.0,-0.0031222091806030715,-0.001059840355357459,0.0,-0.001059840355357459,-0.001059840355357459
2024-12-02,0.0011163451599258349,-0.002403608910268275,0.0011163451599258349,0.0,-0.002403608910268275,-0.0031135687199472144,-0.008481445429035315,0.004110698661085349,-0.003320587961923246,0.001153858444626074,-0.0019074251712575823,0.0022018422043734564,-0.004840787775603584,0.00117416059242851,-0.0016704081893530176,0.00117416059242851,-0.002403608910268275,-0.0016704081893530176,-0.002403608910268275,-0.002403608910268275
2024-12-03,0.01277295685669919,0.01277295685669919,0.01277295685669919,0.0,0.01277295685669919,0.009606983807215324,0.009606983807215324,0.00597784160814638,0.00597784160814638,0.010778807843657274,0.010778807843657274,0.006109350148574567,0.006109350148574567,0.01277295685669919,0.01277295685669919,0.01277295685669919,0.01277295685669919,0.01277295685669919,0.01277295685669919,0.01277295685669919
2024-12-04,-0.0016419144309668798,-0.0016419144309668798,-0.0016419144309668798,0.0,-0.0016419144309668798,-0.0022709088481720225,-0.0022709088481720225,-0.003840509440042564,-0.003840509440042564,-0.0005274712187748358,-0.0005274712187748358,-0.003586426815335373,-0.003586426815335373,-0.0016419144309668798,-0.0016419144309668798,-0.0016419144309668798,-0.0016419144309668798,-0.0016419144309668798,-0.0016419144309668798,-0.0016419144309668798
2024-12-05,0.0022645776695089685,0.0022645776695089685,0.0022645776695089685,0.0,0.0022645776695089685,0.0023779540340722535,0.0023779540340722535,0.002089055119506545,0.002089055119506545,0.001697169960855444,0.001697169960855444,0.0025314218648113933,0.0025314218648113933,0.0022645776695089685,0.0022645776695089685,0.0022645776695089685,0.0022645776695089685,0.0022645776695089685,0.0022645776695089685,0.0022645776695089685
2024-12-06,0.006411758076749799,0.006411758076749799,0.006411758076749799,0.0,0.006411758076749799,-0.004997895486202792,-0.004997895486202792,-0.0031885431752293825,-0.0031885431752293825,0.0064235178633858,0.0064235178633858,-0.0036721386683308066,-0.0036721386683308066,0.006411758076749799,0.006411758076749799,0.006411758076749799,0.006411758076749799,0.006411758076749799,0.006411758076749799,0.006411758076749799
2024-12-09,0.00374028040520778,0.00374028040520778,0.00374028040520778,0.0,0.00301103736987752,0.002413867877304952,0.002413867877304952,0.005867101567281068,0.005867101567281068,0.002684307356168144,0.002684307356168144,0.006856100068947164,0.006856100068947164,0.00374028040520778,0.00374028040520778,0.00374028040520778,0.00374028040520778,0.00374028040520778,0.00374028040520778,0.00301103736987752
2024-12-10,0.0055526766265744055,0.0055526766265744055,0.0055526766265744055,0.0,0.0010496669405321653,0.00357103938024506,0.00357103938024506,0.00235768299929234,0.00235768299929234,0.00608469123635744,0.00608469123635744,0.002528293325888649,0.002528293325888649,0.0055526766265744055,0.0055526766265744055,0.0055526766265744055,0.0055526766265744055,0.0055526766265744055,0.0055526766265744055,0.0010496669405321653
2024-12-11,0.0037058301035105706,0.0037058301035105706,0.0037058301035105706,0.0,0.0011342943543194918,0.008188626505403272,0.008188626505403272,0.009028540191063089,0.009028540191063089,0.003879475663834232,0.003879475663834232,0.009956584726643658,0.009956584726643658,0.0037058301035105706,0.0037058301035105706,0.0037058301035105706,0.0037058301035105706,0.0037058301035105706,0.0037058301035105706,0.0011342943543194918
2024-12-12,-0.00018333071542842234,-0.00018333071542842234,-0.00018333071542842234,0.0,-0.00024304505295539354,-0.0027921227795349806,-0.0027921227795349806,-0.0016291835355448502,-0.0016291835355448502,-1.1607964895828723e-05,-1.1607964895828723e-05,-0.0026406588644607484,-0.0026406588644607484,-0.00018333071542842234,-0.00018333071542842234,-0.00018333071542842234,-0.00018333071542842234,-0.00018333071542842234,-0.00018333071542842234,-0.00024304505295539354
2024-12-13,0.011474908404211916,0.011474908404211916,0.011474908404211916,0.0,0.005186312654396033,0.004936097940344483,0.004936097940344483,0.0019734993698505986,0.0019734993698505986,0.011881655171275145,0.011881655171275145,0.0017857292707070705,0.0017857292707070705,0.011474908404211916,0.011474908404211916,0.011474908404211916,0.011474908404211916,0.011474908404211916,0.011474908404211916,0.005186312654396033
2024-12-16,0.0023163285073480705,0.0023163285073480705,0.0023163285073480705,0.0,0.0011110688149570474,-0.004660095451428398,-0.004660095451428398,-0.0012793323097266024,-0.0012793323097266024,0.002652527166074818,0.002652527166074818,-0.002263799953541529,-0.002263799953541529,0.0023163285073480705,0.0023163285073480705,0.0023163285073480705,0.0023163285073480705,0.0023163285073480705,0.0023163285073480705,0.0011110688149570474
2024-12-17,-0.005114776130109391,-0.005114776130109391,-0.005114776130109391,0.0,-0.003319691076811919,0.0022894648922081313,0.0022894648922081313,0.0016387133368003046,0.0016387133368003046,-0.005433277301937068,-0.005433277301937068,0.0004015319803623136,0.0004015319803623136,-0.005114776130109391,-0.005114776130109391,-0.005114776130109391,-0.005114776130109391,-0.005114776130109391,-0.005114776130109391,-0.003319691076811919
2024-12-18,-0.005923171180813876,-0.005923171180813876,-0.005923171180813876,0.0,-0.0043109482449799445,-0.014120266577582865,-0.014120266577582865,-0.0064945193865199305,-0.0064945193865199305,-0.005818255725238771,-0.005818255725238771,-0.009366947817418996,-0.009366947817418996,-0.005923171180813876,-0.005923171180813876,-0.005923171180813876,-0.005923171180813876,-0.005923171180813876,-0.005923171180813876,-0.0043109482449799445
2024-12-19,0.005358800640683031,0.005358800640683031,0.00398549853168986,0.0,0.0036692186540930073,0.016153871056110845,0.016153871056110845,0.013686216519827743,0.013686216519827743,0.005054845692765719,0.005054845692765719,0.014226812958847096,0.014226812958847096,0.005358800640683031,0.005358800640683031,0.005358800640683031,0.005358800640683031,0.005358800640683031,0.005358800640683031,0.0036692186540930073
2024-12-20,0.0046582197792584676,0.0046582197792584676,0.0007047804326535563,0.0,0.0038453779305587686,0.005940629744508222,0.005940629744508222,0.0013391804925139625,0.0013391804925139625,0.0045495709399470535,0.0045495709399470535,0.002920727608374048,0.002920727608374048,0.0046582197792584676,0.0046582197792584676,0.0011915283306215814,0.0046582197792584676,0.0046582197792584676,0.0046582197792584676,0.0038453779305587686
2024-12-23,-0.0038023146815281137,-0.0038023146815281137,-0.0014910156618797355,0.0,-0.003772404470796604,-0.011927162382639698,-0.011927162382639698,-0.008076627167867272,-0.008076627167867272,-0.003958839215500871,-0.003958839215500871,-0.010286945098597252,-0.010286945098597252,-0.0038023146815281137,-0.0038023146815281137,-0.001381667607228359,-0.0038023146815281137,-0.0038023146815281137,-0.0038023146815281137,-0.003772404470796604
2024-12-24,0.006599599405311707,0.006599599405311707,0.002324659491600728,0.0,0.006353892511270065,0.0062869665220912745,0.0062869665220912745,0.006961433502019909,0.006961433502019909,0.00573734816577381,0.00573734816577381,0.005989217074110572,0.005989217074110572,0.006599599405311707,0.006599599405311707,0.0024349516733177144,0.006599599405311707,0.006599599405311707,0.006599599405311707,0.006353892511270065
2024-12-25,0.0,0.0,-0.00011029218171698614,0.0,0.0,0.0,0.0,0.0,0.0,0.0,0.0,0.0,0.0,0.0,0.0,0.0,0.0,0.0,0.0,0.0
2024-12-26,0.004200685109108711,0.004200685109108711,0.001804095710610953,0.0,0.004200685109108711,-0.00018913800373350975,-0.00018913800373350975,-0.002322053708287324,-0.002322053708287324,0.0037597438099033083,0.0037597438099033083,-0.003009273243772409,-0.003009273243772409,0.004200685109108711,0.004200685109108711,0.0019143878923279392,0.004200685109108711,0.004200685109108711,0.004200685109108711,0.004200685109108711
2024-12-27,-0.0034308488693340577,-0.0034308488693340577,-0.002265947646599478,0.0,-0.0034308488693340577,-0.004727532812685141,-0.004727532812685141,0.003405365131718248,0.003405365131718248,-0.0031461094275174227,-0.0031461094275174227,0.0021886290251379734,0.0021886290251379734,-0.0034308488693340577,-0.0034308488693340577,-0.002157132981218337,-0.0034308488693340577,-0.0034308488693340577,-0.0034308488693340577,-0.0034308488693340577
2024-12-30,-0.006545509041547682,-0.007246386923715569,-0.004727117617819625,0.0,-0.007246386923715569,-0.003732749760096004,-0.004080861680001641,-0.007908099054553018,-0.010619710271085875,-0.0066228029822865886,-0.007359092527220437,-0.007256461128021027,-0.00949325849031641,-0.006545509041547682,-0.006545509041547682,-0.004616211024368163,-0.006897053227919637,-0.006545509041547682,-0.006545509041547682,-0.007246386923715569
2024-12-31,-0.004864356506639098,-0.001654599715457125,-0.0038283164489850943,0.0,-0.001654599715457125,-0.0022875054169429207,-0.0009735968119904508,0.0008632718931624343,0.00026011177574768304,-0.00498456735096072,-0.0015949446104416038,-0.0003366635047281541,-2.998809105179425e-05,-0.004445839193129129,-0.0011114597982822823,-0.0034455253746750753,-0.0075517641467722964,-0.006510555594257824,-0.004864356506639098,-0.001654599715457125
2025-01-01,-7.255286358754032e-05,-6.364948465705863e-05,-6.877283258004046e-05,0.0,-6.364948465705863e-05,-0.0001434838914033185,-0.00012589897631838111,-0.001164886297106863,-0.0007017463299585524,-5.884963616440004e-05,-6.159145246246427e-05,-0.001259667681042139,-0.0007040452226661399,0.0,0.0,0.0,-0.0001558068141165229,0.0,-7.255286358754032e-05,-6.364948465705863e-05
2025-01-02,0.011597456778877392,0.004571825894808441,0.01066049070371907,0.0,0.004571825894808441,0.009449286649520463,0.003525061716071038,0.014409204222223491,0.0051669631095958984,0.01175293345169685,0.004637505333944146,0.014839453959389294,0.005365278808610154,0.011597456778877392,0.0046537917829849096,0.01074245659189554,0.01563127650488975,0.015732604360048818,0.011597456778877392,0.004571825894808441
2025-01-03,0.0022445940467788372,0.0009951858031591245,0.0022217850364572014,0.0,0.0009951858031591245,0.0038728764069189585,0.0014806884812857757,0.005850017496943108,0.002156107153027736,0.00281658148563993,0.0012706432049147105,0.00553564765088722,0.0020519767503936054,0.0022445940467788372,0.0010779948305254354,0.002256406705084325,0.002293341931454195,0.0023804225003303814,0.0022445940467788372,0.0009951858031591245
2025-01-06,0.006614728984243594,0.003833704156571325,0.006614728984243594,0.0,0.003833704156571325,0.008658245406000308,0.004637935349976574,0.0033301566403864877,0.00141923579724556,0.006320339142140891,0.0036403294222153294,0.003547566132351,0.0015705974044437103,0.006614728984243594,0.003916383811039544,0.006614728984243594,0.006810225058615569,0.006901543601695376,0.006614728984243594,0.003833704156571325
2025-01-07,-0.005083836069046242,-0.0030229853274804106,-0.005083836069046242,0.0,-0.0030229853274804106,-0.003740421112059031,-0.002076184185688708,-0.005241733535724196,-0.0032761637616236005,-0.004925310712368599,-0.002949884619216208,-0.005126725096165524,-0.0031862628341258387,-0.005083836069046242,-0.002938344261087801,-0.005083836069046242,-0.007311076425267134,-0.007209887734275109,-0.005083836069046242,-0.0030229853274804106
2025-01-08,4.629066786562006e-05,-0.0002954322386278391,4.629066786562006e-05,0.0,-0.0002954322386278391,0.004085644272774298,0.00242187984444053,0.0051364547335187,0.0028460239161620625,-0.00038684954311448035,-0.0005604476569126295,0.004711182776684672,0.002589160609437718,4.629066786562006e-05,-0.00021072830949027182,4.629066786562006e-05,0.0020826725891838907,0.002188854850262844,4.629066786562006e-05,-0.0002954322386278391
2025-01-09,0.004384749914714974,0.0033330596972585935,0.004384749914714974,0.0,0.0033330596972585935,0.0010805327650825268,0.0007357072897549406,0.003153774839711802,0.0020753786147128,0.005723057137378786,0.004373506012026869,0.0030069678141040118,0.0019941873649575565,0.004384749914714974,0.0034175482264257873,0.004384749914714974,0.00440200626285338,0.004504381598120705,0.004384749914714974,0.0033330596972585935
2025-01-10,-0.003554779176580044,-0.0034227195473497457,-0.003554779176580044,0.0,-0.0034227195473497457,-0.005831956689415409,-0.005185990936923121,0.0005883148260919351,-0.0001772160589143466,-0.003795935470100663,-0.0035797502611302815,0.00027101874280931345,-0.00043213528677958066,-0.003554779176580044,-0.003338087882307482,-0.003554779176580044,-0.0030239374907393484,-0.0029169850876873283,-0.003554779176580044,-0.0034227195473497457
2025-01-13,-0.0007388357558514602,-0.0006755159539600756,-0.0007388357558514602,0.0,-0.0006755159539600756,0.007081086284021512,0.006279797020846244,0.0038464135546782616,0.0030991327059141783,-0.0010110193246945138,-0.0009336956830737019,0.00394554907939168,0.003242634254675448,-0.0007388357558514602,-0.0005931494690752164,-0.0007388357558514602,-0.0007997105166349896,-0.0006901998854127237,-0.001137709282862266,-0.0006755159539600756
2025-01-14,0.0026201950886410343,0.0027584901109495336,0.0026201950886410343,0.0,0.0027584901109495336,0.003698041062961634,0.0037533942885227428,0.00041790685515686124,0.00040733138977597195,0.002621505452732979,0.0027414103734750904,0.0007731259828705388,0.0007513576264219187,0.0026201950886410343,0.0027991909172811478,0.0026201950886410343,0.0021990221309828636,0.0022770482645372734,0.0061184363818545424,0.0027584901109495336
2025-01-15,0.0034654420022911486,0.0034654420022911486,0.0034654420022911486,0.0,0.0034654420022911486,4.8001950016888714e-05,4.8001950016888714e-05,0.0017869879192020678,0.0017869879192020678,0.004107570947047166,0.004107570947047166,0.0016891241645466976,0.0016891241645466976,0.0034654420022911486,0.0034654420022911486,0.0034654420022911486,0.0034654420022911486,0.0034654420022911486,0.0020571343656332745,0.0034654420022911486
2025-01-16,-0.008792335046543146,-0.008792335046543146,-0.008792335046543146,0.0,-0.008792335046543146,-0.011406754459785807,-0.011406754459785807,-0.003286075494668448,-0.003286075494668448,-0.007741520530749358,-0.007741520530749358,-0.004512683487793709,-0.004512683487793709,-0.008792335046543146,-0.008792335046543146,-0.008792335046543146,-0.008792335046543146,-0.008792335046543146,-0.015133225664906158,-0.008792335046543146
2025-01-17,-0.0027679416710466266,-0.0027679416710466266,-0.0027679416710466266,0.0,-0.0027679416710466266,-8.426175293097546e-05,-8.426175293097546e-05,-0.0010508937334032398,-0.0010508937334032398,-0.0034807589390957777,-0.0034807589390957777,-0.0011378320384335648,-0.0011378320384335648,-0.0027679416710466266,-0.0027679416710466266,-0.0027679416710466266,-0.0027679416710466266,-0.0027679416710466266,-0.0027818361096750618,-0.0027679416710466266
2025-01-20,0.0025425272719457733,0.0025425272719457733,0.0025425272719457733,0.0,0.0025425272719457733,0.002452587795717936,0.002452587795717936,-0.010962089845728095,-0.010962089845728095,0.002637154671123367,0.002637154671123367,-0.009924082808038014,-0.009924082808038014,0.0025425272719457733,0.0025425272719457733,0.0025425272719457733,0.0025425272719457733,0.0025425272719457733,-1.765757015490221e-05,0.0025425272719457733
2025-01-21,-0.003342215507453362,-0.003342215507453362,-0.003342215507453362,0.0,-0.003342215507453362,-0.004430352146042405,-0.004430352146042405,-0.006202420954865482,-0.006202420954865482,-0.002574331923116569,-0.002574331923116569,-0.0062660290283545975,-0.0062660290283545975,-0.003342215507453362,-0.003342215507453362,-0.003342215507453362,-0.003342215507453362,-0.003342215507453362,-0.005092116162948467,-0.003342215507453362
2025-01-22,0.004419823076202672,0.004419823076202672,0.004419823076202672,0.0,0.004419823076202672,0.003781550218653868,0.003781550218653868,-0.004512664964642596,-0.004512664964642596,0.003983317487458173,0.003983317487458173,-0.0038111674561911338,-0.0038111674561911338,0.004419823076202672,0.004419823076202672,0.004419823076202672,0.004419823076202672,0.004419823076202672,0.007500207692959026,0.004419823076202672
2025-01-23,0.0027755506782992166,0.0027755506782992166,0.0027755506782992166,0.0,0.0027755506782992166,0.00805498184115847,0.00805498184115847,0.004796541016960695,0.004796541016960695,0.0024227730881956054,0.0024227730881956054,0.004944610896276947,0.004944610896276947,0.0027755506782992166,0.0027755506782992166,0.0027755506782992166,0.0027755506782992166,0.0027755506782992166,0.003925593031870886,0.0027755506782992166
2025-01-24,0.00012163367331207374,0.00012163367331207374,0.00012163367331207374,0.0,0.00012163367331207374,-0.002791649781574433,-0.002791649781574433,-0.010356660589537482,-0.010356660589537482,-0.00024297200261520551,-0.00024297200261520551,-0.00955263512214352,-0.00955263512214352,0.00012163367331207374,0.00012163367331207374,0.00012163367331207374,0.00012163367331207374,0.00012163367331207374,0.0003902213450758013,0.00012163367331207374
2025-01-27,-0.00744112527853354,-0.00744112527853354,-0.00744112527853354,0.0,-0.00744112527853354,-0.0073273114834216824,-0.0073273114834216824,-0.003749587126782492,-0.003749587126782492,-0.005744076460840646,-0.005744076460840646,-0.004437773033410637,-0.004437773033410637,-0.00744112527853354,-0.00744112527853354,-0.00744112527853354,-0.00744112527853354,-0.00744112527853354,-0.008225926640766757,-0.00744112527853354
2025-01-28,0.008469883862602758,0.008469883862602758,0.008469883862602758,0.0,0.008469883862602758,0.0053620065418513805,0.0053620065418513805,0.011152691993195239,0.011152691993195239,0.00877302210111965,0.00877302210111965,0.01119202684938643,0.01119202684938643,0.008469883862602758,0.008469883862602758,0.008469883862602758,0.008469883862602758,0.008469883862602758,0.008362351069861445,0.008469883862602758
2025-01-29,0.0005050893781318274,0.0005050893781318274,0.0005050893781318274,0.0,0.0005050893781318274,0.004081745795675657,0.004081745795675657,0.0013412065202583826,0.0013412065202583826,0.00026483419615388017,0.00026483419615388017,0.00190588505982021,0.00190588505982021,0.0005050893781318274,0.0005050893781318274,0.0005050893781318274,0.0005050893781318274,0.0005050893781318274,0.0005050893781318274,0.0005050893781318274
2025-01-30,-0.00913423879560438,-0.00913423879560438,-0.00913423879560438,0.0,-0.00913423879560438,-0.0029503871514274657,-0.0029503871514274657,-0.0004009765298555409,-0.0004009765298555409,-0.008997058346388427,-0.008997058346388427,-0.0007960060823620388,-0.0007960060823620388,-0.00913423879560438,-0.00913423879560438,-0.00913423879560438,-0.00913423879560438,-0.00913423879560438,-0.00913423879560438,-0.00913423879560438
2025-01-31,0.010919781119639637,0.010919781119639637,0.010919781119639637,-0.0003568153455430818,0.010919781119639637,0.008563766785986662,0.008563766785986662,0.014183098307077743,0.014183098307077743,0.009623770415864485,0.009623770415864485,0.01331192460964255,0.01331192460964255,0.010974661445465229,0.010974661445465229,0.010974661445465229,0.010919781119639637,0.010974661445465229,0.010919781119639637,0.010919781119639637
2025-02-03,0.01812876928550482,0.01812876928550482,0.01812876928550482,0.007285929829388236,0.01812876928550482,0.01745755843278512,0.01745755843278512,0.006902322036294347,0.006902322036294347,0.01739597816444308,0.01739597816444308,0.009224626629818095,0.009224626629818095,0.01815851887497109,0.01815851887497109,0.01815851887497109,0.01812876928550482,0.01815851887497109,0.01812876928550482,0.01812876928550482
2025-02-04,-0.011957468705192466,-0.011957468705192466,-0.011957468705192466,-0.005978734352596233,-0.011957468705192466,-0.006611261313169361,-0.006611261313169361,-0.004813411450056067,-0.004813411450056067,-0.011335675663037857,-0.011335675663037857,-0.004527133003794136,-0.004527133003794136,-0.011957468705192466,-0.011957468705192466,-0.011957468705192466,-0.011957468705192466,-0.011957468705192466,-0.011957468705192466,-0.011957468705192466
2025-02-05,-0.007563744527271824,-0.007563744527271824,-0.007563744527271824,-0.003781872263635912,-0.007563744527271824,-0.010572389931546147,-0.010572389931546147,-0.007567041514939364,-0.007567041514939364,-0.007687344482203921,-0.007687344482203921,-0.007891775487486211,-0.007891775487486211,-0.007563744527271824,-0.007563744527271824,-0.007563744527271824,-0.007563744527271824,-0.007563744527271824,-0.007563744527271824,-0.007563744527271824
2025-02-06,0.00364846346097734,0.00364846346097734,0.00364846346097734,0.00182423173048867,0.00364846346097734,0.01216545180522081,0.01216545180522081,0.010731641260394921,0.010731641260394921,0.003534835786255042,0.003534835786255042,0.011281560542166584,0.011281560542166584,0.00364846346097734,0.00364846346097734,0.00364846346097734,0.00364846346097734,0.00364846346097734,0.00364846346097734,0.00364846346097734
2025-02-07,-0.005165168357699149,-0.005165168357699149,-0.005165168357699149,-0.0025825841788495747,-0.005165168357699149,-0.0030987318726463206,-0.0030987318726463206,-0.0024382259204181163,-0.0024382259204181163,-0.005296188294415231,-0.005296188294415231,-0.00218063072496189,-0.00218063072496189,-0.005165168357699149,-0.005165168357699149,-0.005165168357699149,-0.005165168357699149,-0.005165168357699149,-0.005165168357699149,-0.005165168357699149
2025-02-10,0.00034285564374154443,0.00034285564374154443,0.00034285564374154443,0.00017142782187077221,0.00034285564374154443,0.004802270259794093,0.004802270259794093,0.006089346815629884,0.006089346815629884,0.0005537123971403904,0.0005537123971403904,0.005212813042107535,0.005212813042107535,0.00034285564374154443,0.00034285564374154443,0.00034285564374154443,0.00034285564374154443,0.00034285564374154443,0.00034285564374154443,0.00034285564374154443
2025-02-11,0.0035165769713187507,0.0035165769713187507,0.0035165769713187507,0.0017582884856593753,0.0035165769713187507,0.003738577765346948,0.003738577765346948,0.0014248442464391512,0.0014248442464391512,0.0035685889503362903,0.0035685889503362903,0.0014665343248907638,0.0014665343248907638,0.0035165769713187507,0.0035165769713187507,0.0035165769713187507,0.0035165769713187507,0.0035165769713187507,0.0035165769713187507,0.0035165769713187507
2025-02-12,-0.0022883106010267687,-0.0022883106010267687,-0.0022883106010267687,-0.0011441553005133844,-0.0022883106010267687,-0.0012791658947624465,-0.0012791658947624465,-0.0021819539228820285,-0.0021819539228820285,-0.0024478681093759217,-0.0024478681093759217,-0.002390622908616104,-0.002390622908616104,-0.0022883106010267687,-0.0022883106010267687,-0.0022883106010267687,-0.0022883106010267687,-0.0022883106010267687,-0.0022883106010267687,-0.0022883106010267687
2025-02-13,-0.0027761119230823206,-0.0027761119230823206,-0.0027761119230823206,-0.0013880559615411603,-0.0027761119230823206,-0.00017463206482824182,-0.00017463206482824182,-0.0044350781002937,-0.0044350781002937,-0.0031826733950415615,-0.0031826733950415615,-0.003198984621426804,-0.003198984621426804,-0.0027761119230823206,-0.0027761119230823206,-0.0027761119230823206,-0.0027761119230823206,-0.0027761119230823206,-0.0027761119230823206,-0.0027761119230823206
2025-02-14,0.0035284205968955235,0.0035284205968955235,0.0035284205968955235,0.0017642102984477617,0.0035284205968955235,0.0011914437244232824,0.0011914437244232824,-0.00250835992537348,-0.00250835992537348,0.003900579143859606,0.003900579143859606,-0.0005307115653080661,-0.0005307115653080661,0.0035284205968955235,0.0035284205968955235,0.0035284205968955235,0.0035284205968955235,0.0035284205968955235,0.0035284205968955235,0.0035284205968955235
2025-02-17,0.0036895812457577387,0.0036895812457577387,0.0036895812457577387,0.0018447906228788694,0.0036895812457577387,0.0009773294001873332,0.0009773294001873332,0.0012285521242426144,0.0012285521242426144,0.0036025777692318055,0.0036025777692318055,0.000790382220684907,0.000790382220684907,0.0036895812457577387,0.0036895812457577387,0.0036895812457577387,0.0036895812457577387,0.0036895812457577387,0.0036895812457577387,0.0036895812457577387
2025-02-18,0.003978793511774041,0.003978793511774041,0.003978793511774041,0.0019893967558870206,0.003978793511774041,0.0060849652669358245,0.0060849652669358245,0.005828033533112367,0.005828033533112367,0.004176553869412351,0.004176553869412351,0.006335713970446269,0.006335713970446269,0.003978793511774041,0.003978793511774041,0.003978793511774041,0.003978793511774041,0.003978793511774041,0.003978793511774041,0.003978793511774041
2025-02-19,-0.00760306821686642,-0.00760306821686642,-0.00760306821686642,-0.00380153410843321,-0.00760306821686642,-0.005679694571345867,-0.005679694571345867,-0.0029798181788846514,-0.0029798181788846514,-0.0074691656403971475,-0.0074691656403971475,-0.004268422498641977,-0.004268422498641977,-0.00760306821686642,-0.00760306821686642,-0.00760306821686642,-0.00760306821686642,-0.00760306821686642,-0.00760306821686642,-0.00760306821686642
2025-02-20,-0.0006527409907824207,-0.0006527409907824207,-0.0006527409907824207,-0.00032637049539121035,-0.0006527409907824207,0.0028970320094141985,0.0028970320094141985,0.0023005790823778186,0.0023005790823778186,-0.0008419748662822119,-0.0008419748662822119,0.00332544532218213,0.00332544532218213,-0.0006527409907824207,-0.0006527409907824207,-0.0006527409907824207,-0.0006527409907824207,-0.0006527409907824207,-0.0006527409907824207,-0.0006527409907824207
2025-02-21,-0.0032678897706981177,-0.0032678897706981177,-0.0032678897706981177,-0.0016339448853490588,-0.0032678897706981177,-0.005263585214592705,-0.005263585214592705,-0.005600002366801672,-0.005600002366801672,-0.003173402803914896,-0.003173402803914896,-0.005267917579516584,-0.005267917579516584,-0.0032678897706981177,-0.0032678897706981177,-0.0032678897706981177,-0.0032678897706981177,-0.0032678897706981177,-0.0032678897706981177,-0.0032678897706981177
2025-02-24,-0.007506789345113188,-0.007506789345113188,-0.007506789345113188,-0.003753394672556594,-0.007506789345113188,-0.008793089007930157,-0.008793089007930157,-0.0067735484449646605,-0.0067735484449646605,-0.00774360580723751,-0.00774360580723751,-0.007562222953255835,-0.007562222953255835,-0.007506789345113188,-0.007506789345113188,-0.007506789345113188,-0.007506789345113188,-0.007506789345113188,-0.007506789345113188,-0.007506789345113188
2025-02-25,0.002358292922854201,0.002358292922854201,0.002358292922854201,0.0011791464614271006,0.002358292922854201,0.00423429007816873,0.00423429007816873,0.0040640842050197355,0.0040640842050197355,0.002454072565506224,0.002454072565506224,0.0034549128138600324,0.0034549128138600324,0.002358292922854201,0.002358292922854201,0.002358292922854201,0.002358292922854201,0.002358292922854201,0.002358292922854201,0.002358292922854201
2025-02-26,-0.0035609421312098313,-0.0035609421312098313,-0.0035609421312098313,-0.0017804710656049156,-0.0035609421312098313,0.0008480564121637149,0.0008480564121637149,0.0021838756975227315,0.0021838756975227315,-0.004171754624272301,-0.004171754624272301,0.0020344580452733583,0.0020344580452733583,-0.0035609421312098313,-0.0035609421312098313,-0.0035609421312098313,-0.0035609421312098313,-0.0035609421312098313,-0.0035609421312098313,-0.0035609421312098313
2025-02-27,0.007561117762614594,0.007561117762614594,0.007561117762614594,0.003780558881307297,0.007561117762614594,0.0016239668665217666,0.0016239668665217666,0.007276581751859181,0.007276581751859181,0.007579557411856326,0.007579557411856326,0.005308489596288812,0.005308489596288812,0.007561117762614594,0.007561117762614594,0.007561117762614594,0.007561117762614594,0.007561117762614594,0.007561117762614594,0.007561117762614594
2025-02-28,0.004481976941393427,0.004481976941393427,0.004481976941393427,0.0022409884706967136,0.004481976941393427,0.0017480446833740468,0.0017480446833740468,0.0018296361588724093,0.0018296361588724093,0.004238437237223731,0.004238437237223731,-0.00033524325655097777,-0.00033524325655097777,0.004510759786753796,0.004510759786753796,0.004510759786753796,0.004481976941393427,0.004510759786753796,0.004481976941393427,0.004481976941393427
2025-03-03,-0.00934492582679801,-0.00934492582679801,-0.00934492582679801,-0.004672462913399005,-0.00934492582679801,0.00278303583534755,0.00278303583534755,0.000853294859397836,0.000853294859397836,-0.009891135048488257,-0.009891135048488257,0.0006010887911836204,0.0006010887911836204,-0.009273342969861424,-0.009273342969861424,-0.009273342969861424,-0.00934492582679801,-0.009273342969861424,-0.00934492582679801,-0.00934492582679801
2025-03-04,-0.0004354221985010173,-0.0004354221985010173,-0.0009574760608683675,-0.00021771109925050865,-0.0004354221985010173,-0.00691692177400514,-0.00691692177400514,-0.00706642289634709,-0.00706642289634709,-0.0009471896453315393,-0.0009471896453315393,-0.007080978339611865,-0.007080978339611865,-0.0004354221985010173,-0.0004354221985010173,-0.0004354221985010173,-0.0004354221985010173,-0.0004354221985010173,-0.0004354221985010173,-0.0004354221985010173
2025-03-05,0.0031153305251961846,0.0031153305251961846,-0.0036708965031804416,0.0015576652625980923,0.0031153305251961846,0.0063624205029271024,0.0063624205029271024,-0.004137244292349826,-0.004137244292349826,0.0032565723972526597,0.0032565723972526597,-0.0040865972670640766,-0.0040865972670640766,0.0031153305251961846,0.0031153305251961846,-0.0031089526624203043,0.0031153305251961846,0.0031153305251961846,0.0031153305251961846,0.0031153305251961846
2025-03-06,0.0028222782370881717,0.0028222782370881717,0.0007512489095073704,0.0014111391185440858,0.0028222782370881717,0.004080787329799693,0.004080787329799693,0.0049729708351184876,0.0049729708351184876,0.0022880941766995127,0.0022880941766995127,0.004961754750935162,0.004961754750935162,0.0028222782370881717,0.0028222782370881717,0.0008540694797070058,0.0028222782370881717,0.0028222782370881717,0.0028222782370881717,0.0028222782370881717
2025-03-07,4.479677108908662e-05,4.479677108908662e-05,-0.00014206086127173484,2.239838554454331e-05,4.479677108908662e-05,-0.004910521179984251,-0.004910521179984251,-0.004800673165671171,-0.004800673165671171,-0.0002836054991059104,-0.0002836054991059104,-0.004798915101402996,-0.004798915101402996,4.479677108908662e-05,4.479677108908662e-05,-4.0867108324512324e-05,4.479677108908662e-05,4.479677108908662e-05,4.479677108908662e-05,4.479677108908662e-05
2025-03-10,0.0019505871144988936,0.0019505871144988936,0.0006587571405004605,0.0009752935572494468,0.0019505871144988936,-0.005923325584386462,-0.005923325584386462,-0.0031036929024128935,-0.0031036929024128935,0.0025344948540647495,0.0025344948540647495,-0.00314453465267939,-0.00314453465267939,0.0019505871144988936,0.0019505871144988936,0.0007584051160416999,0.0019505871144988936,0.0019505871144988936,0.0019505871144988936,0.0019505871144988936
2025-03-11,0.0008245065518924705,0.0008245065518924705,-6.727147451584517e-06,0.0004122532759462353,0.0008245065518924705,0.008009928171667437,0.008009928171667437,0.00209232019189156,0.00209232019189156,0.000246481439794315,0.000246481439794315,0.0021240915302484084,0.0021240915302484084,0.0008245065518924705,0.0008245065518924705,0.0004774440181999342,0.0008245065518924705,0.0008245065518924705,0.0008245065518924705,0.0008245065518924705
2025-03-12,0.004537736992362415,0.004066453271903918,0.0006102603445940591,0.002111773922695042,0.004066453271903918,0.005782947640991324,0.00543820676469636,0.007621995092111954,0.006425604931260131,0.004846687581521925,0.004356938896035945,0.007627216951773248,0.006436191292880858,0.004537736992362415,0.004537736992362415,0.0008573012271325679,0.004190132472632952,0.004537736992362415,0.004537736992362415,0.004066453271903918
2025-03-13,0.0034497874763495867,0.0014270094651094587,0.0009141470395319938,0.0010506344010947507,0.0014270094651094587,0.000939449655700019,1.5734762528563182e-07,0.004483667933857093,0.0018519744247393036,0.002978670783412737,0.0012387087011815462,0.0044861229721784406,0.001858967154700709,0.0034497874763495867,0.001972810173553003,0.0010101445993670553,0.002623543167589985,0.003647255320987787,0.0034497874763495867,0.0014270094651094587
2025-03-14,0.004725896870071976,0.0014954486350737108,0.0018498909003291087,0.0012861323567032324,0.0014954486350737108,0.007784176986140068,0.0024484252642372668,0.0049278991047462155,0.001412019271451183,0.004388328649639384,0.0013833353724500789,0.004937610166893151,0.0014156750050589326,0.004725896870071976,0.0015908579199968589,0.0019453001852522567,0.00957542502843473,0.009713485079189904,0.004725896870071976,0.0014954486350737108
2025-03-17,-0.0030920937485538827,-0.0010785996889501738,-0.001310506720091715,-0.0008748821877423718,-0.0010785996889501738,0.0031282062588578368,0.0013289306544036505,0.0018477281815672876,0.0005043893324735993,-0.00284562474309498,-0.0010047483668805697,0.0018803198420177846,0.0005172518547801843,-0.0030920937485538827,-0.000983071734188168,-0.001214978765329709,-0.003939914341823886,-0.0038242501193961947,-0.0030920937485538827,-0.0010785996889501738
2025-03-18,0.0036163072793211942,0.0014179839040274283,0.0016892069499765175,0.0010753791812293419,0.0014179839040274283,-0.0018920956085789482,-0.0011172509799802436,0.0002638801429151619,-0.00032384298614921304,0.0031469334887681026,0.0012217185825775666,0.0002630948345679893,-0.00032439133631960426,0.0036163072793211942,0.0015124510141843687,0.001783674060133458,0.005374441120048248,0.005491448071930598,0.0036163072793211942,0.0014179839040274283
2025-03-19,0.002599189639541151,0.000984407018910487,0.0011793462418760742,0.0007613339462270213,0.000984407018910487,-0.0029671639967203964,-0.0019499090626861936,-0.023461174565639363,-0.013488918167029686,0.0025162021182376154,0.0009815540315227496,-0.0232429933055111,-0.013368710564572756,0.002599189639541151,0.0010759080289079136,0.0012708472518735009,0.005188377229041923,0.005301862331252723,0.002599189639541151,0.000984407018910487
2025-03-20,0.002460044982787884,0.0013178611253414543,0.001502364499050546,0.0008492945389117989,0.0013178611253414543,-0.0030791177688511734,-0.002094585601175601,0.004099063152442283,0.002274558700357019,0.0030240518223407418,0.001687347749043013,0.004056384714322315,0.0022481735267270986,0.002460044982787884,0.0014113629056651741,0.001595866279374266,0.002251920578385939,0.0023576709356744633,0.002460044982787884,0.0013178611253414543
2025-03-21,-0.010189333129568805,-0.007168557500313589,-0.00793275748503125,-0.0040877413550326645,-0.007168557500313589,-0.00018144900978889005,-0.000297203780237747,0.0068083383544067615,0.004270486394321854,-0.010810929224568503,-0.0076073222741181055,0.006794115528771651,0.004259863335129743,-0.010189333129568805,-0.007078262522577701,-0.007842462507295362,-0.011477716714962921,-0.011373548311095752,-0.010189333129568805,-0.007168557500313589
2025-03-24,0.007472842360068674,0.005599717222447344,0.006160180399452493,0.00311204613416056,0.005599717222447344,0.0039319515576936625,0.0027726116931702377,0.0030404868331421757,0.0017083612163568366,0.007138720396462153,0.005354614122890002,0.0030873327946192046,0.0017442466176244022,0.007472842360068674,0.005690027846052743,0.006250491023057893,0.008552714478896061,0.00866034373302927,0.007472842360068674,0.005599717222447344
2025-03-25,-0.00020302807455075756,-9.311154847221282e-05,-0.00010833865406351879,-6.487519524919686e-05,-9.311154847221282e-05,0.006567291200628754,0.005507390288307447,0.005386441123184385,0.004371974164159615,0.00011002125387172363,0.00015635945959913944,0.00538815041139779,0.004374322766417899,-0.00020302807455075756,-2.816570736324407e-06,-1.804367632763054e-05,-0.0001690011795080381,-5.863331835296009e-05,-0.00020302807455075756,-9.311154847221282e-05
2025-03-26,0.00016847308432038546,-7.933974718982688e-05,-1.2560655255001959e-05,1.6322649901220836e-06,-7.933974718982688e-05,-0.0037533881640980067,-0.003653915361774011,0.0014006979126231604,0.000943188783041786,0.0001537107081485535,-7.427020967296018e-05,0.001377016809256474,0.0009216815582898093,0.00016847308432038546,1.0907119189027458e-05,2.3542600513056476e-05,0.0002691262141507837,0.000381280991011181,0.00016847308432038546,-7.933974718982688e-05
2025-03-27,-0.0032535333998471847,-0.003203832293195132,-0.0032535333998471847,-0.0016101996643729081,-0.003203832293195132,-0.00864000945120447,-0.008655271206515004,-0.003660674449408817,-0.0036918659452860663,-0.0022607016255465143,-0.002216583789033318,-0.003708601107152916,-0.0037396427692709525,-0.0032535333998471847,-0.0031702390080368785,-0.0032535333998471847,-0.0035069712842617806,-0.0034341337419147456,-0.0032535333998471847,-0.003203832293195132
2025-03-28,0.006646745492762316,0.006646745492762316,0.006646745492762316,0.003323372746381158,0.006646745492762316,-0.002903228917126325,-0.002903228917126325,0.0018915262567344537,0.0018915262567344537,0.007669573892099741,0.007669573892099741,0.0018798524685150575,0.0018798524685150575,0.006646745492762316,0.006646745492762316,0.006646745492762316,0.006646745492762316,0.006646745492762316,0.006646745492762316,0.006646745492762316
2025-03-31,0.003333939687887928,0.003333939687887928,0.003333939687887928,0.001666969843943964,0.003333939687887928,0.0036339980207405866,0.0036339980207405866,0.006594265482837778,0.006594265482837778,0.0037260660201010134,0.0037260660201010134,0.006589968063622642,0.006589968063622642,0.003386689973148483,0.003386689973148483,0.003386689973148483,0.003333939687887928,0.003386689973148483,0.003333939687887928,0.003333939687887928
2025-04-01,0.003391923200644114,0.003391923200644114,0.003391923200644114,0.001695961600322057,0.003391923200644114,0.008945008096583468,0.008945008096583468,0.008831895372488113,0.008831895372488113,0.00281697076477149,0.00281697076477149,0.008831708351025409,0.008831708351025409,0.0035065742904352906,0.0035065742904352906,0.0035065742904352906,0.003391923200644114,0.0035065742904352906,0.003391923200644114,0.003391923200644114
2025-04-02,0.006821330417147062,0.006821330417147062,0.006821330417147062,0.003410665208573531,0.006821330417147062,0.0038068449620569534,0.0038068449620569534,-0.000552976352659473,-0.000552976352659473,0.008479286655863092,0.008479286655863092,-0.0005529763526594717,-0.0005529763526594717,0.006821330417147062,0.006821330417147062,0.006821330417147062,0.006821330417147062,0.006821330417147062,0.006821330417147062,0.006821330417147062
2025-04-03,0.0027299304630121904,0.0027299304630121904,0.0027299304630121904,0.0013649652315060952,0.0027299304630121904,0.004576919639472078,0.004576919639472078,0.0006053019026770761,0.0006053019026770761,0.002868126584635946,0.002868126584635946,0.0006053019026770781,0.0006053019026770781,0.0027299304630121904,0.0027299304630121904,0.0027299304630121904,0.0027299304630121904,0.0027299304630121904,0.0027299304630121904,0.0027299304630121904
2025-04-04,-0.016529544879751907,-0.016529544879751907,-0.017417172283668566,-0.008264772439875953,-0.016529544879751907,-0.032929094922898014,-0.032929094922898014,-0.01774765730333988,-0.01774765730333988,-0.01366788930284395,-0.01366788930284395,-0.017747657303339888,-0.017747657303339888,-0.016529544879751907,-0.016529544879751907,-0.016529544879751907,-0.016529544879751907,-0.016529544879751907,-0.016529544879751907,-0.016529544879751907
2025-04-07,-0.004325033281001666,-0.004325033281001666,0.0016008482873759058,-0.002162516640500833,-0.004325033281001666,-0.01213482077028935,-0.01213482077028935,-0.011548377691231675,-0.011548377691231675,-0.0037841905154648845,-0.0037841905154648845,-0.011548377691231678,-0.011548377691231678,-0.004325033281001666,-0.004325033281001666,0.002501683233660878,-0.004325033281001666,-0.004325033281001666,-0.004325033281001666,-0.004325033281001666
2025-04-08,-0.004067168122944777,-0.004067168122944777,-0.0011122530011074654,-0.0020335840614723886,-0.004067168122944777,-0.0027769810704671937,-0.0027769810704671937,-0.004865793579564747,-0.004865793579564747,-0.0034835168936911795,-0.0034835168936911795,-0.004865793579564749,-0.004865793579564749,-0.004067168122944777,-0.004067168122944777,-0.0010167920307361943,-0.004067168122944777,-0.004067168122944777,-0.004067168122944777,-0.004067168122944777
2025-04-09,0.022419404732857886,0.022419404732857886,0.007394099218768424,0.011209702366428943,0.022419404732857886,0.02898891413857648,0.02898891413857648,0.016461353118814397,0.016461353118814397,0.020287115277416157,0.020287115277416157,0.0164613531188144,0.0164613531188144,0.022419404732857886,0.022419404732857886,0.007589329116394021,0.022419404732857886,0.022419404732857886,0.022419404732857886,0.022419404732857886
2025-04-10,-0.016344340853304683,-0.016344340853304683,-0.006211095976743603,-0.008172170426652341,-0.016344340853304683,-0.019730078947082647,-0.019730078947082647,-0.024368536071130667,-0.024368536071130667,-0.013966928315945166,-0.013966928315945166,-0.024368536071130667,-0.024368536071130667,-0.016344340853304683,-0.016344340853304683,-0.0060034990973722325,-0.016344340853304683,-0.016344340853304683,-0.016344340853304683,-0.016344340853304683
2025-04-11,-0.017878144135614314,-0.017878144135614314,-0.007409581537664284,-0.008939072067807157,-0.017878144135614314,-0.0102903777518934,-0.0102903777518934,-0.012027819435147167,-0.012027819435147167,-0.016456128008724147,-0.016456128008724147,-0.012027819435147158,-0.012027819435147158,-0.017878144135614314,-0.017878144135614314,-0.007194857776304303,-0.017878144135614314,-0.017878144135614314,-0.017878144135614314,-0.017878144135614314
2025-04-14,0.007815759865328929,0.007815759865328929,0.003976277670566316,0.003907879932664464,0.007815759865328929,0.0031553521307460114,0.0031553521307460114,-0.0025120898265595755,-0.0025120898265595755,0.006743644529969606,0.006743644529969606,-0.002512089826559574,-0.002512089826559574,0.007815759865328929,0.007815759865328929,0.00419245477674558,0.007815759865328929,0.007815759865328929,0.007815759865328929,0.007815759865328929
2025-04-15,0.0008927507065345243,0.0008927507065345243,0.00019280566016276267,0.00044637535326726217,0.0008927507065345243,-0.006020601767146163,-0.006020601767146163,0.0006154911238505129,0.0006154911238505129,0.0010230846935158592,0.0010230846935158592,0.0006154911238505109,0.0006154911238505109,0.0008927507065345243,0.0008927507065345243,0.0004092835151354626,0.0008927507065345243,0.0008927507065345243,0.0008927507065345243,0.0008927507065345243
2025-04-16,-0.00013895644208779517,-0.00013895644208779517,0.00014454286243111413,-6.947822104389758e-05,-0.00013895644208779517,0.0016445822369509373,0.0016445822369509373,-0.002834387917089769,-0.002834387917089769,0.0004842837645921824,0.0004842837645921824,-0.0028343879170897655,-0.0028343879170897655,-0.00013895644208779517,-0.00013895644208779517,0.00035619713791109047,-0.00013895644208779517,-0.00013895644208779517,-0.00013895644208779517,-0.00013895644208779517
2025-04-17,0.011604936084672094,0.011604936084672094,0.008756657358521554,0.005802468042336047,0.011604936084672094,0.009236282720233007,0.009236282720233007,0.014238185465983466,0.014238185465983466,0.010874695136731895,0.010874695136731895,0.014238185465983468,0.014238185465983468,0.011604936084672094,0.011604936084672094,0.008964724492620934,0.011604936084672094,0.011604936084672094,0.011604936084672094,0.011604936084672094
2025-04-18,0.003286246242496512,0.003286246242496512,0.0023187880514729383,0.001643123121248256,0.003286246242496512,0.004046823002558982,0.004046823002558982,0.0054343617222719475,0.0054343617222719475,0.0026009015679907357,0.0026009015679907357,0.005434361722271947,0.005434361722271947,0.003286246242496512,0.003286246242496512,0.002519338663782893,0.003286246242496512,0.003286246242496512,0.003286246242496512,0.003286246242496512
2025-04-21,-0.003990831666012554,-0.004978548400360728,-0.0037750355943525398,-0.0023246547444556688,-0.004978548400360728,-0.006977505063994846,-0.007682743370772743,-0.012801783870813668,-0.016238347484096825,-0.0041528645225580064,-0.00521376877355698,-0.012801783870813668,-0.01623834748409683,-0.003990831666012554,-0.003990831666012554,-0.003568195703266653,-0.0044781476216664735,-0.003990831666012554,-0.003990831666012554,-0.004978548400360728
2025-04-22,0.005545774834120314,0.0022215408954186057,0.005236232141561783,0.0016648094374929207,0.0022215408954186057,0.011959614798867292,0.004759010959821989,0.013409956594282485,0.004691073635775053,0.002657095966132462,0.0013129253080500349,0.013409956594282485,0.004691073635775051,0.005545774834120314,0.003401188457604704,0.005344300359212852,0.007787780931796188,0.009035250907620735,0.005545774834120314,0.0022215408954186057
2025-04-23,0.002969472550476293,0.0006839101010672139,0.002969472550476293,0.0007228821254351203,0.0006839101010672139,0.002437340743798272,0.00033596110066810945,0.0026880020222160733,0.00024333087700188598,0.003058119482533288,0.0007391127185612939,0.002688002022216072,0.00024333087700188587,0.002969472550476293,0.0009059726109859991,0.002969472550476293,0.0033997961619646965,0.003552089383337096,0.002969472550476293,0.0006839101010672139
2025-04-24,0.002389016405618927,0.0005088187419847013,0.002389016405618927,0.0005677756482647216,0.0005088187419847013,0.0066088532291347785,0.0023590551583476073,0.005264350500672209,0.0013225519205716147,0.0005803791582144396,-0.00015648282043453208,0.005264350500672213,0.0013225519205716158,0.002389016405618927,0.0007308812519034864,0.002389016405618927,0.007043061564776362,0.007237322251963106,0.002389016405618927,0.0005088187419847013
2025-04-25,0.006427923082770907,0.0026750717208822,0.006427923082770907,0.001963011087422551,0.0026750717208822,0.009720886130551006,0.004235012984830927,0.007158556806954326,0.0029752166413329773,0.005630289322836431,0.00235495807450241,0.007158556806954326,0.002975216641332978,0.006427923082770907,0.002786102975841593,0.006427923082770907,0.011015262625923125,0.01111411196947035,0.006427923082770907,0.0026750717208822
2025-04-28,0.003323522603142238,0.001854396870373467,0.003323522603142238,0.0011720527239815284,0.001854396870373467,-8.230948753199679e-05,-0.00013408213680782795,0.001514832717357152,0.0003898207105140389,0.004919846423971524,0.0027140383171931188,0.0015148327173571535,0.0003898207105140398,0.003323522603142238,0.0019608645180468607,0.003323522603142238,0.002269918672378557,0.0023478422106529384,0.003323522603142238,0.001854396870373467
2025-04-29,0.005133668172686047,0.003179994332199327,0.005133668172686047,0.00191560947284745,0.003179994332199327,-0.0009711653124236295,-0.00021329552569094174,-0.008026608718031918,-0.004319472756837885,0.005650282327060739,0.0034950904034752616,-0.008026608718031916,-0.0043194727568378844,0.005133668172686047,0.0032847741424931226,0.005133668172686047,0.006022638209142714,0.006103685271503253,0.005133668172686047,0.003179994332199327
2025-04-30,-0.011493553525708492,-0.007737192059129396,-0.011493553525708492,-0.004628401434785069,-0.007737192059129396,-0.011662399158753925,-0.007978960231771493,-0.005580558678007112,-0.0038499644850489506,-0.010299818891393343,-0.006955473646622994,-0.005580558678007112,-0.00384996448504895,-0.01082016719974982,-0.007211801278527646,-0.01082016719974982,-0.01524390123242648,-0.014497713644850599,-0.011493553525708492,-0.007737192059129396
2025-05-01,-0.0018130654221351727,-0.0013906852821602236,-0.0018130654221351727,-0.0015426983249614537,-0.0013906852821602236,-0.0010180735446856939,-0.0007225639547268376,0.0007725404872257818,0.0005570828698480649,-0.0018365282606383347,-0.001425940152789306,0.0007725404872257816,0.0005570828698480649,-0.001708219343229403,-0.0013238699910027875,-0.001708219343229403,-0.0020404535002690183,-0.0018552567302451072,-0.0018130654221351727,-0.0013906852821602236
2025-05-02,-0.009187425301330219,-0.0071645667671645956,-0.009187425301330219,-0.0071645667671645956,-0.0071645667671645956,-0.009953819948508549,-0.007755722678895175,-0.021767743469967456,-0.016950838728715376,-0.007659713850385335,-0.005978587229234863,-0.021767743469967453,-0.016950838728715372,-0.009187425301330219,-0.007077208353658678,-0.009187425301330219,-0.012066647906618993,-0.01197226930450273,-0.009187425301330219,-0.0071645667671645956
2025-05-05,-0.010336671962349258,-0.009646158284051414,-0.010336671962349258,-0.009646158284051414,-0.009646158284051414,-0.01004118446839317,-0.009050502357029722,-0.01545500049884929,-0.013529552914822733,-0.011803536180297907,-0.011003823519107739,-0.015455000498849288,-0.013529552914822732,-0.010336671962349258,-0.009561421565173065,-0.010336671962349258,-0.010819714336904871,-0.010739901563895544,-0.010336671962349258,-0.009646158284051414
2025-05-06,-0.002951545609504706,-0.002990710078444182,-0.002951545609504706,-0.002990710078444182,-0.002990710078444182,-0.0010342744414087138,-0.0010846237062062953,0.0022466477651850274,0.0020018184142253726,-0.003344144965901022,-0.003377309138398142,0.0022466477651850274,0.002001818414225373,-0.002951545609504706,-0.002951545609504706,-0.002951545609504706,-0.0030012047348280473,-0.002951545609504706,-0.002951545609504706,-0.002990710078444182
2025-05-07,-0.0013912286606492142,-0.0013912286606492142,-0.0013912286606492142,-0.0013912286606492142,-0.0013912286606492142,0.0008522841715077939,0.0008522841715077939,0.0017790338262012463,0.0017790338262012463,5.911531610726297e-05,5.911531610726297e-05,0.0017790338262012458,0.0017790338262012458,-0.0013912286606492142,-0.0013912286606492142,-0.0013912286606492142,-0.0013912286606492142,-0.0013912286606492142,-0.0013912286606492142,-0.0013912286606492142
2025-05-08,0.012140390027085522,0.012140390027085522,0.012140390027085522,0.012140390027085522,0.012140390027085522,0.012746039890348003,0.012746039890348003,0.012404418050230764,0.012404418050230764,0.010287070675621596,0.010287070675621596,0.012404418050230764,0.012404418050230764,0.012140390027085522,0.012140390027085522,0.012140390027085522,0.012140390027085522,0.012140390027085522,0.012140390027085522,0.012140390027085522
2025-05-09,0.0017556551096294822,0.0017556551096294822,0.0017556551096294822,0.0017556551096294822,0.0017556551096294822,0.005184057239940132,0.005184057239940132,0.003408755401198644,0.003408755401198644,0.0026100197984095432,0.0026100197984095432,0.0034087554011986436,0.0034087554011986436,0.0017556551096294822,0.0017556551096294822,0.0017556551096294822,0.0017556551096294822,0.0017556551096294822,0.0017556551096294822,0.0017556551096294822
2025-05-12,0.010599980864133883,0.010599980864133883,0.010599980864133883,0.010599980864133883,0.010599980864133883,-0.00045101763688567675,-0.00045101763688567675,0.002075760211239869,0.002075760211239869,0.010713500951010032,0.010713500951010032,0.0020757602112398683,0.0020757602112398683,0.010599980864133883,0.010599980864133883,0.010599980864133883,0.010599980864133883,0.010599980864133883,0.010599980864133883,0.010599980864133883
2025-05-13,0.0032026885507385546,0.0032026885507385546,0.0032026885507385546,0.0032026885507385546,0.0032026885507385546,0.00947960716144866,0.00947960716144866,0.0076439310967050195,0.0076439310967050195,0.0028682200666826675,0.0028682200666826675,0.007643931096705019,0.007643931096705019,0.0032026885507385546,0.0032026885507385546,0.0032026885507385546,0.0032026885507385546,0.0032026885507385546,0.0032026885507385546,0.0032026885507385546
2025-05-14,-0.0019461011017833868,-0.0019461011017833868,-0.0019461011017833868,-0.0019461011017833868,-0.0019461011017833868,-0.0027905993810936405,-0.0027905993810936405,-0.0028890095423588285,-0.0028890095423588285,-0.0007699047275099768,-0.0007699047275099768,-0.0028890095423588277,-0.0028890095423588277,-0.0019461011017833868,-0.0019461011017833868,-0.0019461011017833868,-0.0019461011017833868,-0.0019461011017833868,-0.0019461011017833868,-0.0019461011017833868
2025-05-15,-0.009217995300965334,-0.00959350352674165,-0.009217995300965334,-0.00959350352674165,-0.00959350352674165,-0.004673013033996845,-0.004916286624534858,-0.0007028996163770429,-0.0021109312723642396,-0.009941524498517236,-0.010383414145028233,-0.0007028996163770424,-0.0021109312723642387,-0.009217995300965334,-0.009217995300965334,-0.009217995300965334,-0.009451561680202687,-0.009217995300965334,-0.009217995300965334,-0.00959350352674165
2025-05-16,0.007443191060815371,0.00232243416746901,0.007443191060815371,0.00232243416746901,0.00232243416746901,0.0032856838295239666,0.00045239112867365063,0.00136058244307839,-0.0002884465451909627,0.008121199790949796,0.0024088578028463093,0.0013605824430783899,-0.0002884465451909627,0.007443191060815371,0.0029308807087558147,0.007443191060815371,0.00863260643353701,0.00937960285919882,0.007443191060815371,0.00232243416746901
2025-05-19,-0.004854095847353792,-0.001322394477593523,-0.004854095847353792,-0.001322394477593523,-0.001322394477593523,0.00026555593271676087,0.0002163138250012853,0.0005499629995377735,9.317471072146233e-05,-0.00482048842574369,-0.001363122687048591,0.0005499629995377742,9.31747107214626e-05,-0.004854095847353792,-0.0012270660871218095,-0.004854095847353792,-0.007164335192888498,-0.007078964381275986,-0.004854095847353792,-0.001322394477593523
2025-05-20,0.003470108938866897,0.0011784498328761312,0.003470108938866897,0.0011784498328761312,0.0011784498328761312,0.001735792238238085,0.0005011526447519442,0.0026666106823617828,0.0007936391847955789,0.0041933380618208735,0.0014870031354064868,0.0026666106823617828,0.0007936391847955791,0.003470108938866897,0.0012769837133397009,0.003470108938866897,0.005022979076504309,0.005113537964420595,0.003470108938866897,0.0011784498328761312
2025-05-21,-0.008757761588035075,-0.003532576253012019,-0.008757761588035075,-0.003532576253012019,-0.003532576253012019,-0.00869203093146056,-0.0036684518525946165,-0.007462896037225597,-0.003313203170574752,-0.007131473577891142,-0.0028688433015419375,-0.007462896037225594,-0.003313203170574752,-0.008757761588035075,-0.003431564855623313,-0.008757761588035075,-0.017083569978252798,-0.016935781146163394,-0.008757761588035075,-0.003532576253012019
2025-05-22,-0.00022769723567999355,-0.0006075511680302748,-0.00022769723567999355,-0.0006075511680302748,-0.0006075511680302748,0.0009526797493132948,0.00022885040077955668,-0.000417171572608735,-0.0004869056711974468,-0.0017120435330167418,-0.00136231192729139,-0.00041717157260873536,-0.00048690567119744684,-0.00022769723567999355,-0.0005076623733537068,-0.00022769723567999355,0.0023406433959856214,0.002436238749218613,-0.00022769723567999355,-0.0006075511680302748
2025-05-23,-0.0005071379738691966,0.0001312800835384312,-0.0005071379738691966,0.0001312800835384312,0.0001312800835384312,-0.002352336322756138,-0.0010036315032368242,-0.0015154962667046081,-0.0007009005616851629,0.0006333604282615325,0.0007628395123356254,-0.0015154962667046075,-0.0007009005616851621,-0.0005071379738691966,0.00023278496593066682,-0.0005071379738691966,-0.0027858898882835654,-0.002689261032902391,-0.0005071379738691966,0.0001312800835384312
2025-05-26,0.0009562389498161364,0.00041812133855066887,0.0009562389498161364,0.00041812133855066887,0.00041812133855066887,-0.0006952986230339274,-0.000610404732149827,-0.0012158072944870263,-0.0009975753612175352,0.0006915918703937363,0.0002585335765278973,-0.0012158072944870259,-0.0009975753612175352,0.0009562389498161364,0.0005200530787108286,0.0009562389498161364,0.0015730567375448316,0.0016694887322809817,0.0009562389498161364,0.00041812133855066887
2025-05-27,0.008567948987865222,0.006337763756418363,0.008567948987865222,0.006337763756418363,0.006337763756418363,0.006586155941756776,0.004733060845801242,0.005933697176926027,0.004123887192866109,0.008107096942888053,0.006014299771868386,0.005933697176926024,0.004123887192866108,0.008567948987865222,0.006438848498122409,0.008567948987865222,0.01018729765424643,0.010291404504417165,0.008567948987865222,0.006337763756418363
2025-05-28,-0.0042932423278910095,-0.0037094691110096216,-0.0042932423278910095,-0.0037094691110096216,-0.0037094691110096216,-0.00636442039756884,-0.005378387400043284,-0.004893199124109874,-0.004240014345442889,-0.004033430014385913,-0.003491443767915448,-0.004893199124109874,-0.004240014345442889,-0.0042932423278910095,-0.003614954027483166,-0.0042932423278910095,-0.005154290510463536,-0.005059244318544133,-0.0042932423278910095,-0.0037094691110096216
2025-05-29,-0.0012667981759407615,-0.0011291937565876006,-0.0012667981759407615,-0.0011291937565876006,-0.0011291937565876006,0.0043150733196890565,0.003737761265839202,0.004568391005026278,0.0038624705001136794,-0.0017088795561860882,-0.0015568652858132248,0.004568391005026277,0.0038624705001136794,-0.0012667981759407615,-0.0010357364161927942,-0.0012667981759407615,-0.00152981151304193,-0.00143652229449261,-0.0012667981759407615,-0.0011291937565876006
2025-05-30,-0.0006765381296318772,-0.001118264494480444,-0.0006765381296318772,-0.001118264494480444,-0.001118264494480444,-0.002872965292656972,-0.0032269840720723325,-0.004193446293166091,-0.004480406347183636,-0.00032386327480745747,-0.0006979137791817823,-0.004193446293166091,-0.004480406347183636,-6.310426716306036e-05,-0.0004484866293128758,-6.310426716306036e-05,-0.000249225286054166,0.0004373809446817445,-0.0006765381296318772,-0.001118264494480444
2025-06-02,0.0064997974407142445,0.0060726485837125505,0.0064997974407142445,0.0060726485837125505,0.0060726485837125505,0.005399163509856943,0.00514791958932648,0.00466351661251899,0.003227743129705694,0.006261031097385738,0.005809730160490198,0.004663516612518988,0.0032277431297056927,0.006511100640565908,0.006511100640565908,0.006511100640565908,0.006262881909526155,0.006511100640565908,0.0064997974407142445,0.0060726485837125505
2025-06-03,0.0034416245858575794,0.0002550363717679267,0.0034416245858575794,0.0002550363717679267,0.0002550363717679267,0.0038927778602150386,-0.0005915618192560201,0.005331587990099059,-5.952594756704669e-05,0.004212917161409039,0.0004939921812475332,0.005331587990099059,-5.9525947567047014e-05,0.0034416245858575794,0.0008604061464643948,0.0034416245858575794,0.006051389193225433,0.0068202106982671986,0.0034416245858575794,0.0002550363717679267
2025-06-04,-0.006433649380062169,-0.0017144200067605898,-0.006433649380062169,-0.0017144200067605898,-0.0017144200067605898,-0.002374986567846963,-0.000633503639220368,-0.0032607589264984104,-0.0010398694896593058,-0.006352493410834559,-0.001726601736550915,-0.0032607589264984113,-0.001039869489659306,-0.006433649380062169,-0.0016207660484670618,-0.006433649380062169,-0.012135289733385487,-0.012037160787696776,-0.006433649380062169,-0.0017144200067605898
2025-06-05,-0.0014228791020440877,-0.0003608159422329253,-0.0014228791020440877,-0.0003608159422329253,-0.0003608159422329253,-0.0016444757792398131,-0.00041835655722312587,-0.0021462185370497737,-0.0007592586914982084,-0.0010241303867090088,-0.00022537035758226959,-0.0021462185370497745,-0.0007592586914982086,-0.0014228791020440877,-0.000268814173102281,-0.0014228791020440877,-0.0033267669763913494,-0.003246677635955697,-0.0014228791020440877,-0.0003608159422329253
2025-06-06,0.00601178525507587,0.0027627947372368647,0.00601178525507587,0.0027627947372368647,0.0027627947372368647,0.0030243033708588357,0.0012308854125526315,0.003965206582576346,0.001567082006476769,0.006688837991242988,0.0030863290999316624,0.003965206582576347,0.0015670820064767688,0.00601178525507587,0.002855597996161038,0.00601178525507587,0.00682642865254023,0.006909812878404696,0.00601178525507587,0.0027627947372368647
2025-06-09,0.0033453700688134587,0.001769415768006568,0.0033453700688134587,0.001769415768006568,0.001769415768006568,0.00017660726931701502,-4.932757234332663e-05,0.0004290414265029891,-2.9730902856119133e-05,0.003458755471323083,0.0018302683254630668,0.0004290414265029892,-2.9730902856119106e-05,0.0033453700688134587,0.0018642672262391266,0.0033453700688134587,0.0028992766497061406,0.0029810167491550617,0.0033453700688134587,0.001769415768006568
2025-06-10,0.005463211001748734,0.0029068516969124095,0.005463211001748734,0.0029068516969124095,0.0029068516969124095,-0.002361372256888694,-0.001787311710849211,0.0006125193689727446,-2.0321899663904204e-05,0.005151288245010492,0.002748095526179303,0.0006125193689727447,-2.032189966390377e-05,0.005463211001748734,0.003003772495413346,0.005463211001748734,0.006902680937425249,0.006991091984434323,0.005463211001748734,0.0029068516969124095
2025-06-11,0.0060474888812790915,0.003833694486119221,0.0060474888812790915,0.003833694486119221,0.004064265394259025,0.006228648869944508,0.004121409959529903,0.003518583109859123,0.001595125024904703,0.005578532466558673,0.003492628667576194,0.003518583109859123,0.001595125024904703,0.0060474888812790915,0.004162151876649537,0.0060474888812790915,0.008169090367243054,0.008382423844375887,0.0060474888812790915,0.003833694486119221
2025-06-12,-0.006580699769067875,-0.004485837996208054,-0.006580699769067875,-0.004485837996208054,-0.005046182564397886,-0.002416930360395617,-0.003300575717647771,-0.00811566375526321,-0.00538492270101995,-0.006536900545397308,-0.004229739700120596,-0.008115663755263212,-0.005384922701019952,-0.006580699769067875,-0.004175204191632744,-0.006580699769067875,-0.007573188809259763,-0.007137634303568201,-0.006813864044930566,-0.004485837996208054
2025-06-13,0.005609518078697664,0.001402379519674416,0.005609518078697664,0.001402379519674416,0.002715624675211504,0.00291896841187693,0.0007297421029692326,0.0016212141952419248,0.0004053035488104812,0.006395170304803421,0.0015987925762008552,0.0016212141952419252,0.0004053035488104813,0.005609518078697664,0.001402379519674416,0.005609518078697664,0.008947453343989643,0.008954649513526024,0.0049300034832753855,0.001402379519674416
2025-06-16,0.0022425093155756773,0.0005155674659039485,0.0022425093155756773,0.0005155674659039485,0.0005155674659039485,0.004466519483375939,0.0010935370083239014,0.0048471147387688955,0.001084703080282747,0.0026831501750658347,0.0006220237330941716,0.0048471147387688955,0.0010847030802827473,0.0022425093155756773,0.0005606273288939193,0.0022425093155756773,0.004132950341557462,0.00416323346446817,0.0036915586667922804,0.0005155674659039485
2025-06-17,0.007216396555600864,0.0017842571916960024,0.007216396555600864,0.0017842571916960024,0.0017842571916960024,0.0019860528431427382,0.00028059889370983396,0.0005421887691245077,-0.00028244644896182534,0.007630739516404456,0.0019597752369881678,0.0005421887691245085,-0.0002824464489618252,0.007216396555600864,0.0018809750056776563,0.007216396555600864,0.012735417236604917,0.012834812626273232,0.011966606464489913,0.0017842571916960024
2025-06-18,0.0006165608832077071,7.464150905391983e-05,0.0006165608832077071,7.464150905391983e-05,7.464150905391983e-05,0.0036931275214885655,0.0008921263107509353,0.0036009383857988583,0.0007719842637355899,0.0006096182884493623,7.248446761333872e-05,0.0036009383857988583,0.0007719842637355899,0.0006165608832077071,0.00017033131685146127,0.0006165608832077071,0.0027693190462844165,0.0028726957765623264,0.002600226824603307,7.464150905391983e-05
2025-06-19,0.00043165972538713364,-0.0001977059197667695,0.00043165972538713364,-0.0001977059197667695,-0.0001977059197667695,0.002186687382744897,0.00036517594247955455,0.0016981895253750747,6.955011560893289e-05,-0.00014334674305570023,-0.000363400828523561,0.001698189525375075,6.955011560893284e-05,0.00043165972538713364,-9.729243206952232e-05,0.00043165972538713364,0.0030551226456003583,0.0031436117151777904,0.0026193086457970815,-0.0001977059197667695
2025-06-20,-0.008658849778173699,-0.0032518390799993755,-0.008658849778173699,-0.0032518390799993755,-0.0032518390799993755,-0.006352624215521313,-0.0024848035625632883,-0.005379463693450283,-0.0021664004678234364,-0.00800885194170171,-0.0030180963891554983,-0.005379463693450284,-0.0021664004678234364,-0.008658849778173699,-0.003151425592302128,-0.008658849778173699,-0.015491469306958832,-0.015368752931888826,-0.01627627662962262,-0.0032518390799993755
2025-06-23,0.010799473573121512,0.004637625285389064,0.010799473573121512,0.004637625285389064,0.004637625285389064,0.00888011966423291,0.003578456445084111,0.010931839915501401,0.004376107831216514,0.010949596386057503,0.00474342146094854,0.010931839915501403,0.004376107831216514,0.010799473573121512,0.004742126176830973,0.010799473573121512,0.015992825718304474,0.016107618091909224,0.01667104745233585,0.004637625285389064
2025-06-24,-0.013125142069620788,-0.006561597691365808,-0.013125142069620788,-0.006561597691365808,-0.006561597691365808,-0.007244686622372358,-0.0033186649828090666,-0.007471899751957629,-0.0035186935738030895,-0.013934782693625563,-0.007071601245115972,-0.0074718997519576304,-0.0035186935738030904,-0.013125142069620788,-0.006455211426699612,-0.013125142069620788,-0.019325212246997216,-0.019203341457634884,-0.020164853735794425,-0.006561597691365808
2025-06-25,-0.00010467543080101577,-0.00025460710274783906,-0.00010467543080101577,-0.00025460710274783906,-0.00025460710274783906,-0.0005727945823161889,-0.00043328720422560114,-0.0036222494089926988,-0.002369437657466118,-0.0008434160385457894,-0.0007084748098422749,-0.003622249408992699,-0.0023694376574661183,-0.00010467543080101577,-0.00014790659952916476,-0.00010467543080101577,0.00039241773185428187,0.00048218458147600133,0.0004893072143134906,-0.00025460710274783906
2025-06-26,0.0016443215593155629,0.001042538215022142,0.0016443215593155629,0.001042538215022142,0.0013066315997393026,0.0024088101355563838,0.001713161492139097,-0.0017711316859145086,-0.001744628255354728,0.0024002854358460015,0.00152863315345077,-0.0017711316859145097,-0.0017446282553547287,0.0016443215593155629,0.0014171139132613348,0.0016443215593155629,0.0013099144583782955,0.0015331654070827568,0.0015023815501836,0.001042538215022142
2025-06-27,0.010938814530797068,0.003968078672282941,0.010938814530797068,0.003968078672282941,0.008092402539924253,9.21401200552419e-05,0.0007193354791273891,-0.00011952720242753949,0.0005380797571807041,0.011464200041550177,0.003983618397956156,-0.00011952720242753949,0.0005380797571807041,0.010938814530797068,0.004369165298916538,0.010938814530797068,0.010020826935984887,0.010535983541491434,0.011963380138570307,0.003968078672282941
2025-06-30,-0.0014638741182228356,-0.00025833073878932673,-0.0014638741182228356,-0.00033270995379973184,-0.0011130775378197463,7.011202124183482e-05,0.00024350814753941883,0.0035406279215731244,0.0011036068881492987,-0.0013964096177205227,-0.00027647963676509274,0.003909759305508474,0.0012267192692328806,-0.0008397230702374644,-1.5380254846129936e-05,-0.0008397230702374644,-0.0023566735354211303,-0.001653615738505202,-0.0020479587732072026,-0.00030249218734105187
2025-07-01,0.007891355632538913,0.002376863462360345,0.007891355632538913,0.0029951838559692636,0.0009886205742305086,0.0034931181513373124,0.0010439589526645412,-0.0008742345761319234,-0.0003992595085691144,0.007455637125738692,0.0022441415770925598,-0.0003782680903629621,-0.00024255102937809,0.008017629551206542,0.0024537468403246993,0.008017629551206542,0.006657111586291222,0.0076442538856082605,0.005147187725600518,0.00037800198426460617
2025-07-02,0.005891963937053717,0.001892354624406722,0.005891963937053717,0.0027310819046933075,0.0,0.006218972954379572,0.0019094312453876814,0.005170522486342902,0.0015585621208527088,0.005859831146678053,0.0018824230428851807,0.005094283886370289,0.0015426474978073271,0.005891963937053717,0.001929622007036656,0.005891963937053717,0.003231523009171919,0.0032635906253896288,0.0029342314230389613,0.0
2025-07-03,0.008049775131037858,0.0026994764530473996,0.008049775131037858,0.0040735417936232695,0.0,0.00566467171394124,0.0019240672164267394,0.003138425625879402,0.0010279616041254302,0.008071074367370461,0.002705433211671938,0.00357445528577192,0.0011884381489133983,0.008049775131037858,0.0027373690624785145,0.008049775131037858,0.005637785409417088,0.005680057427657769,0.004135599713994589,0.0
2025-07-04,-0.0011195308741081282,-0.0004443401955152417,-0.0011195308741081282,-0.0007732551494916608,0.0,-0.0003708228186189912,-0.00017479858211430583,-0.00036914057454351694,-0.0002569391370324794,-0.0011661221584692671,-0.00046133069653509173,-0.0004910666423347432,-0.00029390298201151986,-0.0011195308741081282,-0.0004069164058805419,-0.0011195308741081282,-0.0007289689730967548,-0.0006962797512894306,-0.0005597654370540641,0.0
2025-07-07,-0.0010567318052121149,-0.0005972620417340999,-0.0010567318052121149,-0.0012634202225962389,0.0,-0.0020631700754772594,-0.001038582556075506,0.0005399032808673606,-6.122310193009938e-05,-0.0010407227015842109,-0.0005935967746172513,-0.0006422446159729746,-0.000522343663404727,-0.0010567318052121149,-0.000560034442277888,-0.0010567318052121149,-0.00011788588451678391,-8.360683373386923e-05,-0.0005283659026060574,0.0
2025-07-08,0.00043461722506312134,0.00020392195115811682,0.00043461722506312134,0.0003944572409427901,0.0,0.0017872096132745814,0.0007517841462683557,0.000890525574614181,0.0003052098248376089,0.0005237088918404503,0.00024319777708115144,0.0013693962969178568,0.0005167481123396636,0.00043461722506312134,0.0002413524722622354,0.00043461722506312134,1.3182324425470446e-05,4.9004080299264044e-05,0.00021730861253156067,0.0
2025-07-09,-0.0001689524336134069,-0.00014514214411987943,-0.0001689524336134069,-0.00035095021555293514,0.0,-0.0006335283303730135,-0.0004122916396444228,0.0023715987222003676,0.0008728274389322136,-0.0007528246858831261,-0.0004083648529246786,0.0017326629263384936,0.0005955352090582592,-0.0001689524336134069,-0.00010761857388301075,-0.0001689524336134069,-0.00014557115118408827,-0.00010848412465646652,-8.447621680670345e-05,0.0
2025-07-10,0.0031088927304830545,0.0014553465179228614,0.0031088927304830545,0.0028115931885270575,0.0,0.0023256873215220394,0.0010720520960963034,0.003649349378649352,0.0016222504972158778,0.0032075522330802454,0.0015027800900955437,0.0039163005911525516,0.0017578263210761285,0.0031088927304830545,0.0014936548318980798,0.0031088927304830545,0.0015144107340023872,0.001553191793205425,0.0015544463652415273,0.0
2025-07-11,0.005261481307862751,0.0025746725159214736,0.005261481307862751,0.0050932768938330465,0.0,-0.0017870281280259084,-0.0009096952497618754,-0.0035378624679909725,-0.001779222465002361,0.0050576099729584415,0.0024715381649456697,-0.0038196467807293582,-0.001919927107060303,0.005261481307862751,0.0025913152931733704,0.005261481307862751,0.0026725710781084705,0.002703128386578122,0.0026307406539313755,0.0
2025-07-14,0.0047000671318816675,0.0023500335659408338,0.0047000671318816675,0.0047000671318816675,0.0,-0.0034231581281461017,-0.0017115790640730509,0.0010243930852666494,0.0005121965426333247,0.004549870670549789,0.0022749353352748943,0.0006249222830233749,0.00031246114151168745,0.0047000671318816675,0.0023500335659408338,0.0047000671318816675,0.0023500335659408338,0.0023500335659408338,0.0023500335659408338,0.0
2025-07-15,0.0009009442666936296,0.0004504721333468148,0.0009009442666936296,0.0009009442666936296,0.0,-0.0016998899718830428,-0.0008499449859415214,0.0008535404328670112,0.0004267702164335056,0.001144245098457259,0.0005721225492286295,0.0005919219089127666,0.0002959609544563833,0.0009009442666936296,0.0004504721333468148,0.0009009442666936296,0.0004504721333468148,0.0004504721333468148,0.0004504721333468148,0.0
2025-07-16,0.0018115880494933255,0.0009057940247466627,0.0018115880494933255,0.0018115880494933255,0.0,0.004961558990671274,0.002480779495335637,0.005156659554121242,0.002578329777060621,0.0017459814779135728,0.0008729907389567864,0.0054177892951281555,0.0027088946475640778,0.0018115880494933255,0.0009057940247466627,0.0018115880494933255,0.0009057940247466627,0.0009057940247466627,0.0009057940247466627,0.0
2025-07-17,0.0003908358907942171,0.00019541794539710856,0.0003908358907942171,0.0003908358907942171,0.0,0.00046769807221295605,0.00023384903610647803,0.0013671047269114825,0.0006835523634557412,0.0005499704039856303,0.00027498520199281516,0.0013338142358944151,0.0006669071179472076,0.0003908358907942171,0.00019541794539710856,0.0003908358907942171,0.00019541794539710856,0.00019541794539710856,0.00019541794539710856,0.0
2025-07-18,-0.0016708210481395987,-0.0008354105240697994,-0.0016708210481395987,-0.0016708210481395987,0.0,-0.0028768200559744425,-0.0014384100279872213,-0.0021719183605469357,-0.0010859591802734679,-0.0018113609447690127,-0.0009056804723845064,-0.0019510564269643658,-0.0009755282134821829,-0.0016708210481395987,-0.0008354105240697994,-0.0016708210481395987,-0.0008354105240697994,-0.0008354105240697994,-0.0008354105240697994,0.0
2025-07-21,-0.011228423574607519,-0.0056142117873037595,-0.011228423574607519,-0.011228423574607519,0.0,-0.002319111332663803,-0.0011595556663319016,-0.0018241855021938207,-0.0009120927510969103,-0.010969428462144253,-0.005484714231072127,-0.0017303696690977636,-0.0008651848345488818,-0.011228423574607519,-0.0056142117873037595,-0.011228423574607519,-0.0056142117873037595,-0.0056142117873037595,-0.0056142117873037595,0.0
2025-07-22,-0.006248942649712689,-0.0031244713248563447,-0.006248942649712689,-0.006248942649712689,0.0,-0.0026740622462874163,-0.0013370311231437081,-0.0017924003816306518,-0.0008962001908153259,-0.006065829463074501,-0.0030329147315372503,-0.0018547480319056533,-0.0009273740159528266,-0.006248942649712689,-0.0031244713248563447,-0.006248942649712689,-0.0031244713248563447,-0.0031244713248563447,-0.0031244713248563447,0.0
2025-07-23,0.005991792697203156,0.002995896348601578,0.005991792697203156,0.005991792697203156,0.0,0.004489707030739874,0.002244853515369937,0.00033844002041834883,0.00016922001020917442,0.0059585023932172305,0.0029792511966086153,0.0009705827108962208,0.0004852913554481104,0.005991792697203156,0.002995896348601578,0.005991792697203156,0.002995896348601578,0.002995896348601578,0.002995896348601578,0.0
2025-07-24,-0.004393725315070224,-0.002196862657535112,-0.004393725315070224,-0.004393725315070224,0.0,-0.0028865863786355747,-0.0014432931893177874,-0.005560494929215662,-0.002780247464607831,-0.004317695775735989,-0.0021588478878679946,-0.005271837822108944,-0.002635918911054472,-0.004393725315070224,-0.002196862657535112,-0.004393725315070224,-0.002196862657535112,-0.002196862657535112,-0.002196862657535112,0.0
2025-07-25,-0.0011300727924719867,-0.0007218985674173182,-0.0011300727924719867,-0.0016006593060159612,0.0,-0.003428190078466772,-0.001804531666280283,0.002444638653778929,0.0006645124629908449,-0.0010612020376931089,-0.0006835113042543971,0.000947774809957234,-1.9464658948283974e-05,-0.0011300727924719867,-0.0005650363962359933,-0.0011300727924719867,-0.0006623035940186468,-0.0005650363962359933,-0.0005650363962359933,0.0
2025-07-28,-0.0005300514352847715,0.00031044364975252114,-0.0005300514352847715,0.0011963566668999493,0.0,-0.005541615416151528,-0.0011811037763105685,0.0022307080179890934,0.0008506819158380387,-0.0004896947012143476,0.0003307327083945862,0.0011602496874185827,0.0005829238913266828,-0.0005300514352847715,0.00047382329397061625,-0.0005300514352847715,-0.0027381524831811103,-0.0024143736715513103,-0.00026502571764238573,0.0
2025-07-29,0.0067856895638791085,0.0018296544051877612,0.0067856895638791085,0.0020961184336237277,0.0,0.0039659701599069445,0.001026292523560765,0.005698375245902822,0.0014192790484914726,0.006674317949533017,0.0017989710051958645,0.005772110520291319,0.001447336541978455,0.0067856895638791085,0.0018604686564295191,0.0067856895638791085,0.004165821920480925,0.004204449597412373,0.0033928447819395542,0.0
2025-07-30,0.0014664184268369173,0.00040223381817666986,0.0014664184268369173,0.0004734922411115513,0.0,-0.00382814597983341,-0.0012224753957311414,0.0011260988225157444,0.00022251308133803134,0.001495977736071177,0.00041101800796848733,0.00038810157111524723,8.164065411829963e-06,0.0014664184268369173,0.0004330480694184278,0.0014664184268369173,-0.0002956373558166636,-0.0002543862082081174,0.0007332092134184587,0.0
2025-07-31,-0.007480210459116685,-0.0026370201358036326,-0.007480210459116685,-0.0036351364584028354,-0.00025439095069856144,0.003382597867253926,0.0008364059610854003,0.002104798886558958,-7.337337390220797e-05,-0.007325092087995226,-0.002577323846859092,0.001444818182241883,-0.00024331911050546056,-0.006816399656354071,-0.002243280462589604,-0.006816399656354071,-0.003959754492637056,-0.003215687724258661,-0.00410352087341343,-0.00025439095069856144
2025-08-01,0.0023958826177628663,0.001455469708087327,0.0023958826177628663,0.0006705463101587814,0.0011195903648537214,0.01186168077731242,0.005658901493557242,0.006449284222425205,0.0023024005382348534,0.003438437497354404,0.0020363851831352595,0.006961148574268983,0.002616505991356193,0.0025500917355364833,0.0017307080107406647,0.0025500917355364833,0.005714962653464836,0.0065694323482124424,0.0028233735738794744,0.0011195903648537214
2025-08-04,-0.0008608744403753191,-0.0005051093782414322,-0.0014171840713542436,-0.00031184886614303044,-0.00031184886614303044,-0.0069811084081021725,-0.0036371517934062794,-0.005203671422743824,-0.0026628995952505527,0.00028549083499380544,0.00021352130202286566,-0.004708059761731797,-0.0023477793099431826,-0.0008608744403753191,-0.0003949981570579733,-0.0008608744403753191,-0.0009596215095707824,-0.0008439111315667277,-0.0008608744403753191,-0.00031184886614303044
2025-08-05,0.006345772721330427,0.004278999226554293,0.0015275484631939583,0.002483961862406502,0.002483961862406502,0.003117918894788778,0.002163174234571246,0.002829298450627085,0.0017699420798092602,0.005184610006514864,0.003471105880109058,0.003006379570974373,0.0019070391290944815,0.006345772721330427,0.004389905978835256,0.0021077924412930228,0.008050060612618629,0.008174248690812578,0.006345772721330427,0.002483961862406502
2025-08-06,0.01614635735971425,0.012416463495384623,0.0051506026835132085,0.006829880725080583,0.006829880725080583,0.011571629570779915,0.008786537180132087,0.009249950950670117,0.006769689217592734,0.016068764464803473,0.012360207613152062,0.009784684926221976,0.007199110807859092,0.01614635735971425,0.01252180806413117,0.005255947252259756,0.01819938961241848,0.01832792840744735,0.01614635735971425,0.006829880725080583
2025-08-07,-2.3008406239816452e-05,-0.0001425872192407233,-0.00013223343643280574,-5.136380745354389e-05,-5.136380745354389e-05,0.0019906230085477675,0.0015930660246567551,-0.00024542561684107417,-0.0002799707466473236,0.0008550824007854731,0.0006082732568318618,-0.0002388250516169514,-0.0002627387249672087,-2.3008406239816452e-05,-3.6902730180184606e-05,-2.6548947372267038e-05,0.0002976757168558353,0.00041181129117852166,-2.3008406239816452e-05,-5.136380745354389e-05
2025-08-08,-0.0004675135881160934,-0.0005936629078493838,-0.0003832817931971411,-0.00027580656730247656,-0.00027580656730247656,0.002291394606492212,0.001826576164769691,0.0022222403648375242,0.0015658735816610088,-0.0008907645941078861,-0.0009801405965278477,0.002242968613163882,0.0016007255988381085,-0.0004675135881160934,-0.000487978418788845,-0.0002775973041366024,-0.0003557335907478275,-0.00023697513007867662,-0.0004675135881160934,-0.00027580656730247656
2025-08-11,-0.0004040569192497029,-0.0005560785701962681,-0.000431826511919219,-0.0002527023432737066,-0.0002527023432737066,-0.002002066188300928,-0.0020809560730660095,0.0028185768016370403,0.0026679804580501455,2.4730073447247133e-05,-0.00012511691848901576,0.0024216766140879673,0.002272586908885016,-0.0004040569192497029,-0.0005059977666709353,-0.00032417215300856877,-0.00030996375589434713,-0.00021909878793296826,-0.0004040569192497029,-0.0002527023432737066
2025-08-12,-0.004394645762133285,-0.004394645762133285,-0.00262128843611649,-0.0021973228810666426,-0.0021973228810666426,0.005754016809747177,0.005754016809747177,0.004118833559112648,0.004118833559112648,-0.003642452058007061,-0.003642452058007061,0.004884816402875569,0.004884816402875569,-0.004394645762133285,-0.004394645762133285,-0.00251266976552089,-0.004394645762133285,-0.004394645762133285,-0.004394645762133285,-0.0021973228810666426
2025-08-13,-0.004861049571919926,-0.004861049571919926,-0.003361524818947611,-0.002430524785959963,-0.002430524785959963,-0.006976046434123967,-0.006976046434123967,-0.006259931134507924,-0.006259931134507924,-0.004767675041672205,-0.004767675041672205,-0.006246075089706624,-0.006246075089706624,-0.004861049571919926,-0.004861049571919926,-0.0032559524442012985,-0.004861049571919926,-0.004861049571919926,-0.004861049571919926,-0.002430524785959963
2025-08-14,0.00500513244014728,0.00500513244014728,0.003396665857621199,0.00250256622007364,0.00250256622007364,-0.0036255945755474224,-0.0036255945755474224,0.000485166561839677,0.000485166561839677,0.005593400724635878,0.005593400724635878,-7.733204550067153e-05,-7.733204550067153e-05,0.00500513244014728,0.00500513244014728,0.0035038081570516605,0.00500513244014728,0.00500513244014728,0.00500513244014728,0.00250256622007364
2025-08-15,0.0033947667991576494,0.0033947667991576494,0.0027802035057414025,0.0016973833995788247,0.0016973833995788247,0.00698167992657074,0.00698167992657074,0.003707803309847472,0.003707803309847472,0.003482481786117937,0.003482481786117937,0.003943762668387017,0.003943762668387017,0.0033947667991576494,0.0033947667991576494,0.002885551779284002,0.0033947667991576494,0.0033947667991576494,0.0033947667991576494,0.0016973833995788247
2025-08-18,-0.006594988922323956,-0.006594988922323956,-0.006130360577008538,-0.003297494461161978,-0.003297494461161978,-0.0016041783549994404,-0.0016041783549994404,0.0011438155960115698,0.0011438155960115698,-0.007091939907198445,-0.007091939907198445,0.0008514347168604242,0.0008514347168604242,-0.006594988922323956,-0.006594988922323956,-0.006021458937453322,-0.006594988922323956,-0.006594988922323956,-0.006594988922323956,-0.003297494461161978
2025-08-19,-0.006395275666860066,-0.006395275666860066,-0.006568748489323616,-0.003197637833430033,-0.003197637833430033,-0.0053415096347401965,-0.0053415096347401965,-0.0013543716320891567,-0.0013543716320891567,-0.007528482090132325,-0.007528482090132325,-0.0018959937346247622,-0.0018959937346247622,-0.006395275666860066,-0.006395275666860066,-0.006519827242331691,-0.006395275666860066,-0.006395275666860066,-0.006395275666860066,-0.003197637833430033
2025-08-20,0.00940135522743695,0.00940135522743695,0.00940135522743695,0.004700677613718475,0.004700677613718475,0.006394207956114017,0.006394207956114017,0.0077325077701932005,0.0077325077701932005,0.009538105474347129,0.009538105474347129,0.007870929520733094,0.007870929520733094,0.00940135522743695,0.00940135522743695,0.00940135522743695,0.00940135522743695,0.00940135522743695,0.00940135522743695,0.004700677613718475
2025-08-21,0.005029314960623155,0.005029314960623155,0.005029314960623155,0.0025146574803115774,0.0025146574803115774,0.001498342907611435,0.001498342907611435,0.006585436032644612,0.006585436032644612,0.005026171042321021,0.005026171042321021,0.006366204689200741,0.006366204689200741,0.005029314960623155,0.005029314960623155,0.005029314960623155,0.005029314960623155,0.005029314960623155,0.005029314960623155,0.0025146574803115774
2025-08-22,-0.0032705061168468086,-0.0032705061168468086,-0.0032705061168468086,-0.0016352530584234043,-0.0016352530584234043,0.007817188661590792,0.007817188661590792,0.0062370969385558165,0.0062370969385558165,-0.0032240281394231756,-0.0032240281394231756,0.0071025672612031986,0.0071025672612031986,-0.0032705061168468086,-0.0032705061168468086,-0.0032705061168468086,-0.0032705061168468086,-0.0032705061168468086,-0.0032705061168468086,-0.0016352530584234043
2025-08-25,0.005336417371418064,0.005336417371418064,0.005336417371418064,0.002668208685709032,0.002668208685709032,-0.006408141967725035,-0.006408141967725035,-0.005865755402924486,-0.005865755402924486,0.006176605595845406,0.006176605595845406,-0.006230383101885929,-0.006230383101885929,0.005336417371418064,0.005336417371418064,0.005336417371418064,0.005336417371418064,0.005336417371418064,0.005336417371418064,0.002668208685709032
2025-08-26,0.0013552980098097806,0.0013552980098097806,0.0013552980098097806,0.0006776490049048903,0.0006776490049048903,-0.0003752969321080496,-0.0003752969321080496,0.0008462862947097958,0.0008462862947097958,0.0008600802052213547,0.0008600802052213547,0.0005923460731369098,0.0005923460731369098,0.0013552980098097806,0.0013552980098097806,0.0013552980098097806,0.0013552980098097806,0.0013552980098097806,0.0013552980098097806,0.0006776490049048903
2025-08-27,0.0037738704827402223,0.0037738704827402223,0.0037738704827402223,0.0018869352413701111,0.0018869352413701111,0.005717310172160449,0.005717310172160449,0.004891700009644558,0.004891700009644558,0.003996022013526965,0.003996022013526965,0.0048380590816392835,0.0048380590816392835,0.0037738704827402223,0.0037738704827402223,0.0037738704827402223,0.0037738704827402223,0.0037738704827402223,0.0037738704827402223,0.0018869352413701111
2025-08-28,-0.0038022399203932722,-0.0038022399203932722,-0.0038022399203932722,-0.0019011199601966361,-0.0019011199601966361,-0.004528087615966979,-0.004528087615966979,-0.004141213273648811,-0.004141213273648811,-0.0037088505964735156,-0.0037088505964735156,-0.0041859012581201924,-0.0041859012581201924,-0.0038022399203932722,-0.0038022399203932722,-0.0038022399203932722,-0.0038022399203932722,-0.0038022399203932722,-0.0038022399203932722,-0.0019011199601966361
2025-08-29,0.00033363118357482063,0.00033363118357482063,0.00033363118357482063,0.00016681559178741032,0.00016681559178741032,0.0022629602080946965,0.0022629602080946965,0.00044184136683006193,0.00044184136683006193,9.347971977168399e-05,9.347971977168399e-05,0.0007036708556310802,0.0007036708556310802,0.0004049077974778194,0.0004049077974778194,0.0004049077974778194,0.00033363118357482063,0.0004049077974778194,0.00033363118357482063,-0.00025424434488997296
2025-09-01,0.0025423328380884173,0.0025423328380884173,0.0025423328380884173,0.0012711664190442086,0.0012711664190442086,-0.00039711891529593406,-0.00039711891529593406,0.0011972906084274197,0.0011972906084274197,0.002437091530130528,0.002437091530130528,0.0010042577897609994,0.0010042577897609994,0.0026667042978759667,0.0026667042978759667,0.0026667042978759667,0.0025423328380884173,0.0026667042978759667,0.0025423328380884173,0.0014264851086821955
2025-09-02,-0.0013836635021373354,-0.0013836635021373354,-0.0013836635021373354,-0.0006918317510686677,-0.0006918317510686677,-0.0003869728498499184,-0.0003869728498499184,0.0037979284360988917,0.0037979284360988917,-0.0011300121787778349,-0.0011300121787778349,0.0032617925803531365,0.0032617925803531365,-0.0013836635021373354,-0.0013836635021373354,-0.0013836635021373354,-0.0013836635021373354,-0.0013836635021373354,-0.0013836635021373354,-0.0013836635021373354
2025-09-03,-0.0036020907171853286,-0.0036020907171853286,-0.0036020907171853286,-0.0018010453585926643,-0.0018010453585926643,-0.000778522337104529,-0.000778522337104529,-0.00047725979245859544,-0.00047725979245859544,-0.003236455390842199,-0.003236455390842199,-0.0004251107613416075,-0.0004251107613416075,-0.0036020907171853286,-0.0036020907171853286,-0.0036020907171853286,-0.0036020907171853286,-0.0036020907171853286,-0.0036020907171853286,-0.0036020907171853286
2025-09-04,0.004492278610650563,0.004492278610650563,0.004492278610650563,0.0022461393053252814,0.0022461393053252814,0.002610402258390481,0.002610402258390481,0.0022018029500173774,0.0022018029500173774,0.0046818552458719465,0.0046818552458719465,0.001825482390929172,0.001825482390929172,0.004492278610650563,0.004492278610650563,0.004492278610650563,0.004492278610650563,0.004492278610650563,0.004492278610650563,0.004492278610650563
2025-09-05,-0.0038003750227075268,-0.0038003750227075268,-0.0038003750227075268,-0.0019001875113537634,-0.0019001875113537634,0.0019529158493286091,0.0019529158493286091,-0.002124127234903067,-0.002124127234903067,-0.0030257602945192603,-0.0030257602945192603,-0.0011898590973879754,-0.0011898590973879754,-0.0038003750227075268,-0.0038003750227075268,-0.0038003750227075268,-0.0038003750227075268,-0.0038003750227075268,-0.0038003750227075268,-0.0038003750227075268
2025-09-08,0.005063685541566121,0.005063685541566121,0.005063685541566121,0.0025318427707830605,0.0025318427707830605,-0.0025730578877216723,-0.0025730578877216723,-0.004249881734956112,-0.004249881734956112,0.004683787518897283,0.004683787518897283,-0.0038784042714851237,-0.0038784042714851237,0.005063685541566121,0.005063685541566121,0.005063685541566121,0.005063685541566121,0.005063685541566121,0.005063685541566121,0.005063685541566121
2025-09-09,-0.0007174755250418048,-0.0007174755250418048,-0.0007174755250418048,-0.0003587377625209024,-0.0003587377625209024,-0.002649045433769843,-0.002649045433769843,-0.003484777165314723,-0.003484777165314723,-0.0016691837998076215,-0.0016691837998076215,-0.003455200178028641,-0.003455200178028641,-0.0007174755250418048,-0.0007174755250418048,-0.0007174755250418048,-0.0007174755250418048,-0.0007174755250418048,-0.0007174755250418048,-0.0007174755250418048
2025-09-10,0.001272088847042493,0.001272088847042493,0.001272088847042493,0.0006360444235212465,0.0006360444235212465,0.0068755764589153575,0.0068755764589153575,0.008049687164021102,0.008049687164021102,0.0013578717461254384,0.0013578717461254384,0.008026815872685911,0.008026815872685911,0.001272088847042493,0.001272088847042493,0.001272088847042493,0.001272088847042493,0.001272088847042493,0.001272088847042493,0.001272088847042493
2025-09-11,0.002315852891803923,0.002315852891803923,0.002315852891803923,0.0011579264459019615,0.0011579264459019615,0.01016860754991542,0.01016860754991542,0.007973571383085,0.007973571383085,0.0007651368338121834,0.0007651368338121834,0.008661041402117146,0.008661041402117146,0.002315852891803923,0.002315852891803923,0.002315852891803923,0.002315852891803923,0.002315852891803923,0.002315852891803923,0.002315852891803923
2025-09-12,0.008809702413102326,0.008809702413102326,0.008809702413102326,0.004404851206551163,0.004404851206551163,0.0004222334477234791,0.0004222334477234791,-0.0023924409402192384,-0.0023924409402192384,0.009163628448201986,0.009163628448201986,-0.0022135287258473425,-0.0022135287258473425,0.008809702413102326,0.008809702413102326,0.008809702413102326,0.008809702413102326,0.008809702413102326,0.008809702413102326,0.008809702413102326
2025-09-15,0.0013732136225555478,0.0013732136225555478,0.0013732136225555478,0.0006866068112777739,0.0006866068112777739,0.005338473727375897,0.005338473727375897,0.005366283295146641,0.005366283295146641,0.0019754392365458253,0.0019754392365458253,0.005350336582556511,0.005350336582556511,0.0013732136225555478,0.0013732136225555478,0.0013732136225555478,0.0013732136225555478,0.0013732136225555478,0.0013732136225555478,0.0013732136225555478
2025-09-16,0.0002470126457560077,0.0002470126457560077,0.0002470126457560077,0.00012350632287800385,0.00012350632287800385,0.0029719543346058883,0.0029719543346058883,-0.0012225005728113796,-0.0012225005728113796,0.0002637733227992111,0.0002637733227992111,-0.0009842389029871951,-0.0009842389029871951,0.0002470126457560077,0.0002470126457560077,0.0002470126457560077,0.0002470126457560077,0.0002470126457560077,0.0002470126457560077,0.0002470126457560077
2025-09-17,0.0002859402821439894,0.0002859402821439894,0.0002859402821439894,0.0001429701410719947,0.0001429701410719947,-0.0032768307651460686,-0.0032768307651460686,-0.0015610223838609068,-0.0015610223838609068,0.0007936849348127439,0.0007936849348127439,-0.0018617492072846916,-0.0018617492072846916,0.0002859402821439894,0.0002859402821439894,0.0002859402821439894,0.0002859402821439894,0.0002859402821439894,0.0002859402821439894,0.0002859402821439894
2025-09-18,0.0029137567908089496,0.0029137567908089496,0.0029137567908089496,0.0014568783954044748,0.0014568783954044748,0.0011885631315775864,0.0011885631315775864,0.004878127535021433,0.004878127535021433,0.0023200589560923033,0.0023200589560923033,0.004491405981451051,0.004491405981451051,0.0029137567908089496,0.0029137567908089496,0.0029137567908089496,0.0029137567908089496,0.0029137567908089496,0.0029137567908089496,0.0029137567908089496
2025-09-19,0.002553825303909704,0.002553825303909704,0.002553825303909704,0.001276912651954852,0.001276912651954852,0.0054102540298161805,0.0054102540298161805,0.006883533101665576,0.006883533101665576,0.0019684032686473627,0.0019684032686473627,0.006923859089529906,0.006923859089529906,0.002553825303909704,0.002553825303909704,0.002553825303909704,0.002553825303909704,0.002553825303909704,0.002553825303909704,0.002553825303909704
2025-09-22,0.00020296778230438758,0.00020296778230438758,0.00020296778230438758,0.00010148389115219379,0.00010148389115219379,6.23072800443292e-05,6.23072800443292e-05,-0.0007286299050024482,-0.0007286299050024482,0.00031898895670946347,0.00031898895670946347,-0.0006938188806770557,-0.0006938188806770557,0.00020296778230438758,0.00020296778230438758,0.00020296778230438758,0.00020296778230438758,0.00020296778230438758,0.00020296778230438758,0.00020296778230438758
2025-09-23,0.0034511027429958976,0.0034511027429958976,0.0034511027429958976,0.0017255513714979488,0.0017255513714979488,0.003748066625327314,0.003748066625327314,0.0043927723625846885,0.0043927723625846885,0.003881792348973818,0.003881792348973818,0.0046613916515919444,0.0046613916515919444,0.0034511027429958976,0.0034511027429958976,0.0034511027429958976,0.0034511027429958976,0.0034511027429958976,0.0034511027429958976,0.0034511027429958976
2025-09-24,0.000131156134655629,0.000131156134655629,0.000131156134655629,6.55780673278145e-05,6.55780673278145e-05,-0.000936715785278219,-0.000936715785278219,0.004477081746005948,0.004477081746005948,-0.0008872604782780872,-0.0008872604782780872,0.003518049352509688,0.003518049352509688,0.000131156134655629,0.000131156134655629,0.000131156134655629,0.000131156134655629,0.000131156134655629,0.000131156134655629,0.000131156134655629
2025-09-25,0.002815260829148439,0.002815260829148439,0.002815260829148439,0.0014076304145742196,0.0014076304145742196,-0.0025858801804470193,-0.0025858801804470193,0.0027140033680810322,0.0027140033680810322,0.002785307070344584,0.002785307070344584,0.0020499599224565123,0.0020499599224565123,0.002815260829148439,0.002815260829148439,0.002815260829148439,0.002815260829148439,0.002815260829148439,0.002815260829148439,0.002815260829148439
2025-09-26,0.007092354181638657,0.007092354181638657,0.007092354181638657,0.0035461770908193284,0.0035461770908193284,0.00899537393203969,0.00899537393203969,0.009105882406096616,0.009105882406096616,0.006384353887073445,0.006384353887073445,0.009276363146173784,0.009276363146173784,0.007092354181638657,0.007092354181638657,0.007092354181638657,0.007092354181638657,0.007092354181638657,0.007092354181638657,0.007092354181638657
2025-09-29,0.0012105949798723358,0.0012105949798723358,0.0012105949798723358,0.0006052974899361679,0.0006052974899361679,-0.0027161169279202504,-0.0027161169279202504,-0.0036620554988148106,-0.0036620554988148106,0.002949045537148194,0.002949045537148194,-0.0032462431069917117,-0.0032462431069917117,0.0012105949798723358,0.0012105949798723358,0.0012105949798723358,0.0012105949798723358,0.0012105949798723358,0.0012105949798723358,0.0012105949798723358
2025-09-30,0.0014592975762983823,0.0014592975762983823,0.0014592975762983823,0.0007296487881491912,0.00038261635846785133,0.0035789425853385167,0.0035789425853385167,0.0028776441021522428,0.0028776441021522428,0.0005436867113304605,0.0005436867113304605,0.0029459916936260045,0.0029459916936260045,0.002310657273625186,0.002310657273625186,0.002310657273625186,0.0014592975762983823,0.002310657273625186,0.0014592975762983823,0.0014592975762983823
2025-10-01,0.005008972882326145,0.004465071632994238,0.005008972882326145,0.0023231860247191036,0.0043249703953351214,-0.0010175643213666506,-0.0017472026233634006,0.0007817171925934916,-0.0022768459331563955,0.004542894941495288,0.003938471333374697,0.000580498235919019,-0.002118264515510459,0.0050950154722245004,0.0050950154722245004,0.0050950154722245004,0.004599217486435867,0.0050950154722245004,0.005008972882326145,0.004465071632994238
2025-10-02,0.0014155556285043807,0.0013279182587045157,0.0014155556285043807,0.0006785653576522353,0.0013279182587045157,-0.00036623838458874243,0.0006769362399712321,-0.0011517048540191773,-0.0008543854897922399,0.0014183732790458872,0.0011435709184904538,-0.0016013865753677036,-0.0009308039171425959,0.0014155556285043807,0.0019438022947567651,0.0014155556285043807,-0.001485497806666297,-0.0005402392873536288,0.0014155556285043807,0.0013279182587045157
2025-10-03,0.005703732842007564,0.0017458866497235524,0.005703732842007564,0.0015325843569091115,0.0017458866497235524,0.006230053081562495,0.0018417092262647378,0.0031046347359240563,0.0006482677171731138,0.0063016156717937205,0.001943475596015636,0.0037096172712297575,0.0008802683992212427,0.005703732842007564,0.0018537131736524584,0.005703732842007564,0.007598561986717503,0.007712285987469331,0.005703732842007564,0.0017458866497235524
2025-10-06,0.004873724775220414,0.0018419800738322663,0.004873724775220414,0.0014262808204808244,0.0018419800738322663,0.00757683473919888,0.0027956233503908723,0.007003545914620011,0.00235341182121932,0.004372535925238218,0.001644961957470955,0.007994073013528257,0.002784370165940166,0.004873724775220414,0.0019494899100881658,0.004873724775220414,0.00844861631460842,0.00857618498215362,0.004873724775220414,0.0018419800738322663
2025-10-07,-0.0105364059683512,-0.005112118395962372,-0.0105364059683512,-0.0034601071267126578,-0.005112118395962372,-0.00860624352214174,-0.004338364054797992,0.002433521638953694,0.0004518275893062864,-0.011111961521988813,-0.005382081938828233,0.001033301398323902,-0.00017693296937499638,-0.0105364059683512,-0.005004792834966819,-0.0105364059683512,-0.014309511007290237,-0.014179323223458478,-0.0105364059683512,-0.005112118395962372
2025-10-08,-0.006626779861055931,-0.0037506543646640836,-0.006626779861055931,-0.0023546814317306824,-0.0037506543646640836,-0.00217263401906957,-0.0013663108726117267,0.0021569418201264697,0.0007515992772712408,-0.007988285531165443,-0.0044966973905754435,0.0021769407282971978,0.0007976763302772168,-0.006626779861055931,-0.003644728923580762,-0.006626779861055931,-0.006280006874360998,-0.006169377408465475,-0.006626779861055931,-0.0037506543646640836
2025-10-09,-0.002125897216081801,-0.0014330016337937,-0.002125897216081801,-0.0008319834139448669,-0.0014330016337937,-0.002640872969280687,-0.0018772164168138095,0.0005230683432221044,-0.00011640480764165534,-0.0022208001152405365,-0.0014899210477501757,-0.00016357650767170493,-0.0005102444461101441,-0.002125897216081801,-0.001328685760051126,-0.002125897216081801,-0.003442781517677392,-0.003330742792696769,-0.002125897216081801,-0.0014330016337937
2025-10-10,-0.009370983693991572,-0.0075602266425512845,-0.009370983693991572,-0.004081906163182359,-0.0075602266425512845,-0.011255090265018159,-0.008942637942665876,-0.01006630538392148,-0.008106864315520379,-0.010187768751156935,-0.00797325196652021,-0.01389474684502163,-0.010749870367514605,-0.009370983693991572,-0.0074577662064473586,-0.009370983693991572,-0.008869360488938006,-0.008760389897423813,-0.009370983693991572,-0.0075602266425512845
2025-10-13,0.006618953712934361,0.00503164537994978,0.006066974514342615,0.0027803740788056534,0.00503164537994978,0.010137894276725868,0.007730842175269473,0.015272213475588731,0.01119834365404216,0.006564992807081743,0.004991344021412641,0.01665865969080053,0.01230844054646138,0.006618953712934361,0.0051392113202245685,0.006618953712934361,0.008383712681168703,0.008519112679469481,0.006618953712934361,0.00503164537994978
2025-10-14,0.001460532854717461,0.0009638289695026673,0.0014692407066298687,0.000564698465620466,0.0009638289695026673,0.0016224188999055529,0.0009846618862082708,0.0027439936218728485,0.0016528327641410685,0.0013965487245265454,0.0009418026345432051,0.0019423849774719802,0.001006191793856739,0.001460532854717461,0.0010729944143554595,0.0020497183352231854,0.0018527107364285573,0.001981666899429301,0.001460532854717461,0.0009638289695026673
2025-10-15,0.0062021956836660515,0.005905794672238758,0.002184477262039127,0.003002297504690594,0.005905794672238758,0.0010755840131573989,0.0014827886582931041,-0.004601831009705784,-0.003932832659242139,0.006906090710874985,0.006511970252051383,-0.0036723475670565136,-0.003042339500698856,0.0062021956836660515,0.0060133606125135465,0.0022920432023139157,0.005695110313913859,0.0058251944427266875,0.0062021956836660515,0.005905794672238758
2025-10-16,0.00478625696461366,0.004989868832179307,0.0020631206780519495,0.0024609991048287123,0.004989868832179307,0.004251569499770404,0.0043885976307412545,0.001693216783122185,0.0017572857904956671,0.004499365306959793,0.0046675325507353855,0.0024209724293433703,0.002484848145022438,0.00478625696461366,0.005042605403115614,0.0021708512243474184,0.0042474669435879535,0.004339396145250748,0.00478625696461366,0.004989868832179307
2025-10-17,0.011860960165717334,0.011860960165717334,0.005164141023522716,0.005930480082858667,0.011860960165717334,0.014479717075676461,0.014479717075676461,0.009488535735501964,0.009488535735501964,0.011633790494620596,0.011633790494620596,0.01038776887800563,0.01038776887800563,0.011860960165717334,0.011860960165717334,0.005384691147293636,0.011860960165717334,0.011860960165717334,0.011860960165717334,0.011860960165717334
2025-10-20,-0.010009925721680218,-0.010009925721680218,-0.002951956670223873,-0.005004962860840109,-0.010009925721680218,-0.007384341245639326,-0.007384341245639326,0.0034139024870179398,0.0034139024870179398,-0.010849450785613593,-0.010849450785613593,0.002266242730064306,0.002266242730064306,-0.010009925721680218,-0.010009925721680218,-0.002734318017679529,-0.010009925721680218,-0.010009925721680218,-0.010009925721680218,-0.010009925721680218
2025-10-21,0.006075275460893463,0.006075275460893463,0.0013011884039508305,0.0030376377304467315,0.006075275460893463,0.004436892738149844,0.004436892738149844,0.0008273352501698895,0.0008273352501698895,0.005209430734402663,0.005209430734402663,0.00047584804048459697,0.00047584804048459697,0.006075275460893463,0.006075275460893463,0.001409892442592038,0.006075275460893463,0.006075275460893463,0.006075275460893463,0.006075275460893463
2025-10-22,-0.00709187994267621,-0.00709187994267621,-0.0028938929531043905,-0.003545939971338105,-0.00709187994267621,-0.002584365465060003,-0.002584365465060003,0.0015988443321337778,0.0015988443321337778,-0.007525265475166494,-0.007525265475166494,0.0007268056614833994,0.0007268056614833994,-0.00709187994267621,-0.00709187994267621,-0.0027835747432225976,-0.00709187994267621,-0.00709187994267621,-0.00709187994267621,-0.00709187994267621
2025-10-23,0.00817675295933024,0.00817675295933024,0.0034732266669824266,0.00408837647966512,0.00817675295933024,0.007562724182586099,0.007562724182586099,0.00939387676808653,0.00939387676808653,0.0064672524427628626,0.0064672524427628626,0.010084002588909697,0.010084002588909697,0.00817675295933024,0.00817675295933024,0.003586144294032172,0.00817675295933024,0.00817675295933024,0.00817675295933024,0.00817675295933024
2025-10-24,0.004838323319960423,0.004838323319960423,0.00246219207688076,0.0024191616599802115,0.004838323319960423,-0.000765441538810756,-0.000765441538810756,0.000916826764873998,0.000916826764873998,0.004086802415901111,0.004086802415901111,0.001111012317626134,0.001111012317626134,0.004838323319960423,0.004838323319960423,0.002572770932008828,0.004838323319960423,0.004838323319960423,0.004440206355208494,0.004838323319960423
2025-10-27,-0.0007982135747662085,-0.0007982135747662085,-0.00032249353133901047,-0.00039910678738310423,-0.0007982135747662085,0.000219012880320857,0.000219012880320857,0.000658086215794053,0.000658086215794053,-0.00011416837415917543,-0.00011416837415917543,0.000524536536000588,0.000524536536000588,-0.0007982135747662085,-0.0007982135747662085,-0.00021064798405256773,-0.0007982135747662085,-0.0007982135747662085,0.0009039300096075421,-0.0007982135747662085
2025-10-28,-0.005548353328482329,-0.005548353328482329,-0.0040024069196091866,-0.0027741766642411644,-0.005548353328482329,-0.010944169609810789,-0.010944169609810789,-0.008326462664538525,-0.008326462664538525,-0.005145719383484019,-0.005145719383484019,-0.008622110944438561,-0.008622110944438561,-0.005548353328482329,-0.005548353328482329,-0.003892946531523534,-0.005548353328482329,-0.005548353328482329,-0.008968074812661988,-0.005548353328482329
2025-10-29,-0.003844966290465768,-0.003844966290465768,-0.0025382057639551656,-0.001922483145232884,-0.003844966290465768,-0.009440126478328769,-0.009440126478328769,-0.004223382871764167,-0.004223382871764167,-0.0028562779969088584,-0.0028562779969088584,-0.004536871019870771,-0.004536871019870771,-0.003844966290465768,-0.003844966290465768,-0.002427251200398669,-0.003844966290465768,-0.003844966290465768,-0.01185549851985083,-0.003844966290465768
2025-10-30,0.005981269702574454,0.005981269702574454,0.004535881098951175,0.002990634851287227,0.005981269702574454,0.005382790858259217,0.005382790858259217,0.006492340397573087,0.006492340397573087,0.005007450523537312,0.005007450523537312,0.005827228673126102,0.005827228673126102,0.005981269702574454,0.005981269702574454,0.0046448067658415035,0.005981269702574454,0.005981269702574454,0.01068797373480615,0.005981269702574454
2025-10-31,0.002275739271537609,0.002275739271537609,0.0020069968897265473,0.0007413937692477984,0.002275739271537609,-0.0001785505691287736,-0.0001785505691287736,-0.0010064557217342681,-0.0010064557217342681,0.0023835094256214146,0.0023835094256214146,-0.0004158883225999498,-0.0004158883225999498,0.0023415917640778857,0.0023415917640778857,0.002180518440175576,0.002275739271537609,0.0023415917640778857,0.002324203556622274,0.002275739271537609
2025-11-03,0.0004676295754462044,0.0004676295754462044,0.00047324591154402756,-3.179957088859898e-05,0.0004676295754462044,0.005923301333772793,0.005923301333772793,0.006242347622289248,0.006242347622289248,0.00034198557023769734,0.00034198557023769734,0.006416895574072374,0.006416895574072374,0.000559646293457331,0.000559646293457331,0.0005111947678294634,0.0004676295754462044,0.000559646293457331,0.002262828169669057,0.0004676295754462044
2025-11-04,0.0051681451088690525,0.0051681451088690525,0.0051681451088690525,0.0051681451088690525,0.0051681451088690525,-0.008350424744233855,-0.008350424744233855,-0.0015326451017164525,-0.0015326451017164525,0.005139682577004729,0.005139682577004729,-0.003766090965055255,-0.003766090965055255,0.0051681451088690525,0.0051681451088690525,0.0051681451088690525,0.0051681451088690525,0.0051681451088690525,0.005518817388495165,0.0051681451088690525
2025-11-05,0.009664549480037865,0.009664549480037865,0.009664549480037865,0.009664549480037865,0.009664549480037865,0.009331677760591179,0.009331677760591179,0.005536399548113234,0.005536399548113234,0.009631883810145445,0.009631883810145445,0.007012520179741555,0.007012520179741555,0.009664549480037865,0.009664549480037865,0.009664549480037865,0.009664549480037865,0.009664549480037865,0.011947474231471475,0.009664549480037865
2025-11-06,0.014586661857858561,0.014586661857858561,0.014586661857858561,0.014586661857858561,0.014586661857858561,0.005303801943074999,0.005303801943074999,0.0020891650091470217,0.0020891650091470217,0.014124172321483889,0.014124172321483889,0.0028718742091358926,0.0028718742091358926,0.014586661857858561,0.014586661857858561,0.014586661857858561,0.014586661857858561,0.014586661857858561,0.01733676917599184,0.014586661857858561
2025-11-07,0.011206806560963463,0.011206806560963463,0.011206806560963463,0.011206806560963463,0.011206806560963463,0.008757717975719885,0.008757717975719885,0.005952528443715203,0.005952528443715203,0.011082385906909353,0.011082385906909353,0.007257598383586496,0.007257598383586496,0.011206806560963463,0.011206806560963463,0.011206806560963463,0.011206806560963463,0.011206806560963463,0.013149999306028165,0.011206806560963463
2025-11-10,0.0030515727886644543,0.0030515727886644543,0.0030515727886644543,0.0030515727886644543,0.0030515727886644543,0.004781993968390526,0.004781993968390526,0.0014658726380236964,0.0014658726380236964,0.0028618864169121117,0.0028618864169121117,0.0030011105620361437,0.0030011105620361437,0.0030515727886644543,0.0030515727886644543,0.0030515727886644543,0.0030515727886644543,0.0030515727886644543,0.0026762892543299227,0.0030515727886644543
2025-11-11,0.007750069117707651,0.007750069117707651,0.007750069117707651,0.007750069117707651,0.007750069117707651,0.005699787451387028,0.005699787451387028,0.0017455209932859322,0.0017455209932859322,0.007421297510298134,0.007421297510298134,0.0022442551323918697,0.0022442551323918697,0.007750069117707651,0.007750069117707651,0.007750069117707651,0.007750069117707651,0.007750069117707651,0.007750069117707651,0.007750069117707651
2025-11-12,0.005244297534931441,0.005244297534931441,0.005244297534931441,0.005244297534931441,0.005244297534931441,0.0058680671513150024,0.0058680671513150024,0.009246539795533864,0.009246539795533864,0.0045528456857463,0.0045528456857463,0.00849685544820134,0.00849685544820134,0.005244297534931441,0.005244297534931441,0.005244297534931441,0.005244297534931441,0.005244297534931441,0.005244297534931441,0.005244297534931441
2025-11-13,-0.01197071398194169,-0.01197071398194169,-0.01197071398194169,-0.01197071398194169,-0.01197071398194169,-0.011150106975145119,-0.011150106975145119,-0.01645961551809823,-0.01645961551809823,-0.011766733818623693,-0.011766733818623693,-0.015478826657499436,-0.015478826657499436,-0.01197071398194169,-0.01197071398194169,-0.01197071398194169,-0.01197071398194169,-0.01197071398194169,-0.01197071398194169,-0.01197071398194169
2025-11-14,-0.01002158677559191,-0.01002158677559191,-0.01002158677559191,-0.01002158677559191,-0.01002158677559191,-0.0011694691109011548,-0.0011694691109011548,-5.8738241656737826e-05,-5.8738241656737826e-05,-0.009645823277305282,-0.009645823277305282,-0.0006242894256117662,-0.0006242894256117662,-0.01002158677559191,-0.01002158677559191,-0.01002158677559191,-0.01002158677559191,-0.01002158677559191,-0.01002158677559191,-0.01002158677559191
2025-11-17,-0.0016105439731284466,-0.0016105439731284466,-0.0016105439731284466,-0.0016105439731284466,-0.0016105439731284466,-0.0008700818461989629,-0.0008700818461989629,0.00046012786920071906,0.00046012786920071906,-0.0022098522723328273,-0.0022098522723328273,-0.0008719139321638793,-0.0008719139321638793,-0.0016105439731284466,-0.0016105439731284466,-0.0016105439731284466,-0.0016105439731284466,-0.0016105439731284466,-0.0016105439731284466,-0.0016105439731284466
2025-11-18,0.015632144722015455,0.015632144722015455,0.015632144722015455,0.015632144722015455,0.015632144722015455,0.011111467350131236,0.011111467350131236,0.014417829612654549,0.014417829612654549,0.015966988350518473,0.015966988350518473,0.014519847279622572,0.014519847279622572,0.015632144722015455,0.015632144722015455,0.015632144722015455,0.015632144722015455,0.015632144722015455,0.015632144722015455,0.015632144722015455
2025-11-19,0.003257891742337841,0.003257891742337841,0.003257891742337841,0.003257891742337841,0.003257891742337841,-0.000452782080286946,-0.000452782080286946,0.0013590349668405398,0.0013590349668405398,0.002948483883338194,0.002948483883338194,0.0010514607929563834,0.0010514607929563834,0.003257891742337841,0.003257891742337841,0.003257891742337841,0.003257891742337841,0.003257891742337841,0.003257891742337841,0.003257891742337841
2025-11-20,-0.009451242563851213,-0.009451242563851213,-0.009451242563851213,-0.009451242563851213,-0.009451242563851213,-0.004688345146227475,-0.004688345146227475,-0.0013379346873452803,-0.0013379346873452803,-0.009465967679473502,-0.009465967679473502,-0.002665547813934576,-0.002665547813934576,-0.009451242563851213,-0.009451242563851213,-0.009451242563851213,-0.009451242563851213,-0.009451242563851213,-0.009451242563851213,-0.009451242563851213
2025-11-21,-0.010384664389401608,-0.010384664389401608,-0.010384664389401608,-0.010384664389401608,-0.010384664389401608,-0.015578507094962706,-0.015578507094962706,-0.010040832252738788,-0.010040832252738788,-0.009977772002106915,-0.009977772002106915,-0.011796012106604694,-0.011796012106604694,-0.010384664389401608,-0.010384664389401608,-0.010384664389401608,-0.010384664389401608,-0.010384664389401608,-0.010384664389401608,-0.010384664389401608
2025-11-24,0.006446197419472558,0.006446197419472558,0.006446197419472558,0.006446197419472558,0.006446197419472558,0.0009210810002763096,0.0009210810002763096,0.0039402269918125754,0.0039402269918125754,0.006390999789398765,0.006390999789398765,0.0037689744348829283,0.0037689744348829283,0.006446197419472558,0.006446197419472558,0.006446197419472558,0.006446197419472558,0.006446197419472558,0.006446197419472558,0.006446197419472558
2025-11-25,-0.008968247741798718,-0.008968247741798718,-0.008968247741798718,-0.008968247741798718,-0.008968247741798718,-0.001359027665984113,-0.001359027665984113,-0.0056548368837992125,-0.0056548368837992125,-0.008919348684985156,-0.008919348684985156,-0.004667875496135081,-0.004667875496135081,-0.008968247741798718,-0.008968247741798718,-0.008968247741798718,-0.008968247741798718,-0.008968247741798718,-0.008968247741798718,-0.008968247741798718
2025-11-26,0.017721567827553523,0.017721567827553523,0.017721567827553523,0.017721567827553523,0.017721567827553523,0.015595837210657422,0.015595837210657422,0.008611243706725507,0.008611243706725507,0.01711264930637257,0.01711264930637257,0.01033962030147486,0.01033962030147486,0.017721567827553523,0.017721567827553523,0.017721567827553523,0.017721567827553523,0.017721567827553523,0.017721567827553523,0.017721567827553523
2025-11-27,-0.00649299422482005,-0.00649299422482005,-0.00649299422482005,-0.00649299422482005,-0.00649299422482005,-0.0055940116617457574,-0.0055940116617457574,-0.002149780724406962,-0.002149780724406962,-0.006213185437994579,-0.006213185437994579,-0.0029362660110462194,-0.0029362660110462194,-0.00649299422482005,-0.00649299422482005,-0.00649299422482005,-0.00649299422482005,-0.00649299422482005,-0.00649299422482005,-0.00649299422482005
2025-11-28,0.002170816792003238,0.002170816792003238,0.002170816792003238,0.002170816792003238,0.002170816792003238,0.003570462752480855,0.003570462752480855,0.002049619971310962,0.002049619971310962,0.002129880358792269,0.002129880358792269,0.002405226554347967,0.002405226554347967,0.0023257629619427267,0.0023257629619427267,0.0023257629619427267,0.002170816792003238,0.0023257629619427267,0.002170816792003238,0.002170816792003238
2025-12-01,-0.009943186882872554,-0.009943186882872554,-0.009943186882872554,-0.009943186882872554,-0.009943186882872554,-0.010654724498762447,-0.010654724498762447,-0.002847738864465679,-0.002847738864465679,-0.010263120923370967,-0.010263120923370967,-0.004527645644368112,-0.004527645644368112,-0.009805900436311242,-0.009805900436311242,-0.009805900436311242,-0.009943186882872554,-0.009805900436311242,-0.009943186882872554,-0.009943186882872554
2025-12-02,0.00012204069778106667,0.00012204069778106667,0.00012204069778106667,0.00012204069778106667,0.00012204069778106667,0.004134745590011043,0.004134745590011043,0.0019765062638520273,0.0019765062638520273,-0.0002506417060056024,-0.0002506417060056024,0.0015758544216766047,0.0015758544216766047,0.00012204069778106667,0.00012204069778106667,0.00012204069778106667,0.00012204069778106667,0.00012204069778106667,0.00012204069778106667,0.00012204069778106667
2025-12-03,0.006742961516523335,0.006742961516523335,0.006742961516523335,0.006742961516523335,0.006742961516523335,0.0031274752417206134,0.0031274752417206134,-0.002759830269125658,-0.002759830269125658,0.007002254781270263,0.007002254781270263,-0.001161914830508954,-0.001161914830508954,0.006742961516523335,0.006742961516523335,0.006742961516523335,0.006742961516523335,0.006742961516523335,0.006742961516523335,0.006742961516523335
2025-12-04,-0.0028448624416742394,-0.0028448624416742394,-0.0028448624416742394,-0.0028448624416742394,-0.0028448624416742394,0.00010990072138620686,0.00010990072138620686,0.005477195205338167,0.005477195205338167,-0.003308087461533691,-0.003308087461533691,0.004877944540568191,0.004877944540568191,-0.0028448624416742394,-0.0028448624416742394,-0.0028448624416742394,-0.0028448624416742394,-0.0028448624416742394,-0.0028448624416742394,-0.0028448624416742394
2025-12-05,-0.01958133987094299,-0.01958133987094299,-0.01958133987094299,-0.01958133987094299,-0.01958133987094299,-0.012797614754925515,-0.012797614754925515,-0.006959270574482197,-0.006959270574482197,-0.018552805332667194,-0.018552805332667194,-0.007639233943492618,-0.007639233943492618,-0.01958133987094299,-0.01958133987094299,-0.01958133987094299,-0.01958133987094299,-0.01958133987094299,-0.01958133987094299,-0.01958133987094299
2025-12-08,0.001297531101627938,0.001297531101627938,0.001297531101627938,0.001297531101627938,0.001297531101627938,-0.004310612667673432,-0.004310612667673432,-0.003941875357944409,-0.003941875357944409,0.0011560848566928602,0.0011560848566928602,-0.004510050309385031,-0.004510050309385031,0.001297531101627938,0.001297531101627938,0.001297531101627938,0.001297531101627938,0.001297531101627938,0.001297531101627938,0.001297531101627938
2025-12-09,-0.002338818427516309,-0.002338818427516309,-0.002338818427516309,-0.002338818427516309,-0.002338818427516309,-7.550802590069805e-05,-7.550802590069805e-05,0.0015255114875632383,0.0015255114875632383,-0.002455692229851409,-0.002455692229851409,0.0011532539724524943,0.0011532539724524943,-0.002338818427516309,-0.002338818427516309,-0.002338818427516309,-0.002338818427516309,-0.002338818427516309,-0.002338818427516309,-0.002338818427516309
2025-12-10,-0.0008405044830481396,-0.0008405044830481396,-0.0008405044830481396,-0.0008405044830481396,-0.0008405044830481396,0.0024105684562797172,0.0024105684562797172,0.0019477044659751979,0.0019477044659751979,-0.0003851900838523298,-0.0003851900838523298,0.0022866032195097445,0.0022866032195097445,-0.0008405044830481396,-0.0008405044830481396,-0.0008405044830481396,-0.0008405044830481396,-0.0008405044830481396,-0.0008405044830481396,-0.0008405044830481396
2025-12-11,0.008414461139292605,0.008414461139292605,0.008414461139292605,0.008414461139292605,0.008414461139292605,0.010950080050261794,0.010950080050261794,0.0031424270887984995,0.0031424270887984995,0.007975217928068573,0.007975217928068573,0.00468885350024523,0.00468885350024523,0.008414461139292605,0.008414461139292605,0.008414461139292605,0.008414461139292605,0.008414461139292605,0.008414461139292605,0.008414461139292605
2025-12-12,-0.0024626087482912404,-0.0024626087482912404,-0.0024626087482912404,-0.0024626087482912404,-0.0024626087482912404,-0.0016285137515399193,-0.0016285137515399193,-0.006491942480189998,-0.006491942480189998,-0.00252348774941474,-0.00252348774941474,-0.005601757005282473,-0.005601757005282473,-0.0024626087482912404,-0.0024626087482912404,-0.0024626087482912404,-0.0024626087482912404,-0.0024626087482912404,-0.0024626087482912404,-0.0024626087482912404
2025-12-15,-0.003227959119370325,-0.003227959119370325,-0.003227959119370325,-0.003227959119370325,-0.003227959119370325,-0.006478663378458431,-0.006478663378458431,8.24024592560983e-05,8.24024592560983e-05,-0.003210119923846149,-0.003210119923846149,-4.0935373183605085e-05,-4.0935373183605085e-05,-0.003227959119370325,-0.003227959119370325,-0.003227959119370325,-0.003227959119370325,-0.003227959119370325,-0.003227959119370325,-0.003227959119370325
2025-12-16,-0.005564436255506275,-0.005564436255506275,-0.005564436255506275,-0.005564436255506275,-0.005564436255506275,-0.00283502748557849,-0.00283502748557849,0.0012318696601149276,0.0012318696601149276,-0.0053468812505633005,-0.0053468812505633005,0.0003918829088427264,0.0003918829088427264,-0.005564436255506275,-0.005564436255506275,-0.005564436255506275,-0.005564436255506275,-0.005564436255506275,-0.005564436255506275,-0.005564436255506275
2025-12-17,-0.00545322755365802,-0.00545322755365802,-0.00545322755365802,-0.00545322755365802,-0.00545322755365802,-0.005935151279910204,-0.005935151279910204,-0.00010425622543648431,-0.00010425622543648431,-0.005195806755051322,-0.005195806755051322,-0.001323524871201303,-0.001323524871201303,-0.00545322755365802,-0.00545322755365802,-0.00545322755365802,-0.00545322755365802,-0.00545322755365802,-0.00545322755365802,-0.00545322755365802
2025-12-18,-0.0045888575916387,-0.0045888575916387,-0.0045888575916387,-0.0045888575916387,-0.0045888575916387,-0.0001386212785564656,-0.0001386212785564656,-0.0014376428947713658,-0.0014376428947713658,-0.004568204762383393,-0.004568204762383393,-0.0011914109519088594,-0.0011914109519088594,-0.0045888575916387,-0.0045888575916387,-0.0045888575916387,-0.0045888575916387,-0.0045888575916387,-0.0045888575916387,-0.0045888575916387
2025-12-19,0.004585622905153518,0.004585622905153518,0.004585622905153518,0.004585622905153518,0.004585622905153518,-0.00038633596074299733,-0.00038633596074299733,-0.0012629787623460688,-0.0012629787623460688,0.0050181368267747375,0.0050181368267747375,-0.0014003885940408669,-0.0014003885940408669,0.004585622905153518,0.004585622905153518,0.004585622905153518,0.004585622905153518,0.004585622905153518,0.004585622905153518,0.004585622905153518
2025-12-22,0.0012779162210928311,0.0012779162210928311,0.0012779162210928311,0.0012779162210928311,0.0012779162210928311,2.0385318260178237e-05,2.0385318260178237e-05,-0.0008177000138434856,-0.0008177000138434856,0.0020161635759889866,0.0020161635759889866,-0.0004355073598808636,-0.0004355073598808636,0.0012779162210928311,0.0012779162210928311,0.0012779162210928311,0.0012779162210928311,0.0012779162210928311,0.0012779162210928311,0.0012779162210928311
2025-12-23,0.010112784642916817,0.010112784642916817,0.010112784642916817,0.010112784642916817,0.010112784642916817,0.007256397668217243,0.007256397668217243,0.0003008662354515102,0.0003008662354515102,0.00969358094477856,0.00969358094477856,0.002019034719317806,0.002019034719317806,0.010112784642916817,0.010112784642916817,0.010112784642916817,0.010112784642916817,0.010112784642916817,0.010112784642916817,0.010112784642916817
2025-12-24,-0.013692942637840152,-0.013692942637840152,-0.013692942637840152,-0.013692942637840152,-0.013692942637840152,-0.011573867817003326,-0.011573867817003326,-0.015343471574323798,-0.015343471574323798,-0.012728092928185445,-0.012728092928185445,-0.014228467164818086,-0.014228467164818086,-0.013692942637840152,-0.013692942637840152,-0.013692942637840152,-0.013692942637840152,-0.013692942637840152,-0.013692942637840152,-0.013692942637840152
2025-12-25,0.0,0.0,0.0,0.0,0.0,0.0,0.0,0.0,0.0,0.0,0.0,0.0,0.0,0.0,0.0,0.0,0.0,0.0,0.0,0.0
2025-12-26,0.006323571538549221,0.006323571538549221,0.006323571538549221,0.006323571538549221,0.006323571538549221,0.005265374638832408,0.005265374638832408,0.006886016438222516,0.006886016438222516,0.006850526913238943,0.006850526913238943,0.00682810514180002,0.00682810514180002,0.006323571538549221,0.006323571538549221,0.006323571538549221,0.006323571538549221,0.006323571538549221,0.006323571538549221,0.006323571538549221
2025-12-29,-0.008921464398525411,-0.008921464398525411,-0.008921464398525411,-0.008921464398525411,-0.008921464398525411,-0.0038789985384923642,-0.0038789985384923642,0.0025387792302445653,0.0025387792302445653,-0.008847539707449613,-0.008847539707449613,0.0012514048331538179,0.0012514048331538179,-0.008921464398525411,-0.008921464398525411,-0.008921464398525411,-0.008921464398525411,-0.008921464398525411,-0.008921464398525411,-0.008921464398525411
2025-12-30,-0.0001744371842620977,-0.0001744371842620977,-0.0001744371842620977,-0.0001744371842620977,-0.0001744371842620977,0.004480048786902342,0.004480048786902342,-0.00020927347878151948,-0.00020927347878151948,-0.0016658654842376633,-0.0016658654842376633,0.0005395705093280624,0.0005395705093280624,-0.0001744371842620977,-0.0001744371842620977,-0.0001744371842620977,-0.0001744371842620977,-0.0001744371842620977,-0.0001744371842620977,-0.0001744371842620977
2025-12-31,0.0008468408780539082,0.0008468408780539082,0.0008468408780539082,0.0008468408780539082,0.0008468408780539082,0.0012141160220549194,0.0012141160220549194,0.002888021454395621,0.002888021454395621,0.0008514100829774621,0.0008514100829774621,0.0021161990115846022,0.0021161990115846022,0.0008594779853259992,0.0008594779853259992,0.0008594779853259992,0.0008468408780539082,0.0008594779853259992,0.0008468408780539082,0.0008468408780539082
2026-01-01,-3.05575567194228e-05,-3.05575567194228e-05,-3.05575567194228e-05,-3.05575567194228e-05,-3.05575567194228e-05,-0.001350211994244523,-0.001350211994244523,-0.0005071259534628935,-0.0005071259534628935,-1.3649467283628574e-05,-1.3649467283628574e-05,-0.0006530447786571571,-0.0006530447786571571,0.0,0.0,0.0,-3.05575567194228e-05,0.0,-3.05575567194228e-05,-3.05575567194228e-05
2026-01-02,0.01238245464432364,0.01238245464432364,0.01238245464432364,0.01238245464432364,0.01238245464432364,0.0033719731249641136,0.0033719731249641136,0.006239391358384768,0.006239391358384768,0.012096757729034627,0.012096757729034627,0.006758700681089214,0.006758700681089214,0.01238245464432364,0.01238245464432364,0.01238245464432364,0.01238245464432364,0.01238245464432364,0.01238245464432364,0.01238245464432364
2026-01-05,0.006669376796487813,0.006669376796487813,0.006669376796487813,0.006669376796487813,0.006669376796487813,0.009190059628108808,0.009190059628108808,0.005930205210059026,0.005930205210059026,0.006815699517125787,0.006815699517125787,0.005920869038397027,0.005920869038397027,0.006669376796487813,0.006669376796487813,0.006669376796487813,0.006669376796487813,0.006669376796487813,0.006669376796487813,0.006669376796487813
2026-01-06,0.0017772764572636605,0.0017772764572636605,0.0017772764572636605,0.0017772764572636605,0.0017772764572636605,-0.00455401341197203,-0.00455401341197203,-0.0076747160526145185,-0.0076747160526145185,0.0017656053563035517,0.0017656053563035517,-0.0075725450783937385,-0.0075725450783937385,0.0017772764572636605,0.0017772764572636605,0.0017772764572636605,0.0017772764572636605,0.0017772764572636605,0.0017772764572636605,0.0017772764572636605
2026-01-07,-0.0035689598208403497,-0.0035689598208403497,-0.0035689598208403497,-0.0035689598208403497,-0.0035689598208403497,0.004877963217524352,0.004877963217524352,0.011640080195339984,0.011640080195339984,-0.003682216354958199,-0.003682216354958199,0.011287259162210508,0.011287259162210508,-0.0035689598208403497,-0.0035689598208403497,-0.0035689598208403497,-0.0035689598208403497,-0.0035689598208403497,-0.0035689598208403497,-0.0035689598208403497
2026-01-08,0.008405897088411454,0.008405897088411454,0.008405897088411454,0.008405897088411454,0.008405897088411454,0.005822069983118587,0.005822069983118587,0.01223966380046276,0.01223966380046276,0.008575689575673548,0.008575689575673548,0.012026843623903783,0.012026843623903783,0.008405897088411454,0.008405897088411454,0.008405897088411454,0.008405897088411454,0.008405897088411454,0.008405897088411454,0.008405897088411454
2026-01-09,0.0025376741247218142,0.0025376741247218142,0.0025376741247218142,0.0025376741247218142,0.0025376741247218142,0.0032703598037697006,0.0032703598037697006,0.0033078645425866286,0.0033078645425866286,0.0023864093922989216,0.0023864093922989216,0.0031391668272685233,0.0031391668272685233,0.0025376741247218142,0.0025376741247218142,0.0025376741247218142,0.0025376741247218142,0.0025376741247218142,0.002199906332010678,0.0025376741247218142
2026-01-12,-0.0032951011842869606,-0.0032951011842869606,-0.0032951011842869606,-0.0032951011842869606,-0.0032951011842869606,-0.0048209210199707305,-0.0048209210199707305,-0.008145823998401578,-0.008145823998401578,-0.0032496730615508467,-0.0032496730615508467,-0.007892156241577733,-0.007892156241577733,-0.0032951011842869606,-0.0032951011842869606,-0.0032951011842869606,-0.0032951011842869606,-0.0032951011842869606,-0.003071139459183943,-0.0032951011842869606
2026-01-13,0.017398118149313576,0.016834587964596397,0.017398118149313576,0.016834587964596397,0.016834587964596397,0.011126944515656387,0.010706786581366663,0.014818963728002807,0.01169216016901899,0.01789711108549524,0.0173218229357539,0.015706582807131796,0.012868686541918688,0.017398118149313576,0.017398118149313576,0.017398118149313576,0.01707338254665189,0.017398118149313576,0.026658394464718863,0.016834587964596397
2026-01-14,-0.016862416919548533,-0.008098028886999564,-0.016862416919548533,-0.008098028886999564,-0.008098028886999564,-0.016462569351225646,-0.011671954990088416,-0.010773364106825374,-0.010543520004291696,-0.017046973154537376,-0.008119323796018894,-0.011272968794463822,-0.01061273405996259,-0.016862416919548533,-0.007692609651369694,-0.016862416919548533,-0.0193183091211262,-0.01871278426669604,-0.023606125104013935,-0.008098028886999564
2026-01-15,0.004226744548051872,0.0011354302316205274,0.004226744548051872,0.0011354302316205274,0.0011354302316205274,0.005309291608064387,0.0012163200970158607,0.01142422099725224,0.002963080170984223,0.0040435270691801025,0.0010759445055501218,0.011866331054521874,0.0031441915535453642,0.004226744548051872,0.001223543963116531,0.004226744548051872,0.009626251258204654,0.00972395044518131,0.008460334810324977,0.0011354302316205274
2026-01-16,0.0037975862413112387,0.0012550125649206261,0.0037975862413112387,0.0012550125649206261,0.0012550125649206261,-0.00409008684969395,-0.001475859446932207,-6.668815354142997e-05,-0.00043424753486217714,0.0037258764922603414,0.0012266575225246047,-0.0005584586467519374,-0.0005521426539870442,0.0037975862413112387,0.0013431921476763926,0.0037975862413112387,0.006578673240651017,0.006661386706146391,0.005930986606256895,0.0012550125649206261
2026-01-19,0.008205567833073923,0.0038554113121327953,0.008205567833073923,0.0038554113121327953,0.0038554113121327953,0.004780303530892249,0.0021702246213498085,0.00253631376509055,0.0009673384058990101,0.008422846135947277,0.003957438033901607,0.002775013988361715,0.001115680297832471,0.008205567833073923,0.003943879992296884,0.008205567833073923,0.00969997007132095,0.009781791066856246,0.00922621774783358,0.0038554113121327953
2026-01-20,-0.003675731542718593,-0.0022398692920895693,-0.003675731542718593,-0.0022398692920895693,-0.0022398692920895693,-0.003173590558767396,-0.0020438675799389593,-0.00919218354088069,-0.0054319555136727905,-0.0037210484309345396,-0.0022647739629494358,-0.00954568604082287,-0.005589245723101787,-0.003675731542718593,-0.002150731592027923,-0.003675731542718593,-0.0031086488888667795,-0.0030265447544068793,-0.003258003627677477,-0.0022398692920895693
2026-01-21,-0.0044195931307776165,-0.0025108693898205805,-0.004946551498422902,-0.0025108693898205805,-0.0025108693898205805,-0.015414109600900701,-0.008725218968852144,-0.0053318530810718325,-0.0030783058759499857,-0.004671888456818375,-0.002671609622114158,-0.005310726569737075,-0.002984540715009135,-0.0044195931307776165,-0.002422476284186202,-0.0044195931307776165,-0.0054527176221340155,-0.005368041275093261,-0.005301090886106772,-0.0025108693898205805
2026-01-22,0.010473700663866404,0.007266775046607444,0.0020311530234616896,0.007266775046607444,0.007266775046607444,0.005784228948301399,0.003964985912747091,0.0037580421155474675,0.0018316587808982604,0.010758764785874118,0.007465650117139022,0.004291352287200701,0.002236814799688965,0.010473700663866404,0.007349879674213502,0.0024355330708963974,0.011982540284930652,0.01207191802401096,0.011166904478344728,0.007266775046607444
2026-01-23,-0.008023063917494,-0.00626882820510021,-0.0026584494422279103,-0.00626882820510021,-0.00626882820510021,-0.01974193148399332,-0.014474058376085555,-0.021867144304631637,-0.016324144702095204,-0.00827792117035964,-0.00646707744893066,-0.021445829588488657,-0.015955395502928415,-0.008023063917494,-0.00618632809759895,-0.00257594933472665,-0.00804887087609819,-0.007960789716411672,-0.008128795467781103,-0.00626882820510021
2026-01-26,-0.014508041252293852,-0.011763205161691525,-0.005234586598159294,-0.011763205161691525,-0.011763205161691525,-0.023682127560890897,-0.018904880464291007,-0.025292813181614093,-0.02047160602786433,-0.01468426953132377,-0.011917923447313862,-0.02543897877719075,-0.0205863182753629,-0.014508041252293852,-0.011681347460042492,-0.00515272889651026,-0.018208699141533814,-0.018103469214748747,-0.015687221769656732,-0.011763205161691525
2026-01-27,0.013647866157130338,0.012653672460848902,0.006512132690140248,0.012653672460848902,0.012653672460848902,0.009698451236855676,0.00884384984023898,0.0002595404917680715,-5.8677665187695975e-05,0.013408438554729637,0.012430944466833923,0.0025198404299179495,0.002043023678100118,0.013647866157130338,0.012735530162497937,0.0065939903917892825,0.014235401783476442,0.01432177205436419,0.013647866157130338,0.012653672460848902
2026-01-28,-0.0036313002901782266,-0.003612443937744487,-0.002025756174709352,-0.003612443937744487,-0.003612443937744487,-0.013486761964398727,-0.012816804660148187,-0.0043701211897732555,-0.003781439845824317,-0.003816786444891716,-0.0037980583155817643,-0.0052003862251803765,-0.004617546391029318,-0.0036313002901782266,-0.003576746668874637,-0.0019426615382944353,-0.0037686714060930866,-0.0037143364998075057,-0.0036313002901782266,-0.003612443937744487
2026-01-29,0.0013005224151206663,0.0013005224151206663,0.0007841352932097345,0.0013005224151206663,0.0013005224151206663,0.0016349584331061134,0.0016349584331061134,0.0023072288054820783,0.0023072288054820783,0.0014851370328250954,0.0014851370328250954,0.0022296976792335467,0.0022296976792335467,0.0013005224151206663,0.0013005224151206663,0.0008646318472886443,0.0013005224151206663,0.0013005224151206663,0.0013005224151206663,0.0013005224151206663
2026-01-30,-0.0043580236920746085,-0.0043580236920746085,-0.003252806819092078,-0.0043580236920746085,-0.0043580236920746085,0.0014309122189201245,0.0014309122189201245,0.010832502503029886,0.010832502503029886,-0.004331273874504798,-0.004331273874504798,0.007886796959027916,0.007886796959027916,-0.004222871803421298,-0.004222871803421298,-0.0031556106186188906,-0.0043580236920746085,-0.004222871803421298,-0.0043580236920746085,-0.0043580236920746085
2026-02-02,0.009945338060395933,0.009945338060395933,0.007379714328812469,0.009945338060395933,0.009945338060395933,0.016223099334645892,0.016223099334645892,0.01879739421463083,0.01879739421463083,0.010722910558474002,0.010722910558474002,0.01863105668047346,0.01863105668047346,0.009990605864711604,0.009990605864711604,0.007419443489615854,0.009945338060395933,0.009990605864711604,0.009945338060395933,0.009945338060395933
2026-02-03,-0.0056558475622449506,-0.0056558475622449506,-0.004762509954746458,-0.0056558475622449506,-0.0056558475622449506,0.002123824096431153,0.002123824096431153,0.0013016643379156008,0.0013016643379156008,-0.006465725285082084,-0.006465725285082084,0.0033053336530918186,0.0033053336530918186,-0.0056558475622449506,-0.0056558475622449506,-0.004690661085619077,-0.0056558475622449506,-0.0056558475622449506,-0.0056558475622449506,-0.0056558475622449506
2026-02-04,0.004328095859381873,0.004328095859381873,0.003610941259009955,0.004328095859381873,0.004328095859381873,-0.0003728210061976701,-0.0003728210061976701,0.0015867502273786533,0.0015867502273786533,0.004024388712913619,0.004024388712913619,-0.0009700681709102538,-0.0009700681709102538,0.004328095859381873,0.004328095859381873,0.003683294363601221,0.004328095859381873,0.004328095859381873,0.004328095859381873,0.004328095859381873
2026-02-05,-0.004698654681620745,-0.004698654681620745,-0.004847793849078153,-0.004698654681620745,-0.004698654681620745,-0.006334822802490747,-0.006334822802490747,-0.004318306084289939,-0.004318306084289939,-0.005212068548647842,-0.005212068548647842,-0.008230081871724972,-0.008230081871724972,-0.004698654681620745,-0.004698654681620745,-0.004815113710053735,-0.004698654681620745,-0.004698654681620745,-0.004698654681620745,-0.004698654681620745
2026-02-06,0.005818968190676519,0.005818968190676519,0.005426930945954056,0.005818968190676519,0.005818968190676519,0.013218479880730829,0.013218479880730829,0.012144258993110323,0.012144258993110323,0.005409980037948921,0.005409980037948921,0.016091733507918357,0.016091733507918357,0.005818968190676519,0.005818968190676519,0.005818968190676519,0.005818968190676519,0.005818968190676519,0.005818968190676519,0.005818968190676519
2026-02-09,-0.00044252272975611935,-0.00044252272975611935,-0.0018916610714542316,-0.00044252272975611935,-0.00044252272975611935,-0.002846524122744593,-0.002846524122744593,-0.008462489115375588,-0.008462489115375588,-0.0007534267574863874,-0.0007534267574863874,-0.005198002498287614,-0.005198002498287614,-0.00044252272975611935,-0.00044252272975611935,-0.001523551277174216,-0.00044252272975611935,-0.00044252272975611935,-0.00044252272975611935,-0.00044252272975611935
2026-02-10,0.0008158829884009937,0.0008158829884009937,0.00021214660586038955,0.0008158829884009937,0.0008158829884009937,-0.0031125248651031586,-0.0031125248651031586,-0.0019406725435216726,-0.0019406725435216726,0.0008950331135995253,0.0008950331135995253,-0.0022864172940861103,-0.0022864172940861103,0.0008158829884009937,0.0008158829884009937,0.00028070339172902827,0.0008158829884009937,0.0008158829884009937,0.0008158829884009937,0.0008158829884009937
2026-02-11,-0.0030572328593315816,-0.0030572328593315816,-0.001007467037276222,-0.0030572328593315816,-0.0030572328593315816,-0.0021702233726838714,-0.0021702233726838714,-0.0032167417931714126,-0.0032167417931714126,-0.0029074474837000467,-0.0029074474837000467,-0.001724069547610273,-0.001724069547610273,-0.0030572328593315816,-0.0030572328593315816,-0.000938425241628364,-0.0030572328593315816,-0.0030572328593315816,-0.0030572328593315816,-0.0030572328593315816
2026-02-12,-0.003791023031375806,-0.003791023031375806,-0.0016606340069160743,-0.003791023031375806,-0.003791023031375806,-0.007844167236943186,-0.007844167236943186,-0.00881865075764109,-0.00881865075764109,-0.0029687001632191863,-0.0029687001632191863,-0.008669260220927207,-0.008669260220927207,-0.003791023031375806,-0.003791023031375806,-0.0015888447573465037,-0.003791023031375806,-0.003791023031375806,-0.003791023031375806,-0.003791023031375806
2026-02-13,0.004061740592887208,0.004061740592887208,0.0019069926553405715,0.004061740592887208,0.004061740592887208,0.005446092058025781,0.005446092058025781,0.00848767977025815,0.00848767977025815,0.004308614609373075,0.004308614609373075,0.007254589086619117,0.007254589086619117,0.004061740592887208,0.004061740592887208,0.0020965822197561894,0.004061740592887208,0.004061740592887208,0.004061740592887208,0.004061740592887208
2026-02-16,-0.00021277613639984565,-0.00021277613639984565,-0.00021793932027905935,-0.00021277613639984565,-0.00021277613639984565,-0.0013358162593553346,-0.0013358162593553346,-0.00023789641667087405,-0.00023789641667087405,-0.00031125860405746466,-0.00031125860405746466,-0.0008305180348430561,-0.0008305180348430561,-0.00021277613639984565,-0.00021277613639984565,-5.319403409996141e-05,-0.00021277613639984565,-0.00021277613639984565,-0.00021277613639984565,-0.00021277613639984565
2026-02-17,0.0031243288311293546,0.0031243288311293546,0.0009447161316130483,0.0031243288311293546,0.0031243288311293546,0.004131139418916527,0.004131139418916527,0.004201447249778578,0.004201447249778578,0.003480123684233671,0.003480123684233671,0.0034775316632984967,0.0034775316632984967,0.0031243288311293546,0.0031243288311293546,0.0010154068701170402,0.0031243288311293546,0.0031243288311293546,0.0031243288311293546,0.0031243288311293546
2026-02-18,-0.006007194881254686,-0.006402083993685623,-0.002473362974051834,-0.006402083993685623,-0.006402083993685623,-0.004562020192683042,-0.004889404084376471,-0.0007156422821217866,-0.0036444290722462626,-0.0064183383224095895,-0.006843645467501723,-0.0025440445913844983,-0.004470635674344982,-0.006007194881254686,-0.006007194881254686,-0.0024028779525018746,-0.006261786275106221,-0.006007194881254686,-0.006007194881254686,-0.006402083993685623
2026-02-19,0.004317030259726369,0.002407340294055394,0.0018108871948106437,0.002407340294055394,0.002407340294055394,0.00018079840967400547,-0.00016271513066048386,0.0004713388424203202,-0.0005674854862275094,0.003629925766825958,0.002096461194151033,-0.0007297446766893374,-0.0006915237727437309,0.004317030259726369,0.002758121110790662,0.0018827030187841187,0.003343453108048608,0.003908062059329769,0.0040433440819939576,0.002407340294055394
2026-02-20,0.002256950897009991,0.0007566603905430288,0.0012644743423702773,0.0007566603905430288,0.0007566603905430288,0.004755008128019019,0.0015124388944255962,0.002936142721405333,0.0006316885782349445,0.0016173975350807235,0.0005394306370892318,0.005059484929077796,0.0014305034521382037,0.002256950897009991,0.0008273865295467583,0.0013352004813740068,0.0036625849460854756,0.0037338778023874313,0.005149837688881975,0.0007566603905430288
2026-02-23,0.002563275962787867,0.0010560976279959465,0.0016328347196232166,0.0010560976279959465,0.0010560976279959465,-0.0064898122371446565,-0.002403682004308203,-0.006448159034023767,-0.002507216390341925,0.002889312501752446,0.001176786750166509,-0.006050645490166874,-0.0023163351259763705,0.002563275962787867,0.0011249403872561849,0.001701677478883455,0.00012908772990529452,0.00020679498330443543,-0.00014278391297227615,0.0010560976279959465
2026-02-24,-0.003976595734704147,-0.0018910019977334573,-0.0027857360380418904,-0.0018910019977334573,-0.0018910019977334573,0.0030287269918191865,0.0012959374546732327,0.004739822965965277,0.0017867652488739983,-0.004570086745236448,-0.002179022555555537,0.004655535428460382,0.0018791327031754046,-0.003976595734704147,-0.0018256150834922008,-0.0027203491238006338,-0.0038843592745261913,-0.003813647623046516,-0.003843709941813901,-0.0018910019977334573
2026-02-25,-0.0018327491369097286,-0.000707477258809553,-0.0011198458146142423,-0.000707477258809553,-0.000707477258809553,0.0012421919325097462,0.0007276326244248591,-0.0018633220959098306,-0.0009669694238415097,-0.0016764551838110917,-0.0006572556394377745,0.00017483694846189587,0.00018564957174567828,-0.0018327491369097286,-0.0006420587389876584,-0.0010544272947923478,-0.005133768475263114,-0.005052548030012916,-0.005559713798194621,-0.000707477258809553
2026-02-26,-0.0025712786716390267,-0.0018501140782338384,-0.0024286517793526193,-0.0018501140782338384,-0.0018501140782338384,-0.00601177655203194,-0.003916602844228899,-0.007473593190830363,-0.004899903850974442,-0.0034723406296164527,-0.0023952646550317314,-0.008467167150082883,-0.0054361067453111795,-0.0025712786716390267,-0.0017834943047108098,-0.0023620320058295907,-0.0029340292776590055,-0.002856730541839979,-0.0030537801281824268,-0.0018501140782338384
2026-02-27,0.009030690978755708,0.0059573160845262105,0.008098394178983765,0.0059573160845262105,0.0059573160845262105,0.0031801906381771924,0.0018032268464245886,0.0030579095004656777,0.0006498352414712194,0.009020860244577787,0.005961002725414962,0.0017644210552379674,0.0008004302771381477,0.009091519374907566,0.006178886740465613,0.008224478599819816,0.010815878178764969,0.01109131069649485,0.011384569804520395,0.0059573160845262105
2026-03-02,-0.000945853781746784,-0.0004268524146988068,-0.000976685706112397,-0.0004268524146988068,-0.0004268524146988068,0.0021673724211441034,0.0039203642260885255,0.02716463136888804,0.013024039939038024,0.0006725364520825421,-1.5211336348046583e-05,0.02206084649411072,0.010728749645453518,-0.0008794860356965053,-0.00021987150892412632,-0.0008794860356965053,-0.005088595554164082,-0.004650820490467991,-0.002424973559366954,-0.000401131550636425
2026-03-03,0.01584699531767158,0.0035453557064727063,0.01584699531767158,0.0035453557064727063,0.0035453557064727063,-0.009843918514846532,-0.004297561568548464,0.02192528512513391,0.005615452096106464,0.015263336086965975,0.003544563865896915,0.014237177490065726,0.0032684618124736446,0.01584699531767158,0.0036199628803363472,0.01584699531767158,0.028004514549318703,0.028142363460282968,0.021345501185058045,0.0038229511217694983
2026-03-04,-0.0031828415167167202,-0.0005430683018403468,-0.0031828415167167202,-0.0005430683018403468,-0.0005430683018403468,0.005686364520840996,0.0025812242179887547,-0.006036008923244446,-0.002183586003429373,-0.001871562843081682,-0.00011496957460391006,-0.005139219147317449,-0.0016774444738420925,-0.0031828415167167202,-0.00046870539750476503,-0.0031828415167167202,-0.00891823992946587,-0.008835591895529125,-0.000747198934730191,-0.0007114963533995695
2026-03-05,0.010583524246189042,0.004347859068799956,0.010583524246189042,0.004347859068799956,0.004347859068799956,-0.0026337115896075763,-0.0018171870288435073,0.007434030598943609,0.002514561681957872,0.010163425042536079,0.004224333271534874,0.00536319537354661,0.001574825303097275,0.010583524246189042,0.0044218580071785606,0.010583524246189042,0.014389822863896862,0.01446726652990421,0.015243141891602394,0.003213207063964826
2026-03-06,0.004495551291536292,0.002232897776569461,0.004495551291536292,0.002232897776569461,0.002232897776569461,0.005332521789753896,0.002409162040812322,0.005989341238779797,0.0023182965316425686,0.0034034458373614234,0.0016542674025000852,0.006113010667368386,0.0024163418435259655,0.004495551291536292,0.002308910419568019,0.004495551291536292,0.006171223137130631,0.006244551054077673,0.006645310749414999,0.0014935578074458692
2026-03-09,0.008909525872156224,0.005774885011174776,0.00810475284531255,0.005774885011174776,0.005774885011174776,0.014657236577169623,0.008810487383163507,0.003659668682859404,0.0015672782444457797,0.007461048949562557,0.004829550317896554,0.00328827428430339,0.0016307215181813064,0.008909525872156224,0.005927784381022051,0.008909525872156224,0.009150875661539833,0.009301712775655575,0.011613368663491132,0.0034098826490842967
2026-03-10,-0.009840342588027151,-0.0066496924019730655,-0.0060413835800093045,-0.0066496924019730655,-0.0066496924019730655,-0.007480824663368614,-0.004380134268678302,-0.007168877375499271,-0.004247450032846409,-0.008117741296680796,-0.005480835854966911,-0.006015787156950098,-0.0033971322776420697,-0.009840342588027151,-0.006570608353399426,-0.005636400229202582,-0.010948662235758666,-0.01086987235820705,-0.011218658248513992,-0.0038566212319955475
2026-03-11,0.007765240751518751,0.005619635321659762,0.0021252769834763235,0.005619635321659762,0.005619635321659762,0.0005425142980549709,8.340807220227404e-05,0.0069572793977401605,0.00458994031752223,0.007128137761200905,0.005166783973734806,0.006742640355210077,0.004411614511148464,0.007765240751518751,0.005698719370233401,0.0022043610320499627,0.009282276912824485,0.009367738160476102,0.011425379677577164,0.00316741856580638
2026-03-12,0.007473925196667978,0.00590820222382255,0.0025449358853219606,0.00590820222382255,0.00590820222382255,-0.006354072813302965,-0.0058786034984973454,0.009304107500587242,0.007166970682504122,0.010217664040866704,0.008286932470785088,0.00529457405057477,0.003900619282231761,0.007473925196667978,0.005987049634233494,0.0026237832957329045,0.007853271764368612,0.007937527563988238,0.007493724947660763,0.0032150549407188463
2026-03-13,-0.004969756785012277,-0.005085199065384263,-0.002848808512128739,-0.005085199065384263,-0.005085199065384263,-0.00026533895017054657,-0.001171560252595473,0.016548521546815853,0.013653863137032294,-0.0036161364324743695,-0.0037881027952981895,0.013601811782309202,0.011069508173867787,-0.004969756785012277,-0.0049327949395334665,-0.002696404386277942,-0.004624881783372352,-0.004449346444062885,-0.004765327373714401,-0.002523359152630134
2026-03-16,0.0032650591284949554,0.0033905985196209768,0.001839777067169789,0.0033905985196209768,0.0033905985196209768,0.015139010056495207,0.014984141553443764,-0.0007207394285662771,-0.0008862914231179802,0.0007502422882687456,0.0008604349233479458,0.0014521195246970917,0.0013051550263351091,0.0032650591284949554,0.0034634422582691306,0.001994165650446402,0.0028289069370643002,0.002946044875603352,0.009250501153015955,0.0016743760279561515
2026-03-17,0.0032217149058267353,0.0032217149058267353,0.0020683829549166936,0.0032217149058267353,0.0032217149058267353,0.0006275849715793413,0.0006275849715793413,-0.005366319028773724,-0.005366319028773724,0.0024415891925008955,0.0024415891925008955,-0.004684228313190051,-0.004684228313190051,0.0032217149058267353,0.0032217149058267353,0.0021456049411681674,0.0032217149058267353,0.0032217149058267353,0.0034690439857049415,0.0016108574529133677
2026-03-18,0.0016647823350538207,0.0016647823350538207,0.0007124852107008218,0.0016647823350538207,0.0016647823350538207,-0.009299576495642954,-0.009299576495642954,0.011736577444071628,0.011736577444071628,0.003314889620881857,0.003314889620881857,0.008892132870722234,0.008892132870722234,0.0016647823350538207,0.0016647823350538207,0.0007886960418049095,0.0016647823350538207,0.0016647823350538207,0.0017183549953464182,0.0008323911675269103
2026-03-19,0.0038800096914547288,0.0038800096914547288,0.003088881951779918,0.0038800096914547288,0.0038800096914547288,0.01518322122658827,0.01518322122658827,-0.004438544080185671,-0.004438544080185671,0.0031108688670990134,0.0031108688670990134,-0.0035210880648717403,-0.0035210880648717403,0.0038800096914547288,0.0038800096914547288,0.0031642159888562605,0.0038800096914547288,0.0038800096914547288,0.005452702921177581,0.0019400048457273644
2026-03-20,-0.0019089504081373867,-0.0019089504081373867,-0.0019794168223507026,-0.0019089504081373867,-0.0019089504081373867,-0.013405771887881507,-0.013405771887881507,0.00016514845207418576,0.00016514845207418576,-0.00037697465459639486,-0.00037697465459639486,-0.005117275476830742,-0.005117275476830742,-0.0019089504081373867,-0.0019089504081373867,-0.001901021349264338,-0.0019089504081373867,-0.0019089504081373867,-0.00439663334967155,-0.0009544752040686934
2026-03-23,-0.009023408001152625,-0.009023408001152625,-0.007950807692122511,-0.009023408001152625,-0.009023408001152625,0.00902446907511067,0.00902446907511067,-0.0033367494007527205,-0.0033367494007527205,-0.01095117850392581,-0.01095117850392581,-0.003187522055462428,-0.003187522055462428,-0.009023408001152625,-0.009023408001152625,-0.007858929705473049,-0.009023408001152625,-0.009023408001152625,-0.011123597868966785,-0.0045117040005763125
2026-03-24,0.012902184869758956,0.012902184869758956,0.0125041488683674,0.012902184869758956,0.012902184869758956,0.005002499343958007,0.005002499343958007,0.006190040483167455,0.006190040483167455,0.013267765819696936,0.013267765819696936,0.0074221764051139155,0.0074221764051139155,0.012902184869758956,0.012902184869758956,0.012554236866236145,0.012902184869758956,0.012902184869758956,0.017007085289885912,0.006451092434879478
2026-03-25,0.0030548640546732135,0.0030548640546732135,0.0030548640546732135,0.0030548640546732135,0.0030548640546732135,0.002472042566333295,0.002472042566333295,0.01267682341870399,0.01267682341870399,0.002870417503952288,0.002870417503952288,0.012874544953741584,0.012874544953741584,0.0030548640546732135,0.0030548640546732135,0.0030548640546732135,0.0030548640546732135,0.0030548640546732135,0.003135307598715675,0.0015274320273366067
2026-03-26,0.008849470186337926,0.008849470186337926,0.008849470186337926,0.008849470186337926,0.008849470186337926,0.0021527390788404774,0.0021527390788404774,0.013962808456972106,0.013962808456972106,0.009209503895993718,0.009209503895993718,0.0124292213174271,0.0124292213174271,0.008849470186337926,0.008849470186337926,0.008849470186337926,0.008849470186337926,0.008849470186337926,0.009054808664392403,0.004424735093168963
2026-03-27,-0.0010099704834187814,-0.0010099704834187814,-0.0010099704834187814,-0.0010099704834187814,-0.0010099704834187814,-0.0003800261447406668,-0.0003800261447406668,0.004944629277269599,0.004944629277269599,-0.0010918523781712319,-0.0010918523781712319,0.004066046426440665,0.004066046426440665,-0.0010099704834187814,-0.0010099704834187814,-0.0010099704834187814,-0.0010099704834187814,-0.0010099704834187814,-0.0010946753901660755,-0.0005049852417093907
2026-03-30,0.006923065071400241,0.006923065071400241,0.006923065071400241,0.006923065071400241,0.006923065071400241,0.0030213956503903927,0.0030213956503903927,0.012110953659850722,0.012110953659850722,0.0069421335336499555,0.0069421335336499555,0.009531271706287722,0.009531271706287722,0.006923065071400241,0.006923065071400241,0.006923065071400241,0.006923065071400241,0.006923065071400241,0.0072009678010287554,0.0034615325357001204
2026-03-31,0.005721984045620235,0.005721984045620235,0.005219810940096813,0.005721984045620235,0.005721984045620235,0.014002338987746273,0.014002338987746273,0.0010971197437330904,0.0010971197437330904,0.0035345884128803948,0.0035345884128803948,0.0031412747703877322,0.0031412747703877322,0.005881220255817611,0.005881220255817611,0.005881220255817611,0.005721984045620235,0.005881220255817611,0.005721984045620235,0.0028609920228101176
2026-04-01,-0.0027084634375116024,-0.0027084634375116024,-0.003080278503982296,-0.0027084634375116024,-0.0027084634375116024,-0.009452818006548729,-0.009452818006548729,-0.011976369310140133,-0.011976369310140133,-0.0032448057657216787,-0.0032448057657216787,-0.011010994707689705,-0.011010994707689705,-0.0026815050751479597,-0.0026815050751479597,-0.002714796679202579,-0.0027084634375116024,-0.0026815050751479597,-0.0027084634375116024,-0.0013542317187558012
2026-04-02,0.0023028860631304064,0.0018293897856182517,0.0011514430315652032,0.0018293897856182517,0.0018293897856182517,0.01825851920758739,0.017945460600466506,0.012816109175508853,0.011104144961607939,0.002711986461239576,0.0022054479744703804,0.01735130502645721,0.015876658859359048,0.0023028860631304064,0.0023028860631304064,0.0011514430315652032,0.0019394923027369459,0.0023028860631304064,0.0023028860631304064,0.0009936109390611516
2026-04-03,-0.0006590873163913579,-0.0009473782579937181,-0.00032954365819567896,-0.0009473782579937181,-0.0009473782579937181,-0.0022055830188652333,-0.0030413837549567967,-0.002518838412731968,-0.0026089280530133185,-0.0006635159827544353,-0.0008496717193095231,-0.002295715965473978,-0.002712691553826967,-0.0006590873163913579,-0.00039259845429198453,-0.00032954365819567896,-0.0021125945968183306,-0.0011550130628740596,-0.0006590873163913579,-0.00042564063872979906
2026-04-06,-0.0038030770731142197,-0.0012422470109468462,-0.0019015385365571099,-0.0012422470109468462,-0.0012422470109468462,-0.0021887560809492387,-0.0008092428576279374,0.0017585888553764016,0.0003590597632937075,-0.003960871609013003,-0.0013030523284437504,0.0015279875940827565,0.00028315988111515713,-0.0038030770731142197,-0.0011424157264804614,-0.0019015385365571099,-0.004615142661179538,-0.004503806087821969,-0.0038030770731142197,-0.0010479285158346522
2026-04-07,-0.003206371129435005,-0.0012229791880665171,-0.0016031855647175026,-0.0012229791880665171,-0.0012229791880665171,-0.0009318192687450808,-0.0004927231013241096,-0.001180451137936259,-0.0007197091384504954,-0.00295263067185417,-0.0011396829374401055,-0.0009755986616883365,-0.0006452380958622082,-0.003206371129435005,-0.0011248432968326975,-0.0016031855647175026,-0.00504105438457734,-0.004923520532575984,-0.003206371129435005,-0.0009420549175946734
2026-04-08,-0.007350814538644923,-0.0028888852246987335,-0.0036754072693224614,-0.0028888852246987335,-0.0028888852246987335,-0.011184579516511046,-0.004513905301157301,-0.012631715482491968,-0.005214086184438831,-0.007494084076447648,-0.0030510592672897746,-0.009510882431353621,-0.003730674742742453,-0.007350814538644923,-0.0027891305834980723,-0.0036754072693224614,-0.01099128962765698,-0.010865690025719098,-0.007350814538644923,-0.0021880974980070644
2026-04-09,0.0006945962579345316,0.00040644101214121187,0.0003472981289672658,0.00040644101214121187,0.00040644101214121187,0.001563378180877785,0.0007187546885751844,-0.0014956479464334454,-0.0010739128595747478,0.00024129310819412538,0.00014362041237334165,0.0003495578506268601,-3.322570962701319e-05,0.0006945962579345316,0.0005043681507273956,0.0003472981289672658,0.0011261836368593016,0.0012449021424984366,0.0006945962579345316,0.00025124638036949247
2026-04-10,0.012663896914779618,0.007522538301432152,0.006331948457389809,0.007522538301432152,0.007522538301432152,0.004762444404696423,0.0029130158675286866,0.0026631506862348285,0.001430833949261833,0.011888055248627273,0.00708207145414079,0.004633043405153763,0.00268624570024089,0.012663896914779618,0.007619826607055274,0.006331948457389809,0.018334086269216128,0.018503454070284784,0.012663896914779618,0.004618162252940653
2026-04-13,0.005232751241234161,0.003602444978328966,0.0026163756206170805,0.003602444978328966,0.003602444978328966,0.0006278356828435211,0.0005326638941194095,0.000859631376726698,0.0002215763086333267,0.005283395986780111,0.0036362716099141695,0.0009476296484149157,0.0004277597414464759,0.005232751241234161,0.003699496871827037,0.0026163756206170805,0.006269648741939344,0.006390259502274728,0.005232751241234161,0.0020729401996486822
2026-04-14,-0.0052314830755872494,-0.0038625589033178505,-0.0026157415377936247,-0.0038625589033178505,-0.0038625589033178505,-0.008108898917280262,-0.0058876469836990925,-0.008688279841585982,-0.006474361993882578,-0.005173318533699961,-0.0038542125962622103,-0.008767003530316095,-0.006473317371532598,-0.0052314830755872494,-0.0037652420117724773,-0.0026157415377936247,-0.006954913408710801,-0.006830822492714744,-0.0052314830755872494,-0.0021594334803704917
2026-04-15,-0.002883643492716837,-0.002650276336669663,-0.0014418217463584185,-0.002650276336669663,-0.002650276336669663,-0.0005656956798034297,-0.0007907974160612025,0.0005462295831096659,0.00015597181670450164,-0.0032671394580206506,-0.0029589988541518833,-0.0007484958865448634,-0.0009337875749554853,-0.002883643492716837,-0.002552021865023877,-0.0014418217463584185,-0.0027959716224296295,-0.002673144146872144,-0.002883643492716837,-0.0013640326943426938
2026-04-16,0.002846810526533048,0.002420881449745052,0.001423405263266524,0.002420881449745052,0.002420881449745052,0.002895039812844215,0.0023835334166514266,-0.00030871539433458917,-0.0004761459868325472,0.002749756292458652,0.002350145956208365,0.00034721823247246526,0.00011699075300464077,0.002846810526533048,0.002519377818461668,0.001423405263266524,0.0031603924580160397,0.003288099383244054,0.002846810526533048,0.0012814289043371918
2026-04-17,-0.007765505480676886,-0.007241307502270795,-0.003882752740338443,-0.007241307502270795,-0.007241307502270795,-0.0035315558739059468,-0.003388881751897093,-0.00411584981977515,-0.004039426864100501,-0.007355948037831196,-0.006904510236153302,-0.0028405564654347968,-0.0028260517607716033,-0.007765505480676886,-0.007191555397503906,-0.003882752740338443,-0.008945272184014808,-0.008851163364517425,-0.007765505480676886,-0.0037080200808697456
2026-04-20,0.011336393714453736,0.011336393714453736,0.005668196857226868,0.011336393714453736,0.011336393714453736,0.006793740767733256,0.006793740767733256,0.003918025170387839,0.003918025170387839,0.010992800395846804,0.010992800395846804,0.004233673194243549,0.004233673194243549,0.011336393714453736,0.011336393714453736,0.005668196857226868,0.011336393714453736,0.011336393714453736,0.011336393714453736,0.005668196857226868
2026-04-21,0.008139450672931068,0.008139450672931068,0.004069725336465534,0.008139450672931068,0.008139450672931068,0.0017906299614745026,0.0017906299614745026,0.0043571204652979945,0.0043571204652979945,0.008412432836939997,0.008412432836939997,0.002762070642334041,0.002762070642334041,0.008139450672931068,0.008139450672931068,0.004069725336465534,0.008139450672931068,0.008139450672931068,0.008139450672931068,0.004069725336465534
2026-04-22,-0.0005247011101878853,-0.0005247011101878853,-0.00026235055509394266,-0.0005247011101878853,-0.0005247011101878853,-0.0021914029597529215,-0.0021914029597529215,0.0022205032432221954,0.0022205032432221954,-0.0006725097321299972,-0.0006725097321299972,0.0017136395047341716,0.0017136395047341716,-0.0005247011101878853,-0.0005247011101878853,-0.00026235055509394266,-0.0005247011101878853,-0.0005247011101878853,-0.0005247011101878853,-0.00026235055509394266
2026-04-23,-0.0006689526752974114,-0.0006689526752974114,-0.0003344763376487057,-0.0006689526752974114,-0.0006689526752974114,-0.0004541204740121196,-0.0004541204740121196,0.003415605129758265,0.003415605129758265,0.00042886904602852644,0.00042886904602852644,0.000688353236423897,0.000688353236423897,-0.0006689526752974114,-0.0006689526752974114,-0.0003344763376487057,-0.0006689526752974114,-0.0006689526752974114,-0.0006689526752974114,-0.0003344763376487057
2026-04-24,0.0024269470997854196,0.0024269470997854196,0.0012134735498927098,0.0024269470997854196,0.0024269470997854196,0.00043840436467421095,0.00043840436467421095,-0.0022720988158120015,-0.0022720988158120015,0.002040310009334704,0.002040310009334704,-0.0016771555367709934,-0.0016771555367709934,0.0024269470997854196,0.0024269470997854196,0.0012134735498927098,0.0024269470997854196,0.0024269470997854196,0.0024269470997854196,0.0012134735498927098
2026-04-27,-0.011912248754987113,-0.011912248754987113,-0.0059561243774935565,-0.011912248754987113,-0.011912248754987113,-0.009689068533956294,-0.009689068533956294,-0.003911569720920022,-0.003911569720920022,-0.012357555961078227,-0.012357555961078227,-0.007103175973315547,-0.007103175973315547,-0.011912248754987113,-0.011912248754987113,-0.0059561243774935565,-0.011912248754987113,-0.011912248754987113,-0.011912248754987113,-0.0059561243774935565
2026-04-28,0.0024625053524790566,0.0024625053524790566,0.0012312526762395283,0.0024625053524790566,0.0024625053524790566,-0.0007622801126376377,-0.0007622801126376377,0.0020004348792975316,0.0020004348792975316,0.002265798775745737,0.002265798775745737,0.0020139038996174674,0.0020139038996174674,0.0024625053524790566,0.0024625053524790566,0.0012312526762395283,0.0024625053524790566,0.0024625053524790566,0.0024625053524790566,0.0012312526762395283
2026-04-29,0.010902896347533457,0.010902896347533457,0.005451448173766729,0.010902896347533457,0.010902896347533457,0.004751475122789338,0.004751475122789338,0.006128534683190447,0.006128534683190447,0.011340793262709158,0.011340793262709158,0.003636622742305415,0.003636622742305415,0.010902896347533457,0.010902896347533457,0.005451448173766729,0.010902896347533457,0.010902896347533457,0.010902896347533457,0.005451448173766729
2026-04-30,-0.006157003554218861,-0.006157003554218861,-0.003347438322885693,-0.006157003554218861,-0.006157003554218861,-0.0007525470190327082,-0.0007525470190327082,-0.00040559486767044044,-0.00040559486767044044,-0.006551547682060317,-0.006551547682060317,0.0010009295893795337,0.0010009295893795337,-0.006115332895558567,-0.006115332895558567,-0.0030576664477792834,-0.006157003554218861,-0.006115332895558567,-0.006157003554218861,-0.003347438322885693
2026-05-01,-1.96871287563307e-05,-1.96871287563307e-05,-0.0002612760402030838,-1.96871287563307e-05,-1.96871287563307e-05,-0.00012576056324448666,-0.00012576056324448666,0.0024199378541897316,0.0024199378541897316,-1.2789255413399739e-05,-1.2789255413399739e-05,0.0017021419672721958,0.0017021419672721958,0.0,0.0,0.0,-1.96871287563307e-05,0.0,-1.96871287563307e-05,-0.0002612760402030838
2026-05-04,-0.00840342920144144,-0.00840342920144144,-0.00840342920144144,-0.00840342920144144,-0.00840342920144144,-0.011539064680289946,-0.011539064680289946,-0.002423284196267996,-0.002423284196267996,-0.006847358370520695,-0.006847358370520695,-0.00783049888358245,-0.00783049888358245,-0.00840342920144144,-0.00840342920144144,-0.00840342920144144,-0.00840342920144144,-0.00840342920144144,-0.00840342920144144,-0.00840342920144144
2026-05-05,0.006407559410356218,0.006407559410356218,0.006407559410356218,0.006407559410356218,0.006407559410356218,0.005184016913949609,0.005184016913949609,0.004167051844249417,0.004167051844249417,0.006047634086934976,0.006047634086934976,0.007219504598116307,0.007219504598116307,0.006407559410356218,0.006407559410356218,0.006407559410356218,0.006407559410356218,0.006407559410356218,0.006407559410356218,0.006407559410356218
2026-05-06,-0.018855193580449556,-0.018855193580449556,-0.018855193580449556,-0.018855193580449556,-0.018855193580449556,-0.016266050454283497,-0.016266050454283497,-0.016003786045549587,-0.016003786045549587,-0.018782066565912525,-0.018782066565912525,-0.015534936214766891,-0.015534936214766891,-0.018855193580449556,-0.018855193580449556,-0.018855193580449556,-0.018855193580449556,-0.018855193580449556,-0.018855193580449556,-0.018855193580449556
2026-05-07,0.0014039554182570027,0.0014039554182570027,0.0014039554182570027,0.0014039554182570027,0.0014039554182570027,0.000416430647985641,0.000416430647985641,-0.0029974576010879414,-0.0029974576010879414,0.0014598873405063614,0.0014598873405063614,-0.0030579352949860056,-0.0030579352949860056,0.0014039554182570027,0.0014039554182570027,0.0014039554182570027,0.0014039554182570027,0.0014039554182570027,0.0014039554182570027,0.0014039554182570027
2026-05-08,0.004091533190343769,0.004091533190343769,0.004091533190343769,0.004091533190343769,0.004091533190343769,0.004425228012968902,0.004425228012968902,0.0029527195595889146,0.0029527195595889146,0.0035166307317232395,0.0035166307317232395,0.004665576179276526,0.004665576179276526,0.004091533190343769,0.004091533190343769,0.004091533190343769,0.004091533190343769,0.004091533190343769,0.004091533190343769,0.004091533190343769
2026-05-11,0.005122447304679115,0.005122447304679115,0.005122447304679115,0.005122447304679115,0.005122447304679115,-0.0020219223856464026,-0.0020219223856464026,0.0029529250661907316,0.0029529250661907316,0.005281455199537675,0.005281455199537675,-0.0006403719486869053,-0.0006403719486869053,0.005122447304679115,0.005122447304679115,0.005122447304679115,0.005122447304679115,0.005122447304679115,0.005122447304679115,0.005122447304679115
2026-05-12,0.004755022332961196,0.004755022332961196,0.004755022332961196,0.004755022332961196,0.004755022332961196,0.003078315243918409,0.003078315243918409,0.009333544062959226,0.009333544062959226,0.0037608551711173265,0.0037608551711173265,0.007280586866872791,0.007280586866872791,0.004755022332961196,0.004755022332961196,0.004755022332961196,0.004755022332961196,0.004755022332961196,0.004755022332961196,0.004755022332961196
2026-05-13,-0.016734800947757575,-0.016734800947757575,-0.016734800947757575,-0.016734800947757575,-0.016734800947757575,-0.01443356760430893,-0.01443356760430893,-0.004775297271114667,-0.004775297271114667,-0.01765926317623456,-0.01765926317623456,-0.00800397016213734,-0.00800397016213734,-0.016734800947757575,-0.016734800947757575,-0.016734800947757575,-0.016734800947757575,-0.016734800947757575,-0.016734800947757575,-0.016734800947757575
2026-05-14,0.007011757057167645,0.007011757057167645,0.007011757057167645,0.007011757057167645,0.007011757057167645,0.0050473484999616815,0.0050473484999616815,0.0057428447768550234,0.0057428447768550234,0.007508084821697788,0.007508084821697788,0.0054750598321827194,0.0054750598321827194,0.007011757057167645,0.007011757057167645,0.007011757057167645,0.007011757057167645,0.007011757057167645,0.007011757057167645,0.007011757057167645
2026-05-15,-0.00035914921034439903,-0.00035914921034439903,-0.00035914921034439903,-0.00035914921034439903,-0.00035914921034439903,0.0027623127057129215,0.0027623127057129215,0.005987434829184778,0.005987434829184778,0.00036252142330659137,0.00036252142330659137,0.0024347491275319546,0.0024347491275319546,-0.00035914921034439903,-0.00035914921034439903,-0.00035914921034439903,-0.00035914921034439903,-0.00035914921034439903,-0.00035914921034439903,-0.00035914921034439903
2026-05-18,0.0008208522973003104,0.0008208522973003104,0.0008208522973003104,0.0008208522973003104,0.0008208522973003104,0.0021759742469603513,0.0021759742469603513,4.2355600690540274e-05,4.2355600690540274e-05,0.0005885579350628904,0.0005885579350628904,0.0015952950733069194,0.0015952950733069194,0.0008208522973003104,0.0008208522973003104,0.0008208522973003104,0.0008208522973003104,0.0008208522973003104,0.0008208522973003104,0.0008208522973003104
2026-05-19,0.008011972675996706,0.008011972675996706,0.008011972675996706,0.008011972675996706,0.008011972675996706,0.004784498779069582,0.004784498779069582,0.010584276910031625,0.010584276910031625,0.007344293141426324,0.007344293141426324,0.008143454038527611,0.008143454038527611,0.008011972675996706,0.008011972675996706,0.008011972675996706,0.008011972675996706,0.008011972675996706,0.008011972675996706,0.008011972675996706
2026-05-20,0.003339622471584816,0.003339622471584816,0.003339622471584816,0.003339622471584816,0.003339622471584816,0.00018291761319498318,0.00018291761319498318,-0.000937922931234175,-0.000937922931234175,0.003207123627140384,0.003207123627140384,0.002039766556762605,0.002039766556762605,0.003339622471584816,0.003339622471584816,0.003339622471584816,0.003339622471584816,0.003339622471584816,0.003339622471584816,0.003339622471584816
2026-05-21,0.008473733111323165,0.008473733111323165,0.008473733111323165,0.008473733111323165,0.008473733111323165,0.009236109969151682,0.009236109969151682,0.005356214577072013,0.005356214577072013,0.007734401039752661,0.007734401039752661,0.00751656885630477,0.00751656885630477,0.008473733111323165,0.008473733111323165,0.008473733111323165,0.008473733111323165,0.008473733111323165,0.008473733111323165,0.008473733111323165
2026-05-22,0.005376718418550217,0.005376718418550217,0.005376718418550217,0.005376718418550217,0.005376718418550217,0.009703243803266377,0.009703243803266377,0.0036345792211984,0.0036345792211984,0.0048721959403607296,0.0048721959403607296,0.005655049014008522,0.005655049014008522,0.005376718418550217,0.005376718418550217,0.005376718418550217,0.005376718418550217,0.005376718418550217,0.005376718418550217,0.005376718418550217
2026-05-25,0.00231800151526444,0.00231800151526444,0.00231800151526444,0.00231800151526444,0.00231800151526444,0.0025026557912384505,0.0025026557912384505,-0.0017441278132691313,-0.0017441278132691313,0.0018380505404155994,0.0018380505404155994,0.0002025240689556792,0.0002025240689556792,0.00231800151526444,0.00231800151526444,0.00231800151526444,0.00231800151526444,0.00231800151526444,0.00231800151526444,0.00231800151526444
2026-05-26,-0.009258744429980292,-0.009258744429980292,-0.009258744429980292,-0.009258744429980292,-0.009258744429980292,-0.006580960725962221,-0.006580960725962221,-0.006088860797127392,-0.006088860797127392,-0.008742485101817556,-0.008742485101817556,-0.007813996545866307,-0.007813996545866307,-0.009258744429980292,-0.009258744429980292,-0.009258744429980292,-0.009258744429980292,-0.009258744429980292,-0.009258744429980292,-0.009258744429980292
2026-05-27,0.0010225454580033576,0.0010225454580033576,0.0010225454580033576,0.0010225454580033576,0.0010225454580033576,0.0011501481415066074,0.0011501481415066074,0.0002262870037875145,0.0002262870037875145,0.0011396089005604234,0.0011396089005604234,0.0004913531018895106,0.0004913531018895106,0.0010225454580033576,0.0010225454580033576,0.0010225454580033576,0.0010225454580033576,0.0010225454580033576,0.0010225454580033576,0.0010225454580033576
2026-05-28,-0.0033347315966579414,-0.0033347315966579414,-0.0033347315966579414,-0.0033347315966579414,-0.0033347315966579414,-0.0006348267145935063,-0.0006348267145935063,0.002661609397524682,0.002661609397524682,-0.003223439628922064,-0.003223439628922064,0.0017232906291937229,0.0017232906291937229,-0.0033347315966579414,-0.0033347315966579414,-0.0033347315966579414,-0.0033347315966579414,-0.0033347315966579414,-0.0033347315966579414,-0.0033347315966579414
2026-05-29,-0.0029203397825863482,-0.0029203397825863482,-0.0029203397825863482,-0.0029203397825863482,-0.0029203397825863482,-0.0003604766254952483,-0.0003604766254952483,-0.0005767493763411658,-0.0005767493763411658,-0.003236039857950221,-0.003236039857950221,-0.0015189184465134835,-0.0015189184465134835,-0.00287577293466093,-0.00287577293466093,-0.00287577293466093,-0.0029203397825863482,-0.00287577293466093,-0.0029203397825863482,-0.0029203397825863482
2026-06-01,0.02295705831502731,0.02295705831502731,0.02295705831502731,0.02295705831502731,0.022571538496070753,0.01818238043850803,0.01818238043850803,0.009381515359987285,0.009381515359987285,0.022282872199962944,0.022282872199962944,0.013709837325102742,0.013709837325102742,0.022966856339599644,0.022966856339599644,0.022966856339599644,0.02295705831502731,0.022966856339599644,0.02295705831502731,0.02295705831502731
2026-06-02,-2.6017359394168646e-05,-2.6017359394168646e-05,-2.6017359394168646e-05,-2.6017359394168646e-05,0.001154488650052504,-0.000690354199875512,-0.000690354199875512,-0.00015747990321795993,-0.00015747990321795993,-0.0005155326255683961,-0.0005155326255683961,-0.0004050747327712821,-0.0004050747327712821,-2.6017359394168646e-05,-2.6017359394168646e-05,-2.6017359394168646e-05,-2.6017359394168646e-05,-2.6017359394168646e-05,-2.6017359394168646e-05,-2.6017359394168646e-05
2026-06-03,-0.0006982102781267724,-0.0006982102781267724,-0.0006982102781267724,-0.0006982102781267724,-0.0003060890098406442,-0.00042188077244724367,-0.00042188077244724367,0.006596610761728541,0.006596610761728541,-0.00029976037151320783,-0.00029976037151320783,0.0047766808958666414,0.0047766808958666414,-0.0006982102781267724,-0.0006982102781267724,-0.0006982102781267724,-0.0006982102781267724,-0.0006982102781267724,-0.0006982102781267724,-0.0006982102781267724
2026-06-04,0.00577756798376083,0.00577756798376083,0.00577756798376083,0.00577756798376083,0.00188338719569245,0.007284476659916283,0.007284476659916283,0.005951000660535729,0.005951000660535729,0.005028416743350557,0.005028416743350557,0.00687254696064179,0.00687254696064179,0.00577756798376083,0.00577756798376083,0.00577756798376083,0.00577756798376083,0.00577756798376083,0.00577756798376083,0.00577756798376083
2026-06-05,0.004406970398173279,0.004406970398173279,0.004406970398173279,0.004406970398173279,0.0012671203424194206,0.004983283003485427,0.004983283003485427,0.013800079247329428,0.013800079247329428,0.004348475017998,0.004348475017998,0.011696222585299978,0.011696222585299978,0.004406970398173279,0.004406970398173279,0.004406970398173279,0.004406970398173279,0.004406970398173279,0.004406970398173279,0.004406970398173279
2026-06-08,-0.009509223418589929,-0.009509223418589929,-0.009868743184352305,-0.009509223418589929,-0.0044685914774708,-0.004805313683874294,-0.004805313683874294,0.0018772185007023857,0.0018772185007023857,-0.00680830333861409,-0.00680830333861409,0.00016327792025765987,0.00016327792025765987,-0.009509223418589929,-0.009509223418589929,-0.009509223418589929,-0.009509223418589929,-0.009509223418589929,-0.009509223418589929,-0.009509223418589929
2026-06-09,0.0025121576588857564,0.0025121576588857564,6.355732176976437e-05,0.0025121576588857564,0.0014970770424185171,0.004427014913303079,0.004427014913303079,-0.0012656902012617727,-0.0012656902012617727,0.0018854085685545046,0.0018854085685545046,9.523478584142582e-05,9.523478584142582e-05,0.0025121576588857564,0.0025121576588857564,0.0005470970931558893,0.0025121576588857564,0.0025121576588857564,0.0025121576588857564,0.0025121576588857564
2026-06-10,-0.0015330728882903318,-0.0015330728882903318,-0.00041946713827121086,-0.0015330728882903318,-0.0009943694713800853,0.0026987448650028956,0.0026987448650028956,0.0030524551270794988,0.0030524551270794988,-0.0016816127742282875,-0.0016816127742282875,0.00350680052054505,0.00350680052054505,-0.0015330728882903318,-0.0015330728882903318,-0.000335556124976046,-0.0015330728882903318,-0.0015330728882903318,-0.0015330728882903318,-0.0015330728882903318
2026-06-11,0.014441782116887767,0.014441782116887767,0.0054295066989066484,0.014441782116887767,0.010845174992739562,0.012856204960075755,0.012856204960075755,0.002677472731658865,0.002677472731658865,0.01282053587972266,0.01282053587972266,0.006830934728519089,0.006830934728519089,0.014441782116887767,0.014441782116887767,0.005517753862600857,0.014441782116887767,0.014441782116887767,0.014441782116887767,0.014441782116887767
2026-06-12,0.001758499853613621,0.001758499853613621,0.0011191473575519171,0.001758499853613621,0.0017785848026570254,0.0035552084714575052,0.0035552084714575052,-0.0038398631181799235,-0.0038398631181799235,0.0021899964187533016,0.0021899964187533016,-0.0009308707830749523,-0.0009308707830749523,0.001758499853613621,0.001758499853613621,0.001208473483435584,0.001758499853613621,0.001758499853613621,0.001758499853613621,0.001758499853613621
2026-06-15,-0.003191898130909852,-0.003191898130909852,-0.0017712927065923793,-0.003191898130909852,-0.002968254505683574,-0.0004002349608659974,-0.0004002349608659974,-0.0027979459417774347,-0.0027979459417774347,-0.0036447591171898186,-0.0036447591171898186,-0.002530014296877178,-0.002530014296877178,-0.003191898130909852,-0.003191898130909852,-0.0016819447582861922,-0.003191898130909852,-0.003191898130909852,-0.003191898130909852,-0.003191898130909852
2026-06-16,-0.0017064145206046987,-0.0017064145206046987,-0.001010695300314013,-0.0017064145206046987,-0.0016138066958896935,0.004980476162524159,0.004980476162524159,0.0013237992509153166,0.0013237992509153166,-0.00251606951862903,-0.00251606951862903,0.0019497228203620204,0.0019497228203620204,-0.0017064145206046987,-0.0017064145206046987,-0.0009217443232835522,-0.0017064145206046987,-0.0017064145206046987,-0.0017064145206046987,-0.0017064145206046987
2026-06-17,-4.3639484583588364e-05,-4.3639484583588364e-05,-0.0003197025563545135,-4.3639484583588364e-05,-4.3639484583588364e-05,-0.0011252855159648023,-0.0011252855159648023,0.005121693975497254,0.005121693975497254,0.00011835925938921037,0.00011835925938921037,0.004046313587215828,0.004046313587215828,-4.3639484583588364e-05,-4.3639484583588364e-05,-0.00023170781450976372,-4.3639484583588364e-05,-4.3639484583588364e-05,-4.3639484583588364e-05,-4.3639484583588364e-05
2026-06-18,0.008740522447982119,0.008740522447982119,0.0060725447271315035,0.008740522447982119,0.008740522447982119,0.014087921372586989,0.014087921372586989,0.01814629578936034,0.01814629578936034,0.008320832717979742,0.008320832717979742,0.018489833357592238,0.018489833357592238,0.008740522447982119,0.008740522447982119,0.006157739977711322,0.008740522447982119,0.008740522447982119,0.008740522447982119,0.008740522447982119
2026-06-19,-0.0026266954104845527,-0.0026266954104845527,-0.0020822088035881412,-0.0026266954104845527,-0.0026266954104845527,0.0008830208261735397,0.0008830208261735397,0.0033235596598131024,0.0033235596598131024,-0.0014573998559404406,-0.0014573998559404406,0.002831332175635591,0.002831332175635591,-0.0026266954104845527,-0.0026266954104845527,-0.0019966425282592556,-0.0026266954104845527,-0.0026266954104845527,-0.0026266954104845527,-0.0026266954104845527
2026-06-22,0.007644479966907831,0.007644479966907831,0.006805691434020761,0.007644479966907831,0.007644479966907831,0.006612641018746681,0.006612641018746681,0.007452291333649804,0.007452291333649804,0.007290545657538802,0.007290545657538802,0.007919175897936667,0.007919175897936667,0.007644479966907831,0.007644479966907831,0.006889128666338749,0.007644479966907831,0.007644479966907831,0.007644479966907831,0.007644479966907831
2026-06-23,0.0013528417664890934,0.0013528417664890934,0.0013998746102406902,0.0013528417664890934,0.0013528417664890934,8.157911036394164e-05,8.157911036394164e-05,0.00421947331662131,0.00421947331662131,0.0021818248755402082,0.0021818248755402082,0.0023524915585673104,0.0023524915585673104,0.0013528417664890934,0.0013528417664890934,0.0014448081569470625,0.0013528417664890934,0.0013528417664890934,0.0013528417664890934,0.0013528417664890934
2026-06-24,0.002237754442746376,0.002237754442746376,0.002237754442746376,0.002237754442746376,0.002237754442746376,0.003363665304617304,0.003363665304617304,0.00643208382321682,0.00643208382321682,0.0023158806239161854,0.0023158806239161854,0.0057447931609223134,0.0057447931609223134,0.002237754442746376,0.002237754442746376,0.002237754442746376,0.002237754442746376,0.002237754442746376,0.002237754442746376,0.002237754442746376
2026-06-25,0.0021535602150945313,0.0021535602150945313,0.0021535602150945313,0.0021535602150945313,0.0021535602150945313,-0.0005585778879336244,-0.0005585778879336244,-5.104895501636692e-05,-5.104895501636692e-05,0.002373605248964424,0.002373605248964424,0.0014894742140488032,0.0014894742140488032,0.0021535602150945313,0.0021535602150945313,0.0021535602150945313,0.0021535602150945313,0.0021535602150945313,0.0021535602150945313,0.0021535602150945313
2026-06-26,-0.0035284318703535365,-0.0035284318703535365,-0.0035284318703535365,-0.0035284318703535365,-0.0035284318703535365,-0.008146433824217524,-0.008146433824217524,-0.006655728107177129,-0.006655728107177129,-0.0026735873610951423,-0.0026735873610951423,-0.007356147550149877,-0.007356147550149877,-0.0035284318703535365,-0.0035284318703535365,-0.0035284318703535365,-0.0035284318703535365,-0.0035284318703535365,-0.0035284318703535365,-0.0035284318703535365
2026-06-29,0.0024016299543627904,0.0024016299543627904,0.0024016299543627904,0.0024016299543627904,0.0024016299543627904,-0.0029301119613418863,-0.0029301119613418863,-0.002719219847412725,-0.002719219847412725,0.0020072218681949283,0.0020072218681949283,-0.0031511050977490527,-0.0031511050977490527,0.0024016299543627904,0.0024016299543627904,0.0024016299543627904,0.0024016299543627904,0.0024016299543627904,0.0024016299543627904,0.0024016299543627904
2026-06-30,0.00801901802455567,0.00801901802455567,0.00801901802455567,0.00801901802455567,0.00801901802455567,0.007501994396492931,0.007501994396492931,0.004257028300136754,0.004257028300136754,0.0074033443479702785,0.0074033443479702785,0.005312813889662236,0.005312813889662236,0.008118370836804521,0.008118370836804521,0.008118370836804521,0.00801901802455567,0.008118370836804521,0.00801901802455567,0.00801901802455567
2026-07-01,0.003790642454699058,0.003790642454699058,0.003790642454699058,0.003790642454699058,0.003790642454699058,0.002199339503927365,0.002199339503927365,0.006308033581087922,0.006308033581087922,0.004883739041348942,0.004883739041348942,0.004715120040979964,0.004715120040979964,0.003845296682769831,0.003845296682769831,0.003845296682769831,0.003790642454699058,0.003845296682769831,0.003790642454699058,0.003790642454699058
2026-07-02,-0.0017512381862505155,-0.0017512381862505155,-0.0017512381862505155,-0.0017512381862505155,-0.0017512381862505155,-0.003301685192691508,-0.003301685192691508,-0.0031260545663631045,-0.0031260545663631045,-0.001452448021657777,-0.001452448021657777,-0.0010306256634454235,-0.0010306256634454235,-0.0017512381862505155,-0.0017512381862505155,-0.0017512381862505155,-0.0017512381862505155,-0.0017512381862505155,-0.0017512381862505155,-0.0017512381862505155
2026-07-03,0.001647839632329011,0.001647839632329011,0.001647839632329011,0.001647839632329011,0.001647839632329011,0.0010198280162983415,0.0010198280162983415,-0.0006074757338833624,-0.0006074757338833624,0.0017154433780856944,0.0017154433780856944,0.0026446227758818337,0.0026446227758818337,0.001647839632329011,0.001647839632329011,0.001647839632329011,0.001647839632329011,0.001647839632329011,0.001647839632329011,0.001647839632329011
2026-07-06,0.007105801476824559,0.007105801476824559,0.007105801476824559,0.007105801476824559,0.007105801476824559,0.010216927911338191,0.010216927911338191,0.01200865939165962,0.01200865939165962,0.006481174985491223,0.006481174985491223,0.012082808121725967,0.012082808121725967,0.007105801476824559,0.007105801476824559,0.007105801476824559,0.007105801476824559,0.007105801476824559,0.007105801476824559,0.007105801476824559
2026-07-07,-0.00415823334505171,-0.00415823334505171,-0.00415823334505171,-0.00415823334505171,-0.00415823334505171,0.0018539110469112038,0.0018539110469112038,0.008898305847651035,0.008898305847651035,-0.003112193569970322,-0.003112193569970322,0.009026990741178543,0.009026990741178543,-0.00415823334505171,-0.00415823334505171,-0.00415823334505171,-0.00415823334505171,-0.00415823334505171,-0.00415823334505171,-0.00415823334505171
2026-07-08,-0.0029483815516319588,-0.0029483815516319588,-0.0029483815516319588,-0.0029483815516319588,-0.003399738120408536,-0.0004252630670141468,-0.0004252630670141468,-0.0007196317449412525,-0.0007196317449412525,-0.002975633009500058,-0.002975633009500058,-0.004790661425752681,-0.004790661425752681,-0.0029483815516319588,-0.0029483815516319588,-0.0029483815516319588,-0.0029483815516319588,-0.0029483815516319588,-0.0029483815516319588,-0.0029483815516319588
2026-07-09,0.008808123416025911,0.008808123416025911,0.008808123416025911,0.008808123416025911,0.0025705065277669362,0.0077194137537970504,0.0077194137537970504,0.008797994655375525,0.008797994655375525,0.00889374392666024,0.00889374392666024,0.013523030455065,0.013523030455065,0.008808123416025911,0.008808123416025911,0.008808123416025911,0.008808123416025911,0.008808123416025911,0.008808123416025911,0.008808123416025911
2026-07-10,0.003349384765075333,0.003349384765075333,0.003349384765075333,0.003349384765075333,0.0012232403444798951,0.0031176696109503996,0.0031176696109503996,0.0010126029101337208,0.0010126029101337208,0.004016653055572919,0.004016653055572919,0.003906372391187102,0.003906372391187102,0.003349384765075333,0.003349384765075333,0.003349384765075333,0.003349384765075333,0.003349384765075333,0.003349384765075333,0.003349384765075333
2026-07-13,0.000773451734708087,0.000773451734708087,0.000773451734708087,0.000773451734708087,0.00029459201319842975,-0.0013584174935208943,-0.0013584174935208943,0.002884590094335492,0.002884590094335492,0.0012582799936080888,0.0012582799936080888,-0.00043631527748807733,-0.00043631527748807733,0.000773451734708087,0.000773451734708087,0.000773451734708087,0.000773451734708087,0.000773451734708087,0.000773451734708087,0.000773451734708087
2026-07-14,1.720729976135635e-05,1.720729976135635e-05,1.720729976135635e-05,1.720729976135635e-05,0.00010987610129422479,0.0015132802037442228,0.0015132802037442228,0.0016130931093340107,0.0016130931093340107,-0.0008257232609286394,-0.0008257232609286394,0.0015750459421706787,0.0015750459421706787,1.720729976135635e-05,1.720729976135635e-05,1.720729976135635e-05,1.720729976135635e-05,1.720729976135635e-05,-0.00032766444828702737,1.720729976135635e-05
2026-07-15,0.003358390234974463,0.003358390234974463,0.003358390234974463,0.003358390234974463,0.0017503543084097923,0.004194765134545414,0.004194765134545414,0.003533387844414905,0.003533387844414905,0.003779479848133518,0.003779479848133518,0.004295118546148503,0.004295118546148503,0.003358390234974463,0.003358390234974463,0.003358390234974463,0.003358390234974463,0.003358390234974463,0.0048446793801343825,0.003358390234974463
2026-07-16,-0.006313609234473639,-0.006313609234473639,-0.006313609234473639,-0.006313609234473639,-0.003773391896403568,-0.005436128039088382,-0.005436128039088382,0.0007158119052437941,0.0007158119052437941,-0.005954021144485489,-0.005954021144485489,-0.00125181717622108,-0.00125181717622108,-0.006313609234473639,-0.006313609234473639,-0.006313609234473639,-0.006313609234473639,-0.006313609234473639,-0.012416813898178431,-0.006313609234473639
2026-07-17,0.0033766059487213727,0.0033766059487213727,0.0033766059487213727,0.0033766059487213727,0.0021296257935958735,0.006934441226167716,0.006934441226167716,0.007373494622109976,0.007373494622109976,0.003188998583849221,0.003188998583849221,0.005580756699222621,0.005580756699222621,0.0033766059487213727,0.0033766059487213727,0.0033766059487213727,0.0033766059487213727,0.0033766059487213727,0.003119423949803588,0.0033766059487213727
2026-07-20,-0.002000295773076741,-0.002000295773076741,-0.002000295773076741,-0.002000295773076741,-0.0014098225570024023,-0.0007957092880861501,-0.0007957092880861501,0.00047338620512177163,0.00047338620512177163,-0.0021168373491863646,-0.0021168373491863646,0.00028847587965090144,0.00028847587965090144,-0.002000295773076741,-0.002000295773076741,-0.002000295773076741,-0.002000295773076741,-0.002000295773076741,-0.003371105018433701,-0.002000295773076741
2026-07-21,0.008298163672142573,0.008298163672142573,0.008298163672142573,0.008298163672142573,0.006877504921695885,0.007526790832954144,0.007526790832954144,0.01219545665817919,0.01219545665817919,0.008434757565109295,0.008434757565109295,0.014631247185329778,0.014631247185329778,0.008298163672142573,0.008298163672142573,0.008298163672142573,0.008298163672142573,0.008298163672142573,0.011094478464520403,0.008298163672142573
2026-07-22,0.0037756733280899938,0.0037756733280899938,0.0037756733280899938,0.0037756733280899938,0.0034965649594884867,0.0040873043852818645,0.0040873043852818645,0.00653941951919994,0.00653941951919994,0.0038335632010101425,0.0038335632010101425,0.006981109871935696,0.006981109871935696,0.0037756733280899938,0.0037756733280899938,0.0037756733280899938,0.0037756733280899938,0.0037756733280899938,0.003620237793989022,0.0037756733280899938
2026-07-23,0.0013171504352147494,0.0013171504352147494,0.0013171504352147494,0.0013171504352147494,0.001420317969332448,0.0031335466943601697,0.0031335466943601697,-0.0035628342182207535,-0.0035628342182207535,0.002043793483624088,0.002043793483624088,-0.008076960093217778,-0.008076960093217778,0.0013171504352147494,0.0013171504352147494,0.0013171504352147494,0.0013171504352147494,0.0013171504352147494,-0.0013112761197012484,0.0013171504352147494
2026-07-24,-0.006032718363799592,-0.006032718363799592,-0.006032718363799592,-0.006032718363799592,-0.006032718363799592,-0.0033215980992825607,-0.0033215980992825607,0.001234780653031226,0.001234780653031226,-0.005994278417880636,-0.005994278417880636,0.0007288387386588303,0.0007288387386588303,-0.006032718363799592,-0.006032718363799592,-0.006032718363799592,-0.006032718363799592,-0.006032718363799592,-0.008684498789945016,-0.006032718363799592
2026-07-27,-0.0013611564077566233,-0.0013611564077566233,-0.0013611564077566233,-0.0013611564077566233,-0.0013611564077566233,-0.0004249762916685839,-0.0004249762916685839,0.000638055869318321,0.000638055869318321,-0.0010051446478426822,-0.0010051446478426822,0.0025912573712690234,0.0025912573712690234,-0.0013611564077566233,-0.0013611564077566233,-0.0013611564077566233,-0.0013611564077566233,-0.0013611564077566233,-0.00020468518257987683,-0.0013611564077566233
2026-07-28,-0.008723615234310596,-0.008723615234310596,-0.008723615234310596,-0.008723615234310596,-0.008723615234310596,-0.001228581218395869,-0.001228581218395869,0.004511645605851252,0.004511645605851252,-0.00848143621925685,-0.00848143621925685,0.0052417141048066666,0.0052417141048066666,-0.008723615234310596,-0.008723615234310596,-0.008723615234310596,-0.008723615234310596,-0.008723615234310596,-0.010129540695149162,-0.008723615234310596
2026-07-29,-0.0021666105693359224,-0.0021666105693359224,-0.0021666105693359224,-0.0021666105693359224,-0.0021666105693359224,0.0029077295514587658,0.0029077295514587658,0.001009513802271061,0.001009513802271061,-0.0019479217420601005,-0.0019479217420601005,0.0013193242084847867,0.0013193242084847867,-0.0021666105693359224,-0.0021666105693359224,-0.0021666105693359224,-0.0021666105693359224,-0.0021666105693359224,-0.0027153552353966306,-0.0021666105693359224
2026-07-30,0.007130642694965105,0.007130642694965105,0.007130642694965105,0.007130642694965105,0.007130642694965105,0.012512135248741205,0.012512135248741205,0.008477605728406088,0.008477605728406088,0.007868963511195204,0.007868963511195204,0.015627887980838227,0.015627887980838227,0.007130642694965105,0.007130642694965105,0.007130642694965105,0.007130642694965105,0.007130642694965105,0.007130642694965105,0.007130642694965105
2026-07-31,0.0010750237929893895,0.0010750237929893895,0.0010750237929893895,0.0010750237929893895,0.0010750237929893895,-0.005596184151600974,-0.005596184151600974,-0.006897273184609542,-0.006897273184609542,0.00041773225676286377,0.00041773225676286377,-0.00856773834132952,-0.00856773834132952,0.0011889284141433868,0.0011889284141433868,0.0011889284141433868,0.0010750237929893895,0.0011889284141433868,0.0010750237929893895,0.0010750237929893895
2026-08-03,-0.019760329232717953,-0.019760329232717953,-0.019760329232717953,-0.019760329232717953,-0.019760329232717953,-0.012206508137616425,-0.012206508137616425,0.003511110466725878,0.003511110466725878,-0.020245677685530317,-0.020245677685530317,0.0007551058094100314,0.0007551058094100314,-0.019702208279707006,-0.019702208279707006,-0.019702208279707006,-0.019760329232717953,-0.019702208279707006,-0.019760329232717953,-0.019760329232717953
2026-08-04,-0.007655384405171088,-0.007655384405171088,-0.007655384405171088,-0.007655384405171088,-0.007655384405171088,-0.0035205374652458473,-0.0035205374652458473,-0.0009822324772710213,-0.0009822324772710213,-0.005964249730774523,-0.005964249730774523,-0.0005708051698956561,-0.0005708051698956561,-0.007655384405171088,-0.007655384405171088,-0.007655384405171088,-0.007655384405171088,-0.007655384405171088,-0.007655384405171088,-0.007655384405171088
2026-08-05,0.0031297222386277124,0.0031297222386277124,0.0031297222386277124,0.0031297222386277124,0.0031297222386277124,0.002121457299413844,0.002121457299413844,-0.005297055465735684,-0.005297055465735684,0.003207047922049266,0.003207047922049266,-0.0033564405444353345,-0.0033564405444353345,0.0031297222386277124,0.0031297222386277124,0.0031297222386277124,0.0031297222386277124,0.0031297222386277124,0.0031297222386277124,0.0031297222386277124
2026-08-06,0.007078115815308524,0.007078115815308524,0.007078115815308524,0.007078115815308524,0.007078115815308524,0.0009584480250134209,0.0009584480250134209,0.001541789284086282,0.001541789284086282,0.007088010736209564,0.007088010736209564,0.0028110863540198355,0.0028110863540198355,0.007078115815308524,0.007078115815308524,0.007078115815308524,0.007078115815308524,0.007078115815308524,0.007078115815308524,0.007078115815308524
2026-08-07,-0.003114689925634666,-0.003114689925634666,-0.003114689925634666,-0.003114689925634666,-0.003114689925634666,0.0022056132327986184,0.0022056132327986184,0.0021943438745222676,0.0021943438745222676,-0.0034994644973013467,-0.0034994644973013467,0.003960557670991246,0.003960557670991246,-0.003114689925634666,-0.003114689925634666,-0.003114689925634666,-0.003114689925634666,-0.003114689925634666,-0.003114689925634666,-0.003114689925634666
2026-08-10,0.004389156353450956,0.004389156353450956,0.004389156353450956,0.004389156353450956,0.004389156353450956,-0.001038588662019859,-0.001038588662019859,0.0007691513706846045,0.0007691513706846045,0.004885355662638166,0.004885355662638166,-0.0006033983342898391,-0.0006033983342898391,0.004389156353450956,0.004389156353450956,0.004389156353450956,0.004389156353450956,0.004389156353450956,0.004389156353450956,0.004389156353450956
2026-08-11,-0.008260178546224382,-0.008260178546224382,-0.008260178546224382,-0.008260178546224382,-0.008260178546224382,-0.0027747841097509793,-0.0027747841097509793,0.004892479839620046,0.004892479839620046,-0.007248436124322905,-0.007248436124322905,0.003431137018449036,0.003431137018449036,-0.008260178546224382,-0.008260178546224382,-0.008260178546224382,-0.008260178546224382,-0.008260178546224382,-0.008260178546224382,-0.008260178546224382
2026-08-12,-0.0013906885791121544,-0.0013906885791121544,-0.0013906885791121544,-0.0013906885791121544,-0.0013906885791121544,-0.0023334248452931677,-0.0023334248452931677,-0.0009868750763282362,-0.0009868750763282362,-0.001360658994641853,-0.001360658994641853,-0.0009267930914133573,-0.0009267930914133573,-0.0013906885791121544,-0.0013906885791121544,-0.0013906885791121544,-0.0013906885791121544,-0.0013906885791121544,-0.0013906885791121544,-0.0013906885791121544
2026-08-13,0.004057767690458503,0.004057767690458503,0.004057767690458503,0.004057767690458503,0.004057767690458503,0.0007912979782882842,0.0007912979782882842,-0.0029962215078398378,-0.0029962215078398378,0.004602767071768911,0.004602767071768911,-0.0019528238099082074,-0.0019528238099082074,0.004057767690458503,0.004057767690458503,0.004057767690458503,0.004057767690458503,0.004057767690458503,0.004057767690458503,0.004057767690458503
2026-08-14,-0.007568446247387081,-0.007568446247387081,-0.007568446247387081,-0.007568446247387081,-0.007568446247387081,-0.004213300855049395,-0.004213300855049395,-0.0070491004787364316,-0.0070491004787364316,-0.007300191223997837,-0.007300191223997837,-0.008005636758637068,-0.008005636758637068,-0.007568446247387081,-0.007568446247387081,-0.007568446247387081,-0.007568446247387081,-0.007568446247387081,-0.007568446247387081,-0.007568446247387081
2026-08-17,0.0020543573003425006,0.0020543573003425006,0.0020543573003425006,0.0020543573003425006,0.0020543573003425006,-0.007221761699258481,-0.007221761699258481,-0.012026244596402263,-0.012026244596402263,0.0016660172899599735,0.0016660172899599735,-0.011851008725571377,-0.011851008725571377,0.0020543573003425006,0.0020543573003425006,0.0020543573003425006,0.0020543573003425006,0.0020543573003425006,0.0020543573003425006,0.0020543573003425006
2026-08-18,0.010711773542045912,0.010711773542045912,0.010711773542045912,0.010711773542045912,0.010711773542045912,0.009748473684004721,0.009748473684004721,0.012041668655880338,0.012041668655880338,0.011028496481131298,0.011028496481131298,0.01105273553191279,0.01105273553191279,0.010711773542045912,0.010711773542045912,0.010711773542045912,0.010711773542045912,0.010711773542045912,0.010711773542045912,0.010711773542045912
2026-08-19,0.0021040404099990206,0.0021040404099990206,0.0021040404099990206,0.0021040404099990206,0.0021040404099990206,0.007940672028120446,0.007940672028120446,0.00034846449363130775,0.00034846449363130775,0.0024928378337642203,0.0024928378337642203,0.004187475431093733,0.004187475431093733,0.0021040404099990206,0.0021040404099990206,0.0021040404099990206,0.0021040404099990206,0.0021040404099990206,0.0021040404099990206,0.0021040404099990206
2026-08-20,-0.005369994499989242,-0.005369994499989242,-0.005369994499989242,-0.005369994499989242,-0.005369994499989242,-0.01250581128804764,-0.01250581128804764,-0.008282227393940191,-0.008282227393940191,-0.005564993905273393,-0.005564993905273393,-0.009679923680243238,-0.009679923680243238,-0.005369994499989242,-0.005369994499989242,-0.005369994499989242,-0.005369994499989242,-0.005369994499989242,-0.005369994499989242,-0.005369994499989242
2026-08-21,0.005889048451999172,0.005889048451999172,0.005889048451999172,0.005889048451999172,0.005889048451999172,0.0028504915480139044,0.0028504915480139044,-0.0041136886926314105,-0.0041136886926314105,0.005708197837524935,0.005708197837524935,-0.0005882695542449254,-0.0005882695542449254,0.005889048451999172,0.005889048451999172,0.005889048451999172,0.005889048451999172,0.005889048451999172,0.005889048451999172,0.005889048451999172
2026-08-24,-0.007103914791798137,-0.007103914791798137,-0.007103914791798137,-0.007103914791798137,-0.007103914791798137,-0.003841279123552137,-0.003841279123552137,-0.000526969353742294,-0.000526969353742294,-0.007073502906365115,-0.007073502906365115,-0.002087043572347808,-0.002087043572347808,-0.007103914791798137,-0.007103914791798137,-0.007103914791798137,-0.007103914791798137,-0.007103914791798137,-0.007103914791798137,-0.007103914791798137
2026-08-25,-0.0029366918977519365,-0.0029366918977519365,-0.0029366918977519365,-0.0029366918977519365,-0.0029366918977519365,0.0016387960200437979,0.0016387960200437979,0.0019627628223492875,0.0019627628223492875,-0.0035560734813103864,-0.0035560734813103864,0.001345105045722587,0.001345105045722587,-0.0029366918977519365,-0.0029366918977519365,-0.0029366918977519365,-0.0029366918977519365,-0.0029366918977519365,-0.0029366918977519365,-0.0029366918977519365
2026-08-26,-0.0013153258380608677,-0.0013153258380608677,-0.0013153258380608677,-0.0013153258380608677,-0.0013153258380608677,-0.004002465176909225,-0.004002465176909225,0.001400907400438245,0.001400907400438245,-0.002158740154881552,-0.002158740154881552,-0.0006256175260099133,-0.0006256175260099133,-0.0013153258380608677,-0.0013153258380608677,-0.0013153258380608677,-0.0013153258380608677,-0.0013153258380608677,-0.0013153258380608677,-0.0013153258380608677
2026-08-27,-0.0033208146770666476,-0.0033208146770666476,-0.0033208146770666476,-0.0033208146770666476,-0.0033208146770666476,0.00038903606513375315,0.00038903606513375315,3.5058839587655613e-06,3.5058839587655613e-06,-0.0036992183698449357,-0.0036992183698449357,-0.0021975978282185544,-0.0021975978282185544,-0.0033208146770666476,-0.0033208146770666476,-0.0033208146770666476,-0.0033208146770666476,-0.0033208146770666476,-0.0033208146770666476,-0.0033208146770666476
2026-08-28,-0.01011641415449078,-0.01011641415449078,-0.01011641415449078,-0.01011641415449078,-0.01011641415449078,-0.004691795583357901,-0.004691795583357901,-0.0031080091272557625,-0.0031080091272557625,-0.010477713896571147,-0.010477713896571147,-0.004706449665612827,-0.004706449665612827,-0.01011641415449078,-0.01011641415449078,-0.01011641415449078,-0.01011641415449078,-0.01011641415449078,-0.01011641415449078,-0.01011641415449078
2026-08-31,-0.002841126628533603,-0.002841126628533603,-0.002841126628533603,-0.002841126628533603,-0.002841126628533603,0.006583335109414851,0.006583335109414851,0.006734250523548212,0.006734250523548212,-0.0033335802704382296,-0.0033335802704382296,0.006587617916608365,0.006587617916608365,-0.0027591827313229295,-0.0027591827313229295,-0.0027591827313229295,-0.002841126628533603,-0.0027591827313229295,-0.002841126628533603,-0.002841126628533603
2026-09-01,0.015861056958197985,0.015861056958197985,0.015861056958197985,0.015861056958197985,0.015861056958197985,0.016757622797474,0.016757622797474,0.010985203459964583,0.010985203459964583,0.01651688822164688,0.01651688822164688,0.013681851854095595,0.013681851854095595,0.01593522122256352,0.01593522122256352,0.01593522122256352,0.015861056958197985,0.01593522122256352,0.015861056958197985,0.015861056958197985
2026-09-02,0.004181368256382219,0.004181368256382219,0.004181368256382219,0.004181368256382219,0.004181368256382219,0.005280839791648622,0.005280839791648622,0.006124710060133405,0.006124710060133405,0.002605889218633292,0.002605889218633292,0.006408216863533789,0.006408216863533789,0.004181368256382219,0.004181368256382219,0.004181368256382219,0.004181368256382219,0.004181368256382219,0.004181368256382219,0.004181368256382219
2026-09-03,-0.004661046724146647,-0.004661046724146647,-0.004661046724146647,-0.004661046724146647,-0.004661046724146647,-0.002036395800845286,-0.002036395800845286,-0.005946079229384806,-0.005946079229384806,-0.0032372932117307645,-0.0032372932117307645,-0.0022303951470389,-0.0022303951470389,-0.004661046724146647,-0.004661046724146647,-0.004661046724146647,-0.004661046724146647,-0.004661046724146647,-0.004661046724146647,-0.004661046724146647
2026-09-04,-0.0011113631393835247,-0.0011113631393835247,-0.0011113631393835247,-0.0011113631393835247,-0.0011113631393835247,-0.00273226193821992,-0.00273226193821992,-0.005083232375035543,-0.005083232375035543,0.00025964123052249835,0.00025964123052249835,-0.004355062166440782,-0.004355062166440782,-0.0011113631393835247,-0.0011113631393835247,-0.0011113631393835247,-0.0011113631393835247,-0.0011113631393835247,-0.0011113631393835247,-0.0011113631393835247
2026-09-07,-0.0007124378390536731,-0.0007124378390536731,-0.0007124378390536731,-0.0007124378390536731,-0.0007124378390536731,-0.002157755161293462,-0.002157755161293462,-0.0024431870123717407,-0.0024431870123717407,-0.000349291577909211,-0.000349291577909211,-0.0033988085713693625,-0.0033988085713693625,-0.0007124378390536731,-0.0007124378390536731,-0.0007124378390536731,-0.0007124378390536731,-0.0007124378390536731,-0.0007124378390536731,-0.0007124378390536731
2026-09-08,0.00016272796368880095,0.00016272796368880095,0.00016272796368880095,0.00016272796368880095,0.00016272796368880095,0.00588934883340614,0.00588934883340614,0.005163488075242032,0.005163488075242032,-0.0006968180811395858,-0.0006968180811395858,0.005550955523418281,0.005550955523418281,0.00016272796368880095,0.00016272796368880095,0.00016272796368880095,0.00016272796368880095,0.00016272796368880095,0.00016272796368880095,0.00016272796368880095
2026-09-09,-0.001353291194573442,-0.001353291194573442,-0.001353291194573442,-0.001353291194573442,-0.001353291194573442,-0.004728845092576722,-0.004728845092576722,0.002645119942718735,0.002645119942718735,-0.00021911563699175554,-0.00021911563699175554,0.0025810609112440503,0.0025810609112440503,-0.001353291194573442,-0.001353291194573442,-0.001353291194573442,-0.001353291194573442,-0.001353291194573442,-0.001353291194573442,-0.001353291194573442
2026-09-10,0.013574265178007484,0.013574265178007484,0.013574265178007484,0.013574265178007484,0.013574265178007484,0.00039793827332176,0.00039793827332176,0.003626161087697735,0.003626161087697735,0.013134932124661283,0.013134932124661283,0.0028191430343516965,0.0028191430343516965,0.013574265178007484,0.013574265178007484,0.013574265178007484,0.013574265178007484,0.013574265178007484,0.013574265178007484,0.013574265178007484
2026-09-11,-0.0023404828394773536,-0.0023404828394773536,-0.0023404828394773536,-0.0023404828394773536,-0.0023404828394773536,-0.00020815710742492534,-0.00020815710742492534,0.006794451653500219,0.006794451653500219,-0.001445639813614385,-0.001445639813614385,0.0036589557141661674,0.0036589557141661674,-0.0023404828394773536,-0.0023404828394773536,-0.0023404828394773536,-0.0023404828394773536,-0.0023404828394773536,-0.0023404828394773536,-0.0023404828394773536
2026-09-14,0.004295483815194875,0.004295483815194875,0.004295483815194875,0.004295483815194875,0.004295483815194875,0.002681271280148106,0.002681271280148106,0.008012691798338268,0.008012691798338268,0.004123277773383365,0.004123277773383365,0.006808177577629027,0.006808177577629027,0.004295483815194875,0.004295483815194875,0.004295483815194875,0.004295483815194875,0.004295483815194875,0.004295483815194875,0.004295483815194875
2026-09-15,0.00432231959862243,0.00432231959862243,0.00432231959862243,0.00432231959862243,0.00432231959862243,0.0034168379998252584,0.0034168379998252584,0.013619780834242444,0.013619780834242444,0.0032576466135695904,0.0032576466135695904,0.010285052080876331,0.010285052080876331,0.00432231959862243,0.00432231959862243,0.00432231959862243,0.00432231959862243,0.00432231959862243,0.00432231959862243,0.00432231959862243
2026-09-16,0.005683892485784702,0.005683892485784702,0.005683892485784702,0.005683892485784702,0.005683892485784702,0.00265037727946603,0.00265037727946603,0.010272146115035345,0.010272146115035345,0.004702013418195409,0.004702013418195409,0.009560386538656492,0.009560386538656492,0.005683892485784702,0.005683892485784702,0.005683892485784702,0.005683892485784702,0.005683892485784702,0.005683892485784702,0.005683892485784702
2026-09-17,0.0014137385731223006,0.0014137385731223006,0.0014137385731223006,0.0014137385731223006,0.0014137385731223006,0.005622954156367644,0.005622954156367644,0.002380237218815897,0.002380237218815897,-0.0008089462446154102,-0.0008089462446154102,0.0017592059312499598,0.0017592059312499598,0.0014137385731223006,0.0014137385731223006,0.0014137385731223006,0.0014137385731223006,0.0014137385731223006,0.0014137385731223006,0.0014137385731223006
2026-09-18,-0.0006516511894314944,-0.0006516511894314944,-0.0006516511894314944,-0.0006516511894314944,-0.0006516511894314944,-0.004123227076715177,-0.004123227076715177,-0.005084611959473459,-0.005084611959473459,-0.0009905354839616245,-0.0009905354839616245,-0.005803714615478774,-0.005803714615478774,-0.0006516511894314944,-0.0006516511894314944,-0.0006516511894314944,-0.0006516511894314944,-0.0006516511894314944,-0.0006516511894314944,-0.0006516511894314944
2026-09-21,-0.00945348882350754,-0.009915805198969606,-0.00945348882350754,-0.009915805198969606,-0.009915805198969606,-0.0038990394914141463,-0.004114198886120078,-0.004769927116494107,-0.007220158114617477,-0.010411955602666601,-0.010893591676077424,-0.006268466976203125,-0.00803512651865685,-0.00945348882350754,-0.00945348882350754,-0.00945348882350754,-0.009915805198969606,-0.00945348882350754,-0.009915805198969606,-0.009915805198969606
2026-09-22,-0.007933813196814648,-0.008488012487108502,-0.007933813196814648,-0.008488012487108502,-0.008488012487108502,-0.0061775807519360414,-0.008895773668459079,-0.005510677514330003,-0.011960757642502862,-0.007540045450256107,-0.007698052691916136,-0.006133869978560577,-0.012046230133051256,-0.007933813196814648,-0.007687594679682828,-0.007933813196814648,-0.008488012487108502,-0.007687594679682828,-0.008488012487108502,-0.008488012487108502
2026-09-23,-0.005420668882574524,-0.0022332980400456364,-0.005420668882574524,-0.0022332980400456364,-0.0022332980400456364,-0.009781511422721772,-0.003835729653132264,0.008225018759271594,0.0015927170814175526,-0.005940335257680804,-0.0023584551923937318,0.004497770696865161,0.00037948746945211127,-0.005420668882574524,-0.0021100352924589626,-0.005420668882574524,-0.0022332980400456364,-0.0021100352924589626,-0.0022332980400456364,-0.0022332980400456364
2026-09-24,-0.01019276134804168,-0.0042322866586636055,-0.01019276134804168,-0.0042322866586636055,-0.0042322866586636055,-0.005111384762806106,-0.0026182094811351836,0.00047426799231925173,-0.000338638288505776,-0.011726691551835897,-0.004836876315948963,-0.004113659043315127,-0.002163468698303715,-0.010160979712555805,-0.004124263183622656,-0.010160979712555805,-0.0042322866586636055,-0.004124263183622656,-0.0042322866586636055,-0.0042322866586636055
