,A1_theory_dollar_neutral,A1_theory_dollar_neutral_gross,A1_theory_with_dollar,A1_theory_with_dollar_gross,A1_gated_frozen,A1+S_theory_dollar_neutral,A1+S_theory_dollar_neutral_gross,A1+S_theory_with_dollar,A1+S_theory_with_dollar_gross,A1+S_gated_frozen,A2_theory_dollar_neutral,A2_theory_dollar_neutral_gross,A2_theory_with_dollar,A2_theory_with_dollar_gross,A2_gated_frozen,A2+S_theory_dollar_neutral,A2+S_theory_dollar_neutral_gross,A2+S_theory_with_dollar,A2+S_theory_with_dollar_gross,A2+S_gated_frozen,A3_theory_dollar_neutral,A3_theory_dollar_neutral_gross,A3_theory_with_dollar,A3_theory_with_dollar_gross,A3_gated_frozen,A3+S_theory_dollar_neutral,A3+S_theory_dollar_neutral_gross,A3+S_theory_with_dollar,A3+S_theory_with_dollar_gross,A3+S_gated_frozen,A1_theory_dollar_neutral_D12,A1_theory_with_dollar_D12,A1_theory_with_dollar_weekly,A1_theory_with_dollar_weekly_gross,A1_gated20_frozen,A1_gated20_frozen_gross,A2_gated20_frozen,A2_gated20_frozen_gross,A1_theory_with_dollar_cost0.5x,A2_theory_with_dollar_cost0.5x,A1_theory_with_dollar_weekly_cost0.5x,A1_gated20_frozen_cost0.5x,A2_gated20_frozen_cost0.5x
2024-01-01,0.0,0.0,0.0,0.0,0.0,0.0,0.0,0.0,0.0,0.0,0.0,0.0,0.0,0.0,0.0,0.0,0.0,0.0,0.0,0.0,0.0,0.0,0.0,0.0,0.0,0.0,0.0,0.0,0.0,0.0,0.0,0.0,0.0,0.0,0.0,0.0,0.0,0.0,0.0,0.0,0.0,0.0,0.0
2024-01-02,0.0,0.0,0.0,0.0,0.0,0.0,0.0,0.0,0.0,0.0,0.0,0.0,0.0,0.0,0.0,0.0,0.0,0.0,0.0,0.0,0.0,0.0,0.0,0.0,0.0,0.0,0.0,0.0,0.0,0.0,0.0,0.0,0.0,0.0,0.0,0.0,0.0,0.0,0.0,0.0,0.0,0.0,0.0
2024-01-03,0.0,0.0,0.0,0.0,0.0,0.0,0.0,0.0,0.0,0.0,0.0,0.0,0.0,0.0,0.0,0.0,0.0,0.0,0.0,0.0,0.0,0.0,0.0,0.0,0.0,0.0,0.0,0.0,0.0,0.0,0.0,0.0,0.0,0.0,0.0,0.0,0.0,0.0,0.0,0.0,0.0,0.0,0.0
2024-01-04,0.0,0.0,0.0,0.0,0.0,0.0,0.0,0.0,0.0,0.0,0.0,0.0,0.0,0.0,0.0,0.0,0.0,0.0,0.0,0.0,0.0,0.0,0.0,0.0,0.0,0.0,0.0,0.0,0.0,0.0,0.0,0.0,0.0,0.0,0.0,0.0,0.0,0.0,0.0,0.0,0.0,0.0,0.0
2024-01-05,0.0,0.0,0.0,0.0,0.0,0.0,0.0,0.0,0.0,0.0,0.0,0.0,0.0,0.0,0.0,0.0,0.0,0.0,0.0,0.0,0.0,0.0,0.0,0.0,0.0,0.0,0.0,0.0,0.0,0.0,0.0,0.0,0.0,0.0,0.0,0.0,0.0,0.0,0.0,0.0,0.0,0.0,0.0
2024-01-08,0.0,0.0,0.0,0.0,0.0,0.0,0.0,0.0,0.0,0.0,0.0,0.0,0.0,0.0,0.0,0.0,0.0,0.0,0.0,0.0,0.0,0.0,0.0,0.0,0.0,0.0,0.0,0.0,0.0,0.0,0.0,0.0,0.0,0.0,0.0,0.0,0.0,0.0,0.0,0.0,0.0,0.0,0.0
2024-01-09,0.0,0.0,0.0,0.0,0.0,0.0,0.0,0.0,0.0,0.0,0.0,0.0,0.0,0.0,0.0,0.0,0.0,0.0,0.0,0.0,0.0,0.0,0.0,0.0,0.0,0.0,0.0,0.0,0.0,0.0,0.0,0.0,0.0,0.0,0.0,0.0,0.0,0.0,0.0,0.0,0.0,0.0,0.0
2024-01-10,0.0,0.0,0.0,0.0,0.0,0.0,0.0,0.0,0.0,0.0,0.0,0.0,0.0,0.0,0.0,0.0,0.0,0.0,0.0,0.0,0.0,0.0,0.0,0.0,0.0,0.0,0.0,0.0,0.0,0.0,0.0,0.0,0.0,0.0,0.0,0.0,0.0,0.0,0.0,0.0,0.0,0.0,0.0
2024-01-11,0.0,0.0,0.0,0.0,0.0,0.0,0.0,0.0,0.0,0.0,0.0,0.0,0.0,0.0,0.0,0.0,0.0,0.0,0.0,0.0,0.0,0.0,0.0,0.0,0.0,0.0,0.0,0.0,0.0,0.0,0.0,0.0,0.0,0.0,0.0,0.0,0.0,0.0,0.0,0.0,0.0,0.0,0.0
2024-01-12,0.0,0.0,0.0,0.0,0.0,0.0,0.0,0.0,0.0,0.0,0.0,0.0,0.0,0.0,0.0,0.0,0.0,0.0,0.0,0.0,0.0,0.0,0.0,0.0,0.0,0.0,0.0,0.0,0.0,0.0,0.0,0.0,0.0,0.0,0.0,0.0,0.0,0.0,0.0,0.0,0.0,0.0,0.0
2024-01-15,0.0,0.0,0.0,0.0,0.0,0.0,0.0,0.0,0.0,0.0,0.0,0.0,0.0,0.0,0.0,0.0,0.0,0.0,0.0,0.0,0.0,0.0,0.0,0.0,0.0,0.0,0.0,0.0,0.0,0.0,0.0,0.0,0.0,0.0,0.0,0.0,0.0,0.0,0.0,0.0,0.0,0.0,0.0
2024-01-16,0.0,0.0,0.0,0.0,0.0,0.0,0.0,0.0,0.0,0.0,0.0,0.0,0.0,0.0,0.0,0.0,0.0,0.0,0.0,0.0,0.0,0.0,0.0,0.0,0.0,0.0,0.0,0.0,0.0,0.0,0.0,0.0,0.0,0.0,0.0,0.0,0.0,0.0,0.0,0.0,0.0,0.0,0.0
2024-01-17,0.0,0.0,0.0,0.0,0.0,0.0,0.0,0.0,0.0,0.0,0.0,0.0,0.0,0.0,0.0,0.0,0.0,0.0,0.0,0.0,0.0,0.0,0.0,0.0,0.0,0.0,0.0,0.0,0.0,0.0,0.0,0.0,0.0,0.0,0.0,0.0,0.0,0.0,0.0,0.0,0.0,0.0,0.0
2024-01-18,0.0,0.0,0.0,0.0,0.0,0.0,0.0,0.0,0.0,0.0,0.0,0.0,0.0,0.0,0.0,0.0,0.0,0.0,0.0,0.0,0.0,0.0,0.0,0.0,0.0,0.0,0.0,0.0,0.0,0.0,0.0,0.0,0.0,0.0,0.0,0.0,0.0,0.0,0.0,0.0,0.0,0.0,0.0
2024-01-19,0.0,0.0,0.0,0.0,0.0,0.0,0.0,0.0,0.0,0.0,0.0,0.0,0.0,0.0,0.0,0.0,0.0,0.0,0.0,0.0,0.0,0.0,0.0,0.0,0.0,0.0,0.0,0.0,0.0,0.0,0.0,0.0,0.0,0.0,0.0,0.0,0.0,0.0,0.0,0.0,0.0,0.0,0.0
2024-01-22,0.0,0.0,0.0,0.0,0.0,0.0,0.0,0.0,0.0,0.0,0.0,0.0,0.0,0.0,0.0,0.0,0.0,0.0,0.0,0.0,0.0,0.0,0.0,0.0,0.0,0.0,0.0,0.0,0.0,0.0,0.0,0.0,0.0,0.0,0.0,0.0,0.0,0.0,0.0,0.0,0.0,0.0,0.0
2024-01-23,0.0,0.0,0.0,0.0,0.0,0.0,0.0,0.0,0.0,0.0,0.0,0.0,0.0,0.0,0.0,0.0,0.0,0.0,0.0,0.0,0.0,0.0,0.0,0.0,0.0,0.0,0.0,0.0,0.0,0.0,0.0,0.0,0.0,0.0,0.0,0.0,0.0,0.0,0.0,0.0,0.0,0.0,0.0
2024-01-24,0.0,0.0,0.0,0.0,0.0,0.0,0.0,0.0,0.0,0.0,0.0,0.0,0.0,0.0,0.0,0.0,0.0,0.0,0.0,0.0,0.0,0.0,0.0,0.0,0.0,0.0,0.0,0.0,0.0,0.0,0.0,0.0,0.0,0.0,0.0,0.0,0.0,0.0,0.0,0.0,0.0,0.0,0.0
2024-01-25,0.0,0.0,0.0,0.0,0.0,0.0,0.0,0.0,0.0,0.0,0.0,0.0,0.0,0.0,0.0,0.0,0.0,0.0,0.0,0.0,0.0,0.0,0.0,0.0,0.0,0.0,0.0,0.0,0.0,0.0,0.0,0.0,0.0,0.0,0.0,0.0,0.0,0.0,0.0,0.0,0.0,0.0,0.0
2024-01-26,0.0,0.0,0.0,0.0,0.0,0.0,0.0,0.0,0.0,0.0,0.0,0.0,0.0,0.0,0.0,0.0,0.0,0.0,0.0,0.0,0.0,0.0,0.0,0.0,0.0,0.0,0.0,0.0,0.0,0.0,0.0,0.0,0.0,0.0,0.0,0.0,0.0,0.0,0.0,0.0,0.0,0.0,0.0
2024-01-29,0.0,0.0,-0.0009363983389045826,0.0,0.0,0.0,0.0,-0.0009363983389045826,0.0,0.0,0.0,0.0,-0.0009363983389045826,0.0,0.0,0.0,0.0,-0.0009363983389045826,0.0,0.0,0.0,0.0,-0.0009363983389045826,0.0,0.0,0.0,0.0,-0.0009363983389045826,0.0,0.0,0.0,-0.0009363983389045826,0.0,0.0,-0.0009363983389045826,0.0,0.0,0.0,-0.0004681991694522913,-0.0004681991694522913,0.0,-0.0004681991694522913,0.0
2024-01-30,0.0,0.0,-0.0011859515212186403,-0.0011234022199654691,0.0,0.0,0.0,-0.0011859515212186403,-0.0011234022199654691,0.0,0.0,0.0,-0.000678691662542385,0.0011234022199654694,0.0,0.0,0.0,-0.000678691662542385,0.0011234022199654694,0.0,0.0,0.0,-0.0011859515212186403,-0.0011234022199654691,0.0,0.0,0.0,-0.0011859515212186403,-0.0011234022199654691,0.0,0.0,0.0010608529187122982,0.0,0.0,-0.0011234022199654694,-0.0011234022199654694,0.0,0.0,-0.0011546768705920547,0.00022235527871154216,0.0,-0.0011234022199654694,0.0
2024-01-31,0.0,0.0,0.0058204667751653285,0.0058204667751653285,0.0,0.0,0.0,0.0058204667751653285,0.0058204667751653285,0.0,0.0,0.0,0.0036237510150991655,0.005391865754522523,0.0,0.0,0.0,0.0036237510150991655,0.005391865754522523,0.0,0.0,0.0,0.0058204667751653285,0.0058204667751653285,0.0,0.0,0.0,0.0058204667751653285,0.0058204667751653285,0.0,0.0,-0.005820466775165329,0.0,0.0,0.006637764549403277,0.006637764549403277,0.0,0.0,0.0058204667751653285,0.004507808384810844,0.0,0.006637764549403277,0.0
2024-02-01,0.0,0.0,-0.01190862850375665,-0.011865271553406033,0.0,0.0,0.0,-0.01190862850375665,-0.011865271553406033,0.0,0.0,0.0,0.009405130570682568,0.011221395162807278,0.0,0.0,0.0,0.009405130570682568,0.011221395162807278,0.0,0.0,0.0,-0.01190862850375665,-0.011865271553406033,0.0,0.0,0.0,-0.01190862850375665,-0.011865271553406033,0.0,0.0,0.011821914603055417,0.0,0.0,-0.011277916215800505,-0.011277916215800505,0.0,0.0,-0.01188695002858134,0.010313262866744922,0.0,-0.011277916215800505,0.0
2024-02-02,0.0,0.0,0.029292045979827756,0.029530133353716046,0.0,0.0,0.0,0.029292045979827756,0.029530133353716046,0.0,0.0,0.0,0.02853888595895097,0.028744414840102758,0.0,0.0,0.0,0.02853888595895097,0.028744414840102758,0.0,0.0,0.0,0.029292045979827756,0.029530133353716046,0.0,0.0,0.0,0.029292045979827756,0.029530133353716046,0.0,0.0,-0.029768220727604336,-0.0007173268228041964,0.0,0.02775989281894019,0.02775989281894019,0.0,0.0,0.0294110896667719,0.028641650399526864,-0.0003586634114020982,0.02775989281894019,0.0
2024-02-05,0.0,0.0,0.012801069998434306,0.012842912326104294,0.0,0.0,0.0,0.012801069998434306,0.012842912326104294,0.0,0.0,0.0,0.012801069998434306,0.012842912326104294,0.0,-0.0008288839256339981,0.0,0.012715101469831968,0.012842912326104294,0.0,0.0,0.0,0.012801069998434306,0.012842912326104294,0.0,0.0,0.0,0.012801069998434306,0.012842912326104294,0.0,0.0,-0.012884754653774283,0.012842912326104294,0.012842912326104294,0.016811741004526128,0.016811741004526128,0.0,0.0,0.0128219911622693,0.0128219911622693,0.012842912326104294,0.016811741004526128,0.0
2024-02-06,0.0,0.0,-0.00996724506805921,-0.009938628409850788,0.0,0.0,0.0,-0.00996724506805921,-0.009938628409850788,0.0,0.0,0.0,-0.009967245068059212,-0.00993862840985079,0.0,0.005341336416039518,0.005373408347310931,-0.00976956443937907,-0.009752698837682252,0.0,0.0,0.0,-0.00996724506805921,-0.009938628409850788,0.0,0.0,0.0,-0.00996724506805921,-0.009938628409850788,0.0,0.0,0.009910011751642368,-0.010608203650652247,-0.010608203650652247,-0.013174966622422811,-0.013174966622422811,0.0,0.0,-0.009952936738954999,-0.009952936738955,-0.010608203650652247,-0.013174966622422811,0.0
2024-02-07,0.0,0.0,-0.0015676919013783942,-0.0015676919013783942,0.0,0.0,0.0,-0.0015676919013783942,-0.0015676919013783942,0.0,0.0,0.0,-0.0015676919013783938,-0.0015676919013783938,0.0,0.006777147617273232,0.007801123335227532,-0.0010386978697698877,-0.0008919846691973196,0.0,0.0,0.0,-0.0015676919013783942,-0.0015676919013783942,0.0,0.0,0.0,-0.0015676919013783942,-0.0015676919013783942,0.0,0.0,0.0015676919013783942,-0.001951424527869862,-0.001951424527869862,-0.0032158458320051255,-0.0032158458320051255,0.0,0.0,-0.0015676919013783942,-0.0015676919013783938,-0.001951424527869862,-0.0032158458320051255,0.0
2024-02-08,0.0,0.0,0.0029944973895031576,0.0029944973895031576,0.0,0.0,0.0,0.0029944973895031576,0.0029944973895031576,0.0,0.0,0.0,0.002994497389503158,0.002994497389503158,0.0,-0.002539482322920085,-0.0008177764862661857,0.0018593590345091667,0.0030584164108069006,0.0,0.0,0.0,0.0029944973895031576,0.0029944973895031576,0.0,0.0,0.0,0.0029944973895031576,0.0029944973895031576,0.0,0.0,-0.0029944973895031576,0.003031017161725319,0.003031017161725319,0.002365519060127431,0.002365519060127431,0.0,0.0,0.0029944973895031576,0.002994497389503158,0.003031017161725319,0.002365519060127431,0.0
2024-02-09,0.0,0.0,-0.004152179119593457,-0.004126530515504909,0.0,0.0,0.0,-0.004152179119593457,-0.004126530515504909,0.0,0.0,0.0,-0.004152179119593458,-0.00412653051550491,0.0,-0.004954726258899675,-0.004910199999370925,-0.001588809348838136,-0.0012442617245498964,0.0,0.0,0.0,-0.004152179119593457,-0.004126530515504909,0.0,0.0,0.0,-0.004152179119593457,-0.004126530515504909,0.0,0.0,0.004100881911416362,-0.004341628426089975,-0.004249468798041758,-0.005794276791187979,-0.005794276791187979,0.0,0.0,-0.004139354817549183,-0.004139354817549184,-0.0042955486120658665,-0.005794276791187979,0.0
2024-02-12,0.0,0.0,-0.00038875752617108353,-0.00037497987448202445,0.0,0.0,0.0,-0.00038875752617108353,-0.00037497987448202445,0.0,0.0,0.0,-0.0003887575261710835,-0.00037497987448202434,0.0,-0.0007650531332000477,-0.0007180927980951061,-0.0005857641107268352,-0.00047497826008132944,0.0,0.0,0.0,-0.00038875752617108353,-0.00037497987448202445,0.0,0.0,0.0,-0.00038875752617108353,-0.00037497987448202445,0.0,0.0,0.00036120222279296526,-0.00037497987448202445,-0.00037497987448202445,-0.0009086714233250459,-0.0009086714233250459,0.0,0.0,-0.00038186870032655396,-0.0003818687003265539,-0.00037497987448202445,-0.0009086714233250459,0.0
2024-02-13,0.0,0.0,0.02195450781274466,0.02207255731825402,0.0,0.0,0.0,0.02195450781274466,0.02207255731825402,0.0,0.0,0.0,0.02195450781274467,0.022072557318254027,0.0,-0.002053393111763316,-0.001219588843476926,-0.017358637316203594,-0.016540166320652357,0.0,0.0,0.0,0.02195450781274466,0.02207255731825402,0.0,0.0,0.0,0.02195450781274466,0.02207255731825402,0.0,0.0,-0.023216582237406844,0.021415154721955043,0.021415154721955043,0.027900472882440835,0.027900472882440835,0.0,0.0,0.02201353256549934,0.022013532565499348,0.021415154721955043,0.027900472882440835,0.0
2024-02-14,0.0,0.0,-0.00410833423563573,-0.00410833423563573,0.0,0.0,0.0,-0.00410833423563573,-0.00410833423563573,0.0,0.0,0.0,-0.00410833423563573,-0.00410833423563573,0.0,-0.003703564117347793,-0.0027584613017203013,-0.004393683220464339,-0.004162644648300787,0.0,0.0,0.0,-0.00410833423563573,-0.00410833423563573,0.0,0.0,0.0,-0.00410833423563573,-0.00410833423563573,0.0,0.0,-0.00511127059807902,-0.00509168712939624,-0.00509168712939624,-0.00679892247197455,-0.00679892247197455,0.0,0.0,-0.00410833423563573,-0.00410833423563573,-0.00509168712939624,-0.00679892247197455,0.0
2024-02-15,0.0,0.0,-0.009780979106271636,-0.009773911449933965,0.0,0.0,0.0,-0.009780979106271636,-0.009773911449933965,0.0,0.0,0.0,-0.009780979106271638,-0.009773911449933967,0.0,0.0006219854735692525,0.0009645633802506423,-0.009481971482308244,-0.009285898120285727,0.0,0.0,0.0,-0.009780979106271636,-0.009773911449933965,0.0,0.0,0.0,-0.009780979106271636,-0.009773911449933965,0.0,0.0,0.008802588013309836,-0.011064127261684584,-0.011064127261684584,-0.0145176666034309,-0.0145176666034309,0.0,0.0,-0.0097774452781028,-0.009777445278102802,-0.011064127261684584,-0.0145176666034309,0.0
2024-02-16,0.0,0.0,-1.4557374060333926e-05,-1.4557374060333926e-05,0.0,0.0,0.0,-1.4557374060333926e-05,-1.4557374060333926e-05,0.0,0.0,0.0,-1.455737406033379e-05,-1.455737406033379e-05,0.0,-0.0029463273357497608,-0.002917490721883189,-0.00012995734942330248,-0.00012995734942330248,0.0,0.0,0.0,-1.4557374060333926e-05,-1.4557374060333926e-05,0.0,0.0,0.0,-1.4557374060333926e-05,-1.4557374060333926e-05,0.0,0.0,-5.669945281307941e-05,-0.0002346330732731079,-0.0001037529118228339,-0.0008386018018744471,-0.0008386018018744471,0.0,0.0,-1.4557374060333926e-05,-1.455737406033379e-05,-0.0001691929925479709,-0.0008386018018744471,0.0
2024-02-19,0.0,0.0,-0.000656057696426432,-0.000656057696426432,0.0,0.0,0.0,-0.000656057696426432,-0.000656057696426432,0.0,0.0,0.0,-0.0006560576964264322,-0.0006560576964264322,0.0,-0.0028047779814227365,-0.002661222264643092,-0.0007557913647766978,-0.0007557913647766978,0.0,0.0,0.0,-0.000656057696426432,-0.000656057696426432,0.0,0.0,0.0,-0.000656057696426432,-0.000656057696426432,0.0,0.0,-0.0017867365711391621,-0.000656057696426432,-0.000656057696426432,-0.0015298539895467443,-0.0015298539895467443,0.0,0.0,-0.000656057696426432,-0.0006560576964264322,-0.000656057696426432,-0.0015298539895467443,0.0
2024-02-20,0.0,0.0,-0.0023498565143627937,-0.0023498565143627937,0.0,0.0,0.0,-0.0023498565143627937,-0.0023498565143627937,0.0,0.0,0.0,-0.0023498565143627937,-0.0023498565143627937,0.0,-0.004541021613926462,-0.0037625098318148542,-0.0024020661038790937,-0.0023837910868849347,0.0,0.0,0.0,-0.0023498565143627937,-0.0023498565143627937,0.0,0.0,0.0,-0.0023498565143627937,-0.0023498565143627937,0.0,0.0,0.001317047729560821,-0.0023498565143627937,-0.0023498565143627937,-0.003486113917847626,-0.003486113917847626,0.0,0.0,-0.0023498565143627937,-0.0023498565143627937,-0.0023498565143627937,-0.003486113917847626,0.0
2024-02-21,0.0,0.0,-0.001915161599524778,-0.001915161599524778,0.0,0.0,0.0,-0.001915161599524778,-0.001915161599524778,0.0,0.0,0.0,-0.001915161599524778,-0.001915161599524778,0.0,-0.0013042872203435946,-0.0013042872203435946,-0.0019057207746807994,-0.0018994592198229563,0.0,0.0,0.0,-0.001915161599524778,-0.001915161599524778,0.0,0.0,0.0,-0.001915161599524778,-0.001915161599524778,0.0,0.0,-0.0030218850247622888,-0.001915161599524778,-0.001915161599524778,-0.0034336804667283935,-0.0034336804667283935,0.0,0.0,-0.001915161599524778,-0.001915161599524778,-0.001915161599524778,-0.0034336804667283935,0.0
2024-02-22,0.0,0.0,-0.0016613799114367277,-0.0016588085151760692,0.0,0.0,0.0,-0.0016613799114367277,-0.0016588085151760692,0.0,0.0,0.0,-0.0016613799114367277,-0.0016588085151760692,0.0,-0.003458307187603487,-0.003458307187603487,-0.001726002859331526,-0.001726002859331526,0.0,0.0,0.0,-0.0016613799114367277,-0.0016588085151760692,0.0,0.0,0.0,-0.0016613799114367277,-0.0016588085151760692,0.0,0.0,0.0017084121501199062,-0.0016588085151760692,-0.0016588085151760692,-0.0032068001708367923,-0.0032068001708367923,0.0,0.0,-0.0016600942133063983,-0.0016600942133063983,-0.0016588085151760692,-0.0032068001708367923,0.0
2024-02-23,0.0,0.0,0.0006663906529574937,0.0006832032591341063,0.0,0.0,0.0,0.0006663906529574937,0.0006832032591341063,0.0,0.0,0.0,0.0006663906529574941,0.0006832032591341065,0.0,0.001313817792273182,0.0013322435983963857,0.0007207930899096815,0.0007207930899096815,0.0,0.0,0.0,0.0006663906529574937,0.0006832032591341063,0.0,0.0,0.0,0.0006663906529574937,0.0006832032591341063,0.0,0.0,-0.0006793049154174704,0.0006623713790693231,0.0006817553815065939,0.0011694699552724636,0.0011694699552724636,0.0,0.0,0.0006747969560458,0.0006747969560458002,0.0006720633802879584,0.0011694699552724636,0.0
2024-02-26,0.0,0.0,-0.0009099552830693111,-0.0009023336959658192,0.0,0.0,0.0,-0.0009099552830693111,-0.0009023336959658192,0.0,0.0,0.0,-0.0009099552830693109,-0.000902333695965819,0.0,-0.001153209986748234,-0.001153209986748234,-0.0009719077976966989,-0.000946295004621134,0.0,0.0,0.0,-0.0009099552830693111,-0.0009023336959658192,0.0,0.0,0.0,-0.0009099552830693111,-0.0009023336959658192,0.0,0.0,0.0009434679261025337,-0.0009023336959658192,-0.0009023336959658192,-0.0022616342734091783,-0.0018413009582545093,0.0,0.0,-0.0009061444895175652,-0.0009061444895175649,-0.0009023336959658192,-0.002051467615831844,0.0
2024-02-27,0.0,0.0,0.0008659191445083788,0.000877342451671351,0.0,0.0,0.0,0.0008659191445083788,0.000877342451671351,0.0,0.0,0.0,0.0008659191445083787,0.0008773424516713509,0.0,0.003954101105904903,0.003954101105904903,0.0009521583473796736,0.0009521583473796736,0.0,0.0,0.0,0.0008659191445083788,0.000877342451671351,0.0,0.0,0.0,0.0008659191445083788,0.000877342451671351,0.0,0.0,-0.0008823956475585747,0.0008768764233645026,0.0008768764233645026,0.0008576951628342373,0.0008576951628342373,0.0,0.0,0.0008716307980898649,0.0008716307980898648,0.0008768764233645026,0.0008576951628342373,0.0
2024-02-28,0.0,0.0,0.005803244017629409,0.006926580405072554,0.0,0.0,0.0,0.005803244017629409,0.006926580405072554,0.0,0.0,0.0,0.00691108302546417,0.006926580405072555,0.0,0.005183074113613493,0.005517985927195086,0.006714982186220382,0.007050489942755877,0.0,0.0,0.0,0.005803244017629409,0.006926580405072554,0.0,0.0,0.0,0.005803244017629409,0.006926580405072554,0.0,0.0,-0.006816466272553993,0.006815682225446198,0.006815682225446198,0.0068514886054256065,0.0068514886054256065,0.0,0.0,0.006364912211350982,0.006918831715268363,0.006815682225446198,0.0068514886054256065,0.0
2024-02-29,0.0,0.0,-0.005608464629089993,-0.004467923066321389,0.0,0.0,0.0,-0.005608464629089993,-0.004467923066321389,0.0,0.0,0.0,0.0042782370259310115,0.004284497217932162,0.0,0.0010135090953869452,0.0012755699531717545,0.0015071600886938342,0.0018406206783974065,0.0,0.0,0.0,-0.005608464629089993,-0.004467923066321389,0.0,0.0,0.0,-0.005608464629089993,-0.004467923066321389,0.0,0.0,-0.004303337343765857,0.004067152142133511,0.004067152142133511,0.0040322764706745015,0.0040322764706745015,0.0,0.0,-0.005038193847705691,0.004281367121931587,0.004067152142133511,0.0040322764706745015,0.0
2024-03-01,0.0,0.0,-0.006010286017863385,-0.006010286017863385,0.0,0.0,0.0,-0.006010286017863385,-0.006010286017863385,0.0,0.0,0.0,-0.005714932585311212,-0.005714932585311212,0.0,-0.00607242584896364,-0.005411962320782878,-0.008012842787073694,-0.007655137553503693,0.0,0.0,0.0,-0.006010286017863385,-0.006010286017863385,0.0,0.0,0.0,-0.006010286017863385,-0.006010286017863385,0.0,0.0,0.005794446648856418,-0.00563106681493586,-0.005573279044528677,-0.005563087924151127,-0.005563087924151127,0.0,0.0,-0.006010286017863385,-0.005714932585311212,-0.0056021729297322685,-0.005563087924151127,0.0
2024-03-04,0.0,0.0,0.0013063033330798805,0.0013063033330798805,0.0,0.0,0.0,0.0013063033330798805,0.0013063033330798805,0.0,0.0,0.0,0.001342021158303731,0.001342021158303731,0.0,-0.0023094154221171446,-0.001328549092781236,0.00044330612224037437,0.0010839988294219101,0.0,0.0,0.0,0.0013063033330798805,0.0013063033330798805,0.0,0.0,0.0,0.0013063033330798805,0.0013063033330798805,0.0,0.0,-0.0013877638928793314,0.0013063033330798805,0.0013063033330798805,0.001327968060928501,0.001327968060928501,0.0,0.0,0.0013063033330798805,0.001342021158303731,0.0013063033330798805,0.001327968060928501,0.0
2024-03-05,0.0,0.0,-0.00034076623763370275,-0.00034076623763370275,0.0,0.0,0.0,-0.00034076623763370275,-0.00034076623763370275,0.0,0.0,0.0,-0.0003812957815416142,-0.00037711435509597054,0.0,0.0011414343209421149,0.0011414343209421149,0.0006417450765627999,0.0009550324996346437,0.0,0.0,0.0,-0.00034076623763370275,-0.00034076623763370275,0.0,0.0,0.0,-0.00034076623763370275,-0.00034076623763370275,0.0,0.0,0.0003687000767822179,-0.00034076623763370275,-0.00034076623763370275,-0.000311730890402462,-0.000311730890402462,0.0,0.0,-0.00034076623763370275,-0.0003792050683187924,-0.00034076623763370275,-0.000311730890402462,0.0
2024-03-06,0.0,0.0,-0.010873714711365624,-0.010861471504682262,0.0,0.0,0.0,-0.010873714711365624,-0.010861471504682262,0.0,0.0,0.0,-0.010646559931004522,-0.010640841280387303,0.0,-0.0019946854699247666,-0.001988252390427546,-0.011745207658149794,-0.011664208064352711,0.0,0.0,0.0,-0.010873714711365624,-0.010861471504682262,0.0,0.0,0.0,-0.010873714711365624,-0.010861471504682262,0.0,0.0,0.011001515361153704,-0.010861471504682262,-0.010861471504682262,-0.010206073872939921,-0.010206073872939921,0.0,0.0,-0.010867593108023944,-0.010643700605695913,-0.010861471504682262,-0.010206073872939921,0.0
2024-03-07,0.0,0.0,-0.014911081127452755,-0.013722411389652587,0.0,0.0,0.0,-0.014911081127452755,-0.013722411389652587,0.0,0.0,0.0,-0.015011130521803799,-0.013835762628552097,0.0,-0.0012756221792117471,-0.0012564356300826308,-0.013123242015456848,-0.012045360621709418,0.0,0.0,0.0,-0.014911081127452755,-0.013722411389652587,0.0,0.0,0.0,-0.014911081127452755,-0.013722411389652587,0.0,0.0,0.014000176270007304,-0.01380376726375661,-0.01380376726375661,-0.012950813991478268,-0.012950813991478268,0.0,0.0,-0.01431674625855267,-0.014423446575177948,-0.01380376726375661,-0.012950813991478268,0.0
2024-03-08,0.0,0.0,0.0018871030383816765,0.0018871030383816765,0.0,0.0,0.0,0.0018871030383816765,0.0018871030383816765,0.0,0.0,0.0,0.001887103038381676,0.001887103038381676,0.0,-0.0005078740637004468,-0.00044200656780444354,0.0016906660427071134,0.0017590803058833268,0.0,0.0,0.0,0.0018871030383816765,0.0018871030383816765,0.0,0.0,0.0,0.0018871030383816765,0.0018871030383816765,0.0,0.0,0.001857512832561024,-0.0032024980672536434,-0.002014025837923845,-0.001919679049084986,-0.001919679049084986,0.0,0.0,0.0018871030383816765,0.001887103038381676,-0.002608261952588744,-0.001919679049084986,0.0
2024-03-11,0.0,0.0,-0.003169002769428078,-0.003169002769428078,0.0,0.0,0.0,-0.003169002769428078,-0.003169002769428078,0.0,0.0,0.0,-0.0031690027694280774,-0.0031690027694280774,0.0,0.0029898993727113105,0.0030608834999373094,-0.0013797069207950787,-0.0009386826668791549,0.0,0.0,0.0,-0.003169002769428078,-0.003169002769428078,0.0,0.0,0.0,-0.003169002769428078,-0.003169002769428078,0.0,0.0,-0.003340762624241137,-0.003169002769428078,-0.003169002769428078,0.0030546014401167656,0.0030546014401167656,0.0,0.0,-0.003169002769428078,-0.0031690027694280774,-0.003169002769428078,0.0030546014401167656,0.0
2024-03-12,0.0,0.0,-0.004215283073995926,-0.0030509988469130337,0.0,0.0,0.0,-0.004215283073995926,-0.0030509988469130337,0.0,0.0,0.0,-0.004215283073995925,-0.0030509988469130333,0.0,-0.001371851907277477,-0.0012506411988213227,-0.00401218146909447,-0.0032931970890050302,0.0,0.0,0.0,-0.004215283073995926,-0.0030509988469130337,0.0,0.0,0.0,-0.004215283073995926,-0.0030509988469130337,0.0,0.0,-0.0031315807539656947,-0.0030509988469130337,-0.0030509988469130337,0.0031968363820598536,0.0031968363820598536,0.0,0.0,-0.00363314096045448,-0.003633140960454479,-0.0030509988469130337,0.0031968363820598536,0.0
2024-03-13,0.0,0.0,-0.002042422154447615,-0.002042422154447615,0.0,0.0,0.0,-0.002042422154447615,-0.002042422154447615,0.0,0.0,0.0,-0.002042422154447615,-0.002042422154447615,0.0,-0.0023762872781277963,-0.002105385741936038,-0.0022160619734446193,-0.0014572545946504156,0.0,0.0,0.0,-0.002042422154447615,-0.002042422154447615,0.0,0.0,0.0,-0.002042422154447615,-0.002042422154447615,0.0,0.0,0.00204482646979194,0.0019241882837986617,0.0019241882837986617,-0.0020005825038595356,-0.0020005825038595356,0.0,0.0,-0.002042422154447615,-0.002042422154447615,0.0019241882837986617,-0.0020005825038595356,0.0
2024-03-14,0.0,0.0,0.012227990561476174,0.012234162710296492,0.0,0.0,0.0,0.012227990561476174,0.012234162710296492,0.0,0.0,0.0,0.012227990561476174,0.012234162710296492,0.0,0.0021854931036304442,0.0022089670102127482,0.012525425657242609,0.01255123077962557,0.0,0.0,0.0,0.012227990561476174,0.012234162710296492,0.0,0.0,0.0,0.012227990561476174,0.012234162710296492,0.0,0.0,-0.012241129914878792,-0.011673766810729784,-0.011673766810729784,0.011425869425781682,0.011425869425781682,0.0,0.0,0.012231076635886334,0.012231076635886334,-0.011673766810729784,0.011425869425781682,0.0
2024-03-15,0.0,0.0,0.004134146798573865,0.004134146798573865,0.0,0.0,0.0,0.004134146798573865,0.004134146798573865,0.0,0.0,0.0,0.004134146798573865,0.004134146798573865,0.0,-5.7387926330088446e-05,-1.6330682572375304e-05,0.0038988279870927527,0.003932390750400246,0.0,0.0,0.0,0.004134146798573865,0.004134146798573865,0.0,0.0,0.0,0.004134146798573865,0.004134146798573865,0.0,0.0,-0.004173612174926147,-0.005113236999543572,-0.004019521423401133,0.00427873824800788,0.00427873824800788,0.0,0.0,0.004134146798573865,0.004134146798573865,-0.004566379211472352,0.00427873824800788,0.0
2024-03-18,0.0,0.0,0.003326284523076428,0.003337759114851904,0.0,0.0,0.0,0.003326284523076428,0.003337759114851904,0.0,0.0,0.0,0.0033262845230764278,0.0033377591148519036,0.0,-0.0032190273781770003,-0.00179477530427285,0.002553104059465061,0.002814721270017289,0.0,0.0,0.0,0.003326284523076428,0.003337759114851904,0.0,0.0,0.0,0.003326284523076428,0.003337759114851904,0.0,0.0,-0.0033314459123501843,0.003337759114851904,0.003337759114851904,0.0029845124607470923,0.0029845124607470923,0.0,0.0,0.003332021818964166,0.0033320218189641657,0.003337759114851904,0.0029845124607470923,0.0
2024-03-19,0.0,0.0,0.005131741037325266,0.005133904603951097,0.0,0.0,0.0,0.005131741037325266,0.005133904603951097,0.0,0.0,0.0,0.005131741037325266,0.005133904603951097,0.0,-0.0012207335290573217,-0.00011817470902094804,0.005268465916570979,0.005366979060902589,0.0,0.0,0.0,0.005131741037325266,0.005133904603951097,0.0,0.0,0.0,0.005131741037325266,0.005133904603951097,0.0,0.0,-0.005292533525821042,0.005136093778096709,0.005136093778096709,0.005451243356243597,0.005451243356243597,0.0,0.0,0.005132822820638181,0.005132822820638181,0.005136093778096709,0.005451243356243597,0.0
2024-03-20,0.0,0.0,-0.009636924311607504,-0.009636924311607504,0.0,0.0,0.0,-0.009636924311607504,-0.009636924311607504,0.0,0.0,0.0,-0.009636924311607505,-0.009636924311607505,0.0,-0.010166098127062317,-0.0096200180819408,-0.011565605996955901,-0.01085467540410576,0.0,0.0,0.0,-0.009636924311607504,-0.009636924311607504,0.0,0.0,0.0,-0.009636924311607504,-0.009636924311607504,0.0,0.0,0.00981766462176399,-0.009646325257493217,-0.009646325257493217,-0.00940433827371352,-0.00940433827371352,0.0,0.0,-0.009636924311607504,-0.009636924311607505,-0.009646325257493217,-0.00940433827371352,0.0
2024-03-21,0.0,0.0,0.013231567168860104,0.014179521802341562,0.0,0.0,0.0,0.013231567168860104,0.014179521802341562,0.0,0.0,0.0,0.013231567168860104,0.014179521802341562,0.0,0.001307323670321404,0.0013570761627341055,-0.003269270251014685,-0.0029094957717076104,0.0,0.0,0.0,0.013231567168860104,0.014179521802341562,0.0,0.0,0.0,0.013231567168860104,0.014179521802341562,0.0,0.0,-0.014354074363340751,0.0143452471291505,0.0143452471291505,0.013580112195225978,0.013580112195225978,0.0,0.0,0.013705544485600834,0.013705544485600834,0.0143452471291505,0.013580112195225978,0.0
2024-03-22,0.0,0.0,-0.010253432413846924,-0.010253432413846924,0.0,0.0,0.0,-0.010253432413846924,-0.010253432413846924,0.0,0.0,0.0,-0.010253432413846924,-0.010253432413846924,0.0,0.0066309883285363995,0.006644966672681538,-0.006920744778172908,-0.006920744778172908,0.0,0.0,0.0,-0.010253432413846924,-0.010253432413846924,0.0,0.0,0.0,-0.010253432413846924,-0.010253432413846924,0.0,0.0,-0.010521390368837376,0.009857650422089147,0.010817039840617267,0.010613880699113567,0.010613880699113567,0.0,0.0,-0.010253432413846924,-0.010253432413846924,0.010337345131353207,0.010613880699113567,0.0
2024-03-25,0.0,0.0,0.0030599461615969516,0.0030599461615969516,0.0,0.0,0.0,0.0030599461615969516,0.0030599461615969516,0.0,0.0,0.0,0.0030599461615969507,0.0030599461615969507,0.0,-0.004402722489962366,-0.0039014099480074566,0.0008891662009509011,0.0011632991218940697,0.0,0.0,0.0,0.0030599461615969516,0.0030599461615969516,0.0,0.0,0.0,0.0030599461615969516,0.0030599461615969516,0.0,0.0,0.002990864652078829,0.0030599461615969516,0.0030599461615969516,-0.004378444770806093,-0.0034534677054975406,0.0,0.0,0.0030599461615969516,0.0030599461615969507,0.0030599461615969516,-0.003915956238151817,0.0
2024-03-26,0.0,0.0,-0.002515615829307913,-0.002515615829307913,0.0,0.0,0.0,-0.002515615829307913,-0.002515615829307913,0.0,0.0,0.0,-0.002515615829307913,-0.002515615829307913,0.0,-0.003861401073441372,-0.003861401073441372,-0.0029014785189697082,-0.0028934995915332164,0.0,0.0,0.0,-0.002515615829307913,-0.002515615829307913,0.0,0.0,0.0,-0.002515615829307913,-0.002515615829307913,0.0,0.0,-0.0025230687985004197,-0.002515615829307913,-0.002515615829307913,-0.0025909805405630202,-0.0025909805405630202,0.0,0.0,-0.002515615829307913,-0.002515615829307913,-0.002515615829307913,-0.0025909805405630202,0.0
2024-03-27,0.0,0.0,0.00040839332962929554,0.0004103134878359996,0.0,0.0,0.0,0.00040839332962929554,0.0004103134878359996,0.0,0.0,0.0,0.0004083933296292953,0.0004103134878359994,0.0,-0.0004914232333563318,0.0007017566953086585,0.00011158688015620866,0.00046747653363452414,0.0,0.0,0.0,0.00040839332962929554,0.0004103134878359996,0.0,0.0,0.0,0.00040839332962929554,0.0004103134878359996,0.0,0.0,0.0003783314044015007,0.0004103134878359996,0.0004103134878359996,0.00041480120159230943,0.00041480120159230943,0.0,0.0,0.00040935340873264755,0.00040935340873264733,0.0004103134878359996,0.00041480120159230943,0.0
2024-03-28,0.0,0.0,-0.0037762604937272553,-0.0037762604937272553,0.0,0.0,0.0,-0.0037762604937272553,-0.0037762604937272553,0.0,0.0,0.0,-0.0037762604937272553,-0.0037762604937272553,0.0,-0.005279834613113081,-0.005279834613113081,-0.006739158273974015,-0.006367133266515798,0.0,0.0,0.0,-0.0037762604937272553,-0.0037762604937272553,0.0,0.0,0.0,-0.0037762604937272553,-0.0037762604937272553,0.0,0.0,-0.0037797015904340314,-0.003766336581714899,-0.003766336581714899,-0.0036251571368329126,-0.0036251571368329126,0.0,0.0,-0.0037762604937272553,-0.0037762604937272553,-0.003766336581714899,-0.0036251571368329126,0.0
2024-03-29,0.0,0.0,0.0010852777269790255,0.0010894831139629099,0.0,0.0,0.0,0.0010852777269790255,0.0010894831139629099,0.0,0.0,0.0,0.0010852777269790255,0.0010894831139629099,0.0,0.0008957848134639695,0.0008957848134639695,0.0006282172509209793,0.0007666935464522133,0.0,0.0,0.0,0.0010852777269790255,0.0010894831139629099,0.0,0.0,0.0,0.0010852777269790255,0.0010894831139629099,0.0,0.0,0.001095220586815306,0.001083717867976171,0.0010898535239215515,0.0010690014515396067,0.0010690014515396067,0.0,0.0,0.0010873804204709677,0.0010873804204709677,0.0010867856959488613,0.0010690014515396067,0.0
2024-04-01,0.0,0.0,-0.010154130533335186,-0.010143635725635541,0.0,0.0,0.0,-0.010154130533335186,-0.010143635725635541,0.0,0.0,0.0,-0.010154130533335186,-0.010143635725635541,0.0,-0.005708284988259102,-0.004533927358508811,-0.0006867914046244559,-0.00018775263944549418,0.0,0.0,0.0,-0.010154130533335186,-0.010143635725635541,0.0,0.0,0.0,-0.010154130533335186,-0.010143635725635541,0.0,0.0,-0.010083250826187972,-0.010143635725635541,-0.010143635725635541,-0.009879109609941492,-0.009879109609941492,0.0,0.0,-0.010148883129485363,-0.010148883129485363,-0.010143635725635541,-0.009879109609941492,0.0
2024-04-02,0.0,0.0,0.0037584689823265943,0.003780378558261319,0.0,0.0,0.0,0.0037584689823265943,0.003780378558261319,0.0,0.0,0.0,0.0037584689823265943,0.0037803785582613187,0.0,-0.007451301400407635,-0.00743965803755768,0.00020452059971876648,0.00032031183731878656,0.0,0.0,0.0,0.0037584689823265943,0.003780378558261319,0.0,0.0,0.0,0.0037584689823265943,0.003780378558261319,0.0,0.0,0.0037356783602914565,0.003887582235609173,0.003887582235609173,0.0037749205194817443,0.0037749205194817443,0.0,0.0,0.0037694237702939567,0.0037694237702939563,0.003887582235609173,0.0037749205194817443,0.0
2024-04-03,0.0,0.0,0.010473671564228593,0.010483472352448474,0.0,0.0,0.0,0.010473671564228593,0.010483472352448474,0.0,0.0,0.0,0.009636091505658232,0.010483472352448474,0.0,-0.00520974764875415,-0.005201959109400747,0.005138664635162634,0.005797897251237628,0.0,0.0,0.0,0.010473671564228593,0.010483472352448474,0.0,0.0,0.0,0.010473671564228593,0.010483472352448474,0.0,0.0,0.010425030508476313,0.010850238328384582,0.010850238328384582,0.010531337752886595,0.010531337752886595,0.0,0.0,0.010478571958338533,0.010059781929053354,0.010850238328384582,0.010531337752886595,0.0
2024-04-04,0.0,0.0,0.0009554273680816528,0.0009554273680816528,0.0,0.0,0.0,0.0009554273680816528,0.0009554273680816528,0.0,0.0,0.0,-0.0018760072756192337,-0.0009944739614670668,0.0,0.0025908880659826963,0.0025908880659826963,0.00042714309353995513,0.0012102220349559957,0.0,0.0,0.0,0.0009554273680816528,0.0009554273680816528,0.0,0.0,0.0,0.0009554273680816528,0.0009554273680816528,0.0,0.0,0.0009839978252565236,0.0009321002422468404,0.0009321002422468404,0.0008800862319108941,0.0008800862319108941,0.0,0.0,0.0009554273680816528,-0.0014352406185431502,0.0009321002422468404,0.0008800862319108941,0.0
2024-04-05,0.0,0.0,-0.002713512281842931,-0.002713512281842931,0.0,0.0,0.0,-0.002713512281842931,-0.002713512281842931,0.0,0.0,0.0,-0.0036893994180059887,-0.002793389591912675,0.0,-0.0006946387175369161,-0.00012083525607195241,-0.003431676006897512,-0.0028849294438354446,0.0,0.0,0.0,-0.002713512281842931,-0.002713512281842931,0.0,0.0,0.0,-0.002713512281842931,-0.002713512281842931,0.0,0.0,-0.002608744358573279,-0.0025114633079888382,-0.002466264025628949,-0.0023711688922947176,-0.0023711688922947176,0.0,0.0,-0.002713512281842931,-0.0032413945049593316,-0.0024888636668088937,-0.0023711688922947176,0.0
2024-04-08,0.0,0.0,0.0026821903364610327,0.0026852486766011105,0.0,0.0,0.0,0.0026821903364610327,0.0026852486766011105,0.0,0.0,0.0,-0.0027102320888615556,-0.0027102320888615556,0.0,-0.00523542545458152,-0.004863170284604904,-0.0034692515814812573,-0.00314899290938081,0.0,0.0,0.0,0.0026821903364610327,0.0026852486766011105,0.0,0.0,0.0,0.0026821903364610327,0.0026852486766011105,0.0,0.0,0.002733638259696206,0.0026852486766011105,0.0026852486766011105,0.002850656402248369,0.002850656402248369,0.0,0.0,0.0026837195065310716,-0.0027102320888615556,0.0026852486766011105,0.002850656402248369,0.0
2024-04-09,0.0,0.0,0.002538021389481997,0.002538021389481997,0.0,0.0,0.0,0.002538021389481997,0.002538021389481997,0.0,0.0,0.0,-0.003476239669496742,-0.002617863570483935,0.0,-0.0024661230749070196,-0.0023675022345599392,8.472060186881161e-05,0.00035373625570342176,0.0,0.0,0.0,0.002538021389481997,0.002538021389481997,0.0,0.0,0.0,0.002538021389481997,0.002538021389481997,0.0,0.0,0.002581165783528721,0.0025330405974929413,0.0025330405974929413,0.0024661056234376233,0.0024661056234376233,0.0,0.0,0.002538021389481997,-0.0030470516199903384,0.0025330405974929413,0.0024661056234376233,0.0
2024-04-10,0.0,0.0,-0.024868928620123517,-0.024053996173030907,0.0,0.0,0.0,-0.024868928620123517,-0.024053996173030907,0.0,0.0,0.0,-0.026022969287649512,-0.025191339790134444,0.0,0.004488744855621221,0.004548079827955891,-0.02071114600103675,-0.019988115457054173,0.0,0.0,0.0,-0.024868928620123517,-0.024053996173030907,0.0,0.0,0.0,-0.024868928620123517,-0.024053996173030907,0.0,0.0,-0.02469777732827898,-0.023788914326811256,-0.023788914326811256,-0.02338759675472077,-0.02338759675472077,0.0,0.0,-0.024461462396577212,-0.025607154538891976,-0.023788914326811256,-0.02338759675472077,0.0
2024-04-11,0.0,0.0,-0.0010201071150127382,-0.0010201071150127382,0.0,0.0,0.0,-0.0010201071150127382,-0.0010201071150127382,0.0,0.0,0.0,-0.0010201071150127382,-0.0010201071150127382,0.0,-0.0012441285499295712,-0.0010700433859909997,-0.002429638841048699,-0.0017427298794353572,0.0,0.0,0.0,-0.0010201071150127382,-0.0010201071150127382,0.0,0.0,0.0,-0.0010201071150127382,-0.0010201071150127382,0.0,0.0,0.0010647376911121756,0.0012826817305323212,0.0012826817305323212,0.0012374576628209038,0.0012374576628209038,0.0,0.0,-0.0010201071150127382,-0.0010201071150127382,0.0012826817305323212,0.0012374576628209038,0.0
2024-04-12,0.0,0.0,0.011541541666174588,0.012297996613615681,0.0,0.0,0.0,0.011541541666174588,0.012297996613615681,0.0,0.0,0.0,0.012297996613615681,0.012297996613615681,0.0,0.00455804319615316,0.004577831187976955,-0.0038384664894101214,-0.0038384664894101214,0.0,0.0,0.0,0.011541541666174588,0.012297996613615681,0.0,0.0,0.0,0.011541541666174588,0.012297996613615681,0.0,0.0,-0.012407832445119771,-0.014672433323274066,-0.01461133740257022,-0.014541556119951764,-0.014541556119951764,0.0,0.0,0.011919769139895134,0.012297996613615681,-0.014641885362922142,-0.014541556119951764,0.0
2024-04-15,0.0,0.0,-0.003943872741281538,-0.003943872741281538,0.0,0.0,0.0,-0.003943872741281538,-0.003943872741281538,0.0,0.0,0.0,0.0031645251254322215,0.003928409807455289,0.0,-0.0008374209987790756,-0.0006170042314008741,-0.0037266363112218592,-0.0033619751178374183,0.0,0.0,0.0,-0.003943872741281538,-0.003943872741281538,0.0,0.0,0.0,-0.003943872741281538,-0.003943872741281538,0.0,0.0,-0.0040109606301328765,-0.003943872741281538,-0.003943872741281538,-0.004107143193739653,-0.004107143193739653,0.0,0.0,-0.003943872741281538,0.0035464674664437553,-0.003943872741281538,-0.004107143193739653,0.0
2024-04-16,0.0,0.0,-0.004986914199813542,-0.004986914199813542,0.0,0.0,0.0,-0.004986914199813542,-0.004986914199813542,0.0,0.0,0.0,-0.005019337295895211,-0.005019337295895211,0.0,-0.0013034627043630414,-0.000984806635463958,-0.005622570699256692,-0.005488371691008387,0.0,0.0,0.0,-0.004986914199813542,-0.004986914199813542,0.0,0.0,0.0,-0.004986914199813542,-0.004986914199813542,0.0,0.0,-0.005206485951291465,-0.004986914199813542,-0.004986914199813542,-0.005717680705974213,-0.005717680705974213,0.0,0.0,-0.004986914199813542,-0.005019337295895211,-0.004986914199813542,-0.005717680705974213,0.0
2024-04-17,0.0,0.0,0.005854489160891602,0.005854489160891602,0.0,0.0,0.0,0.005854489160891602,0.005854489160891602,0.0,0.0,0.0,0.0051783138238879565,0.0059210990027525785,0.0,-0.00066837258228246,-0.00066837258228246,0.004381330937381694,0.004788903665852053,0.0,0.0,0.0,0.005854489160891602,0.005854489160891602,0.0,0.0,0.0,0.005854489160891602,0.005854489160891602,0.0,0.0,0.00615926151105402,0.005854489160891602,0.005854489160891602,0.006876898595110076,0.006876898595110076,0.0,0.0,0.005854489160891602,0.0055497064133202675,0.005854489160891602,0.006876898595110076,0.0
2024-04-18,0.0,0.0,-0.003129603560878635,-0.003129603560878635,0.0,0.0,0.0,-0.003129603560878635,-0.003129603560878635,0.0,0.0,0.0,0.003205699749179583,0.003205699749179583,0.0,0.0011746625075041992,0.0011746625075041992,-0.0009945311923249605,-0.000894043595049839,0.0,0.0,0.0,-0.003129603560878635,-0.003129603560878635,0.0,0.0,0.0,-0.003129603560878635,-0.003129603560878635,0.0,0.0,-0.0032755107281402383,-0.003129603560878635,-0.003129603560878635,-0.003770623506988677,-0.003770623506988677,0.0,0.0,-0.003129603560878635,0.003205699749179583,-0.003129603560878635,-0.003770623506988677,0.0
2024-04-19,0.0,0.0,0.00019662846473337243,0.0002050194544318032,0.0,0.0,0.0,0.00019662846473337243,0.0002050194544318032,0.0,0.0,0.0,-0.000909960145979186,-0.00017830203693648103,0.0,0.0034706579385116085,0.0037680212128690122,0.0033077531015906266,0.003894315109205269,0.0,0.0,0.0,0.00019662846473337243,0.0002050194544318032,0.0,0.0,0.0,0.00019662846473337243,0.0002050194544318032,0.0,0.0,0.00021067545108669855,0.00019662846473337243,0.0002050194544318032,0.0002097373239425396,0.0002097373239425396,0.0,0.0,0.0002008239595825878,-0.0005441310914578335,0.0002008239595825878,0.0002097373239425396,0.0
2024-04-22,0.0,0.0,0.0018357477897205795,0.0018438981254624046,0.0,0.0,0.0,0.0018357477897205795,0.0018438981254624046,0.0,0.0,0.0,0.0011185448292370254,0.0018737096686106268,0.0,0.003725597145905544,0.0039447545946194144,0.0013897237081762477,0.0020725976399053178,0.0,0.0,0.0,0.0018357477897205795,0.0018438981254624046,0.0,0.0,0.0,0.0018357477897205795,0.0018438981254624046,0.0,0.0,0.0019190954853404048,0.0018438981254624046,0.0018438981254624046,0.0023047583615029977,0.002361924167314852,0.0,0.0,0.001839822957591492,0.001496127248923826,0.0018438981254624046,0.002333341264408925,0.0
2024-04-23,0.0,0.0,0.0064219194848230176,0.006429243551139907,0.0,0.0,0.0,0.0064219194848230176,0.006429243551139907,0.0,0.0,0.0,-0.006613658029225112,-0.0066096849815525565,0.0,-0.002310848225890615,-0.002310848225890615,-0.005316238654917135,-0.005020717375634101,0.0,0.0,0.0,0.0064219194848230176,0.006429243551139907,0.0,0.0,0.0,0.0064219194848230176,0.006429243551139907,0.0,0.0,0.00660893284733585,0.006235132546013558,0.006235132546013558,0.006618582028220086,0.006618582028220086,0.0,0.0,0.006425581517981462,-0.006611671505388834,0.006235132546013558,0.006618582028220086,0.0
2024-04-24,0.0,0.0,-0.003713832617714176,-0.003713832617714176,0.0,0.0,0.0,-0.003713832617714176,-0.003713832617714176,0.0,0.0,0.0,0.003721161004865986,0.003721161004865986,0.0,-0.006183766927359675,-0.006106130814301078,-0.0007707871398096905,-0.0005749953155506462,0.0,0.0,0.0,-0.003713832617714176,-0.003713832617714176,0.0,0.0,0.0,-0.003713832617714176,-0.003713832617714176,0.0,0.0,-0.003832427260619664,-0.0035120558503475103,-0.0035120558503475103,-0.003639961274911107,-0.003639961274911107,0.0,0.0,-0.003713832617714176,0.003721161004865986,-0.0035120558503475103,-0.003639961274911107,0.0
2024-04-25,0.0,0.0,0.0038991582372294286,0.003910556920631569,0.0,0.0,0.0,0.0038991582372294286,0.003910556920631569,0.0,0.0,0.0,-0.004007479405517004,-0.004007479405517004,0.0,0.0005080342954229501,0.0005128688549429449,-0.0039251319973163225,-0.0038784786275003094,0.0,0.0,0.0,0.0038991582372294286,0.003910556920631569,0.0,0.0,0.0,0.0038991582372294286,0.003910556920631569,0.0,0.0,0.004191372055726116,0.003932504526338713,0.003932504526338713,0.004148987076796689,0.004148987076796689,0.0,0.0,0.003904857578930499,-0.004007479405517004,0.003932504526338713,0.004148987076796689,0.0
2024-04-26,0.0,0.0,-0.008166932653489951,-0.008146709336260514,0.0,0.0,0.0,-0.008166932653489951,-0.008146709336260514,0.0,0.0,0.0,0.007958125740025657,0.007977966535056474,0.0,-0.006052912202777166,-0.00591075877270582,0.00641839857557342,0.006918238067838102,0.0,0.0,0.0,-0.008166932653489951,-0.008146709336260514,0.0,0.0,0.0,-0.008166932653489951,-0.008146709336260514,0.0,0.0,-0.008318849192472309,-0.00758102926793553,-0.00754626797269589,-0.007833088215959193,-0.007833088215959193,0.0,0.0,-0.008156820994875233,0.007968046137541067,-0.0075636486203157095,-0.007833088215959193,0.0
2024-04-29,0.0,0.0,0.006839716743472826,0.00765192040158982,0.0,0.0,0.0,0.006839716743472826,0.00765192040158982,0.0,0.0,0.0,-0.007659194060987498,-0.0076448634614543695,0.0,0.0011670015391985434,0.0012587246321902113,-0.00034906529646381933,0.0002411174447938895,0.0,0.0,0.0,0.006839716743472826,0.00765192040158982,0.0,0.0,0.0,0.006839716743472826,0.00765192040158982,0.0,0.0,0.006935984166470177,0.00765192040158982,0.00765192040158982,0.008488604119897223,0.008488604119897223,0.0,0.0,0.007245818572531323,-0.0076520287612209335,0.00765192040158982,0.008488604119897223,0.0
2024-04-30,0.0,0.0,0.01691404946415371,0.016938042091934273,0.0,0.0,0.0,0.01691404946415371,0.016938042091934273,0.0,0.0,0.0,0.01650302224950705,0.016520406057250112,0.0,-0.003938846308479319,-0.003910042735357923,0.015961502291575752,0.0159752472415758,0.0,0.0,0.0,0.01691404946415371,0.016938042091934273,0.0,0.0,0.0,0.01691404946415371,0.016938042091934273,0.0,0.0,0.01691404946415371,-0.016632628608391608,-0.016632628608391608,-0.016960571912191486,-0.016960571912191486,0.0,0.0,0.01692604577804399,0.01651171415337858,-0.016632628608391608,-0.016960571912191486,0.0
2024-05-01,0.0,0.0,-0.01006958591489279,-0.010062137081004171,0.0,0.0,0.0,-0.01006958591489279,-0.010062137081004171,0.0,0.0,0.0,-0.010023799896403755,-0.010016351062515135,0.0,0.004670631138013916,0.00469243483587754,-0.009372029898406348,-0.009310656027223243,0.0,0.0,0.0,-0.01006958591489279,-0.010062137081004171,0.0,0.0,0.0,-0.01006958591489279,-0.010062137081004171,0.0,0.0,-0.01006958591489279,0.011220478495489988,0.011220478495489988,0.012606951274068577,0.012606951274068577,0.0,0.0,-0.01006586149794848,-0.010020075479459444,0.011220478495489988,0.012606951274068577,0.0
2024-05-02,0.0,0.0,-0.0063404107437206435,-0.0063404107437206435,0.0,0.0,0.0,-0.0063404107437206435,-0.0063404107437206435,0.0,0.0,0.0,-0.0064415837512796165,-0.006438620403963926,0.0,0.0035290431481300416,0.0035734998382145645,-0.006113787989365527,-0.006113787989365527,0.0,0.0,0.0,-0.0063404107437206435,-0.0063404107437206435,0.0,0.0,0.0,-0.0063404107437206435,-0.0063404107437206435,0.0,0.0,-0.006340410743720643,0.007344399501565947,0.007344399501565947,0.007566491942206876,0.007566491942206876,0.0,0.0,-0.0063404107437206435,-0.0064401020776217715,0.007344399501565947,0.007566491942206876,0.0
2024-05-03,0.0,0.0,-0.005954219990584953,-0.005950783293946702,0.0,0.0,0.0,-0.005954219990584953,-0.005950783293946702,0.0,0.0,0.0,-0.005823154150888468,-0.005823154150888468,0.0,-0.0002689694738680165,-0.00026399473413097317,-0.006001027440828588,-0.005887564412589287,0.0,0.0,0.0,-0.005954219990584953,-0.005950783293946702,0.0,0.0,0.0,-0.005954219990584953,-0.005950783293946702,0.0,0.0,-0.005954219990584953,0.0058339557036341284,0.006611092364014989,0.006530631111631694,0.006530631111631694,0.0,0.0,-0.005952501642265827,-0.005823154150888468,0.006222524033824559,0.006530631111631694,0.0
2024-05-06,0.0,0.0,-0.0008407026010136044,-0.0008407026010136044,0.0,0.0,0.0,-0.0008407026010136044,-0.0008407026010136044,0.0,0.0,0.0,-0.0008460804737270779,-0.0008426387367476312,0.0,-0.002309537747140995,-0.002309537747140995,-0.001400653747890742,-0.0013261513322210513,0.0,0.0,0.0,-0.0008407026010136044,-0.0008407026010136044,0.0,0.0,0.0,-0.0008407026010136044,-0.0008407026010136044,0.0,0.0,-0.0008407026010136047,-0.0008407026010136044,-0.0008407026010136044,-0.00010308464197498957,-0.00010308464197498957,0.0,0.0,-0.0008407026010136044,-0.0008443596052373545,-0.0008407026010136044,-0.00010308464197498957,0.0
2024-05-07,0.0,0.0,0.005841809597244584,0.005841809597244584,0.0,0.0,0.0,0.005841809597244584,0.005841809597244584,0.0,0.0,0.0,0.005924201500376944,0.005924201500376944,0.0,-0.0019100115040366497,-0.0019100115040366497,0.005617029601075757,0.005623025662943894,0.0,0.0,0.0,0.005841809597244584,0.005841809597244584,0.0,0.0,0.0,0.005841809597244584,0.005841809597244584,0.0,0.0,0.005841809597244584,0.005841809597244584,0.005841809597244584,-0.0068285156539788314,-0.0068285156539788314,0.0,0.0,0.005841809597244584,0.005924201500376944,0.005841809597244584,-0.0068285156539788314,0.0
2024-05-08,0.0,0.0,0.0015565158452867601,0.0015565158452867601,0.0,0.0,0.0,0.0015565158452867601,0.0015565158452867601,0.0,0.0,0.0,0.0015499457933438054,0.0015499457933438054,0.0,0.0008021641404186243,0.0008021641404186243,0.0016994614153604671,0.0016994614153604671,0.0,0.0,0.0,0.0015565158452867601,0.0015565158452867601,0.0,0.0,0.0,0.0015565158452867601,0.0015565158452867601,0.0,0.0,0.0006828470745868372,0.0015565158452867601,0.0015565158452867601,-0.002431345585718,-0.002431345585718,0.0,0.0,0.0015565158452867601,0.0015499457933438054,0.0015565158452867601,-0.002431345585718,0.0
2024-05-09,0.0,0.0,-0.006398241064749307,-0.005539618371430772,0.0,0.0,0.0,-0.006398241064749307,-0.005539618371430772,0.0,0.0,0.0,-0.005641446019846284,-0.005641446019846284,0.0,-0.0016844442747566992,-0.0016776276027575634,-0.005878908031297478,-0.005752707283193989,0.0,0.0,0.0,-0.006398241064749307,-0.005539618371430772,0.0,0.0,0.0,-0.006398241064749307,-0.005539618371430772,0.0,0.0,0.00567303973794111,-0.005539618371430772,-0.005539618371430772,0.005674625755948432,0.005674625755948432,0.0,0.0,-0.00596892971809004,-0.005641446019846284,-0.005539618371430772,0.005674625755948432,0.0
2024-05-10,0.0,0.0,-0.0010559473180695896,-0.0010559473180695896,0.0,0.0,0.0,-0.0010559473180695896,-0.0010559473180695896,0.0,0.0,0.0,0.0010097317999567964,0.0010097317999567964,0.0,0.0005820162399478529,0.0005820162399478529,0.001135125760379272,0.0011810823528076607,0.0,0.0,0.0,-0.0010559473180695896,-0.0010559473180695896,0.0,0.0,0.0,-0.0010559473180695896,-0.0010559473180695896,0.0,0.0,-0.0010480852134328704,0.00014019985357993647,0.0009988225468984717,-0.0013924530559957546,-0.0013924530559957546,0.0,0.0,-0.0010559473180695896,0.0010097317999567964,0.0005695112002392041,-0.0013924530559957546,0.0
2024-05-13,0.0,0.0,-7.890707010295916e-05,0.0008278728161385966,0.0,0.0,0.0,-7.890707010295916e-05,0.0008278728161385966,0.0,0.0,0.0,-0.0007886204343853236,-0.0007832555974176095,0.0,-0.0037471081835283807,-0.0037471081835283807,-0.0017984380020906496,-0.0016572998713690707,0.0,0.0,0.0,-7.890707010295916e-05,0.0008278728161385966,0.0,0.0,0.0,-7.890707010295916e-05,0.0008278728161385966,0.0,0.0,-7.124043856298245e-05,0.0008278728161385966,0.0008278728161385966,0.00023210999170329884,0.00023210999170329884,0.0,0.0,0.0003744828730178187,-0.0007859380159014665,0.0008278728161385966,0.00023210999170329884,0.0
2024-05-14,0.0,0.0,-0.003793865828043364,-0.003793865828043364,0.0,0.0,0.0,-0.003793865828043364,-0.003793865828043364,0.0,0.0,0.0,-0.003661057465972119,-0.003661057465972119,0.0,-0.0028194341667309502,-0.0028194341667309502,-0.003847597293081336,-0.003847597293081336,0.0,0.0,0.0,-0.003793865828043364,-0.003793865828043364,0.0,0.0,0.0,-0.003793865828043364,-0.003793865828043364,0.0,0.0,-0.0037938658280433648,0.003679116733685157,0.003679116733685157,0.003323298107776233,0.003323298107776233,0.0,0.0,-0.003793865828043364,-0.003661057465972119,0.003679116733685157,0.003323298107776233,0.0
2024-05-15,0.0,0.0,-0.013108572252982384,-0.013105400443014914,0.0,0.0,0.0,-0.013108572252982384,-0.013105400443014914,0.0,0.0,0.0,-0.012711907014241786,-0.012711907014241786,0.0,-0.003900089873672351,-0.0038831965484108473,-0.013180018761786478,-0.01316426959725023,0.0,0.0,0.0,-0.013108572252982384,-0.013105400443014914,0.0,0.0,0.0,-0.013108572252982384,-0.013105400443014914,0.0,0.0,-0.013108572252982386,0.01269102239102448,0.01269102239102448,0.014037864672732778,0.014037864672732778,0.0,0.0,-0.013106986347998648,-0.012711907014241786,0.01269102239102448,0.014037864672732778,0.0
2024-05-16,0.0,0.0,0.003881784272621933,0.003881784272621933,0.0,0.0,0.0,0.003881784272621933,0.003881784272621933,0.0,0.0,0.0,0.0037751366827331856,0.0037751366827331856,0.0,-0.002186869437963237,-0.002186869437963237,0.0037691073729806154,0.0037691073729806154,0.0,0.0,0.0,0.003881784272621933,0.003881784272621933,0.0,0.0,0.0,0.003881784272621933,0.003881784272621933,0.0,0.0,0.003881784272621933,-0.003753698109045032,-0.003753698109045032,-0.004210402599996103,-0.004210402599996103,0.0,0.0,0.003881784272621933,0.0037751366827331856,-0.003753698109045032,-0.004210402599996103,0.0
2024-05-17,0.0,0.0,-0.00036647479061403804,-0.00036647479061403804,0.0,0.0,0.0,-0.00036647479061403804,-0.00036647479061403804,0.0,0.0,0.0,-0.0003997953217082266,-0.0003997953217082266,0.0,-0.003863134686022742,-0.003863134686022742,-0.0004573252685620586,-0.0004573252685620586,0.0,0.0,0.0,-0.00036647479061403804,-0.00036647479061403804,0.0,0.0,0.0,-0.00036647479061403804,-0.00036647479061403804,0.0,0.0,-0.0003664747906140382,-0.0005507777588006006,0.00039225248882585214,0.00011675536706395412,0.00011675536706395412,0.0,0.0,-0.00036647479061403804,-0.0003997953217082266,-7.926263498737423e-05,0.00011675536706395412,0.0
2024-05-20,0.0,0.0,0.0023516733012535125,0.0023516733012535125,0.0,0.0,0.0,0.0023516733012535125,0.0023516733012535125,0.0,0.0,0.0,0.0023523820142433488,0.0023523820142433488,0.0,-0.0014532406952473135,-0.001443664183221806,0.0023406525371275824,0.00234587385758461,0.0,0.0,0.0,0.0023516733012535125,0.0023516733012535125,0.0,0.0,0.0,0.0023516733012535125,0.0023516733012535125,0.0,0.0,0.002351673301253513,0.0023516733012535125,0.0023516733012535125,-0.004101895090542382,-0.0031372868609587114,0.0,0.0,0.0023516733012535125,0.0023523820142433488,0.0023516733012535125,-0.0036195909757505466,0.0
2024-05-21,0.0,0.0,0.0009853453970457625,0.0009853453970457625,0.0,0.0,0.0,0.0009853453970457625,0.0009853453970457625,0.0,0.0,0.0,0.001020296933910254,0.001020296933910254,0.0,-0.00047427431127564275,-0.00047427431127564275,0.0010574721845608799,0.0010596916678014658,0.0,0.0,0.0,0.0009853453970457625,0.0009853453970457625,0.0,0.0,0.0,0.0009853453970457625,0.0009853453970457625,0.0,0.0,0.0009853453970457627,0.0009853453970457625,0.0009853453970457625,0.0009853453970457625,0.0009853453970457625,0.0,0.0,0.0009853453970457625,0.001020296933910254,0.0009853453970457625,0.0009853453970457625,0.0
2024-05-22,0.0,0.0,0.00525727669864139,0.00525727669864139,0.0,0.0,0.0,0.00525727669864139,0.00525727669864139,0.0,0.0,0.0,0.005103662708961201,0.005103662708961201,0.0,-0.0033744975229716093,-0.0033744975229716093,0.005297989769392526,0.005297989769392526,0.0,0.0,0.0,0.00525727669864139,0.00525727669864139,0.0,0.0,0.0,0.00525727669864139,0.00525727669864139,0.0,0.0,0.005257276698641391,0.00525727669864139,0.00525727669864139,0.00525727669864139,0.00525727669864139,0.0,0.0,0.00525727669864139,0.005103662708961201,0.00525727669864139,0.00525727669864139,0.0
2024-05-23,0.0,0.0,0.00124935383692585,0.0012537673750021997,0.0,0.0,0.0,0.00124935383692585,0.0012537673750021997,0.0,0.0,0.0,0.0012676026359281505,0.0012712513812634335,0.0,0.0010129684059749905,0.0010129684059749905,0.0013987194932256145,0.0013987194932256145,0.0,0.0,0.0,0.00124935383692585,0.0012537673750021997,0.0,0.0,0.0,0.00124935383692585,0.0012537673750021997,0.0,0.0,0.0012493538369258502,0.0012537673750021997,0.0012537673750021997,0.0012537673750021997,0.0012537673750021997,0.0,0.0,0.0012515606059640247,0.0012694270085957919,0.0012537673750021997,0.0012537673750021997,0.0
2024-05-24,0.0,0.0,-0.005853152905495348,-0.005847319486121663,0.0,0.0,0.0,-0.005853152905495348,-0.005847319486121663,0.0,0.0,0.0,-0.0057350628890875666,-0.0057315898239423905,0.0,-0.0033260929765797677,-0.001961988853926387,-0.006020259417391579,-0.005830537063819214,0.0,0.0,0.0,-0.005853152905495348,-0.005847319486121663,0.0,0.0,0.0,-0.005853152905495348,-0.005847319486121663,0.0,0.0,-0.005853152905495349,-0.0056860880081937865,-0.005675841050743751,-0.005675841050743751,-0.005675841050743751,0.0,0.0,-0.005850236195808506,-0.0057333263565149785,-0.0056809645294687685,-0.005675841050743751,0.0
2024-05-27,0.0,0.0,-0.004712364439557305,-0.004712364439557305,0.0,0.0,0.0,-0.004712364439557305,-0.004712364439557305,0.0,0.0,0.0,-0.004575983499751259,-0.00456898443735536,0.0,-0.005097494606493266,-0.003972680837478699,-0.005726932378504673,-0.005469202466752887,0.0,0.0,0.0,-0.004712364439557305,-0.004712364439557305,0.0,0.0,0.0,-0.004712364439557305,-0.004712364439557305,0.0,0.0,-0.004712364439557306,-0.004712364439557305,-0.004712364439557305,-0.004566276573428734,-0.004566276573428734,0.0,0.0,-0.004712364439557305,-0.004572483968553309,-0.004712364439557305,-0.004566276573428734,0.0
2024-05-28,0.0,0.0,0.0004994496322560204,0.0004994496322560204,0.0,0.0,0.0,0.0004994496322560204,0.0004994496322560204,0.0,0.0,0.0,0.00047539330501945816,0.00047539330501945816,0.0,0.00013042722566974734,0.00026289133621943393,0.0004755450420734105,0.000558438552304345,0.0,0.0,0.0,0.0004994496322560204,0.0004994496322560204,0.0,0.0,0.0,0.0004994496322560204,0.0004994496322560204,0.0,0.0,0.0004994496322560206,0.0004994496322560204,0.0004994496322560204,0.0004205250204679598,0.0004205250204679598,0.0,0.0,0.0004994496322560204,0.00047539330501945816,0.0004994496322560204,0.0004205250204679598,0.0
2024-05-29,0.0,0.0,0.008981103312062505,0.008987679949889268,0.0,0.0,0.0,0.008981103312062505,0.008987679949889268,0.0,0.0,0.0,0.008895202383559184,0.008895202383559184,0.0,0.006687920866054448,0.006783524033299701,0.009537602889486784,0.009642491858941532,0.0,0.0,0.0,0.008981103312062505,0.008987679949889268,0.0,0.0,0.0,0.008981103312062505,0.008987679949889268,0.0,0.0,0.008981103312062507,0.008987679949889268,0.008987679949889268,0.008699818594258718,0.008699818594258718,0.0,0.0,0.008984391630975887,0.008895202383559184,0.008987679949889268,0.008699818594258718,0.0
2024-05-30,0.0,0.0,-0.007977144340454505,-0.007963625899799919,0.0,0.0,0.0,-0.007977144340454505,-0.007963625899799919,0.0,0.0,0.0,-0.0077425886389282505,-0.007731039799968564,0.0,0.007393126788848563,0.007393126788848563,-0.004271378793741819,-0.004264563509696931,0.0,0.0,0.0,-0.007977144340454505,-0.007963625899799919,0.0,0.0,0.0,-0.007977144340454505,-0.007963625899799919,0.0,0.0,-0.007977144340454505,-0.007570597366513783,-0.007570597366513783,-0.00740542486657207,-0.00740542486657207,0.0,0.0,-0.007970385120127212,-0.007736814219448407,-0.007570597366513783,-0.00740542486657207,0.0
2024-05-31,0.0,0.0,-0.0042709358417519945,-0.004263452518189376,0.0,0.0,0.0,-0.0042709358417519945,-0.004263452518189376,0.0,0.0,0.0,-0.004177635218729742,-0.004170151895167123,0.0,-0.005133428038167821,-0.005133428038167821,-0.005543830651658655,-0.005326506291625527,0.0,0.0,0.0,-0.0042709358417519945,-0.004263452518189376,0.0,0.0,0.0,-0.0042709358417519945,-0.004263452518189376,0.0,0.0,-0.005218849960701534,-0.004268595975431704,-0.0042541673831842305,-0.004101957766544881,-0.004101957766544881,0.0,0.0,-0.004267194179970685,-0.004173893556948432,-0.004261381679307967,-0.004101957766544881,0.0
2024-06-03,0.0,0.0,-0.009380192438327651,-0.009365146049174104,0.0,0.0,0.0,-0.009380192438327651,-0.009365146049174104,0.0,0.0,0.0,-0.009418765439498445,-0.009418765439498445,0.0,0.002088582703639438,0.002091500094182873,-0.0016234600578808613,-0.001617881657134323,0.0,0.0,0.0,-0.009380192438327651,-0.009365146049174104,0.0,0.0,0.0,-0.009380192438327651,-0.009365146049174104,0.0,0.0,0.00956867654810202,-0.009365146049174104,-0.009365146049174104,-0.00902043776499346,-0.00902043776499346,0.0,0.0,-0.009372669243750877,-0.009418765439498445,-0.009365146049174104,-0.00902043776499346,0.0
2024-06-04,0.0,0.0,0.0034782787307415415,0.003480905384484501,0.0,0.0,0.0,0.0034782787307415415,0.003480905384484501,0.0,0.0,0.0,0.003420439202162605,0.003420439202162605,0.0,0.014718413375436236,0.014739619144116853,0.013711579155149249,0.013876902255926301,0.0,0.0,0.0,0.0034782787307415415,0.003480905384484501,0.0,0.0,0.0,0.0034782787307415415,0.003480905384484501,0.0,0.0,-0.003450543811249092,0.0035336907680831764,0.0035336907680831764,0.003219363025375688,0.003219363025375688,0.0,0.0,0.0034795920576130212,0.003420439202162605,0.0035336907680831764,0.003219363025375688,0.0
2024-06-05,0.0,0.0,0.0017570921647403754,0.0017570921647403754,0.0,-0.0006977146564228214,0.0,0.0015909862626178515,0.0017570921647403754,0.0,0.0,0.0,0.0016972721275330957,0.0016996154364064028,0.0,-0.007247158043653562,-0.007241718846001177,-0.0017258153223479779,-0.0016592104992906678,0.0,0.0,0.0,0.0017570921647403754,0.0017570921647403754,0.0,-0.0006977146564228214,0.0,0.0015909862626178515,0.0017570921647403754,0.0,0.0,-0.0026674449553119963,0.0017268632944383209,0.0017268632944383209,0.0016487680856151262,0.0016487680856151262,0.0,0.0,0.0017570921647403754,0.0016984437819697492,0.0017268632944383209,0.0016487680856151262,0.0
2024-06-06,0.0,0.0,-0.004596498571765551,-0.003637523255641189,0.0,0.002362527153843844,0.002362527153843844,-0.0035204768131421697,-0.002562303319235866,0.0,0.0,0.0,-0.004603789835035843,-0.0036391305159409696,0.0,0.0018240536878566,0.0025624971435428347,-0.0037710764994447446,-0.0028271384825645732,0.0,0.0,0.0,-0.004596498571765551,-0.003637523255641189,0.0,0.002362527153843844,0.002362527153843844,-0.0035204768131421697,-0.002562303319235866,0.0,0.0,-0.00457802404505599,-0.0036322067819994923,-0.0036322067819994923,-0.0035629634213790755,-0.0035629634213790755,0.0,0.0,-0.00411701091370337,-0.004121460175488406,-0.0036322067819994923,-0.0035629634213790755,0.0
2024-06-07,0.0,0.0,-0.01750966216257457,-0.017465186263835978,0.0,0.006305644596721394,0.006320619237301431,-0.017332406882713175,-0.017287619307422886,0.0,0.0,0.0,-0.017509662162574574,-0.01746518626383598,0.0,0.004247622729430478,0.004459113005240537,-0.017274636444921165,-0.017225846306933353,0.0,0.0,0.0,-0.01750966216257457,-0.017465186263835978,0.0,0.006305644596721394,0.006320619237301431,-0.017332406882713175,-0.017287619307422886,0.0,0.0,-0.01750966216257457,0.01611117188549061,0.017039617006795543,0.016288557017379326,0.016288557017379326,0.0,0.0,-0.017487424213205274,-0.017487424213205278,0.016575394446143078,0.016288557017379326,0.0
2024-06-10,0.0,0.0,0.0002798393726672493,0.0011511373756370223,0.0,-0.002669731903288804,-0.002669731903288804,-3.625546512241835e-05,0.0008263398792935576,0.0,0.0,0.0,0.00027983937266724953,0.0011511373756370226,0.0,-0.004182512715762479,-0.003310713241636189,-0.0002852203863154092,0.0005743172627827893,0.0,0.0,0.0,0.0002798393726672493,0.0011511373756370223,0.0,-0.002669731903288804,-0.002669731903288804,-3.625546512241835e-05,0.0008263398792935576,0.0,0.0,0.0011511373756370223,0.0011511373756370223,0.0011511373756370223,-0.0012288712605630278,-0.0012288712605630278,0.0,0.0,0.0007154883741521358,0.000715488374152136,0.0011511373756370223,-0.0012288712605630278,0.0
2024-06-11,0.0,0.0,0.001114251937230805,0.001114251937230805,0.0,-0.0004893381321226106,-0.0004851273912181351,0.0006787347652154566,0.0007255612018592365,0.0,0.0,0.0,0.001114251937230805,0.001114251937230805,0.0,0.0007348507724716702,0.0009923760375882677,0.0013176880582256819,0.0013935139150921404,0.0,0.0,0.0,0.001114251937230805,0.001114251937230805,0.0,-0.0004893381321226106,-0.0004851273912181351,0.0006787347652154566,0.0007255612018592365,0.0,0.0,-0.0011223700453516041,-0.001122370045351604,-0.001122370045351604,0.0013121470914123543,0.0013121470914123543,0.0,0.0,0.001114251937230805,0.001114251937230805,-0.001122370045351604,0.0013121470914123543,0.0
2024-06-12,0.0,0.0,-0.010255336408022077,-0.009373337386109374,0.0,-0.005997757862582873,-0.005965471968707523,-0.011813509999960389,-0.010884320806741229,0.0,0.0,0.0,-0.010255336408022078,-0.009373337386109376,0.0,0.0053772424428147276,0.0053772424428147276,-0.009570991290340619,-0.008687923637459858,0.0,0.0,0.0,-0.010255336408022077,-0.009373337386109374,0.0,-0.005997757862582873,-0.005965471968707523,-0.011813509999960389,-0.010884320806741229,0.0,0.0,0.009381856643892938,0.009385100677234345,0.009385100677234345,-0.009599675899255112,-0.009599675899255112,0.0,0.0,-0.009814336897065725,-0.009814336897065727,0.009385100677234345,-0.009599675899255112,0.0
2024-06-13,0.0,0.0,-0.007164995122631037,-0.0062755317441165895,0.0,0.006323514341758489,0.0063293332123160835,-0.00685727720769396,-0.0059685976170667015,0.0,0.0,0.0,-0.007164995122631038,-0.00627553174411659,0.0,-0.006260643020704677,-0.006240697727697824,-0.007555908142267078,-0.006660843176358473,0.0,0.0,0.0,-0.007164995122631037,-0.0062755317441165895,0.0,0.006323514341758489,0.0063293332123160835,-0.00685727720769396,-0.0059685976170667015,0.0,0.0,-0.006492539291347627,-0.0064568854064404905,-0.0064568854064404905,0.0066270878022316945,0.0066270878022316945,0.0,0.0,-0.006720263433373813,-0.006720263433373814,-0.0064568854064404905,0.0066270878022316945,0.0
2024-06-14,0.0,0.0,0.0036345582014323473,0.0036345582014323473,0.0,0.005965393613502448,0.005965393613502448,0.003729430983221124,0.004277052105305525,0.0,0.0,0.0,0.002739746526522438,0.003634558201432349,0.0,-0.007952784147775303,-0.0076685833784267046,0.0012489966824445603,0.001706072278221333,0.0,0.0,0.0,0.0036345582014323473,0.0036345582014323473,0.0,0.005965393613502448,0.005965393613502448,0.003729430983221124,0.004277052105305525,0.0,0.0,-0.003631718277238293,-0.00464443487303949,-0.003748880090561782,0.003414018881804728,0.003414018881804728,0.0,0.0,0.0036345582014323473,0.0031871523639773933,-0.004196657481800636,0.003414018881804728,0.0
2024-06-17,0.0,0.0,-0.0016583855473711199,-0.0016583855473711199,0.0,-0.002139272408424023,-0.002139272408424023,-0.0023069809844839086,-0.0017310144587355666,0.0,0.0,0.0,0.0016508549252947733,0.0016508549252947733,0.0,0.0014236945675229018,0.0014236945675229018,-0.00039827371985732077,-0.0002531851281912899,0.0,0.0,0.0,-0.0016583855473711199,-0.0016583855473711199,0.0,-0.002139272408424023,-0.002139272408424023,-0.0023069809844839086,-0.0017310144587355666,0.0,0.0,0.0016794082555490356,-0.0016583855473711199,-0.0016583855473711199,-0.0020686994775313294,-0.001997549203157333,0.0,0.0,-0.0016583855473711199,0.0016508549252947733,-0.0016583855473711199,-0.002033124340344331,0.0
2024-06-18,0.0,0.0,-0.0035382647521785804,-0.0035382647521785804,0.0,0.001309469369197824,0.001324029751742884,-0.0034801870566143686,-0.0033505822628318695,0.0,0.0,0.0,0.003614589930439182,0.003614589930439182,0.0,-0.0011047829192188604,-0.0011047829192188604,-0.004372905982693259,-0.004320012903342179,0.0,0.0,0.0,-0.0035382647521785804,-0.0035382647521785804,0.0,0.001309469369197824,0.001324029751742884,-0.0034801870566143686,-0.0033505822628318695,0.0,0.0,0.0036237612751233743,-0.0035382647521785804,-0.0035382647521785804,-0.0035854735490457286,-0.0035854735490457286,0.0,0.0,-0.0035382647521785804,0.003614589930439182,-0.0035382647521785804,-0.0035854735490457286,0.0
2024-06-19,0.0,0.0,-0.0006042553994345103,-0.0005959906630547014,0.0,-0.002036389770917117,-0.002036389770917117,-0.0013438799212437938,-0.0012194113375163832,0.0,0.0,0.0,-0.00037159160781215824,0.0005886425300937882,0.0,-0.0005693048325693623,0.0003529054026797044,-0.0006338947741249191,-3.5639786968415715e-05,0.0,0.0,0.0,-0.0006042553994345103,-0.0005959906630547014,0.0,-0.002036389770917117,-0.002036389770917117,-0.0013438799212437938,-0.0012194113375163832,0.0,0.0,0.0005848638973510998,-0.0005959906630547014,-0.0005959906630547014,-0.0005986159933965341,-0.0005986159933965341,0.0,0.0,-0.0006001230312446059,0.00010852546114081498,-0.0005959906630547014,-0.0005986159933965341,0.0
2024-06-20,0.0,0.0,0.005780064759314823,0.005794414817142145,0.0,-0.0060271146255780495,-0.0060194230028212505,0.004957703031927841,0.0049612078149496724,0.0,0.0,0.0,0.005947958780697487,0.005947958780697487,0.0,0.007135368876566487,0.0076822108984134635,0.009422412032051172,0.009813527932357041,0.0,0.0,0.0,0.005780064759314823,0.005794414817142145,0.0,-0.0060271146255780495,-0.0060194230028212505,0.004957703031927841,0.0049612078149496724,0.0,0.0,-0.005877189510546689,0.005769713157890108,0.005769713157890108,0.005717635158070021,0.005717635158070021,0.0,0.0,0.005787239788228485,0.005947958780697487,0.005769713157890108,0.005717635158070021,0.0
2024-06-21,0.0,0.0,0.00269191423916451,0.0027029081389464095,0.0,-0.0041261365404070705,-0.0041261365404070705,0.002197428500052208,0.002203679385039941,0.0,0.0,0.0,0.002738296994785222,0.002738296994785222,0.0,0.0030756941742085763,0.0045850536090893766,0.004333276415870148,0.005130346778135045,0.0,0.0,0.0,0.00269191423916451,0.0027029081389464095,0.0,-0.0041261365404070705,-0.0041261365404070705,0.002197428500052208,0.002203679385039941,0.0,0.0,-0.0026267885695533608,0.002562236494316204,0.002595639696266745,0.002593480503354513,0.002593480503354513,0.0,0.0,0.00269741118905546,0.002738296994785222,0.0025789380952914746,0.002593480503354513,0.0
2024-06-24,0.0,0.0,-0.004566395303462575,-0.0045641398026928445,0.0,-0.0035308427321739558,-0.0035267917699601035,-0.004881916844506726,-0.00486497378929247,0.0,0.0,0.0,-0.004607209735421449,-0.004607209735421449,0.0,-0.0037085103162401933,-0.0035024890676506946,0.0016394445078757177,0.0021245540237352627,0.0,0.0,0.0,-0.004566395303462575,-0.0045641398026928445,0.0,-0.0035308427321739558,-0.0035267917699601035,-0.004881916844506726,-0.00486497378929247,0.0,0.0,0.0044816981837990325,-0.0045641398026928445,-0.0045641398026928445,-0.004362630905132201,-0.004362630905132201,0.0,0.0,-0.00456526755307771,-0.004607209735421449,-0.0045641398026928445,-0.004362630905132201,0.0
2024-06-25,0.0,0.0,0.0023943632787920338,0.0023943632787920338,0.0,-5.3138444139137135e-05,-5.3138444139137135e-05,0.0023661009118313447,0.002381689467254816,0.0,0.0,0.0,0.0023799699267071264,0.002383663335577292,0.0,-0.00023982987612781878,-7.19684676628073e-05,-0.0018546778982557045,-0.0012516862835932289,0.0,0.0,0.0,0.0023943632787920338,0.0023943632787920338,0.0,-5.3138444139137135e-05,-5.3138444139137135e-05,0.0023661009118313447,0.002381689467254816,0.0,0.0,-0.0023263542501003563,0.002373382166300172,0.002373382166300172,0.0023134073750166453,0.0023134073750166453,0.0,0.0,0.0023943632787920338,0.002381816631142209,0.002373382166300172,0.0023134073750166453,0.0
2024-06-26,0.0,0.0,0.007835759490571676,0.007835759490571676,0.0,0.00017294011307526606,0.00017294011307526606,0.00825276866505426,0.008258700784620626,0.0,0.0,0.0,0.007904459863594209,0.007906989329067228,0.0,-0.0006787241788526899,-0.00022508794846773513,0.006953278723358035,0.007581407004334276,0.0,0.0,0.0,0.007835759490571676,0.007835759490571676,0.0,0.00017294011307526606,0.00017294011307526606,0.00825276866505426,0.008258700784620626,0.0,0.0,-0.008678148990415689,0.00783726436510426,0.00783726436510426,0.007364953297142867,0.007364953297142867,0.0,0.0,0.007835759490571676,0.007905724596330719,0.00783726436510426,0.007364953297142867,0.0
2024-06-27,0.0,0.0,-0.000584226848141251,-0.000584226848141251,0.0,-0.0022749763589440188,-0.0022749763589440188,-0.0006987521693424861,-0.0006937110158778885,0.0,0.0,0.0,-0.0006018666709941428,-0.0006018666709941428,0.0,-0.0010877069495825622,-0.001038305652237674,-0.0014541060079277027,-0.001027951787589063,0.0,0.0,0.0,-0.000584226848141251,-0.000584226848141251,0.0,-0.0022749763589440188,-0.0022749763589440188,-0.0006987521693424861,-0.0006937110158778885,0.0,0.0,-0.0006052076386099801,-0.0005868405028182371,-0.0005868405028182371,-0.0005613911647305486,-0.0005613911647305486,0.0,0.0,-0.000584226848141251,-0.0006018666709941428,-0.0005868405028182371,-0.0005613911647305486,0.0
2024-06-28,0.0,0.0,-0.0014618237297108032,-0.0014587923397986673,0.0,-0.0026427255977895915,-0.0026427255977895915,-0.001597768481016141,-0.0015938255953589955,0.0,0.0,0.0,-0.001514208628014873,-0.001514208628014873,0.0,-0.0016286284802305559,-0.0014388037082134861,-0.0027632280783887555,-0.0025603761720040994,0.0,0.0,0.0,-0.0014618237297108032,-0.0014587923397986673,0.0,-0.0026427255977895915,-0.0026427255977895915,-0.001597768481016141,-0.0015938255953589955,0.0,0.0,-0.0015410861620584525,-0.0014176328948734113,-0.001412343538803497,-0.0013271244487020703,-0.0013271244487020703,0.0,0.0,-0.0014603080347547353,-0.001514208628014873,-0.0014149882168384541,-0.0013271244487020703,0.0
2024-07-01,0.0,0.0,0.00303254659167835,0.0030387021831786215,0.0,-0.005520121699154527,-0.003929347308477075,0.0031578300529620383,0.0032048879675245336,0.0,0.0,0.0,0.003112879842159961,0.003134284469359918,0.0,-0.005546421477493324,-0.005179300891998455,-0.0031506027901877015,-0.0027749260883185357,0.0,0.0,0.0,0.00303254659167835,0.0030387021831786215,0.0,-0.005520121699154527,-0.003929347308477075,0.0031578300529620383,0.0032048879675245336,0.0,0.0,0.003181419503798691,0.0030387021831786215,0.0030387021831786215,0.0028213973776825873,0.0028213973776825873,0.0,0.0,0.0030356243874284858,0.0031235821557599394,0.0030387021831786215,0.0028213973776825873,0.0
2024-07-02,0.0,0.0,-0.002927475450002608,-0.0029096665751128783,0.0,0.004637577701441208,0.004637577701441208,-0.002697666661185539,-0.002697666661185539,0.0,0.0,0.0,-0.0028979522532957365,-0.002892859821847878,0.0,0.002527057980805791,0.002527057980805791,-0.0008114301743615228,-0.0007664586702739433,0.0,0.0,0.0,-0.002927475450002608,-0.0029096665751128783,0.0,0.004637577701441208,0.004637577701441208,-0.002697666661185539,-0.002697666661185539,0.0,0.0,-0.0029619506080617555,-0.002888713661147071,-0.002888713661147071,-0.002647937025162922,-0.002647937025162922,0.0,0.0,-0.002918571012557743,-0.0028954060375718073,-0.002888713661147071,-0.002647937025162922,0.0
2024-07-03,0.0,0.0,-0.00757624915811405,-0.00757624915811405,0.0,0.006671984442366047,0.006671984442366047,-0.007429311223178865,-0.007429311223178865,0.0,0.0,0.0,-0.007489350221295503,-0.007489350221295503,0.0,0.0012210459911035053,0.0013749733417793902,-0.007277269863849919,-0.007120114616218753,0.0,0.0,0.0,-0.00757624915811405,-0.00757624915811405,0.0,0.006671984442366047,0.006671984442366047,-0.007429311223178865,-0.007429311223178865,0.0,0.0,-0.0074206466256988915,-0.0073786541216896845,-0.0073786541216896845,-0.006886043753565749,-0.006886043753565749,0.0,0.0,-0.00757624915811405,-0.007489350221295503,-0.0073786541216896845,-0.006886043753565749,0.0
2024-07-04,0.0,0.0,-0.0033286111660448454,-0.0033286111660448454,0.0,0.0003417521958315379,0.0003417521958315379,-0.0034341830123961487,-0.003380056267430005,0.0,0.0,0.0,-0.0032551180306707945,-0.0032511350039057052,0.0,-0.003169075046848616,-0.0014457044718576822,-0.004038930840020445,-0.0034551662027705234,0.0,0.0,0.0,-0.0033286111660448454,-0.0033286111660448454,0.0,0.0003417521958315379,0.0003417521958315379,-0.0034341830123961487,-0.003380056267430005,0.0,0.0,-0.003316648553265395,-0.0032087648698967803,-0.0032087648698967803,-0.0029241015642927108,-0.0029241015642927108,0.0,0.0,-0.0033286111660448454,-0.00325312651728825,-0.0032087648698967803,-0.0029241015642927108,0.0
2024-07-05,0.0,0.0,-0.0043840355344115295,-0.0043840355344115295,0.0,-0.002515597112622173,-0.002515597112622173,-0.005130642653245997,-0.005126430264471466,0.0,0.0,0.0,-0.004374384304951705,-0.004368410747670543,0.0,0.0032423643523862957,0.004085832953245545,-0.004114256158853019,-0.004024656011516572,0.0,0.0,0.0,-0.0043840355344115295,-0.0043840355344115295,0.0,-0.002515597112622173,-0.002515597112622173,-0.005130642653245997,-0.005126430264471466,0.0,0.0,-0.00542311350408993,-0.004209923487853504,-0.004184400045014766,-0.003931407763866042,-0.003931407763866042,0.0,0.0,-0.0043840355344115295,-0.004371397526311124,-0.004197161766434135,-0.003931407763866042,0.0
2024-07-08,0.0,0.0,0.0022037983932330987,0.00336486165428435,0.0,-0.0005081689944284506,-0.0005081689944284506,0.0024090642879994345,0.0035836755401651202,0.0,-0.0006726253398545681,0.0,0.0022058154419451774,0.0034474308198187767,0.0,-0.001585231993765777,-0.00040380237882388847,0.0025952209512669472,0.0035087864578513075,0.0,0.0,0.0,0.0022037983932330987,0.00336486165428435,0.0,-0.0005081689944284506,-0.0005081689944284506,0.0024090642879994345,0.0035836755401651202,0.0,0.0,-0.0035162907483302567,0.00336486165428435,0.00336486165428435,0.0030059746260225383,0.0030059746260225383,0.0,0.0,0.0027843300237587244,0.002826623130881977,0.00336486165428435,0.0030059746260225383,0.0
2024-07-09,0.0,0.0,-0.001106083091455461,-0.001106083091455461,0.0,-0.0001519574004339502,0.00171782110966935,-0.0014608416462691658,-0.0006657791292176607,0.0,0.0006991783200114097,0.0006991783200114097,0.0003196267650025129,0.0003196267650025129,0.0,-0.00014756316404742606,0.0001694802550235079,-3.818975466492248e-05,0.00023726505936569334,0.0,0.0,0.0,-0.001106083091455461,-0.001106083091455461,0.0,-0.0001519574004339502,0.00171782110966935,-0.0014608416462691658,-0.0006657791292176607,0.0,0.0,-0.00105309649437461,0.0010397717711102309,0.0010397717711102309,0.0009151048326603747,0.0009151048326603747,0.0,0.0,-0.001106083091455461,0.0003196267650025129,0.0010397717711102309,0.0009151048326603747,0.0
2024-07-10,0.0,0.0,-0.0015655550870462534,-0.0003338217069997994,0.0,-0.003765765930347203,-0.003751860435633237,-0.0036003159435765955,-0.0024959865197485827,0.0,-0.0027868721936377735,-0.0027732937109479303,-0.00256205049931608,-0.0025179132004902022,0.0,-0.0022815300346000714,-0.0020061544987066593,-0.002367242535079978,-0.002052787804543864,0.0,0.0,0.0,-0.0015655550870462534,-0.0003338217069997994,0.0,-0.003765765930347203,-0.003751860435633237,-0.0036003159435765955,-0.0024959865197485827,0.0,0.0,-0.0003575585643047776,0.00019943226872044128,0.00019943226872044128,2.045152945790746e-05,2.045152945790746e-05,0.0,0.0,-0.0009496883970230264,-0.002539981849903141,0.00019943226872044128,2.045152945790746e-05,0.0
2024-07-11,0.0,0.0,-0.008954145805140881,-0.007737270815217262,0.0,0.009523555123088799,0.009619568374833198,-0.008237214633618026,-0.007029607819717104,0.0,0.0016342297391427393,0.0016533178050817457,0.0025325864752401184,0.002756051942379024,0.0,0.005353616955363863,0.005602993027525104,0.005742026779417755,0.006132670909961065,0.0,0.0,0.0,-0.008954145805140881,-0.007737270815217262,0.0,0.009523555123088799,0.009619568374833198,-0.008237214633618026,-0.007029607819717104,0.0,0.0,0.007290263323223532,-0.0070981300705567135,-0.0070981300705567135,-0.006199286025026112,-0.006199286025026112,0.0,0.0,-0.008345708310179072,0.002644319208809571,-0.0070981300705567135,-0.006199286025026112,0.0
2024-07-12,0.0,0.0,0.005547761722822859,0.005547761722822859,0.0,0.00012293969461796284,0.00015480542849813904,0.0055613820726637155,0.0055613820726637155,0.0,-0.0005133384567178815,-0.0005018853943783812,0.0051150907495018496,0.005123762704292464,0.0,0.0010135879072142525,0.001018854497761678,0.005396451575121932,0.00543868489406882,0.0,0.0,0.0,0.005547761722822859,0.005547761722822859,0.0,0.00012293969461796284,0.00015480542849813904,0.0055613820726637155,0.0055613820726637155,0.0,0.0,0.005430274708165269,-0.006646824827328477,-0.005465140312500045,-0.0048488271891435055,-0.0048488271891435055,0.0,0.0,0.005547761722822859,0.005119426726897157,-0.006055982569914261,-0.0048488271891435055,0.0
2024-07-15,0.0,0.0,-0.00739046745096751,-0.00739046745096751,0.0,0.0043165695114347645,0.0043165695114347645,-0.007378025633370753,-0.007367998475613061,0.0,-0.004727919901842782,-0.004725151735216228,-0.008069326619670799,-0.007972995187187828,0.0,-0.0006323210102754461,-6.0942304962427083e-05,-0.007901745722131785,-0.007726320140189391,0.0,0.0,0.0,-0.00739046745096751,-0.00739046745096751,0.0,0.0043165695114347645,0.0043165695114347645,-0.007378025633370753,-0.007367998475613061,0.0,0.0,-0.007312260170359023,-0.00739046745096751,-0.00739046745096751,0.005903704496107067,0.00599540055258476,0.0,0.0,-0.00739046745096751,-0.008021160903429313,-0.00739046745096751,0.005949552524345913,0.0
2024-07-16,0.0,0.0,-0.001549086209027905,-0.0002575232146684935,0.0,0.0015417971411223576,0.0015451643788270799,-0.0014661161433228785,-0.00018715435801323796,0.0,-0.0009175998191225537,-0.0009175998191225537,-0.0010360410575090623,-0.0007815157571236335,0.0,-0.002579962568212979,-0.0024107332572735228,-0.0019410958061564167,-0.0014140243602764927,0.0,0.0,0.0,-0.001549086209027905,-0.0002575232146684935,0.0,0.0015417971411223576,0.0015451643788270799,-0.0014661161433228785,-0.00018715435801323796,0.0,0.0,-0.00022343740290663107,-0.0002575232146684935,-0.0002575232146684935,0.0002260604837969253,0.0002260604837969253,0.0,0.0,-0.0009033047118481993,-0.0009087784073163478,-0.0002575232146684935,0.0002260604837969253,0.0
2024-07-17,0.0,0.0,-0.008582298698034877,-0.00855813227412909,0.0,0.011585683319742728,0.011634089214737233,-0.006290001702092829,-0.006250532659929234,0.0,0.0016650711665970226,0.001679729720525833,0.000413212530119048,0.0012533333447256817,0.0,-0.0006045101532210061,0.00018274210612921897,-0.0031559228642383504,-0.0025232607936443155,0.0,0.0,0.0,-0.008582298698034877,-0.00855813227412909,0.0,0.011585683319742728,0.011634089214737233,-0.006290001702092829,-0.006250532659929234,0.0,0.0,0.008313689244918319,0.008332223506420822,0.008332223506420822,-0.00840321207413916,-0.00840321207413916,0.0,0.0,-0.008570215486081985,0.0008332729374223649,0.008332223506420822,-0.00840321207413916,0.0
2024-07-18,0.0,0.0,0.008981079192425464,0.008981079192425464,0.0,0.0001383990056952056,0.00014228391519198057,0.009584564895786662,0.009607273421727198,0.0,-0.0018378752301901238,-0.0018378752301901238,0.00526167612117982,0.005752682017201272,0.0,-0.0017155655572270606,-0.0014299305315399796,0.003915619193880014,0.004662870213486809,0.0,0.0,0.0,0.008981079192425464,0.008981079192425464,0.0,0.0001383990056952056,0.00014228391519198057,0.009584564895786662,0.009607273421727198,0.0,0.0,-0.008959153445840614,-0.009270191360287169,-0.009270191360287169,0.009241175065124252,0.009241175065124252,0.0,0.0,0.008981079192425464,0.005507179069190547,-0.009270191360287169,0.009241175065124252,0.0
2024-07-19,0.0,0.0,0.00482990949434967,0.006050777939338925,0.0,0.004163695454237875,0.004163695454237875,0.005199002342201653,0.006446406589094256,0.0,-0.0032248014523928187,-0.0032248014523928187,-0.0011694473559367832,-0.0006365877684818501,0.0,0.002761138618187985,0.002813715289071989,-0.0017934892142942478,-0.0009009689464302198,0.0,0.0,0.0,0.00482990949434967,0.006050777939338925,0.0,0.004163695454237875,0.004163695454237875,0.005199002342201653,0.006446406589094256,0.0,0.0,-0.00607242574604044,-0.006190758298639086,-0.006141006267745306,0.0060547843924151756,0.0060547843924151756,0.0,0.0,0.005440343716844298,-0.0009030175622093166,-0.0061658822831921955,0.0060547843924151756,0.0
2024-07-22,0.0,0.0,-0.003114297838343686,-0.003114297838343686,0.0,0.003576368074964731,0.003576368074964731,-0.0032777745765246126,-0.003074531308320569,0.0,-0.004110330626193136,-0.004106401807998879,-0.003675755487878156,-0.0036684481262210834,0.0,0.0011672163175711367,0.0013957622772438163,-0.003257276494733658,-0.0031456603101294245,0.0,0.0,0.0,-0.003114297838343686,-0.003114297838343686,0.0,0.003576368074964731,0.003576368074964731,-0.0032777745765246126,-0.003074531308320569,0.0,0.0,-0.0030435514500498626,-0.003114297838343686,-0.003114297838343686,0.002990148651243655,0.002990148651243655,0.0,0.0,-0.003114297838343686,-0.00367210180704962,-0.003114297838343686,0.002990148651243655,0.0
2024-07-23,0.0,0.0,-0.005139388925044999,-0.005139388925044999,0.0,0.007798085680118313,0.007813369583649142,-0.0035056623004104817,-0.003323719709394985,0.0,0.0010748349599982326,0.0010748349599982326,-0.0045036982687500495,-0.004492607965076799,0.0,0.0075345770300108755,0.007890587912986977,-0.0028690755046483604,-0.0026980930604047627,0.0,0.0,0.0,-0.005139388925044999,-0.005139388925044999,0.0,0.007798085680118313,0.007813369583649142,-0.0035056623004104817,-0.003323719709394985,0.0,0.0,-0.005090758887072946,-0.005139388925044999,-0.005139388925044999,0.004971646348272479,0.004971646348272479,0.0,0.0,-0.005139388925044999,-0.004498153116913424,-0.005139388925044999,0.004971646348272479,0.0
2024-07-24,0.0,0.0,-0.0008559220283595142,-0.0008559220283595142,0.0,0.012345464088548308,0.012363742811195457,-0.00011551109987780322,-9.782817395172283e-05,0.0,0.00155470091272662,0.0015580685479446841,-0.0006337586812216574,-0.0006086431042715909,0.0,0.00799368251604723,0.008378805355657087,0.0009471946105031311,0.0009805407019604774,0.0,0.0,0.0,-0.0008559220283595142,-0.0008559220283595142,0.0,0.012345464088548308,0.012363742811195457,-0.00011551109987780322,-9.782817395172283e-05,0.0,0.0,-0.0008185621545673631,-0.0008559220283595142,-0.0008559220283595142,0.00019281035682480524,0.00019281035682480524,0.0,0.0,-0.0008559220283595142,-0.0006212008927466242,-0.0008559220283595142,0.00019281035682480524,0.0
2024-07-25,0.0,0.0,-0.004307696230143072,-0.0042927133773037925,0.0,0.007632715686919518,0.007645091540202675,-0.003862650604572675,-0.0037835040682823355,0.0,-0.005945656657983909,-0.004644559306182816,-0.0046609475623869264,-0.00463847881123972,0.0,0.006777584543412202,0.007195822749173221,-0.0036460041815925873,-0.0035717743110695306,0.0,0.0,0.0,-0.004307696230143072,-0.0042927133773037925,0.0,0.007632715686919518,0.007645091540202675,-0.003862650604572675,-0.0037835040682823355,0.0,0.0,-0.004364939665808315,-0.0042927133773037925,-0.0042927133773037925,0.004007737231921538,0.004007737231921538,0.0,0.0,-0.004300204803723433,-0.004649713186813323,-0.0042927133773037925,0.004007737231921538,0.0
2024-07-26,0.0,0.0,0.00036551976145213303,0.0003953905367774478,0.0,-0.002132843892589404,-0.002132843892589404,0.0003385931483450022,0.0003385931483450022,0.0,0.0011511653311350105,0.0011511653311350105,0.00045320253528788735,0.00045320253528788735,0.0,-0.0018681451740631453,-0.0012587683414956251,0.0002857272427960586,0.0002857272427960586,0.0,0.0,0.0,0.00036551976145213303,0.0003953905367774478,0.0,-0.002132843892589404,-0.002132843892589404,0.0003385931483450022,0.0003385931483450022,0.0,0.0,0.0004148815045743409,0.00033588470886186715,0.00038073833702646174,-0.00030437657946238587,-0.00030437657946238587,0.0,0.0,0.0003804551491147904,0.00045320253528788735,0.00035831152294416447,-0.00030437657946238587,0.0
2024-07-29,0.0,0.0,-0.003378616350818806,-0.003378616350818806,0.0,-0.0004560006797238693,-0.0004560006797238693,-0.003339166893463783,-0.003339166893463783,0.0,-0.002757227477373295,-0.002757227477373295,-0.0034531877202950783,-0.0034531877202950783,0.0,-0.0021480621304729164,-0.0018363856890972387,-0.0036317120410073096,-0.0034797584559660318,0.0,0.0,0.0,-0.003378616350818806,-0.003378616350818806,0.0,-0.0004560006797238693,-0.0004560006797238693,-0.003339166893463783,-0.003339166893463783,0.0,0.0,-0.0033692506529380316,-0.003378616350818806,-0.003378616350818806,0.003254193724017592,0.003254193724017592,0.0,0.0,-0.003378616350818806,-0.0034531877202950783,-0.003378616350818806,0.003254193724017592,0.0
2024-07-30,0.0,0.0,0.0023672525714950507,0.0023714970281714346,0.0,0.004836619667825623,0.004836619667825623,0.00235176269740498,0.00236593260900857,0.0,-0.0031348050006940547,-0.0031348050006940547,0.0022220168202079973,0.0022220168202079973,0.0,0.002162193040068896,0.002227742801331859,0.0028355010337216763,0.0028355010337216763,0.0,0.0,0.0,0.0023672525714950507,0.0023714970281714346,0.0,0.004836619667825623,0.004836619667825623,0.00235176269740498,0.00236593260900857,0.0,0.0,0.002376677439967967,0.0023714970281714346,0.0023714970281714346,-0.002624472412893296,-0.002624472412893296,0.0,0.0,0.0023693747998332427,0.0022220168202079973,0.0023714970281714346,-0.002624472412893296,0.0
2024-07-31,0.0,0.0,0.008341291700101285,0.008348999091027078,0.0,0.003570504165375272,0.005218198106142392,0.008515027898857167,0.008671920129050775,0.0,-0.005607144009156819,-0.005601123229520822,0.0082090950744007,0.008215106895982363,0.0,0.0013187109908432116,0.002023284168440919,0.008490011686765851,0.008645029368928083,0.0,0.0,0.0,0.008341291700101285,0.008348999091027078,0.0,0.003570504165375272,0.005218198106142392,0.008515027898857167,0.008671920129050775,0.0,0.0,0.008303980969158074,0.008294839558955753,0.008294839558955753,-0.008372433452727094,-0.008372433452727094,0.0,0.0,0.00834514539556418,0.00821210098519153,0.008294839558955753,-0.008372433452727094,0.0
2024-08-01,0.0,0.0,-0.008416338040726083,-0.00839074251783422,0.0,-0.015021964219329064,-0.015014428093276444,-0.01069715197092176,-0.010647324537793181,0.0,0.0013619328373158798,0.0013665181862936924,-0.008469425752894801,-0.008445614944265644,0.0,-0.010391514853163336,-0.010359564526347944,-0.009137124075339792,-0.009127112001241723,0.0,0.0,0.0,-0.008416338040726083,-0.00839074251783422,0.0,-0.015021964219329064,-0.015014428093276444,-0.01069715197092176,-0.010647324537793181,0.0,0.0,-0.008515237659362952,-0.00796984209308423,-0.00796984209308423,0.006723899397387373,0.006723899397387373,0.0,0.0,-0.008403540279280152,-0.008457520348580223,-0.00796984209308423,0.006723899397387373,0.0
2024-08-02,0.0,0.0,0.013236008684235908,0.013267364853947125,0.0,-0.010161628861607994,-0.008504479916231293,0.013164933317159882,0.013216280935596743,0.0,0.007394632079294036,0.007475160621362175,0.01348287452580956,0.013517196150344288,0.0,-0.0094107572894645,-0.0086749567434423,0.012977199679548168,0.013022029096028122,0.0,0.0,0.0,0.013236008684235908,0.013267364853947125,0.0,-0.010161628861607994,-0.008504479916231293,0.013164933317159882,0.013216280935596743,0.0,0.0,0.013121451354905066,0.013779721745786781,0.013839467653604196,-0.01421386529529695,-0.01421386529529695,0.0,0.0,0.013251686769091517,0.013500035338076923,0.013809594699695489,-0.01421386529529695,0.0
2024-08-05,0.0,0.0,0.003830762503951496,0.0038340818132149164,0.0,0.007881849480776084,0.007881849480776084,0.003897996282569952,0.003906636319441382,0.0,0.0012287238243492136,0.002652970328989997,0.0037846857576646193,0.0038066478488261346,0.0,0.0031629996894716656,0.0033924418048140188,0.004084978791787531,0.004106854584296042,0.0,0.0,0.0,0.003830762503951496,0.0038340818132149164,0.0,0.007881849480776084,0.007881849480776084,0.003897996282569952,0.003906636319441382,0.0,0.0,0.003880461778410673,0.0038340818132149164,0.0038340818132149164,-0.005169496898253153,-0.005169496898253153,0.0,0.0,0.0038324221585832063,0.003795666803245377,0.0038340818132149164,-0.005169496898253153,0.0
2024-08-06,0.0,0.0,0.00167488699201878,0.00167488699201878,0.0,-0.00368550824610632,-0.0019376308804891595,0.0017413834200286017,0.001777499151324724,0.0,0.004720580252768154,0.004720580252768154,0.0017490456272432574,0.0017490456272432574,0.0,0.006745436088321223,0.006767217763545493,0.0021349188539744155,0.002169605448575791,0.0,0.0,0.0,0.00167488699201878,0.00167488699201878,0.0,-0.00368550824610632,-0.0019376308804891595,0.0017413834200286017,0.001777499151324724,0.0,0.0,0.001711264310273326,0.0016601751030580754,0.0016601751030580754,-0.0007500626928777048,-0.0007500626928777048,0.0,0.0,0.00167488699201878,0.0017490456272432574,0.0016601751030580754,-0.0007500626928777048,0.0
2024-08-07,0.0,0.0,0.000508891804443074,0.0005250825970265958,0.0,0.014324540947559888,0.01608971034604507,0.0009001255658708999,0.0009113086455551926,0.0,0.00203956216026477,0.0020681225977543538,0.0006015551315240758,0.0006138092872398037,0.0,-0.000709335481613413,-0.0006621882255568184,0.00041161807418665816,0.0004198917025799106,0.0,0.0,0.0,0.000508891804443074,0.0005250825970265958,0.0,0.014324540947559888,0.01608971034604507,0.0009001255658708999,0.0009113086455551926,0.0,0.0,0.0005336300774816346,0.0003466758323861855,0.0003466758323861855,0.0021059004653157737,0.0021059004653157737,0.0,0.0,0.0005169872007348349,0.0006076822093819398,0.0003466758323861855,0.0021059004653157737,0.0
2024-08-08,0.0,0.0,0.004046035152738571,0.004084268084310721,0.0,-0.011682861025746375,-0.009977046036775867,0.00414401383084286,0.0041890768761612745,0.0,0.00432128749131346,0.004344585116129502,0.003989538187604811,0.004034054915570877,0.0,-0.0056430763533918136,-0.005453160340146055,0.0037170051194094673,0.0037552741756422575,0.0,0.0,0.0,0.004046035152738571,0.004084268084310721,0.0,-0.011682861025746375,-0.009977046036775867,0.00414401383084286,0.0041890768761612745,0.0,0.0,0.003838309778236858,0.003585165798231387,0.003585165798231387,-0.0023265480964767796,-0.0023265480964767796,0.0,0.0,0.004065151618524646,0.004011796551587845,0.003585165798231387,-0.0023265480964767796,0.0
2024-08-09,0.0,0.0,0.00022779277996200169,0.00022779277996200169,0.0,-0.002122755788085217,-0.002122755788085217,7.899342513170133e-05,0.0001375231950632071,0.0,0.0006423632604632245,0.0006423632604632245,0.0002507116666775708,0.0002544874553911786,0.0,0.0006034484386483706,0.0024254776485121265,0.00011079692026950237,0.000282134751210165,0.0,0.0,0.0,0.00022779277996200169,0.00022779277996200169,0.0,-0.002122755788085217,-0.002122755788085217,7.899342513170133e-05,0.0001375231950632071,0.0,0.0,0.00025815679830292686,0.0002880032742691198,0.0003300122382821147,-0.0007079392159799445,-0.0007079392159799445,0.0,0.0,0.00022779277996200169,0.0002525995610343747,0.00030900775627561725,-0.0007079392159799445,0.0
2024-08-12,0.0,0.0,0.00033189877620013635,0.00033993056167821393,0.0,0.001916319291599511,0.001916319291599511,0.0006402169661656662,0.0006515859015291651,0.0,-0.0016329061064565104,-0.0016329061064565104,0.0003830719810061614,0.00039173355133053863,0.0,0.0029403841981199465,0.0031821808716333026,0.000769270127447048,0.0008239724560243622,0.0,0.0,0.0,0.00033189877620013635,0.00033993056167821393,0.0,0.001916319291599511,0.001916319291599511,0.0006402169661656662,0.0006515859015291651,0.0,0.0,0.00029901344108970636,0.00033993056167821393,0.00033993056167821393,-0.001456321418563777,-0.00014185230317807852,0.0,0.0,0.00033591466893917514,0.00038740276616835,0.00033993056167821393,-0.0007990868608709277,0.0
2024-08-13,0.0,0.0,0.011502641502012498,0.011502641502012498,0.0,0.011216168475132605,0.011216168475132605,0.012027276354607652,0.012059133088361975,0.0,0.0012742445971714042,0.0012742445971714042,0.011615944456414576,0.011615944456414576,0.0,0.006502528970216489,0.00674891099503438,0.012636078698770977,0.012668684859699459,0.0,0.0,0.0,0.011502641502012498,0.011502641502012498,0.0,0.011216168475132605,0.011216168475132605,0.012027276354607652,0.012059133088361975,0.0,0.0,0.011325522183263263,0.01104785993955076,0.01104785993955076,0.011491699183195422,0.011491699183195422,0.0,0.0,0.011502641502012498,0.011615944456414576,0.01104785993955076,0.011491699183195422,0.0
2024-08-14,0.0,0.0,-0.004714929862856194,-0.004679229372886791,0.0,-0.0033972144832775425,-0.003366233210986256,-0.00452915383938666,-0.004494708251019528,0.0,-0.0068299311863162905,-0.006815303008051291,-0.004763780062846871,-0.004743001259397808,0.0,-0.004100269801081186,-0.004080073049594469,-0.004739164474117963,-0.0047286775086570155,0.0,0.0,0.0,-0.004714929862856194,-0.004679229372886791,0.0,-0.0033972144832775425,-0.003366233210986256,-0.00452915383938666,-0.004494708251019528,0.0,0.0,-0.004552133594956651,-0.004650740991574131,-0.004650740991574131,-0.004516890955735914,-0.004516890955735914,0.0,0.0,-0.0046970796178714925,-0.00475339066112234,-0.004650740991574131,-0.004516890955735914,0.0
2024-08-15,0.0,0.0,-0.004940969562954641,-0.004940969562954641,0.0,0.005618202317997749,0.005618202317997749,-0.004133049580869254,-0.004105811815748832,0.0,0.0017928624101582278,0.0017928624101582278,-0.004948483503357811,-0.004948483503357811,0.0,0.0018270401983004276,0.002006055042525502,-0.005031731129872835,-0.004925989143061143,0.0,0.0,0.0,-0.004940969562954641,-0.004940969562954641,0.0,0.005618202317997749,0.005618202317997749,-0.004133049580869254,-0.004105811815748832,0.0,0.0,-0.004979908702000611,-0.004770535235857449,-0.004770535235857449,-0.004852923623593327,-0.004852923623593327,0.0,0.0,-0.004940969562954641,-0.004948483503357811,-0.004770535235857449,-0.004852923623593327,0.0
2024-08-16,0.0,0.0,0.014075460978281887,0.01408553887197868,0.0,0.004719358461749678,0.005813206084976782,0.012115065964708486,0.012946017658023815,0.0,0.004397724935010966,0.004423168508695466,0.014166470761514205,0.014174977462759744,0.0,0.002907017154301224,0.0030804286822565313,0.014115807657448848,0.014282006149646368,0.0,0.0,0.0,0.014075460978281887,0.01408553887197868,0.0,0.004719358461749678,0.005813206084976782,0.012115065964708486,0.012946017658023815,0.0,0.0,0.014129807779362328,0.013917419597506734,0.013958143649535832,0.014346742510088295,0.014346742510088295,0.0,0.0,0.014080499925130285,0.014170724112136974,0.013937781623521283,0.014346742510088295,0.0
2024-08-19,0.0,0.0,0.01279339473628414,0.012841235335469728,0.0,0.00045240457467789674,0.0004610607603051549,0.0027505059679317446,0.003627370851348936,0.0,0.0034280490881186893,0.003438320976161164,0.012883178645489877,0.012938823119474039,0.0,0.002169626908252842,0.00223559932176108,0.011763408781256434,0.012081370246553603,0.0,0.0,0.0,0.01279339473628414,0.012841235335469728,0.0,0.00045240457467789674,0.0004610607603051549,0.0027505059679317446,0.003627370851348936,0.0,0.0,0.012856691101191668,0.012841235335469728,0.012841235335469728,0.013245492207515117,0.013245492207515117,0.0,0.0,0.012817315035876933,0.012911000882481958,0.012841235335469728,0.013245492207515117,0.0
2024-08-20,0.0,0.0,0.008300836141914902,0.008305724324928002,0.0,0.0034164316219964168,0.0034533321303105,0.0075921848190929645,0.008176208903411138,0.0,0.0015590022999396182,0.0015590022999396182,0.008381184437273736,0.008386065508590421,0.0,0.002712768185351755,0.0027384928789532777,0.008077264470531994,0.008281646042037877,0.0,0.0,0.0,0.008300836141914902,0.008305724324928002,0.0,0.0034164316219964168,0.0034533321303105,0.0075921848190929645,0.008176208903411138,0.0,0.0,0.008300836141914904,0.008866145032032705,0.008866145032032705,0.009032779764645912,0.009032779764645912,0.0,0.0,0.008303280233421452,0.00838362497293208,0.008866145032032705,0.009032779764645912,0.0
2024-08-21,0.0,0.0,0.0035561257277892462,0.0035561257277892462,0.0,-0.0012746721598348464,0.0009016578579387822,0.002133384875066392,0.0031955442355131518,0.0,0.000871000707748896,0.000871000707748896,0.003577252556755978,0.003577252556755978,0.0,-0.0009807537409555916,0.0010849255044440066,0.0030160743890294247,0.003583588815307558,0.0,0.0,0.0,0.0035561257277892462,0.0035561257277892462,0.0,-0.0012746721598348464,0.0009016578579387822,0.002133384875066392,0.0031955442355131518,0.0,0.0,0.0035561257277892462,0.003731301865161918,0.003731301865161918,0.003914476433620565,0.003914476433620565,0.0,0.0,0.0035561257277892462,0.003577252556755978,0.003731301865161918,0.003914476433620565,0.0
2024-08-22,0.0,0.0,-0.006233089690940426,-0.0062190706474777825,0.0,-0.0007686720000554373,-0.0007597038825032971,-0.00508952409463572,-0.00507721550007611,0.0,-0.0004457735631914005,-0.0004278190825989305,-0.006269899459127681,-0.00626578763223079,0.0,0.00013129466263428588,0.00020361179357973375,-0.0056158098841208185,-0.005582649632492383,0.0,0.0,0.0,-0.006233089690940426,-0.0062190706474777825,0.0,-0.0007686720000554373,-0.0007597038825032971,-0.00508952409463572,-0.00507721550007611,0.0,0.0,-0.006233089690940426,-0.0067817003100607435,-0.0067817003100607435,-0.006871703535530176,-0.006871703535530176,0.0,0.0,-0.006226080169209104,-0.006267843545679236,-0.0067817003100607435,-0.006871703535530176,0.0
2024-08-23,0.0,0.0,0.018383144056391815,0.01841486008458383,0.0,0.0012831498376825433,0.0014345707086624432,0.013694610662366328,0.014100559301231783,0.0,0.006970563531663397,0.00700205595608041,0.01829432242252887,0.0183443717437747,0.0,-0.0018504451443082327,-0.0008646611503813956,0.015549442919718368,0.015817442216063952,0.0,0.0,0.0,0.018383144056391815,0.01841486008458383,0.0,0.0012831498376825433,0.0014345707086624432,0.013694610662366328,0.014100559301231783,0.0,0.0,0.018383144056391815,0.01986969629396768,0.019971862280480965,0.020834400566589514,0.020834400566589514,0.0,0.0,0.01839900207048782,0.018319347083151787,0.01992077928722432,0.020834400566589514,0.0
2024-08-26,0.0,0.0,-0.0030210800915189003,-0.003006282529663733,0.0,0.0035903276629343493,0.0035979574624688993,-0.0027279269758517786,-0.0027009966120873016,0.0,0.001579826829441794,0.001579826829441794,-0.004172238000145895,-0.002891647858820379,0.0,0.001728492990493568,0.0027541092414130742,-0.004032382533935458,-0.0027621517411417634,0.0,0.0,0.0,-0.0030210800915189003,-0.003006282529663733,0.0,0.0035903276629343493,0.0035979574624688993,-0.0027279269758517786,-0.0027009966120873016,0.0,0.0,-0.0030210800915189003,-0.003006282529663733,-0.003006282529663733,-0.0037324331160243406,-0.0037324331160243406,0.0,0.0,-0.0030136813105913164,-0.003531942929483137,-0.003006282529663733,-0.0037324331160243406,0.0
2024-08-27,0.0,0.0,0.008178424534133436,0.008187512116604297,0.0,0.0004327584995541204,0.0004327584995541204,0.007788781867568366,0.007814219461413223,0.0,0.004258779809758589,0.005795872411782067,-0.00924812918286085,-0.00801987630229382,0.0,0.00028152217579314293,0.0004621032414635555,-0.009241368187126661,-0.0080134298521418,0.0,0.0,0.0,0.008178424534133436,0.008187512116604297,0.0,0.0004327584995541204,0.0004327584995541204,0.007788781867568366,0.007814219461413223,0.0,0.0,0.008178424534133434,0.008161693837527252,0.008161693837527252,0.009781493709129613,0.009781493709129613,0.0,0.0,0.008182968325368866,-0.008634002742577335,0.008161693837527252,0.009781493709129613,0.0
2024-08-28,0.0,0.0,-0.00689355411511413,-0.0068891897602697556,0.0,0.0015991165380186724,0.0015991165380186724,-0.0062120338499915845,-0.0062120338499915845,0.0,-0.004233993599525867,-0.002708579272392904,-0.0067167490650509075,-0.0067167490650509075,0.0,0.002759681892420669,0.002847749055206257,-0.0067141607199450925,-0.0066244923401827145,0.0,0.0,0.0,-0.00689355411511413,-0.0068891897602697556,0.0,0.0015991165380186724,0.0015991165380186724,-0.0062120338499915845,-0.0062120338499915845,0.0,0.0,-0.006893554115114129,-0.007074773148756725,-0.007074773148756725,-0.008143405219533552,-0.008143405219533552,0.0,0.0,-0.006891371937691943,-0.0067167490650509075,-0.007074773148756725,-0.008143405219533552,0.0
2024-08-29,0.0,0.0,-0.0027743251969175055,-0.0027743251969175055,0.0,0.0011221381109415862,0.0011221381109415862,-0.002562692425273427,-0.002562692425273427,0.0,0.0035712093471012042,0.0035712093471012042,-0.002824103924706035,-0.002824103924706035,0.0,-0.0007336175039458196,-0.0007292239149055395,-0.002897962422787486,-0.002857640844001069,0.0,0.0,0.0,-0.0027743251969175055,-0.0027743251969175055,0.0,0.0011221381109415862,0.0011221381109415862,-0.002562692425273427,-0.002562692425273427,0.0,0.0,-0.002774325196917505,-0.0028945864498090466,-0.0028945864498090466,-0.0029714134160191536,-0.0029714134160191536,0.0,0.0,-0.0027743251969175055,-0.002824103924706035,-0.0028945864498090466,-0.0029714134160191536,0.0
2024-08-30,0.0,0.0,-0.00552386040237801,-0.00552386040237801,0.0,0.0002637062677261644,0.0002637062677261644,-0.005458119312166406,-0.005452579433005751,0.0,-0.0031026081445107217,-0.0015666799698638018,-0.0055247968308440925,-0.005519119911226514,0.0,-0.00025368037991474045,0.00033253614493943765,-0.005710712900691362,-0.005672826072385223,0.0,0.0,0.0,-0.00552386040237801,-0.00552386040237801,0.0,0.0002637062677261644,0.0002637062677261644,-0.005458119312166406,-0.005452579433005751,0.0,0.0,-0.005523860402378009,-0.005832195922809101,-0.005803476419761465,-0.006728365477616076,-0.006728365477616076,0.0,0.0,-0.00552386040237801,-0.005521958371035304,-0.0058178361712852835,-0.006728365477616076,0.0
2024-09-02,0.0,0.0,0.0009234217836000363,0.0009234217836000363,0.0,-0.0020967721503617337,-0.0020967721503617337,0.0007931369362416797,0.0008245749909092296,0.0,0.002464986241797502,0.002464986241797502,0.0009666895900593333,0.0009666895900593333,0.0,-0.007272395336603345,-0.006580330763628934,0.0006648708663369999,0.0006857890251143506,0.0,0.0,0.0,0.0009234217836000363,0.0009234217836000363,0.0,-0.0020967721503617337,-0.0020967721503617337,0.0007931369362416797,0.0008245749909092296,0.0,0.0,0.0009234217836000361,0.0009234217836000363,0.0009234217836000363,0.0013543383143536285,0.0013543383143536285,0.0,0.0,0.0009234217836000363,0.0009666895900593333,0.0009234217836000363,0.0013543383143536285,0.0
2024-09-03,0.0,0.0,-0.007075649385635011,-0.007075649385635011,0.0,-0.00011479084894636625,-0.00011479084894636625,-0.0068898002510489,-0.0068747053245146765,0.0,0.0035910156714022714,0.003599651053701958,-0.007255406325455472,-0.0072380430995640285,0.0,0.0022457635413941418,0.0025147559271988373,-0.007017506023342954,-0.006988595993982504,0.0,0.0,0.0,-0.007075649385635011,-0.007075649385635011,0.0,-0.00011479084894636625,-0.00011479084894636625,-0.0068898002510489,-0.0068747053245146765,0.0,0.0,-0.00707564938563501,-0.007075649385635011,-0.007075649385635011,-0.009502365469932543,-0.009502365469932543,0.0,0.0,-0.007075649385635011,-0.00724672471250975,-0.007075649385635011,-0.009502365469932543,0.0
2024-09-04,0.0,0.0,0.00636333665987807,0.006369470118996852,0.0,0.002182283526291535,0.002182283526291535,0.006377107892673767,0.00638397347514735,0.0,-0.001289904961194941,-0.001289904961194941,0.0067332643799701405,0.0067332643799701405,0.0,0.004940709870914325,0.00502067824708399,0.006730138318229726,0.006730138318229726,0.0,0.0,0.0,0.00636333665987807,0.006369470118996852,0.0,0.002182283526291535,0.002182283526291535,0.006377107892673767,0.00638397347514735,0.0,0.0,0.0063633366598780695,0.006369470118996852,0.006369470118996852,0.007563596315745016,0.007563596315745016,0.0,0.0,0.006366403389437461,0.0067332643799701405,0.006369470118996852,0.007563596315745016,0.0
2024-09-05,0.0,0.0,0.0031626824720948875,0.0031626824720948875,0.0,-0.003421553388345189,-0.003421553388345189,0.0030646967918432806,0.003082942149564431,0.0,0.000832202267338316,0.000832202267338316,0.003415054525361571,0.003415054525361571,0.0,-0.0006376769392361194,-0.0005676333416314777,0.0031403634888988834,0.0031403634888988834,0.0,0.0,0.0,0.0031626824720948875,0.0031626824720948875,0.0,-0.003421553388345189,-0.003421553388345189,0.0030646967918432806,0.003082942149564431,0.0,0.0,0.003162682472094887,0.003114597515080846,0.003114597515080846,0.0039657619918630005,0.0039657619918630005,0.0,0.0,0.0031626824720948875,0.003415054525361571,0.003114597515080846,0.0039657619918630005,0.0
2024-09-06,0.0,0.0,-0.007765407442483467,-0.007746732871659178,0.0,-0.0005397386765597426,-0.0004866969595645085,-0.007747397776054457,-0.007747397776054457,0.0,0.0028251545284556875,0.0043306253306115705,-0.007998961874355962,-0.007877381272911141,0.0,-0.0001334859117770237,0.000521670602160577,-0.007379013136930859,-0.007281327869782673,0.0,0.0,0.0,-0.007765407442483467,-0.007746732871659178,0.0,-0.0005397386765597426,-0.0004866969595645085,-0.007747397776054457,-0.007747397776054457,0.0,0.0,-0.007765407442483468,-0.007678911576759869,-0.007654103546816799,-0.01013781884889087,-0.01013781884889087,0.0,0.0,-0.007756070157071322,-0.007938171573633551,-0.007666507561788334,-0.01013781884889087,0.0
2024-09-09,0.0,0.0,-0.006723132237150035,-0.006723132237150035,0.0,0.003122796378973932,0.0031332458298336556,-0.006788365915117956,-0.006683855211851822,0.0,-0.0010744273500069967,0.0003704767321464474,-0.006876520706737125,-0.0066698647676360755,0.0,0.0022406534649672765,0.0028974250434164197,-0.006645471211840185,-0.006492128635163014,0.0,0.0,0.0,-0.006723132237150035,-0.006723132237150035,0.0,0.003122796378973932,0.0031332458298336556,-0.006788365915117956,-0.006683855211851822,0.0,0.0,-0.006723132237150034,-0.006723132237150035,-0.006723132237150035,-0.00903276952500211,-0.007739906980124909,0.0,0.0,-0.006723132237150035,-0.0067731927371866,-0.006723132237150035,-0.00838633825256351,0.0
2024-09-10,0.0,0.0,-0.001698682651773385,-0.001698682651773385,0.0,-0.0034667229442146737,-0.0034667229442146737,-0.001688664258489742,-0.0016834015207715762,0.0,-0.0019883645031035205,-0.0005538690489506781,-0.0021210841274047665,-0.0018552925495531778,0.0,-0.005559474886296861,-0.005013022219295413,-0.0022555023009344912,-0.0020868368606408332,0.0,0.0,0.0,-0.001698682651773385,-0.001698682651773385,0.0,-0.0034667229442146737,-0.0034667229442146737,-0.001688664258489742,-0.0016834015207715762,0.0,0.0,-0.0016986826517733852,-0.001698682651773385,-0.001698682651773385,0.0017353146389640793,0.0017353146389640793,0.0,0.0,-0.001698682651773385,-0.0019881883384789724,-0.001698682651773385,0.0017353146389640793,0.0
2024-09-11,0.0,0.0,-0.0007832900247106611,-0.0007717201434144741,0.0,0.0035816989630418055,0.0035816989630418055,-0.0007557400897680224,-0.0006591672647876673,0.0,0.0004271013734931003,0.0004271013734931003,-0.0009441958908133118,-0.0009413729979014924,0.0,0.002555804886567004,0.0026626004222386744,-0.0009466684361697494,-0.0008673702118068985,0.0,0.0,0.0,-0.0007832900247106611,-0.0007717201434144741,0.0,0.0035816989630418055,0.0035816989630418055,-0.0007557400897680224,-0.0006591672647876673,0.0,0.0,-0.0019949587590836265,-0.0007717201434144741,-0.0007717201434144741,0.0006829054338327656,0.0006829054338327656,0.0,0.0,-0.0007775050840625676,-0.0009427844443574021,-0.0007717201434144741,0.0006829054338327656,0.0
2024-09-12,0.0,0.0,0.008408401970193033,0.008410220303546483,0.0,-0.006199248937248084,-0.006198083917069898,0.00662075240621815,0.006705956743079943,0.0,-0.0006897430384468792,-0.0006897430384468792,0.007802793886239848,0.007891587612369176,0.0,-0.007163321543576732,-0.007124302334079588,0.006144488980591867,0.006229647233766142,0.0,0.0,0.0,0.008408401970193033,0.008410220303546483,0.0,-0.006199248937248084,-0.006198083917069898,0.00662075240621815,0.006705956743079943,0.0,0.0,-0.008526868283102855,0.008043656601533195,0.008043656601533195,-0.007920594099487244,-0.007920594099487244,0.0,0.0,0.008409311136869758,0.007847190749304511,0.008043656601533195,-0.007920594099487244,0.0
2024-09-13,0.0,0.0,0.0010369629953997884,0.0010369629953997884,0.0,0.001865689572749668,0.001865689572749668,0.001174980742132888,0.0012854399206425253,0.0,-0.00046957622013042125,0.0009751120377420525,0.0009583931541140475,0.0009846470618588793,0.0,0.001755030402043337,0.0020495226652169256,0.001404794779148442,0.0015017956849409269,0.0,0.0,0.0,0.0010369629953997884,0.0010369629953997884,0.0,0.001865689572749668,0.001865689572749668,0.001174980742132888,0.0012854399206425253,0.0,0.0,-0.0022048045043700595,0.0009678431265389961,0.0009807823361795785,-0.0010135152154055285,-0.0010135152154055285,0.0,0.0,0.0010369629953997884,0.0009715201079864634,0.0009743127313592873,-0.0010135152154055285,0.0
2024-09-16,0.0,0.0,0.00795891472990225,0.00795891472990225,0.0,-0.006897967956450942,-0.006853194471785281,0.007363161469018018,0.007555179786213097,0.0,0.0006620416400679566,0.0006620416400679566,0.00827450545905847,0.008283105276573164,0.0,-0.006951097010979616,-0.006853718643959004,0.007297638345876961,0.007350562514297556,0.0,0.0,0.0,0.00795891472990225,0.00795891472990225,0.0,-0.006897967956450942,-0.006853194471785281,0.007363161469018018,0.007555179786213097,0.0,0.0,0.00789989692686669,0.00795891472990225,0.00795891472990225,-0.007394074089748244,-0.007394074089748244,0.0,0.0,0.00795891472990225,0.008278805367815816,0.00795891472990225,-0.007394074089748244,0.0
2024-09-17,0.0,0.0,-0.004482238603901016,-0.004482238603901016,0.0,0.0008805011005212117,0.0008805011005212117,-0.00410074608760268,-0.003981562484708758,0.0,0.0002284861118679888,0.0015986294712870275,-0.0044673841015128125,-0.004461053907402063,0.0,-0.0004842585920188014,-0.00037552522145110066,-0.0045747472736019845,-0.004466537093479718,0.0,0.0,0.0,-0.004482238603901016,-0.004482238603901016,0.0,0.0008805011005212117,0.0008805011005212117,-0.00410074608760268,-0.003981562484708758,0.0,0.0,-0.004495092006801468,-0.004482238603901016,-0.004482238603901016,0.00413733170569474,0.00413733170569474,0.0,0.0,-0.004482238603901016,-0.004464219004457438,-0.004482238603901016,0.00413733170569474,0.0
2024-09-18,0.0,0.0,0.001802608706759814,0.001802608706759814,0.0,-0.002461321879918993,-0.0024399311312687023,0.0008722793459291658,0.000890870597017631,0.0,-0.0002505440104627937,0.0010717800723730616,0.001699876340118803,0.0017057136383741974,0.0,-0.002188436560961461,-0.002179914450418577,0.00125967018511747,0.0012632216161997,0.0,0.0,0.0,0.001802608706759814,0.001802608706759814,0.0,-0.002461321879918993,-0.0024399311312687023,0.0008722793459291658,0.000890870597017631,0.0,0.0,0.0017971251533082933,0.001802608706759814,0.001802608706759814,-0.0016087803463299677,-0.0016087803463299677,0.0,0.0,0.001802608706759814,0.0017027949892465001,0.001802608706759814,-0.0016087803463299677,0.0
2024-09-19,0.0,0.0,0.007332941666858035,0.007337891773139982,0.0,-0.001371413963409167,-0.0013216938760801404,0.0052357005958062796,0.005238707775053144,0.0,-0.0011170015949259343,-0.0011170015949259343,0.007393845280371627,0.007393845280371627,0.0,-0.002905202480678997,-0.002905202480678997,0.005734752120876963,0.005737495615989452,0.0,0.0,0.0,0.007332941666858035,0.007337891773139982,0.0,-0.001371413963409167,-0.0013216938760801404,0.0052357005958062796,0.005238707775053144,0.0,0.0,0.007349327665068032,0.007337891773139982,0.007337891773139982,-0.007023223308201038,-0.007023223308201038,0.0,0.0,0.007335416719999008,0.007393845280371627,0.007337891773139982,-0.007023223308201038,0.0
2024-09-20,0.0,0.0,-0.0011151398651602607,-0.0011106179391876388,0.0,-0.002464526983084358,-0.002454776114216817,-0.0018898497816478618,-0.0018224853458236898,0.0,0.0010642169477906858,0.0010642169477906858,-0.0011213661787169505,-0.0011213661787169505,0.0,-0.0031118901922131304,-0.0031118901922131304,-0.0019209558662543593,-0.001918427527539235,0.0,0.0,0.0,-0.0011151398651602607,-0.0011106179391876388,0.0,-0.002464526983084358,-0.002454776114216817,-0.0018898497816478618,-0.0018224853458236898,0.0,0.0,-0.001058253777634206,-0.0010320991515802742,-0.0010226271193257053,0.001015419240610825,0.001015419240610825,0.0,0.0,-0.0011128789021739498,-0.0011213661787169505,-0.0010273631354529899,0.001015419240610825,0.0
2024-09-23,0.0,0.0,0.0015428748380476366,0.0015501685925864569,0.0,0.0030748080277578286,0.003076815652783467,0.0020365706144989666,0.002047102282241043,0.0,-0.009518584253245822,-0.009518584253245822,0.0014589706881110117,0.0014589706881110117,0.0,0.0029272517719058917,0.002948164777611408,0.0019742858482942388,0.001987656405834158,0.0,0.0,0.0,0.0015428748380476366,0.0015501685925864569,0.0,0.0030748080277578286,0.003076815652783467,0.0020365706144989666,0.002047102282241043,0.0,0.0,0.0016388120215844858,0.0015501685925864569,0.0015501685925864569,-0.0015953822261380686,-0.0015953822261380686,0.0,0.0,0.0015465217153170468,0.0014589706881110117,0.0015501685925864569,-0.0015953822261380686,0.0
2024-09-24,0.0,0.0,0.014216195752146114,0.014234947298388359,0.0,0.0018604985439294132,0.0018883666531935874,0.011885476033142143,0.01196971937248292,0.0,-0.0041213913906668976,-0.004097041021056278,0.014012311305990566,0.014024827361427664,0.0,0.001033758394852253,0.0010771244998257733,0.012579841059015223,0.012651499077563823,0.0,0.0,0.0,0.014216195752146114,0.014234947298388359,0.0,0.0018604985439294132,0.0018883666531935874,0.011885476033142143,0.01196971937248292,0.0,0.0,0.014139095742650588,0.013754979653742427,0.013754979653742427,-0.013238165203274308,-0.013238165203274308,0.0,0.0,0.014225571525267237,0.014018569333709116,0.013754979653742427,-0.013238165203274308,0.0
2024-09-25,0.0,0.0,-0.013589899694105862,-0.013567950265325614,0.0,-0.0007797212598999757,-0.000740706269598098,-0.013689934466724769,-0.013657396255368121,0.0,0.006937223793879856,0.006937223793879856,-0.01340892165141187,-0.013387083757483641,0.0,-0.0005483281668380029,-0.0005073670972730352,-0.013738264464603973,-0.013707344293333718,0.0,0.0,0.0,-0.013589899694105862,-0.013567950265325614,0.0,-0.0007797212598999757,-0.000740706269598098,-0.013689934466724769,-0.013657396255368121,0.0,0.0,-0.01364899964726269,-0.013638605946420142,-0.013638605946420142,0.013071124443764086,0.013071124443764086,0.0,0.0,-0.013578924979715738,-0.013398002704447754,-0.013638605946420142,0.013071124443764086,0.0
2024-09-26,0.0,0.0,0.008630386979066259,0.008634397795539539,0.0,-0.006132834231605358,-0.006132834231605358,0.0067472217145564655,0.006791912406540347,0.0,-0.002734956689308703,-0.002734956689308703,0.008464682222996673,0.008464682222996673,0.0,-0.006471013469401299,-0.0064578918682555,0.007230099557817994,0.007285901344821849,0.0,0.0,0.0,0.008630386979066259,0.008634397795539539,0.0,-0.006132834231605358,-0.006132834231605358,0.0067472217145564655,0.006791912406540347,0.0,0.0,0.00867489471076388,0.008901540200882917,0.008901540200882917,-0.008451753877531668,-0.008451753877531668,0.0,0.0,0.008632392387302899,0.008464682222996673,0.008901540200882917,-0.008451753877531668,0.0
2024-09-27,0.0,0.0,0.0003855825080238157,0.0003869340542799978,0.0,0.0011896607570444132,0.0011896607570444132,0.001594285391794722,0.0016814551249745083,0.0,-0.002836343628484806,-0.002834697279567468,0.00031149921356455793,0.00031149921356455793,0.0,0.0020839209613938395,0.00208898345688277,0.0016590982275292287,0.0017419839312692118,0.0,0.0,0.0,0.0003855825080238157,0.0003869340542799978,0.0,0.0011896607570444132,0.0011896607570444132,0.001594285391794722,0.0016814551249745083,0.0,0.0,0.0004392997722657393,9.49468445550318e-05,0.0001335516542826679,6.562454559128078e-05,6.562454559128078e-05,0.0,0.0,0.0003862582811519067,0.00031149921356455793,0.00011424924941884986,6.562454559128078e-05,0.0
2024-09-30,0.0,0.0,-0.004049062561476767,-0.004049062561476767,0.0,-0.00225444879060649,-0.00225444879060649,-0.005029730434188086,-0.004877856128641957,0.0,5.788413613542088e-05,5.788413613542088e-05,-0.004023706698933196,-0.00401714552634662,0.0,-0.0028470117632988447,-0.0028470117632988447,-0.00528890498713948,-0.005105631502172741,0.0,0.0,0.0,-0.004049062561476767,-0.004049062561476767,0.0,-0.00225444879060649,-0.00225444879060649,-0.005029730434188086,-0.004877856128641957,0.0,0.0,-0.004128427034984674,-0.004049062561476767,-0.004049062561476767,0.003866037312953371,0.003866037312953371,0.0,0.0,-0.004049062561476767,-0.0040204261126399075,-0.004049062561476767,0.003866037312953371,0.0
2024-10-01,0.0,0.0,-0.006490546680326584,-0.006476236363572649,0.0,0.010921273180100412,0.01092767019624409,-0.0007459650901033882,-0.0007433235488322989,0.0,-0.0032298675326065374,-0.0032298675326065374,-0.00681765873234213,-0.00681765873234213,0.0,0.011585208255319617,0.011585208255319617,-0.0009015245452578089,-0.0008964805106126243,0.0,0.0,0.0,-0.006490546680326584,-0.006476236363572649,0.0,0.010921273180100412,0.01092767019624409,-0.0007459650901033882,-0.0007433235488322989,0.0,0.0,-0.006604913004061462,-0.006476236363572649,-0.006476236363572649,0.006197548345435006,0.006197548345435006,0.0,0.0,-0.006483391521949617,-0.00681765873234213,-0.006476236363572649,0.006197548345435006,0.0
2024-10-02,0.0,0.0,-0.004640571952686581,-0.0036445353491390757,0.0,-0.0013145967736221122,-0.0013095084089821054,-0.004045301512910004,-0.0038300429994282147,0.0,0.0003318484714441293,0.00033375175219106017,-0.004629566930897985,-0.0036361804644193785,0.0,-0.002258271018029644,-0.0022511783733388043,-0.00491402938675117,-0.004654538744491808,0.0,0.0,0.0,-0.004640571952686581,-0.0036445353491390757,0.0,-0.0013145967736221122,-0.0013095084089821054,-0.004045301512910004,-0.0038300429994282147,0.0,0.0,-0.004620957412214106,-0.003691197236056505,-0.003691197236056505,0.00348767308821192,0.00348767308821192,0.0,0.0,-0.004142553650912828,-0.004132873697658681,-0.003691197236056505,0.00348767308821192,0.0
2024-10-03,0.0,0.0,0.009014454591571106,0.009019528979794189,0.0,0.0023805929858825244,0.002392568716118773,-0.004983876033681573,-0.004741584220512102,0.0,0.007516980213658993,0.0075318747237363105,0.009060527066993819,0.009065723374663097,0.0,0.0024761274104825193,0.0024950163921612168,-0.005056637248346096,-0.004895224957001356,0.0,0.0,0.0,0.009014454591571106,0.009019528979794189,0.0,0.0023805929858825244,0.002392568716118773,-0.004983876033681573,-0.004741584220512102,0.0,0.0,0.009014454591571106,-0.00887012115447394,-0.00887012115447394,0.009112729953250333,0.009112729953250333,0.0,0.0,0.009016991785682648,0.009063125220828458,-0.00887012115447394,0.009112729953250333,0.0
2024-10-04,0.0,0.0,0.007777320514602919,0.007777320514602919,0.0,0.0014311673035649294,0.0014362418505033346,-0.005998832877856007,-0.005367996264356193,0.0,-0.0007203166309833936,-0.000709983387180839,0.0077577559076174914,0.0077577559076174914,0.0,0.0005444523321900636,0.0005444523321900636,-0.00523340959430218,-0.004559785227754673,0.0,0.0,0.0,0.007777320514602919,0.007777320514602919,0.0,0.0014311673035649294,0.0014362418505033346,-0.005998832877856007,-0.005367996264356193,0.0,0.0,0.007777320514602919,-0.008785032374605404,-0.007817252813912382,0.00770891169667987,0.00770891169667987,0.0,0.0,0.007777320514602919,0.0077577559076174914,-0.008301142594258893,0.00770891169667987,0.0
2024-10-07,0.0,0.0,0.0024852641184348405,0.0024852641184348405,0.0,0.0016069050790748023,0.0016250209466876447,0.001756616013865935,0.002346575925911771,0.0,0.002566291900438867,0.002566291900438867,0.0025029290625083723,0.0025029290625083723,0.0,0.0019138852238365456,0.001928798209759634,0.0029721755234503114,0.003507440804049744,0.0,0.0,0.0,0.0024852641184348405,0.0024852641184348405,0.0,0.0016069050790748023,0.0016250209466876447,0.001756616013865935,0.002346575925911771,0.0,0.0,0.002485264118434841,0.0024852641184348405,0.0024852641184348405,0.002729324233379735,0.002750232934179574,0.0,0.0,0.0024852641184348405,0.0025029290625083723,0.0024852641184348405,0.0027397785837796544,0.0
2024-10-08,0.0,0.0,0.0017016953866526043,0.0017016953866526043,0.0,-0.005542562384793139,-0.00551158797731556,0.00020027239147536572,0.00020027239147536572,0.0,0.0023199984714248048,0.0023199984714248048,0.0017194723609673496,0.0017194723609673496,0.0,-0.0052985655943801205,-0.0052985655943801205,0.00039625813620255756,0.00039625813620255756,0.0,0.0,0.0,0.0017016953866526043,0.0017016953866526043,0.0,-0.005542562384793139,-0.00551158797731556,0.00020027239147536572,0.00020027239147536572,0.0,0.0,0.0017016953866526038,0.0017016953866526043,0.0017016953866526043,0.0017113847956524387,0.0017113847956524387,0.0,0.0,0.0017016953866526043,0.0017194723609673496,0.0017016953866526043,0.0017113847956524387,0.0
2024-10-09,0.0,0.0,0.009032957794367334,0.009036313007316816,0.0,-0.001126566728070003,-0.001126566728070003,0.008303046226457462,0.008303046226457462,0.0,0.002911381115595637,0.0029144041871532805,0.009041434144389546,0.009044999293767739,0.0,-0.0008531086209814532,-0.0008457187581548261,0.00842761393243747,0.00842761393243747,0.0,0.0,0.0,0.009032957794367334,0.009036313007316816,0.0,-0.001126566728070003,-0.001126566728070003,0.008303046226457462,0.008303046226457462,0.0,0.0,0.009032957794367334,0.009036313007316816,0.009036313007316816,0.009021110872447875,0.009021110872447875,0.0,0.0,0.009034635400842076,0.009043216719078644,0.009036313007316816,0.009021110872447875,0.0
2024-10-10,0.0,0.0,-0.0008582407193527208,-0.0008545182135236344,0.0,-0.0008334337153977013,-0.0008315967629522984,-0.0011345170244958284,-0.0010722448066200437,0.0,-0.0019377959547970747,-0.0019377959547970747,-0.000873262435446165,-0.0008656665588452433,0.0,-0.0005319837656436527,-0.0005264733966008478,-0.0010263769348083018,-0.0009708438742044492,0.0,0.0,0.0,-0.0008582407193527208,-0.0008545182135236344,0.0,-0.0008334337153977013,-0.0008315967629522984,-0.0011345170244958284,-0.0010722448066200437,0.0,0.0,-0.0008582407193527208,-0.0009139001916738435,-0.0009139001916738435,-0.0008941110332323126,-0.0008941110332323126,0.0,0.0,-0.0008563794664381776,-0.0008694644971457042,-0.0009139001916738435,-0.0008941110332323126,0.0
2024-10-11,0.0,0.0,-0.00025910908030314043,-0.00023840940401377683,0.0,-0.002547508382222763,-0.002547508382222763,-0.0007328639591424157,-0.0007328639591424157,0.0,3.1047022959135816e-05,3.1047022959135816e-05,-0.00024231386080795513,-0.00024231386080795513,0.0,-0.002482690734567666,-0.002482690734567666,-0.0006767408348331058,-0.0006767408348331058,0.0,0.0,0.0,-0.00025910908030314043,-0.00023840940401377683,0.0,-0.002547508382222763,-0.002547508382222763,-0.0007328639591424157,-0.0007328639591424157,0.0,0.0,-0.0002591090803031404,-0.0002846267107790852,-0.00025686489392954084,-0.00028525009873279995,-0.00028525009873279995,0.0,0.0,-0.00024875924215845863,-0.00024231386080795513,-0.000270745802354313,-0.00028525009873279995,0.0
2024-10-14,0.0,0.0,0.006352613659227503,0.006353538641753424,0.0,-0.003351541268294068,-0.0032868156930601924,0.005792007356577605,0.005862361101448434,0.0,0.002126463747459167,0.0021362684430161556,0.006301862339422086,0.006301862339422086,0.0,-0.003320645600791363,-0.003247720181861915,0.005872989111170828,0.005938710593127641,0.0,0.0,0.0,0.006352613659227503,0.006353538641753424,0.0,-0.003351541268294068,-0.0032868156930601924,0.005792007356577605,0.005862361101448434,0.0,0.0,0.006352613659227504,0.006353538641753424,0.006353538641753424,0.006202992259639597,0.006202992259639597,0.0,0.0,0.006353076150490464,0.006301862339422086,0.006353538641753424,0.006202992259639597,0.0
2024-10-15,0.0,0.0,-0.00020192527551668026,-0.00020192527551668026,0.0,0.003008476085964522,0.003008476085964522,0.00045713047161667923,0.000561576033962694,0.0,-0.0027248803717259567,-0.0027248803717259567,-0.00020196825535424365,-0.00017996473168260655,0.0,0.0030713137382618167,0.0030713137382618167,0.00040533826521372667,0.00046927327471270937,0.0,0.0,0.0,-0.00020192527551668026,-0.00020192527551668026,0.0,0.003008476085964522,0.003008476085964522,0.00045713047161667923,0.000561576033962694,0.0,0.0,-0.00020192527551668037,-0.00017943475214690023,-0.00017943475214690023,-0.000184789782005934,-0.000184789782005934,0.0,0.0,-0.00020192527551668026,-0.0001909664935184251,-0.00017943475214690023,-0.000184789782005934,0.0
2024-10-16,0.0,0.0,0.006071056700019173,0.006071056700019173,0.0,0.0052622238325481015,0.0052622238325481015,0.007102182268024722,0.007122158780451748,0.0,0.0012161307636031817,0.0012161307636031817,0.0060835430159040214,0.0060835430159040214,0.0,0.005101692549056362,0.005101692549056362,0.007159480652544092,0.007159480652544092,0.0,0.0,0.0,0.006071056700019173,0.006071056700019173,0.0,0.0052622238325481015,0.0052622238325481015,0.007102182268024722,0.007122158780451748,0.0,0.0,0.006071056700019173,0.0060510510494775184,0.0060510510494775184,0.005714925949585157,0.005714925949585157,0.0,0.0,0.006071056700019173,0.0060835430159040214,0.0060510510494775184,0.005714925949585157,0.0
2024-10-17,0.0,0.0,0.0026907322368902873,0.0026937797406141944,0.0,-0.0028730627825866192,-0.0028730627825866192,0.0022538834519178924,0.00232907161836721,0.0,-0.0023599432770108893,-0.0023599432770108893,0.0026883058339460873,0.0026913439039496904,0.0,-0.0026909288297263393,-0.0026909288297263393,0.0021207877691349812,0.0021874651440337792,0.0,0.0,0.0,0.0026907322368902873,0.0026937797406141944,0.0,-0.0028730627825866192,-0.0028730627825866192,0.0022538834519178924,0.00232907161836721,0.0,0.0,0.0026907322368902877,0.0026683437546218595,0.0026683437546218595,0.0025673219047197392,0.0025673219047197392,0.0,0.0,0.002692255988752241,0.002689824868947889,0.0026683437546218595,0.0025673219047197392,0.0
2024-10-18,0.0,0.0,-0.0028730749197921645,-0.0028730749197921645,0.0,-0.003152235379628926,-0.003152235379628926,-0.0034093848050183256,-0.0034093848050183256,0.0,0.00267683141518246,0.00267683141518246,-0.0028566186125453395,-0.0028566186125453395,0.0,-0.0030715024038429194,-0.003052632311273436,-0.0033091175457935387,-0.0033091175457935387,0.0,0.0,0.0,-0.0028730749197921645,-0.0028730749197921645,0.0,-0.003152235379628926,-0.003152235379628926,-0.0034093848050183256,-0.0034093848050183256,0.0,0.0,-0.002873074919792165,-0.0028287263374968024,-0.0028247882464063727,-0.0025846633563493043,-0.0025846633563493043,0.0,0.0,-0.0028730749197921645,-0.0028566186125453395,-0.0028267572919515875,-0.0025846633563493043,0.0
2024-10-21,0.0,0.0,0.007836545914995576,0.007849805052148924,0.0,0.0035583212663624127,0.003598570851616338,0.008502141072558879,0.008520391033836438,0.0,-0.0004223873993825229,-0.0004078419924519554,0.007837976646659944,0.007850432266153482,0.0,0.003503706747965537,0.003503706747965537,0.00835099993886507,0.008483198305311355,0.0,0.0,0.0,0.007836545914995576,0.007849805052148924,0.0,0.0035583212663624127,0.003598570851616338,0.008502141072558879,0.008520391033836438,0.0,0.0,0.007836545914995576,0.007849805052148924,0.007849805052148924,0.007365758216270429,0.007365758216270429,0.0,0.0,0.007843175483572249,0.007844204456406713,0.007849805052148924,0.007365758216270429,0.0
2024-10-22,0.0,0.0,-0.0012970750769312066,-0.0012847347477317357,0.0,0.00023295085341985426,0.0006778656192610714,-0.0012358124188569766,-0.0012080084687051203,0.0,-0.00391288871606386,-0.00391288871606386,-0.001320385946908358,-0.0013088152182800696,0.0,0.0004252013913269785,0.0006878740328369541,-0.0012154033893925374,-0.0010740566106040145,0.0,0.0,0.0,-0.0012970750769312066,-0.0012847347477317357,0.0,0.00023295085341985426,0.0006778656192610714,-0.0012358124188569766,-0.0012080084687051203,0.0,0.0,-0.0012970750769312062,-0.001248706398729589,-0.001248706398729589,-0.001295786436671483,-0.001295786436671483,0.0,0.0,-0.001290904912331471,-0.001314600582594214,-0.001248706398729589,-0.001295786436671483,0.0
2024-10-23,0.0,0.0,0.006684271293614297,0.006684271293614297,0.0,0.002205628958170324,0.0022256554780634673,0.007082252333169149,0.007086554967511091,0.0,0.00394562074404017,0.00394562074404017,0.006706655839628839,0.006706655839628839,0.0,0.0018553215092984871,0.0018631031716151475,0.006616713362203286,0.006902460653977954,0.0,0.0,0.0,0.006684271293614297,0.006684271293614297,0.0,0.002205628958170324,0.0022256554780634673,0.007082252333169149,0.007086554967511091,0.0,0.0,0.006684271293614297,0.006582742942736658,0.006582742942736658,0.0062518684277980754,0.0062518684277980754,0.0,0.0,0.006684271293614297,0.006706655839628839,0.006582742942736658,0.0062518684277980754,0.0
2024-10-24,0.0,0.0,-0.0036156166996673743,-0.0036156166996673743,0.0,-0.0035738312781867045,-0.0035655475294078037,-0.0038411142054493976,-0.0038399119243720313,0.0,0.0034754396842079597,0.00349152089702256,-0.004992103650953069,-0.003591044795934222,0.0,-0.0037113000596501132,-0.0037113000596501132,-0.005379701255368763,-0.003975674590346822,0.0,0.0,0.0,-0.0036156166996673743,-0.0036156166996673743,0.0,-0.0035738312781867045,-0.0035655475294078037,-0.0038411142054493976,-0.0038399119243720313,0.0,0.0,-0.0036156166996673743,-0.0035475639449708022,-0.0035475639449708022,-0.0032184353906147553,-0.0032184353906147553,0.0,0.0,-0.0036156166996673743,-0.004291574223443645,-0.0035475639449708022,-0.0032184353906147553,0.0
2024-10-25,0.0,0.0,0.006061960281077923,0.006061960281077923,0.0,0.0024458806676181362,0.002917505163795976,0.006269879891263632,0.006291007331282033,0.0,-0.001010545803391661,0.0009891622844308593,-0.007738889662131383,-0.006317093641264699,0.0,0.0018760761054994305,0.0021078322545304536,-0.0075853198480992845,-0.006230362782979966,0.0,0.0,0.0,0.006061960281077923,0.006061960281077923,0.0,0.0024458806676181362,0.002917505163795976,0.006269879891263632,0.006291007331282033,0.0,0.0,0.006061960281077923,0.005966265100597434,0.005991864566950253,0.0057259655640431225,0.0057259655640431225,0.0,0.0,0.006061960281077923,-0.007027991651698041,0.0059790648337738435,0.0057259655640431225,0.0
2024-10-28,0.0,0.0,0.00040657221479583163,0.00041326159446166506,0.0,-0.00088842073793706,-0.00029483873287213604,0.00023253537994986397,0.0004294705371515244,0.0,-0.0049310576034903575,-0.002882355906286376,0.0004287653767994974,0.0004287653767994974,0.0,-0.0007581170966155119,-0.00031067829922309183,-0.0005274012447755021,0.00028781405734779476,0.0,0.0,0.0,0.00040657221479583163,0.00041326159446166506,0.0,-0.00088842073793706,-0.00029483873287213604,0.00023253537994986397,0.0004294705371515244,0.0,0.0,0.00040657221479583163,0.00041326159446166506,0.00041326159446166506,0.0004160984411602929,0.0004160984411602929,0.0,0.0,0.00040991690462874834,0.0004287653767994974,0.00041326159446166506,0.0004160984411602929,0.0
2024-10-29,0.0,0.0,0.0007689574902561352,0.000784790174797144,0.0,-0.003079136874754707,-0.00284756157817828,-0.00038307216137740307,0.00010433942969711698,0.0,0.0017919332338632052,0.0017919332338632052,0.0007853944742784417,0.0007853944742784417,0.0,-0.0028735080196594753,-0.0028452187646458536,-0.0033229186541520036,-0.002981909432941395,0.0,0.0,0.0,0.0007689574902561352,0.000784790174797144,0.0,-0.003079136874754707,-0.00284756157817828,-0.00038307216137740307,0.00010433942969711698,0.0,0.0,0.000768957490256135,0.0006790498021227026,0.0006790498021227026,0.00071236343862083,0.00071236343862083,0.0,0.0,0.0007768738325266396,0.0007853944742784417,0.0006790498021227026,0.00071236343862083,0.0
2024-10-30,0.0,0.0,-0.000477303956647972,-0.000477303956647972,0.0,0.0006686152988081282,0.0007900314235026548,-7.507499854084355e-05,0.00027952670359456433,0.0,0.0053743454125275225,0.0053743454125275225,-0.0004328783481297425,-0.0004328783481297425,0.0,0.0005461439606263261,0.0006345255922183841,0.0006048961232908808,0.0008926859670803325,0.0,0.0,0.0,-0.000477303956647972,-0.000477303956647972,0.0,0.0006686152988081282,0.0007900314235026548,-7.507499854084355e-05,0.00027952670359456433,0.0,0.0,-0.0004773039566479722,-0.00042607085704417366,-0.00042607085704417366,-0.0004036341611355559,-0.0004036341611355559,0.0,0.0,-0.000477303956647972,-0.0004328783481297425,-0.00042607085704417366,-0.0004036341611355559,0.0
2024-10-31,0.0,0.0,-0.00013627283721330278,-9.74283170148389e-05,0.0,-0.00034415663353200396,-0.0002123117345294715,-0.0014589932185823176,-0.00030360523691454634,0.0,0.004305201711649208,0.004305201711649208,-0.0014769983418723527,-5.828143833349643e-05,0.0,0.00013922715793183283,0.00029334952265093874,0.0006102061306362612,0.0012274272792716012,0.0,0.0,0.0,-0.00013627283721330278,-9.74283170148389e-05,0.0,-0.00034415663353200396,-0.0002123117345294715,-0.0014589932185823176,-0.00030360523691454634,0.0,0.0,-0.001515979571031766,-9.893314068894508e-05,-9.893314068894508e-05,5.354050164539252e-05,5.354050164539252e-05,0.0,0.0,-0.00011685057711407084,-0.0007676398901029246,-9.893314068894508e-05,5.354050164539252e-05,0.0
2024-11-01,0.0,0.0,0.005677333138807658,0.0070621682930890155,0.0,-0.0010537299084000973,-0.0010301037899029441,-0.007705423968192127,-0.007146603669909856,0.0,-0.0013597695872297917,-0.0013597695872297917,-0.007225206629221094,-0.007225206629221094,0.0,-0.0012231271678655126,-0.0012231271678655126,-0.007755428751963223,-0.007524841300733717,0.0,0.0,0.0,0.005677333138807658,0.0070621682930890155,0.0,-0.0010537299084000973,-0.0010301037899029441,-0.007705423968192127,-0.007146603669909856,0.0,0.0,-0.0072247626193822755,0.0051625605374084685,0.006487180393332217,0.0059537701921777535,0.0059537701921777535,0.0,0.0,0.006369750715948337,-0.007225206629221094,0.005824870465370342,0.0059537701921777535,0.0
2024-11-04,0.0,0.0,0.008030607845028816,0.008030607845028816,0.0,0.003054652266497007,0.003060113532992788,0.00813675335091656,0.00829196867991213,0.0,-0.0006897875869172197,-0.0006864087139980849,0.008112829053190154,0.008130700413411983,0.0,0.0031389843665601516,0.0031677167823104457,0.008266486483883262,0.00839427935489184,0.0,0.0,0.0,0.008030607845028816,0.008030607845028816,0.0,0.003054652266497007,0.003060113532992788,0.00813675335091656,0.00829196867991213,0.0,0.0,0.008112667429593927,0.008030607845028816,0.008030607845028816,-0.006852280604339952,-0.006756971444431201,0.0,0.0,0.008030607845028816,0.008121764733301068,0.008030607845028816,-0.006804626024385576,0.0
2024-11-05,0.0,0.0,0.010263490878174363,0.010274487981645828,0.0,-0.0005870764965266351,-0.0005870764965266351,0.0074801489094578795,0.00754301607880031,0.0,-0.001547814820982747,-0.0015331737357685766,0.010207749947213903,0.010218052422334516,0.0,-0.0008996611126658896,-0.0008980489006902906,0.008282114936209384,0.008334665793899701,0.0,0.0,0.0,0.010263490878174363,0.010274487981645828,0.0,-0.0005870764965266351,-0.0005870764965266351,0.0074801489094578795,0.00754301607880031,0.0,0.0,0.010207632304282704,0.010274487981645828,0.010274487981645828,-0.010193151641677,-0.010193151641677,0.0,0.0,0.010268989429910096,0.01021290118477421,0.010274487981645828,-0.010193151641677,0.0
2024-11-06,0.0,0.0,-0.027536829850444863,-0.026260624196669743,0.0,0.0016709513526592446,0.001894068809009703,-0.023370618346055874,-0.02209345390009798,0.0,-0.006106105642540494,-0.005963162877840452,-0.027529830424587756,-0.026253028033154664,0.0,0.0018228619505660415,0.002037177639749745,-0.02497224451281289,-0.023697841359580762,0.0,0.0,0.0,-0.027536829850444863,-0.026260624196669743,0.0,0.0016709513526592446,0.001894068809009703,-0.023370618346055874,-0.02209345390009798,0.0,0.0,-0.027527225744353588,-0.027058539952480348,-0.027058539952480348,0.026725333275195814,0.026725333275195814,0.0,0.0,-0.026898727023557303,-0.026891429228871208,-0.027058539952480348,0.026725333275195814,0.0
2024-11-07,0.0,0.0,-0.016062073905483802,-0.01599943082755859,0.0,-0.0026409903244378453,-0.0026090601115989222,-0.01632793253790644,-0.016246593774964246,0.0,-0.010831235423611401,-0.010755329737044985,-0.016134495016573724,-0.015999483973104998,0.0,-0.003725490815007007,-0.002803044196084804,-0.016527804570880357,-0.01632800312834808,0.0,0.0,0.0,-0.016062073905483802,-0.01599943082755859,0.0,-0.0026409903244378453,-0.0026090601115989222,-0.01632793253790644,-0.016246593774964246,0.0,0.0,-0.01606207390548381,0.01942477659646688,0.01942477659646688,-0.01937327552512413,-0.01937327552512413,0.0,0.0,-0.016030752366521198,-0.01606698949483936,0.01942477659646688,-0.01937327552512413,0.0
2024-11-08,0.0,0.0,0.010285145307657366,0.010288834821717333,0.0,0.004176083078574226,0.004244641452160069,0.01080140159091027,0.010810587167367117,0.0,0.0026349335655722495,0.0026406413677258194,0.009628869962332332,0.009667239754000514,0.0,0.002664542163894061,0.0026842136890626485,0.010100300687548325,0.010174157732985257,0.0,0.0,0.0,0.010285145307657366,0.010288834821717333,0.0,0.004176083078574226,0.004244641452160069,0.01080140159091027,0.010810587167367117,0.0,0.0,0.010285145307657366,-0.01564687725650403,-0.01442719581584417,0.014357476119966734,0.014357476119966734,0.0,0.0,0.010286990064687349,0.009648054858166423,-0.0150370365361741,0.014357476119966734,0.0
2024-11-11,0.0,0.0,0.004656764714045223,0.004656764714045223,0.0,-0.0005197030828338956,-0.000440252966773838,0.004717668939779441,0.0047691081601888684,0.0,-0.0019010946403684907,-0.0019010946403684907,0.003972403669403332,0.004024562683645245,0.0,-0.004168387911389831,-0.003840914883862291,0.003492835916119236,0.0035950509598397396,0.0,0.0,0.0,0.004656764714045223,0.004656764714045223,0.0,-0.0005197030828338956,-0.000440252966773838,0.004717668939779441,0.0047691081601888684,0.0,0.0,0.004656764714045225,0.004656764714045223,0.004656764714045223,0.006611286954963511,0.006611286954963511,0.0,0.0,0.004656764714045223,0.003998483176524289,0.004656764714045223,0.006611286954963511,0.0
2024-11-12,0.0,0.0,0.006088935202271773,0.006088935202271773,0.0,0.004398009367918325,0.004425124916271104,0.006386611425047866,0.006397968438966928,0.0,0.004058783420676259,0.004066032285425283,0.006014719961662996,0.006257089326708467,0.0,0.0070732520727441635,0.007306811532341459,0.006502061181569653,0.006785534397360793,0.0,0.0,0.0,0.006088935202271773,0.006088935202271773,0.0,0.004398009367918325,0.004425124916271104,0.006386611425047866,0.006397968438966928,0.0,0.0,0.006088935202271776,0.006088935202271773,0.006088935202271773,0.008251241955680486,0.008251241955680486,0.0,0.0,0.006088935202271773,0.006135904644185731,0.006088935202271773,0.008251241955680486,0.0
2024-11-13,0.0,0.0,0.007782142147098074,0.007782142147098074,0.0,-0.0002956702378556704,-0.00015472255213000745,0.007636326820972058,0.007853506482613423,0.0,0.0030040328559911454,0.0030040328559911454,0.00720300746666999,0.007425739514678345,0.0,0.00251548341830713,0.0029659888016770487,0.006389672014370692,0.007240411036464605,0.0,0.0,0.0,0.007782142147098074,0.007782142147098074,0.0,-0.0002956702378556704,-0.00015472255213000745,0.007636326820972058,0.007853506482613423,0.0,0.0,0.006668351028908755,0.007782142147098074,0.007782142147098074,0.010833092340066453,0.010833092340066453,0.0,0.0,0.007782142147098074,0.007314373490674168,0.007782142147098074,0.010833092340066453,0.0
2024-11-14,0.0,0.0,0.005939966641874755,0.005939966641874755,0.0,-0.0037562347673451985,-0.003366406462773717,0.004709060401389234,0.004975223547541468,0.0,0.0037496883426795993,0.0037496883426795993,0.0035901514140965624,0.003936391532621122,0.0,0.000444114738447773,0.0010491328317578062,-0.004093145327490205,-0.0032648970458586004,0.0,0.0,0.0,0.005939966641874755,0.005939966641874755,0.0,-0.0037562347673451985,-0.003366406462773717,0.004709060401389234,0.004975223547541468,0.0,0.0,-0.00590054294758476,0.005939966641874755,0.005939966641874755,0.008140280075650931,0.008140280075650931,0.0,0.0,0.005939966641874755,0.003763271473358842,0.005939966641874755,0.008140280075650931,0.0
2024-11-15,0.0,0.0,-0.0009560111569661481,-0.0009438451556222119,0.0,0.005390865423881706,0.005685303069600984,-0.0010042944399915109,-0.0009923565531024699,0.0,-0.0001932147598877303,-0.0001932147598877303,-0.0013680655936757636,-0.001163032802672374,0.0,-0.0001252945671920288,7.149247685224404e-06,-0.0012331965444765769,-0.00103668077115092,0.0,0.0,0.0,-0.0009560111569661481,-0.0009438451556222119,0.0,0.005390865423881706,0.005685303069600984,-0.0010042944399915109,-0.0009923565531024699,0.0,0.0,-2.082040897319619e-05,-0.0009560111569661481,-0.0009438451556222119,-0.001083688715420715,-0.001083688715420715,0.0,0.0,-0.00094992815629418,-0.0012655491981740689,-0.00094992815629418,-0.001083688715420715,0.0
2024-11-18,0.0,0.0,-0.00787518431960051,-0.00787518431960051,0.0,-0.002590142821686409,-0.00024466359730303104,-0.007798995786542466,-0.007737049875479147,0.0,-0.0032103799785937696,-0.0032103799785937696,-0.007676178964059817,-0.007653318278151721,0.0,-0.00364886173345293,-0.0026977877141223577,-0.007763796311611643,-0.007687507819103081,0.0,0.0,0.0,-0.00787518431960051,-0.00787518431960051,0.0,-0.002590142821686409,-0.00024466359730303104,-0.007798995786542466,-0.007737049875479147,0.0,0.0,-0.007813208105249343,-0.00787518431960051,-0.00787518431960051,-0.010989590339497984,-0.010989590339497984,0.0,0.0,-0.00787518431960051,-0.007664748621105769,-0.00787518431960051,-0.010989590339497984,0.0
2024-11-19,0.0,0.0,-0.002822086546320604,-0.0028140673337679347,0.0,-0.0038437384785265055,-0.0036276117348862896,-0.0027472738212875997,-0.002720656380553433,0.0,-0.006374666281476974,-0.004292455182943746,-0.003001180958374684,-0.002936029541285752,0.0,-0.006022291830215293,-0.005031709003598745,-0.003122065763467456,-0.002999026412908695,0.0,0.0,0.0,-0.002822086546320604,-0.0028140673337679347,0.0,-0.0038437384785265055,-0.0036276117348862896,-0.0027472738212875997,-0.002720656380553433,0.0,0.0,-0.0028119062546019345,-0.0028140673337679347,-0.0028140673337679347,-0.0037676929800140166,-0.0037676929800140166,0.0,0.0,-0.0028180769400442695,-0.0029686052498302177,-0.0028140673337679347,-0.0037676929800140166,0.0
2024-11-20,0.0,0.0,0.005644971347400284,0.005644971347400284,0.0,-0.0021472438494658246,-0.0019965049917546746,0.005603486338595397,0.005603486338595397,0.0,-0.002741255681638827,-0.0007541470463113464,0.00606637416769066,0.006083256532599492,0.0,-0.002347715214392836,-0.0018144949364084615,0.005487621196948038,0.005505190179850836,0.0,0.0,0.0,0.005644971347400284,0.005644971347400284,0.0,-0.0021472438494658246,-0.0019965049917546746,0.005603486338595397,0.005603486338595397,0.0,0.0,0.005626180807548674,0.005720077651216723,0.005720077651216723,0.007928032492495596,0.007928032492495596,0.0,0.0,0.005644971347400284,0.006074815350145076,0.005720077651216723,0.007928032492495596,0.0
2024-11-21,0.0,0.0,0.0031366936558202526,0.0031366936558202526,0.0,-0.004918772875978418,-0.004741012465845714,0.002778446517098309,0.0027997033193025494,0.0,-0.0073714511259381325,-0.0053876220307728494,0.002935129558279177,0.0029486872848627863,0.0,-0.006549112487301718,-0.006063031586401449,0.0024549641992782215,0.002486384585751679,0.0,0.0,0.0,0.0031366936558202526,0.0031366936558202526,0.0,-0.004918772875978418,-0.004741012465845714,0.002778446517098309,0.0027997033193025494,0.0,0.0,0.003069365628240129,0.003135445984651041,0.003135445984651041,0.004740391735792304,0.004740391735792304,0.0,0.0,0.0031366936558202526,0.0029419084215709817,0.003135445984651041,0.004740391735792304,0.0
2024-11-22,0.0,0.0,0.004213754642836123,0.004217870562141402,0.0,-0.0008636747039064915,-0.0006914977500979082,0.00427530385973129,0.004300284403618781,0.0,-0.00021885144708762923,0.0017635378606766278,0.004491555715135084,0.004505336392160454,0.0,0.0006698062756861553,0.0010085729663078704,0.004426734328506536,0.004435870585518797,0.0,0.0,0.0,0.004213754642836123,0.004217870562141402,0.0,-0.0008636747039064915,-0.0006914977500979082,0.00427530385973129,0.004300284403618781,0.0,0.0,0.00417474644107341,0.004223586081108786,0.0042357585487130004,0.005796386952344749,0.005796386952344749,0.0,0.0,0.004215812602488762,0.004498446053647769,0.004229672314910894,0.005796386952344749,0.0
2024-11-25,0.0,0.0,-0.00418089507832054,-0.004156881690069132,0.0,0.004047092055020306,0.004049188812302485,-0.003941504528682481,-0.0038709059048338008,0.0,0.0047343666370612885,0.0047343666370612885,-0.004244450910398011,-0.004195305060090004,0.0,0.0032476285061504096,0.0033446201727351656,-0.004113824384631026,-0.0040327553292402955,0.0,0.0,0.0,-0.00418089507832054,-0.004156881690069132,0.0,0.004047092055020306,0.004049188812302485,-0.003941504528682481,-0.0038709059048338008,0.0,0.0,-0.004121342382722929,-0.004156881690069132,-0.004156881690069132,-0.005810113562178485,-0.005810113562178485,0.0,0.0,-0.0041688883841948365,-0.004219877985244007,-0.004156881690069132,-0.005810113562178485,0.0
2024-11-26,0.0,0.0,0.0033017164082098953,0.0033017164082098953,0.0,0.0043684530689331305,0.0043684530689331305,0.0031775662083860855,0.003312352014024022,0.0,0.0012725562536082743,0.003376102571662768,0.0031279779147392593,0.003235127712160996,0.0,0.0031911182250557346,0.0034595508306359685,0.0031294015041775113,0.0031717850955697183,0.0,0.0,0.0,0.0033017164082098953,0.0033017164082098953,0.0,0.0043684530689331305,0.0043684530689331305,0.0031775662083860855,0.003312352014024022,0.0,0.0,0.002090161845084465,0.002965130872420267,0.002965130872420267,0.004562815219980769,0.004562815219980769,0.0,0.0,0.0033017164082098953,0.0031815528134501274,0.002965130872420267,0.004562815219980769,0.0
2024-11-27,0.0,0.0,-0.00933313460470873,-0.009330115147417668,0.0,0.0026167715116614623,0.0026515574946969303,-0.008174807860601114,-0.008062564738958184,0.0,0.00040633282833329315,0.0025240507810691953,-0.01033748087148482,-0.009713745311747032,0.0,0.0023432918557533136,0.0026271597282432084,-0.00928154841109327,-0.009098761257786522,0.0,0.0,0.0,-0.00933313460470873,-0.009330115147417668,0.0,0.0026167715116614623,0.0026515574946969303,-0.008174807860601114,-0.008062564738958184,0.0,0.0,0.009450928012867246,-0.009006704412848761,-0.009006704412848761,-0.012071871241962049,-0.012071871241962049,0.0,0.0,-0.0093316248760632,-0.010025613091615926,-0.009006704412848761,-0.012071871241962049,0.0
2024-11-28,0.0,0.0,0.0002921727118457198,0.0002921727118457198,0.0,-0.0013626100533162939,-0.0013626100533162939,1.6942899831693154e-05,5.7316536474569614e-05,0.0,-0.0015417187165934784,-0.0015417187165934784,-0.00176661122507708,-0.0012123431394106027,0.0,-0.0013468462983406183,-0.0013284615888217856,-0.0001950505169648768,6.124345431900654e-05,0.0,0.0,0.0,0.0002921727118457198,0.0002921727118457198,0.0,-0.0013626100533162939,-0.0013626100533162939,1.6942899831693154e-05,5.7316536474569614e-05,0.0,0.0,-0.0003040890083448813,0.00035407132642348846,0.00035407132642348846,0.0003824437210850006,0.0003824437210850006,0.0,0.0,0.0002921727118457198,-0.0014894771822438414,0.00035407132642348846,0.0003824437210850006,0.0
2024-11-29,0.0,0.0,-0.005326066609408441,-0.004042364805637757,0.0,0.0008997592782787392,0.0009423734774618422,-0.0037991871684630108,-0.003534842061117269,0.0,-0.0021576778213781957,-0.0021576778213781957,-0.004024241281346574,-0.004024241281346574,0.0,0.00016823903154363504,0.0002815468255949983,-0.003949534412488107,-0.003949534412488107,0.0,0.0,0.0,-0.005326066609408441,-0.004042364805637757,0.0,0.0008997592782787392,0.0009423734774618422,-0.0037991871684630108,-0.003534842061117269,0.0,0.0,0.0040888198178291296,-0.005161209031075786,-0.003906227044036941,-0.004992328489938732,-0.004992328489938732,0.0,0.0,-0.0046842157075230985,-0.004024241281346574,-0.004533718037556363,-0.004992328489938732,0.0
2024-12-02,0.0,0.0,-0.009724454450027254,-0.00841308161583685,0.0,-0.0022649587387820365,-0.0022267494095415266,0.005291097446246531,0.00564441214645583,0.0,0.0006694639781500615,0.0006694639781500615,0.007575302091281348,0.008149373730290316,0.0,-0.0030210171041351926,-0.0021492505410229076,0.0076821091871586405,0.007996101146064895,0.0,0.0,0.0,-0.009724454450027254,-0.00841308161583685,0.0,-0.0022649587387820365,-0.0022267494095415266,0.005291097446246531,0.00564441214645583,0.0,0.0,-0.008312772476475213,-0.00841308161583685,-0.00841308161583685,0.011124431241739084,0.011303460744738552,0.0,0.0,-0.009068768032932053,0.007862337910785833,-0.00841308161583685,0.011213945993238817,0.0
2024-12-03,0.0,0.0,-0.001162659491724667,0.00011617958085570793,0.0,0.0012399469459701508,0.0012399469459701508,-0.0007840983743357586,0.00010181482568072109,0.0,0.0014677473847415287,0.0014677473847415287,0.0011815653046379853,0.0012272179171973533,0.0,0.0017511660884960885,0.0017823111946828156,0.0005525314776875085,0.0007194248876214602,0.0,0.0,0.0,-0.001162659491724667,0.00011617958085570793,0.0,0.0012399469459701508,0.0012399469459701508,-0.0007840983743357586,0.00010181482568072109,0.0,0.0,-5.0685139389002585e-05,-0.00010085907687935124,-0.00010085907687935124,6.036492076371848e-05,6.036492076371848e-05,0.0,0.0,-0.0005232399554344795,0.0012043916109176693,-0.00010085907687935124,6.036492076371848e-05,0.0
2024-12-04,0.0,0.0,-0.0006452450463761723,-0.0006452450463761723,0.0,-0.0004675522200293092,-0.0004675522200293092,-0.00111954884278057,-0.0005821515009608836,0.0,0.0009712072149254825,0.0009712072149254825,0.0011322491227192522,0.0011687247997390566,0.0,0.0008559611756201504,0.0008559611756201504,0.0009410309686795717,0.0009667770745826322,0.0,0.0,0.0,-0.0006452450463761723,-0.0006452450463761723,0.0,-0.0004675522200293092,-0.0004675522200293092,-0.00111954884278057,-0.0005821515009608836,0.0,0.0,-0.0005773862722215963,-0.000578855896102467,-0.000578855896102467,0.0006357823436308743,0.0006357823436308743,0.0,0.0,-0.0006452450463761723,0.0011504869612291543,-0.000578855896102467,0.0006357823436308743,0.0
2024-12-05,0.0,0.0,0.007498281638577781,0.007498281638577781,0.0,0.0007708762198312275,0.0007983360006105027,-0.0053858421671688726,-0.005132954398471835,0.0,-0.00017362384915490126,-0.00017362384915490126,-0.0026833823967618536,-0.0025514725400672673,0.0,-0.00016344212897694907,-0.00013994276269221526,-0.005382175490187699,-0.0052582243453914174,0.0,0.0,0.0,0.007498281638577781,0.007498281638577781,0.0,0.0007708762198312275,0.0007983360006105027,-0.0053858421671688726,-0.005132954398471835,0.0,0.0,0.007587114600986457,0.007475571953246967,0.007475571953246967,-0.007441581352271873,-0.007441581352271873,0.0,0.0,0.007498281638577781,-0.0026174274684145605,0.007475571953246967,-0.007441581352271873,0.0
2024-12-06,0.0,0.0,-0.009839769372189031,-0.009820832959709022,0.0,0.005772416360607947,0.005875711640632175,0.008410185157029801,0.009726447532572775,0.0,0.010248245733287299,0.010265273455145878,0.009279681690107957,0.010567667689240041,0.0,0.011421150246716244,0.011508568658059052,0.01167517986750367,0.012595765214925277,0.0,0.0,0.0,-0.009839769372189031,-0.009820832959709022,0.0,0.005772416360607947,0.005875711640632175,0.008410185157029801,0.009726447532572775,0.0,0.0,-0.009854190087215034,-0.009714292053522446,-0.009691839983892829,0.009438248134122217,0.009438248134122217,0.0,0.0,-0.009830301165949027,0.009923674689673999,-0.009703066018707638,0.009438248134122217,0.0
2024-12-09,0.0,0.0,0.0010290169824604754,0.0010321010053061246,0.0,0.002489530494389103,0.004840659092704054,0.001378678412273545,0.001739303825884931,0.0,-0.003238853360231529,-0.003235447266248516,1.794708458374796e-05,0.00011871576618267064,0.0,-0.002591277222721341,-0.0014656474191995187,-0.00023999545136532132,0.000290391979473347,0.0,0.0,0.0,0.0010290169824604754,0.0010321010053061246,0.0,0.002489530494389103,0.004840659092704054,0.001378678412273545,0.001739303825884931,0.0,0.0,0.0009564755958152884,0.0010321010053061246,0.0010321010053061246,-0.0009095986128339875,-0.0009095986128339875,0.0,0.0,0.0010305589938832999,6.83314253832093e-05,0.0010321010053061246,-0.0009095986128339875,0.0
2024-12-10,0.0,0.0,-0.0054202451771732316,-0.005412045473073538,0.0,0.0021752616550680197,0.0021752616550680197,-0.005106803434718039,-0.0050437437598368625,0.0,0.003406610118950415,0.0034106381474106845,-0.004910274103100538,-0.004910274103100538,0.0,0.0047783291682698,0.005225208719323889,-0.004984235309588028,-0.004961353151354543,0.0,0.0,0.0,-0.0054202451771732316,-0.005412045473073538,0.0,0.0021752616550680197,0.0021752616550680197,-0.005106803434718039,-0.0050437437598368625,0.0,0.0,-0.0054129698995370795,-0.005451749660904779,-0.005451749660904779,0.005357623247588713,0.005357623247588713,0.0,0.0,-0.005416145325123385,-0.004910274103100538,-0.005451749660904779,0.005357623247588713,0.0
2024-12-11,0.0,0.0,-0.0015070681082169277,-0.0014810936557996283,0.0,0.002856811528596128,0.002856811528596128,-0.0012315419845003615,-0.001228651120796445,0.0,-0.0022986440417078705,-0.0022986440417078705,-0.0020603977225461217,-0.002029326663434004,0.0,-0.0018217245285942704,-0.0014742024188300886,-0.0018478857580786,-0.0018344088320869046,0.0,0.0,0.0,-0.0015070681082169277,-0.0014810936557996283,0.0,0.002856811528596128,0.002856811528596128,-0.0012315419845003615,-0.001228651120796445,0.0,0.0,-0.001456583985462252,-0.00140620287728584,-0.00140620287728584,0.0013213122271864863,0.0013213122271864863,0.0,0.0,-0.0014940808820082779,-0.002044862192990063,-0.00140620287728584,0.0013213122271864863,0.0
2024-12-12,0.0,0.0,-0.006680784685640225,-0.006680784685640225,0.0,-0.0057914438046017935,-0.003546549854060546,-0.007514184294312554,-0.007056538090854316,0.0,0.004693546335906943,0.00471188182885595,-0.006233900681951912,-0.006224180343643722,0.0,0.0021348130826092937,0.0032913043509030272,-0.006822154808341113,-0.006622478319975857,0.0,0.0,0.0,-0.006680784685640225,-0.006680784685640225,0.0,-0.0057914438046017935,-0.003546549854060546,-0.007514184294312554,-0.007056538090854316,0.0,0.0,-0.006554246157675818,-0.0062588986951965875,-0.0062588986951965875,0.006576126240948168,0.006576126240948168,0.0,0.0,-0.006680784685640225,-0.006229040512797817,-0.0062588986951965875,0.006576126240948168,0.0
2024-12-13,0.0,0.0,-0.0009560820859737155,-0.0009560820859737155,0.0,0.0014176020601295962,0.0014176020601295962,-0.00060507200378716,-0.0004880663644615973,0.0,0.005484665343089096,0.005484665343089096,0.00011173971386947857,0.00020730786825769068,0.0,0.005611171126885646,0.0057887654389489115,0.0002491562857129366,0.00031164366468325273,0.0,0.0,0.0,-0.0009560820859737155,-0.0009560820859737155,0.0,0.0014176020601295962,0.0014176020601295962,-0.00060507200378716,-0.0004880663644615973,0.0,0.0,-0.0009031325678960867,-0.000985582471033517,-0.0009487179750509253,0.0010055394765727385,0.0010055394765727385,0.0,0.0,-0.0009560820859737155,0.00015952379106358463,-0.0009671502230422211,0.0010055394765727385,0.0
2024-12-16,0.0,0.0,0.0017868857000973002,0.0017978277223912765,0.0,0.0069781597529889345,0.0069781597529889345,0.0024939845064332502,0.0034005746636699696,0.0,-0.001065259098126108,-0.001065259098126108,0.0003031187422871699,0.0014362312211829583,0.0,0.0012976738611725565,0.0013825594693899755,0.000901360907053555,0.0020377977678031076,0.0,0.0,0.0,0.0017868857000973002,0.0017978277223912765,0.0,0.0069781597529889345,0.0069781597529889345,0.0024939845064332502,0.0034005746636699696,0.0,0.0,0.0017765999110543888,0.0017978277223912765,0.0017978277223912765,-0.0016768489662640428,-0.0016768489662640428,0.0,0.0,0.0017923567112442884,0.0008696749817350641,0.0017978277223912765,-0.0016768489662640428,0.0
2024-12-17,0.0,0.0,-0.005258720222441541,-0.004003716476499669,0.0,0.00032671287485141933,0.00035743018620614355,-0.0030291062309422355,-0.002144503113281689,0.0,0.0021045810420959998,0.0021045810420959998,0.004129042885902884,0.004219330839001036,0.0,0.001723851387686604,0.0017407233314827972,0.004202585644105657,0.0042182248980048714,0.0,0.0,0.0,-0.005258720222441541,-0.004003716476499669,0.0,0.00032671287485141933,0.00035743018620614355,-0.0030291062309422355,-0.002144503113281689,0.0,0.0,-0.003974109855193073,-0.00370815978069187,-0.00370815978069187,0.004027156650322125,0.004027156650322125,0.0,0.0,-0.004631218349470605,0.0041741868624519595,-0.00370815978069187,0.004027156650322125,0.0
2024-12-18,0.0,0.0,0.02175801498661451,0.02183119806485041,0.0,-0.0015971500779143426,-0.0015880591411648257,0.018968025155659,0.019052950207138215,0.0,0.008187910691467926,0.008231624732747363,0.02292123615822782,0.02302953865194376,0.0,0.005222472222290696,0.005348034164174662,0.021915373916477687,0.022054580460535225,0.0,0.0,0.0,0.02175801498661451,0.02183119806485041,0.0,-0.0015971500779143426,-0.0015880591411648257,0.018968025155659,0.019052950207138215,0.0,0.0,-0.021448376039086843,-0.020577683479492338,-0.020577683479492338,0.020444410702157904,0.020444410702157904,0.0,0.0,0.02179460652573246,0.02297538740508579,-0.020577683479492338,0.020444410702157904,0.0
2024-12-19,0.0,0.0,-5.080217319732168e-06,-5.080217319732168e-06,0.0,-0.0009597819821559833,0.0014254521105683687,0.00031643737503742357,0.0008280101014381542,0.0,0.001087636609163554,0.0010936403976836361,4.1562917510462455e-05,0.00010488938038352366,0.0,0.00031318178449493976,0.0013458454746837,0.00020606636060828374,0.000376686910891649,0.0,0.0,0.0,-5.080217319732168e-06,-5.080217319732168e-06,0.0,-0.0009597819821559833,0.0014254521105683687,0.00031643737503742357,0.0008280101014381542,0.0,0.0,-0.0009852943835442593,0.000425764695026837,0.000425764695026837,-0.0007927283639179398,-0.0007927283639179398,0.0,0.0,-5.080217319732168e-06,7.322614894699305e-05,0.000425764695026837,-0.0007927283639179398,0.0
2024-12-20,0.0,0.0,-0.0070027826212232845,-0.0070027826212232845,0.0,0.0038584675570040227,0.0038584675570040227,-0.006414727149529378,-0.006280554981649272,0.0,-0.0008150297210421505,-0.0008150297210421505,-0.00714485809278384,-0.007102353055226509,0.0,0.004254415000890406,0.004502848939076661,-0.006793524528222172,-0.006714647003292203,0.0,0.0,0.0,-0.0070027826212232845,-0.0070027826212232845,0.0,0.0038584675570040227,0.0038584675570040227,-0.006414727149529378,-0.006280554981649272,0.0,0.0,-0.006969141388762551,0.006151122951487115,0.007353453653804528,-0.007079537848968799,-0.007079537848968799,0.0,0.0,-0.0070027826212232845,-0.007123605574005175,0.006752288302645821,-0.007079537848968799,0.0
2024-12-23,0.0,0.0,0.003797211561191919,0.003797211561191919,0.0,-0.002987410673705475,-0.002950861275186136,0.0028134211343121495,0.002853446063620764,0.0,0.001775509575648109,0.001775509575648109,0.0035833943933241577,0.0036393391394642103,0.0,-0.0020150476163855705,-0.0017782220294340146,0.0031124903626624594,0.0032594572815844883,0.0,0.0,0.0,0.003797211561191919,0.003797211561191919,0.0,-0.002987410673705475,-0.002950861275186136,0.0028134211343121495,0.002853446063620764,0.0,0.0,0.0037266827475838813,0.003797211561191919,0.003797211561191919,0.003659720657321603,0.003659720657321603,0.0,0.0,0.003797211561191919,0.0036113667663941838,0.003797211561191919,0.003659720657321603,0.0
2024-12-24,0.0,0.0,0.0009408365399001544,0.0009472698630787884,0.0,0.0007096443071408664,0.0007096443071408664,0.0011597971715282718,0.001197160034546048,0.0,0.0004632108876119066,0.0004632108876119066,0.0008513355571720451,0.0008734794067010144,0.0,-0.0008245989670621114,-0.0007293184597526553,0.00047886681465013873,0.0006415674302245561,0.0,0.0,0.0,0.0009408365399001544,0.0009472698630787884,0.0,0.0007096443071408664,0.0007096443071408664,0.0011597971715282718,0.001197160034546048,0.0,0.0,0.0009549647210690551,0.0009472698630787884,0.0009472698630787884,0.0008693970606743278,0.0008693970606743278,0.0,0.0,0.0009440532014894714,0.0008624074819365297,0.0009472698630787884,0.0008693970606743278,0.0
2024-12-25,0.0,0.0,0.0,0.0,0.0,0.0,0.0,-0.0001314395038538983,0.0,0.0,0.0,0.0,-8.97559017386554e-05,0.0,0.0,-0.00018372347901017468,0.0,-0.0001446571052370189,0.0,0.0,0.0,0.0,0.0,0.0,0.0,0.0,0.0,-0.0001314395038538983,0.0,0.0,0.0,0.0,0.0,0.0,0.0,0.0,0.0,0.0,0.0,-4.48779508693277e-05,0.0,0.0,0.0
2024-12-26,0.0,0.0,0.001983352410830108,0.001983352410830108,0.0,-0.003594194424163911,-0.003584397604225153,0.0015325219098338743,0.0015668651910978287,0.0,0.0056162593523218585,0.0056162593523218585,0.003318551182583085,0.0034791769427937025,0.0,0.007380823280503415,0.007543444004533075,0.006661700327212804,0.0067402292805958585,0.0,0.0,0.0,0.001983352410830108,0.001983352410830108,0.0,-0.003594194424163911,-0.003584397604225153,0.0015325219098338743,0.0015668651910978287,0.0,0.0,0.0018515852875099718,0.001897374443701623,0.001897374443701623,0.0023374539473477863,0.0023374539473477863,0.0,0.0,0.001983352410830108,0.0033988640626883937,0.001897374443701623,0.0023374539473477863,0.0
2024-12-27,0.0,0.0,-0.001081074451087039,-0.0010749504474821014,0.0,-0.005650046347266053,-0.003278177959464955,-0.001555632475166247,-0.0014214755076218688,0.0,-0.0010188475166000035,-0.0010188475166000035,-0.0015627126369134876,-0.0013786863791930308,0.0,-0.0009356538255653997,-0.0007581897698922732,-0.001303093855956207,-0.001158019539642956,0.0,0.0,0.0,-0.001081074451087039,-0.0010749504474821014,0.0,-0.005650046347266053,-0.003278177959464955,-0.001555632475166247,-0.0014214755076218688,0.0,0.0,-0.0010391727530626297,-0.0010744305600984912,-0.0010618453851001723,-0.001065767058983974,-0.001065767058983974,0.0,0.0,-0.0010780124492845702,-0.0014706995080532592,-0.0010681379725993316,-0.001065767058983974,0.0
2024-12-30,0.0,0.0,-0.0009330814380481734,-0.0009186943516281221,0.0,-0.007225926147999034,-0.004872250353409178,-0.0025368490035183743,-0.0011861922017398774,0.0,-0.003987337976095062,-0.003987337976095062,-0.003627110028544185,-0.003601975990667263,0.0,-0.007953565910947986,-0.006693521724820051,-0.006879717077703959,-0.005730382213161281,0.0,0.0,0.0,-0.0009330814380481734,-0.0009186943516281221,0.0,-0.007225926147999034,-0.004872250353409178,-0.0025368490035183743,-0.0011861922017398774,0.0,0.0,-0.0009365512499641543,-0.0009186943516281221,-0.0009186943516281221,-0.0025011107027231878,-0.0013000822956483215,0.0,0.0,-0.0009258878948381477,-0.0036145430096057238,-0.0009186943516281221,-0.0019005964991857544,0.0
2024-12-31,0.0,0.0,0.006164595608253381,0.006164595608253381,0.0,0.0010647439045598133,0.0010647439045598133,-0.0034781262446023117,-0.0022982687735786673,0.0,0.0009542616031514272,0.0009542616031514272,0.005374393635461782,0.005374393635461782,0.0,-0.001558760278333523,-0.0008489522879452929,-0.0064390601279121894,-0.0054757173718369715,0.0,0.0,0.0,0.006164595608253381,0.006164595608253381,0.0,0.0010647439045598133,0.0010647439045598133,-0.0034781262446023117,-0.0022982687735786673,0.0,0.0,0.0060300041785634586,0.006042039962623323,0.006042039962623323,-0.006375471949108629,-0.006375471949108629,0.0,0.0,0.006164595608253381,0.005374393635461782,0.006042039962623323,-0.006375471949108629,0.0
2025-01-01,0.0,0.0,-1.1322551426105277e-05,0.0,0.0,-0.002347168625760135,0.0,-0.0004798606682874265,0.0,0.0,0.0,0.0,-0.0001195834538944764,0.0,0.0,-0.0006723933826233049,0.0,-0.0008135339946935061,0.0,0.0,0.0,0.0,-1.1322551426105277e-05,0.0,0.0,-0.002347168625760135,0.0,-0.0004798606682874265,0.0,0.0,0.0,-3.806396289581301e-06,0.0,0.0,0.0,0.0,0.0,0.0,-5.661275713052639e-06,-5.97917269472382e-05,0.0,0.0,0.0
2025-01-02,0.0,0.0,0.006677494004896715,0.006694392620140914,0.0,-0.0038455267362473905,-0.0038366987430214113,0.006308355689944478,0.00633853984313025,0.0,-0.0032480419397533902,-0.003231609022774145,0.004433388883368629,0.004713186792793573,0.0,-0.00514654334247504,-0.005123818676668166,0.0037991463444403796,0.004189556326876381,0.0,0.0,0.0,0.006677494004896715,0.006694392620140914,0.0,-0.0038455267362473905,-0.0038366987430214113,0.006308355689944478,0.00633853984313025,0.0,0.0,0.006569899693802099,0.006616303586480451,0.006616303586480451,-0.0067922733404728736,-0.0067922733404728736,0.0,0.0,0.006685943312518814,0.004573287838081102,0.006616303586480451,-0.0067922733404728736,0.0
2025-01-03,0.0,0.0,-0.0026673945798720297,-0.0026634635932784568,0.0,0.004323613507629718,0.004323613507629718,-0.00211018242594194,-0.0020914694430096636,0.0,0.002209759923138078,0.002209759923138078,-0.002229678738909116,-0.0022161229233679993,0.0,-0.001996132368771878,-0.0017871690041941202,-0.0030731343756128363,-0.0029642621256035662,0.0,0.0,0.0,-0.0026673945798720297,-0.0026634635932784568,0.0,0.004323613507629718,0.004323613507629718,-0.00211018242594194,-0.0020914694430096636,0.0,0.0,-0.0025937674088549107,-0.002788869511484629,-0.002740966510165701,0.002866829011317947,0.002866829011317947,0.0,0.0,-0.002665429086575243,-0.0022229008311385576,-0.0027649180108251653,0.002866829011317947,0.0
2025-01-06,0.0,0.0,-0.009719782302109608,-0.009709293419726858,0.0,-0.0014110940470505812,-0.0013559999047691733,-0.009663354210915817,-0.00950918099479128,0.0,-0.0016965568558399882,-0.0016753428773737533,-0.009191353047604435,-0.009120857465308083,0.0,0.009285047731517969,0.009767144239714205,-0.0074949528720474065,-0.007284027199280206,0.0,0.0,0.0,-0.009719782302109608,-0.009709293419726858,0.0,-0.0014110940470505812,-0.0013559999047691733,-0.009663354210915817,-0.00950918099479128,0.0,0.0,-0.009662142611247718,-0.009709293419726858,-0.009709293419726858,0.009738425574441137,0.009738425574441137,0.0,0.0,-0.009714537860918233,-0.009156105256456258,-0.009709293419726858,0.009738425574441137,0.0
2025-01-07,0.0,0.0,0.006072825066449962,0.006076855344023575,0.0,0.0019189813383620187,0.0019189813383620187,0.0063170991045007185,0.0063170991045007185,0.0,0.0012214030716902078,0.0012214030716902078,0.006384427512506521,0.006384427512506521,0.0,-0.0005403690108261094,0.0001314773323294531,0.006231525832483508,0.006231525832483508,0.0,0.0,0.0,0.006072825066449962,0.006076855344023575,0.0,0.0019189813383620187,0.0019189813383620187,0.0063170991045007185,0.0063170991045007185,0.0,0.0,0.006127899229226387,0.0062256604592818825,0.0062256604592818825,-0.006258576305679804,-0.006258576305679804,0.0,0.0,0.006074840205236769,0.006384427512506521,0.0062256604592818825,-0.006258576305679804,0.0
2025-01-08,0.0,0.0,0.004712631651185547,0.004721504930957132,0.0,-0.0029570213399793617,-0.0029570213399793617,0.004575768818597665,0.00463202392626693,0.0,0.003059947344591343,0.003065072181790667,0.004939389255515452,0.0049456596047333205,0.0,0.00045089125555317793,0.0015368230331319443,0.004807297566056962,0.00487167700479254,0.0,0.0,0.0,0.004712631651185547,0.004721504930957132,0.0,-0.0029570213399793617,-0.0029570213399793617,0.004575768818597665,0.00463202392626693,0.0,0.0,0.004748504811640476,0.004712123093467862,0.004712123093467862,-0.00488271146163294,-0.00488271146163294,0.0,0.0,0.004717068291071339,0.004942524430124386,0.004712123093467862,-0.00488271146163294,0.0
2025-01-09,0.0,0.0,0.0024097065713470137,0.002422928853922273,0.0,-0.002120741155853741,-0.001995608343795108,0.002310952092997373,0.002310952092997373,0.0,0.0007688780343487725,0.0007753075931646208,0.002564053151381171,0.002564053151381171,0.0,-0.0017197429405803864,-0.0016258278891579825,0.0022792397921231676,0.00228251956839955,0.0,0.0,0.0,0.0024097065713470137,0.002422928853922273,0.0,-0.002120741155853741,-0.001995608343795108,0.002310952092997373,0.002310952092997373,0.0,0.0,0.00236525151440852,0.0025511579770444606,0.0025511579770444606,-0.002640550669329111,-0.002640550669329111,0.0,0.0,0.0024163177126346434,0.002564053151381171,0.0025511579770444606,-0.002640550669329111,0.0
2025-01-10,0.0,0.0,0.0077784876310972575,0.0077784876310972575,0.0,-0.0035772440134815256,-0.0035772440134815256,0.007685949593928404,0.007685949593928404,0.0,0.0020009824529907995,0.0024089363581565677,0.008325459426982696,0.008330334569436507,0.0,-0.0038905579767216612,-0.003533653616333973,0.007464530742903966,0.007498004712638953,0.0,0.0,0.0,0.0077784876310972575,0.0077784876310972575,0.0,-0.0035772440134815256,-0.0035772440134815256,0.007685949593928404,0.007685949593928404,0.0,0.0,0.007890305408432037,0.007824121928275038,0.007866303892686225,-0.008049742383711755,-0.008049742383711755,0.0,0.0,0.0077784876310972575,0.008327896998209601,0.007845212910480633,-0.008049742383711755,0.0
2025-01-13,0.0,0.0,-0.002587949972470431,-0.0025602048705388263,0.0,-0.002582656225688974,-0.002482696947024556,-0.0030786030239499953,-0.0029417854075684926,0.0,-0.0020465985065124463,-0.0018465028560419846,-0.0027661357949713573,-0.0026976693528349615,0.0,-0.0008664564640328707,-0.0006420784648257596,-0.002835321284722737,-0.002625902406704185,0.0,0.0,0.0,-0.002587949972470431,-0.0025602048705388263,0.0,-0.002582656225688974,-0.002482696947024556,-0.0030786030239499953,-0.0029417854075684926,0.0,0.0,-0.0025315242766355815,-0.0025602048705388263,-0.0025602048705388263,0.002427104689130634,0.002427104689130634,0.0,0.0,-0.0025740774215046286,-0.0027319025739031594,-0.0025602048705388263,0.002427104689130634,0.0
2025-01-14,0.0,0.0,-0.005350618000061018,-0.005350618000061018,0.0,0.0008089399229455603,0.0008163719570823608,-0.005144193523013709,-0.005144193523013709,0.0,0.0019157769786897491,0.0022422871494045854,-0.004469974193881774,-0.004399425615050536,0.0,0.0023053721913572334,0.002406256840847382,-0.00457604274868819,-0.0045475421209536,0.0,0.0,0.0,-0.005350618000061018,-0.005350618000061018,0.0,0.0008089399229455603,0.0008163719570823608,-0.005144193523013709,-0.005144193523013709,0.0,0.0,-0.005216075867209032,-0.005121273920583625,-0.005121273920583625,0.005241671226117195,0.005241671226117195,0.0,0.0,-0.005350618000061018,-0.004434699904466155,-0.005121273920583625,0.005241671226117195,0.0
2025-01-15,0.0,0.0,-0.002732724830358484,-0.002719022056091978,0.0,-0.0012338044868927098,-0.0012338044868927098,-0.003089967783328057,-0.0030057868935534425,0.0,-0.006731450689500796,-0.00631204314225509,-0.004063610024614951,-0.004026357329383823,0.0,-0.0030392384496494428,-0.0028411698416326053,-0.0037225326281408186,-0.0035711886502605233,0.0,0.0,0.0,-0.002732724830358484,-0.002719022056091978,0.0,-0.0012338044868927098,-0.0012338044868927098,-0.003089967783328057,-0.0030057868935534425,0.0,0.0,-0.002857442521634504,-0.0027159180710003843,-0.0027159180710003843,0.002469544365056964,0.002469544365056964,0.0,0.0,-0.002725873443225231,-0.0040449836769993865,-0.0027159180710003843,0.002469544365056964,0.0
2025-01-16,0.0,0.0,0.0008862422606861342,0.0008862422606861342,0.0,0.0011661017546043425,0.0011661017546043425,0.0009046721907280839,0.0009046721907280839,0.0,0.0013796380903810341,0.002355666433655983,0.0011356477517739283,0.0013504802023222785,0.0,0.0008019796296286636,0.0011867996729329963,0.00023449021662894776,0.00040500977620248863,0.0,0.0,0.0,0.0008862422606861342,0.0008862422606861342,0.0,0.0011661017546043425,0.0011661017546043425,0.0009046721907280839,0.0009046721907280839,0.0,0.0,0.0007996171177357285,0.0007710266858463728,0.0007710266858463728,-0.0009559522354533775,-0.0009559522354533775,0.0,0.0,0.0008862422606861342,0.0012430639770481034,0.0007710266858463728,-0.0009559522354533775,0.0
2025-01-17,0.0,0.0,0.0082527907504388,0.0082527907504388,0.0,0.005607252583477344,0.005626933956516719,0.008947499036245594,0.00901386350090494,0.0,-0.00028499049064199475,-0.00028499049064199475,0.008988472560436122,0.009014652962981587,0.0,0.005859283128291002,0.00602363846785302,0.009751978475378918,0.009812781893977985,0.0,0.0,0.0,0.0082527907504388,0.0082527907504388,0.0,0.005607252583477344,0.005626933956516719,0.008947499036245594,0.00901386350090494,0.0,0.0,0.008071806180464578,0.0077585238105685825,0.007800494252954389,-0.007920380994261388,-0.007920380994261388,0.0,0.0,0.0082527907504388,0.009001562761708853,0.007779509031761486,-0.007920380994261388,0.0
2025-01-20,0.0,0.0,-0.02010852321144166,-0.020057899949636384,0.0,-0.0005102067287073668,-0.0004536176503983822,-0.020199634655355337,-0.02005935950598085,0.0,0.007363890884233639,0.0090122063656287,-0.02026594293362029,-0.019871236389621915,0.0,-0.003017124868393068,-0.002085810270551358,-0.01850074607291529,-0.018031394396943207,0.0,0.0,0.0,-0.02010852321144166,-0.020057899949636384,0.0,-0.0005102067287073668,-0.0004536176503983822,-0.020199634655355337,-0.02005935950598085,0.0,0.0,-0.019802670110649734,-0.020057899949636384,-0.020057899949636384,0.019425283622312987,0.019425283622312987,0.0,0.0,-0.02008321158053902,-0.020068589661621103,-0.020057899949636384,0.019425283622312987,0.0
2025-01-21,0.0,0.0,-0.0010607946687648073,-0.0010607946687648073,0.0,0.0019152208019206918,0.001952026872726031,-0.0009062003841348434,-0.0007849289567827535,0.0,0.0011498636488421986,0.001173212517207669,-0.0007776177013187096,-0.0006312255396368983,0.0,0.0002555731210316146,0.0005066737431551204,-0.0008159133763742379,-0.0007141806182300162,0.0,0.0,0.0,-0.0010607946687648073,-0.0010607946687648073,0.0,0.0019152208019206918,0.001952026872726031,-0.0009062003841348434,-0.0007849289567827535,0.0,0.0,-0.0010632767314241159,-0.0010474080930920576,-0.0010474080930920576,0.0010439100004223495,0.0010439100004223495,0.0,0.0,-0.0010607946687648073,-0.0007044216204778039,-0.0010474080930920576,0.0010439100004223495,0.0
2025-01-22,0.0,0.0,0.0033781311727496357,0.0033781311727496357,0.0,0.0018464617837874468,0.0024261909050742186,0.0031946810908499938,0.0038045159736669614,0.0,3.315818207250625e-05,0.00021925398548387743,0.003420391324683949,0.003465969980403351,0.0,0.003399487571553734,0.003494005409720968,0.0043429707146282,0.00451467022795639,0.0,0.0,0.0,0.0033781311727496357,0.0033781311727496357,0.0,0.0018464617837874468,0.0024261909050742186,0.0031946810908499938,0.0038045159736669614,0.0,0.0,0.003423336754952508,0.0039102965836008575,0.0039102965836008575,-0.0037760183547960657,-0.0037760183547960657,0.0,0.0,0.0033781311727496357,0.00344318065254365,0.0039102965836008575,-0.0037760183547960657,0.0
2025-01-23,0.0,0.0,-0.0011291532588763834,-0.0011291532588763834,0.0,0.0018113780092631263,0.0019404370452430599,0.00011325709428609991,0.00021276510127944562,0.0,0.002148993101057989,0.0023545221871909385,-0.0005586086859798383,-0.0005091363254827745,0.0,0.0019687558219978443,0.0020585961167669756,0.00032033498820397126,0.00040560622572041825,0.0,0.0,0.0,-0.0011291532588763834,-0.0011291532588763834,0.0,0.0018113780092631263,0.0019404370452430599,0.00011325709428609991,0.00021276510127944562,0.0,0.0,-0.0011397907197268165,-0.0011002983624786714,-0.0011002983624786714,0.0011340323928870925,0.0011340323928870925,0.0,0.0,-0.0011291532588763834,-0.0005338725057313063,-0.0011002983624786714,0.0011340323928870925,0.0
2025-01-24,0.0,0.0,-0.007768032646653888,-0.0077558136241,0.0,0.0015461105840644186,0.001853413440355692,-0.006759838728400194,-0.006580661026166949,0.0,0.006351275721892704,0.006367476618147682,-0.007045738929291597,-0.007039456516366232,0.0,0.002838143145411131,0.0030597091781199705,-0.006079874862924405,-0.0058846249566279945,0.0,0.0,0.0,-0.007768032646653888,-0.0077558136241,0.0,0.0015461105840644186,0.001853413440355692,-0.006759838728400194,-0.006580661026166949,0.0,0.0,-0.00770167006187499,-0.00849973890473163,-0.008438803266596632,0.00848060711226945,0.00848060711226945,0.0,0.0,-0.007761923135376944,-0.007042597722828914,-0.00846927108566413,0.00848060711226945,0.0
2025-01-27,0.0,0.0,-0.0012104617494759515,3.2755746273144634e-05,0.0,-0.0057652302426306834,-0.005604151899102743,-0.004877265014448279,-0.004575189175288001,0.0,-0.001406950161924196,0.00013851821231094944,-0.0013345355596165614,4.2388482243539455e-05,0.0,-0.004979600467315596,-0.0046783139095917204,-0.0035809628851106107,-0.003315229503124014,0.0,0.0,0.0,-0.0012104617494759515,3.2755746273144634e-05,0.0,-0.0057652302426306834,-0.005604151899102743,-0.004877265014448279,-0.004575189175288001,0.0,0.0,-0.001170819349508069,3.2755746273144634e-05,3.2755746273144634e-05,-0.0016971767758063477,-0.00044721699657734653,0.0,0.0,-0.0005888530016014034,-0.000646073538686511,3.2755746273144634e-05,-0.001072196886191847,0.0
2025-01-28,0.0,0.0,-0.007669971727178128,-0.006391031576898676,0.0,-0.001907675294442955,-0.0017729953015805217,-0.0029982652506498164,-0.0025749343371024858,0.0,-0.00018438492144543482,-0.00018438492144543482,-0.00014078458381247278,0.0008743175547846496,0.0,-0.000992839331508091,-0.00088996636886602,0.0021532476743264064,0.0023193193380859622,0.0,0.0,0.0,-0.007669971727178128,-0.006391031576898676,0.0,-0.001907675294442955,-0.0017729953015805217,-0.0029982652506498164,-0.0025749343371024858,0.0,0.0,-0.006391031576898676,0.006275092088189908,0.006275092088189908,0.00639006253414854,0.00639006253414854,0.0,0.0,-0.007030501652038401,0.00036676648548608843,0.006275092088189908,0.00639006253414854,0.0
2025-01-29,0.0,0.0,0.000664970098002959,0.0019527681685639372,0.0,-0.00025745450207528196,-0.00025745450207528196,0.0009114111308866538,0.0009951466702222535,0.0,0.0004139976049300732,0.0012068594527491288,0.001618644795314934,0.002249810903248633,0.0,-0.0002477137982500404,-6.0413664537259604e-05,-0.00020962037166071782,0.0007844421457162487,0.0,0.0,0.0,0.000664970098002959,0.0019527681685639372,0.0,-0.00025745450207528196,-0.00025745450207528196,0.0009114111308866538,0.0009951466702222535,0.0,0.0,-0.0019441743053324907,0.001858812039129095,0.001858812039129095,0.0018878231019711022,0.0018878231019711022,0.0,0.0,0.0013088691332834481,0.0019342278492817835,0.001858812039129095,0.0018878231019711022,0.0
2025-01-30,0.0,0.0,-0.006134711840172488,-0.004832287113234511,0.0,0.00021942596755989481,0.00021942596755989481,0.0015185972478424052,0.0023973690515143435,0.0,0.002783939959543109,0.0029882504530952285,-0.0002760206305294036,0.000645506619816366,0.0,0.0008010714099191483,0.0009895076864466573,-0.004879429838957917,-0.003698772625524167,0.0,0.0,0.0,-0.006134711840172488,-0.004832287113234511,0.0,0.00021942596755989481,0.00021942596755989481,0.0015185972478424052,0.0023973690515143435,0.0,0.0,-0.006020050010243631,0.004498649065919955,0.004498649065919955,0.004613636180204741,0.004613636180204741,0.0,0.0,-0.0054834994767035,0.00018474299464348119,0.004498649065919955,0.004613636180204741,0.0
2025-01-31,0.0,0.0,0.003547591195427227,0.003547591195427227,0.0,0.005350871661132372,0.005379331959267127,0.004632853137381137,0.004632853137381137,0.0,0.002432358658417856,0.0025354078417069706,0.003702791980165138,0.003740762034778846,0.0,0.004362114480564124,0.004594207981165792,0.005311600610280793,0.006169161897447333,0.0,0.0,0.0,0.003547591195427227,0.003547591195427227,0.0,0.005350871661132372,0.005379331959267127,0.004632853137381137,0.004632853137381137,0.0,0.0,0.0035475911954272275,0.0033508820525744833,0.003388409759128385,0.0034786601413634754,0.0034786601413634754,0.0,0.0,0.003547591195427227,0.0037217770074719917,0.0033696459058514343,0.0034786601413634754,0.0
2025-02-03,0.0,0.0,-0.0037716370315598233,-0.0037605219758929066,0.0,-0.005716334495780481,-0.005675358236233003,-0.004977326743265862,-0.004951194106369088,0.0,0.0010294404688948443,0.0031139665530696735,-0.0035367747352372226,-0.0030787899433096805,0.0,-0.006568388563201284,-0.005605864337945406,-0.0062305936408514825,-0.005125091238165079,0.0,0.0,0.0,-0.0037716370315598233,-0.0037605219758929066,0.0,-0.005716334495780481,-0.005675358236233003,-0.004977326743265862,-0.004951194106369088,0.0,0.0,-0.0037716370315598238,-0.0037605219758929066,-0.0037605219758929066,-0.0035432589889465415,-0.0035432589889465415,0.0,0.0,-0.0037660795037263647,-0.0033077823392734513,-0.0037605219758929066,-0.0035432589889465415,0.0
2025-02-04,0.0,0.0,-0.008120187753595454,-0.008120187753595454,0.0,-0.006670622128184138,-0.006335855903685264,-0.009418366794290605,-0.009344572832835336,0.0,0.005259521371655875,0.006275061978057719,-0.007388784048328324,-0.007045586269512393,0.0,-0.0013069839118464764,-0.0004519368880903339,0.004239751694419254,0.004708625129024988,0.0,0.0,0.0,-0.008120187753595454,-0.008120187753595454,0.0,-0.006670622128184138,-0.006335855903685264,-0.009418366794290605,-0.009344572832835336,0.0,0.0,-0.008120187753595454,-0.008398857185603806,-0.008398857185603806,-0.008069814736761922,-0.008069814736761922,0.0,0.0,-0.008120187753595454,-0.007217185158920359,-0.008398857185603806,-0.008069814736761922,0.0
2025-02-05,0.0,0.0,-0.00571021654200589,-0.00571021654200589,0.0,-2.834599301687298e-05,-2.834599301687298e-05,-0.006005816707296189,-0.00599034273197753,0.0,0.001722219509279191,0.0020662261672774827,-0.0046559664825949944,-0.0044411586490104285,0.0,0.003177578569655573,0.0033178895975862,0.007081647622266004,0.007181976507324472,0.0,0.0,0.0,-0.00571021654200589,-0.00571021654200589,0.0,-2.834599301687298e-05,-2.834599301687298e-05,-0.006005816707296189,-0.00599034273197753,0.0,0.0,-0.005710216542005891,-0.005742969620188153,-0.005742969620188153,-0.00562054523632495,-0.00562054523632495,0.0,0.0,-0.00571021654200589,-0.004548562565802712,-0.005742969620188153,-0.00562054523632495,0.0
2025-02-06,0.0,0.0,0.0013797724289972108,0.0013835650668752998,0.0,-0.0034586298271669304,-0.002306420389988169,0.0008444708701734257,0.0011072005399217412,0.0,0.0034998339500164777,0.004024426022703499,0.0026197969077093155,0.002769731610828163,0.0,-0.0013496963910901594,-0.0010945463613409676,-0.0022081047633463174,-0.0020783766593840645,0.0,0.0,0.0,0.0013797724289972108,0.0013835650668752998,0.0,-0.0034586298271669304,-0.002306420389988169,0.0008444708701734257,0.0011072005399217412,0.0,0.0,0.0013797724289972113,0.001380279141607722,0.001380279141607722,0.0013360412498582823,0.0013360412498582823,0.0,0.0,0.0013816687479362552,0.0026947642592687394,0.001380279141607722,0.0013360412498582823,0.0
2025-02-07,0.0,0.0,0.004209426768487467,0.004219469665279602,0.0,0.0030068271693925405,0.003906345605763422,0.004777346612003249,0.004868534106559875,0.0,-0.004236276311706855,-0.003742554020651495,0.003525787313503558,0.003591088854910462,0.0,-0.004072164395399364,-0.0034658337331266876,-0.007310504507259903,-0.005833893730037636,0.0,0.0,0.0,0.004209426768487467,0.004219469665279602,0.0,0.0030068271693925405,0.003906345605763422,0.004777346612003249,0.004868534106559875,0.0,0.0,0.004209426768487468,0.00403888101772147,0.004064761574014774,0.004043681910949404,0.004043681910949404,0.0,0.0,0.0042144482168835345,0.00355843808420701,0.004051821295868122,0.004043681910949404,0.0
2025-02-10,0.0,0.0,0.0020022294164176438,0.002007625144476699,0.0,1.497648512740991e-05,0.0011501162824827673,0.002056417174485934,0.0021059988847769435,0.0,0.0008650336038862741,0.0012011196299913506,0.0018345344536521342,0.0019025099844414,0.0,0.0005994577371085666,0.0015185396575997808,0.001437619966535082,0.002140252735298317,0.0,0.0,0.0,0.0020022294164176438,0.002007625144476699,0.0,1.497648512740991e-05,0.0011501162824827673,0.002056417174485934,0.0021059988847769435,0.0,0.0,0.0020022294164176438,0.002007625144476699,0.002007625144476699,0.0019424030505912032,0.0019424030505912032,0.0,0.0,0.0020049272804471712,0.0018685222190467671,0.002007625144476699,0.0019424030505912032,0.0
2025-02-11,0.0,0.0,-0.00361270620334185,-0.0035951280632701044,0.0,-0.0009742603526637256,-0.00014195041074686085,-0.003598302037668622,-0.00354404817736242,0.0,-0.0001375860029431694,0.0003470820369012639,-0.003407356542062539,-0.0034014933424162674,0.0,0.0008652816327794941,0.0013759689303183094,-0.002935285529371034,-0.002699935970280652,0.0,0.0,0.0,-0.00361270620334185,-0.0035951280632701044,0.0,-0.0009742603526637256,-0.00014195041074686085,-0.003598302037668622,-0.00354404817736242,0.0,0.0,-0.00361270620334185,-0.0034854138396698295,-0.0034854138396698295,-0.003298366096631089,-0.003298366096631089,0.0,0.0,-0.0036039171333059773,-0.0034044249422394033,-0.0034854138396698295,-0.003298366096631089,0.0
2025-02-12,0.0,0.0,0.0036142279016797723,0.0036176266419583863,0.0,-0.004563890343996225,-0.004250571217038919,0.003495071753353007,0.0034995743016880227,0.0,0.0036381772198025276,0.004097272152309781,0.004336436492196642,0.004383602878669987,0.0,0.0010458136349283595,0.0012935666579329597,0.003494037017368127,0.003961035731890329,0.0,0.0,0.0,0.0036142279016797723,0.0036176266419583863,0.0,-0.004563890343996225,-0.004250571217038919,0.003495071753353007,0.0034995743016880227,0.0,0.0,0.0036142279016797728,0.003499660750909534,0.003499660750909534,0.003419295828532044,0.003419295828532044,0.0,0.0,0.003615927271819079,0.004360019685433315,0.003499660750909534,0.003419295828532044,0.0
2025-02-13,0.0,0.0,-0.014913943947987339,-0.014876662138757994,0.0,0.0007274529818072004,0.00092290534624023,-0.015455941757460585,-0.015358230054857975,0.0,-0.0010792713358379652,-0.0006006016734975699,-0.016079661258846908,-0.015988575777650844,0.0,-0.001213059572653072,-0.000824096866599315,-0.015483929919170338,-0.015435831132233154,0.0,0.0,0.0,-0.014913943947987339,-0.014876662138757994,0.0,0.0007274529818072004,0.00092290534624023,-0.015455941757460585,-0.015358230054857975,0.0,0.0,-0.014913943947987339,-0.014639097469378047,-0.014639097469378047,-0.014212576505937883,-0.014212576505937883,0.0,0.0,-0.014895303043372665,-0.016034118518248878,-0.014639097469378047,-0.014212576505937883,0.0
2025-02-14,0.0,0.0,-0.004957660678589443,-0.004957660678589443,0.0,-0.0008911232782599639,-0.0005763994392117911,-0.005273800298129709,-0.00510762560017217,0.0,-0.000967794452976515,-0.000967794452976515,-0.005141424353899049,-0.005141424353899049,0.0,-0.00043727879654604395,0.0001489956336998886,-0.005050372733400035,-0.0050472880854283055,0.0,0.0,0.0,-0.004957660678589443,-0.004957660678589443,0.0,-0.0008911232782599639,-0.0005763994392117911,-0.005273800298129709,-0.00510762560017217,0.0,0.0,-0.0049576606785894425,-0.005117298896913091,-0.005084292506380128,-0.004667174245228689,-0.004667174245228689,0.0,0.0,-0.004957660678589443,-0.005141424353899049,-0.00510079570164661,-0.004667174245228689,0.0
2025-02-17,0.0,0.0,-0.0012030855182209748,-0.0012030855182209748,0.0,-0.0002110678076260318,-0.00019884629160380818,-0.0012243677365301896,-0.0012243677365301896,0.0,-0.005463640418040547,-0.005157131204251348,-0.0013763865399321962,-0.0013763865399321962,0.0,-0.00201026932188981,-0.0017191338342443132,-0.0013373080083757495,-0.0013338240377557067,0.0,0.0,0.0,-0.0012030855182209748,-0.0012030855182209748,0.0,-0.0002110678076260318,-0.00019884629160380818,-0.0012243677365301896,-0.0012243677365301896,0.0,0.0,-0.0012030855182209746,-0.0012030855182209748,-0.0012030855182209748,-0.0011248459489414378,-0.0011248459489414378,0.0,0.0,-0.0012030855182209748,-0.0013763865399321962,-0.0012030855182209748,-0.0011248459489414378,0.0
2025-02-18,0.0,0.0,0.004128693986861921,0.004133889186304551,0.0,-0.00327373096202925,-0.0007441149871862772,0.003600431876889169,0.003997752448354969,0.0,-0.0011668984709820984,-0.001024671594395354,0.004088445604916263,0.004091657134874464,0.0,-0.004431003169930623,-0.002947989741818373,0.003936015771839128,0.0039985172535288455,0.0,0.0,0.0,0.004128693986861921,0.004133889186304551,0.0,-0.00327373096202925,-0.0007441149871862772,0.003600431876889169,0.003997752448354969,0.0,0.0,0.00412869398686192,0.004133889186304551,0.004133889186304551,0.004014466446477653,0.004014466446477653,0.0,0.0,0.004131291586583236,0.004090051369895363,0.004133889186304551,0.004014466446477653,0.0
2025-02-19,0.0,0.0,0.001594992597438155,0.001594992597438155,0.0,-0.0005959890169258049,-0.0005959890169258049,0.0015609787193104614,0.0015609787193104614,0.0,-1.9710431685022445e-05,-1.9710431685022445e-05,0.0015924194895129411,0.0015924194895129411,0.0,-0.0005449371008961365,-1.837271344884781e-05,0.0015751161904630823,0.0015796551989127542,0.0,0.0,0.0,0.001594992597438155,0.001594992597438155,0.0,-0.0005959890169258049,-0.0005959890169258049,0.0015609787193104614,0.0015609787193104614,0.0,0.0,0.0015949925974381555,0.0015696777786857604,0.0015696777786857604,0.0015157681509256574,0.0015157681509256574,0.0,0.0,0.001594992597438155,0.0015924194895129411,0.0015696777786857604,0.0015157681509256574,0.0
2025-02-20,0.0,0.0,-0.011427958420461778,-0.011427958420461778,0.0,0.0008190736809261404,0.0021318731806164574,-0.01147339716425001,-0.011324382463159519,0.0,-0.004172933254719616,-0.00358202615895045,-0.011598333019527868,-0.011590985413081793,0.0,-0.001820050340088636,-0.0009896826552720592,-0.011613068128994533,-0.011591844834976401,0.0,0.0,0.0,-0.011427958420461778,-0.011427958420461778,0.0,0.0008190736809261404,0.0021318731806164574,-0.01147339716425001,-0.011324382463159519,0.0,0.0,-0.011427958420461778,-0.011271822623663982,-0.011271822623663982,-0.010988073251179677,-0.010988073251179677,0.0,0.0,-0.011427958420461778,-0.01159465921630483,-0.011271822623663982,-0.010988073251179677,0.0
2025-02-21,0.0,0.0,0.004972321026825087,0.004972321026825087,0.0,-0.006831784636926319,-0.005416680604116337,0.004605312440389312,0.004756971282381211,0.0,-0.0026446751646715507,-0.0025963768634607765,0.00493771970538016,0.004944358904257389,0.0,-0.0005542878166336,0.000655632451526091,0.004865896189324752,0.004946670037827963,0.0,0.0,0.0,0.004972321026825087,0.004972321026825087,0.0,-0.006831784636926319,-0.005416680604116337,0.004605312440389312,0.004756971282381211,0.0,0.0,0.004972321026825087,0.004847025627256188,0.004852164911845042,0.004464559247216163,0.004464559247216163,0.0,0.0,0.004972321026825087,0.004941039304818774,0.004849595269550615,0.004464559247216163,0.0
2025-02-24,0.0,0.0,0.0008780900972920902,0.0008780900972920902,0.0,-0.0007786503599568077,-0.0005601065987481761,0.0007626840250890933,0.0007817916948473496,0.0,0.0006463584750057499,0.0017934007093376367,0.0008221156511855537,0.0008620999718561307,0.0,-0.0004617247879750966,0.0005632501378804561,0.0008208488313140207,0.0008874046130023793,0.0,0.0,0.0,0.0008780900972920902,0.0008780900972920902,0.0,-0.0007786503599568077,-0.0005601065987481761,0.0007626840250890933,0.0007817916948473496,0.0,0.0,-0.000317533975084311,0.0008780900972920902,0.0008780900972920902,0.0008040545420985343,0.0008566352275617213,0.0,0.0,0.0008780900972920902,0.0008421078115208422,0.0008780900972920902,0.0008303448848301278,0.0
2025-02-25,0.0,0.0,-0.003573883481095887,-0.0023620503213904786,0.0,-0.00828095608022999,-0.008104814833086105,-0.004336666436690371,-0.0031599429298763302,0.0,-0.0016944908623386739,-0.0016449489999653829,-0.0024865744156239945,-0.002445841014636898,0.0,-0.0005530263506726937,-0.000518818807577659,-0.0023270651761507256,-0.0022952215130488006,0.0,0.0,0.0,-0.003573883481095887,-0.0023620503213904786,0.0,-0.00828095608022999,-0.008104814833086105,-0.004336666436690371,-0.0031599429298763302,0.0,0.0,0.0023496543249305305,-0.0023620503213904786,-0.0023620503213904786,-0.0023118424526045525,-0.0023118424526045525,0.0,0.0,-0.0029679669012431828,-0.002466207715130446,-0.0023620503213904786,-0.0023118424526045525,0.0
2025-02-26,0.0,0.0,-0.004739591888941307,-0.004739591888941307,0.0,-0.000725182009764323,-0.0005071708618169131,-0.004931809910384334,-0.004756799729038071,0.0,0.004909758087187314,0.005302731853759197,0.003859388130326114,0.005118735773807663,0.0,0.0018602297654265586,0.00242296545015931,0.004009481191016848,0.005301977861809776,0.0,0.0,0.0,-0.004739591888941307,-0.004739591888941307,0.0,-0.000725182009764323,-0.0005071708618169131,-0.004931809910384334,-0.004756799729038071,0.0,0.0,-0.004657700565574838,0.004667352038228233,0.004667352038228233,0.00459284611493975,0.00459284611493975,0.0,0.0,-0.004739591888941307,0.004489061952066889,0.004667352038228233,0.00459284611493975,0.0
2025-02-27,0.0,0.0,-0.012752580742069832,-0.01274666374385492,0.0,-0.0006745457657595883,0.0004318301103499226,-0.01332728584112571,-0.012667092331521027,0.0,-0.0028876300044045704,-0.0022598277493833985,-0.013590282193953768,-0.012268122288371614,0.0,-0.003837354688871684,-0.0029514349445037883,-0.012826062524322172,-0.012399183032076797,0.0,0.0,0.0,-0.012752580742069832,-0.01274666374385492,0.0,-0.0006745457657595883,0.0004318301103499226,-0.01332728584112571,-0.012667092331521027,0.0,0.0,-0.012562029318239182,0.01248009837492294,0.01248009837492294,0.012301406026929154,0.012301406026929154,0.0,0.0,-0.012749622242962376,-0.012929202241162691,0.01248009837492294,0.012301406026929154,0.0
2025-02-28,0.0,0.0,-0.004885562584226125,-0.004881150827789789,0.0,0.0022882432490840205,0.002465164262996418,0.0054872140023668695,0.006154919925374567,0.0,0.003140987438105973,0.003140987438105973,0.003834328901205319,0.005117883391931533,0.0,0.0025197601538809533,0.0027982856195598086,-0.0035556425434046615,-0.003167403293378521,0.0,0.0,0.0,-0.004885562584226125,-0.004881150827789789,0.0,0.0022882432490840205,0.002465164262996418,0.0054872140023668695,0.006154919925374567,0.0,0.0,-0.004829484323139768,0.0037390875835065355,0.0049143904264519495,0.004842060993302824,0.004842060993302824,0.0,0.0,-0.004883356706007957,0.004476106146568426,0.004326739004979242,0.004842060993302824,0.0
2025-03-03,0.0,0.0,0.010905049132647714,0.010948442572921494,0.0,0.005671312331004485,0.006030798304886161,0.011969891342230926,0.01226022012943237,0.0,-0.005664036367037464,-0.005602679602725678,0.010882308278871175,0.010947858717040718,0.0,0.006115573122299392,0.006618402369372056,0.011189693964021096,0.01124221573895317,0.0,0.0,0.0,0.010905049132647714,0.010948442572921494,0.0,0.005671312331004485,0.006030798304886161,0.011969891342230926,0.01226022012943237,0.0,0.0,0.010851826438460322,0.010948442572921494,0.010948442572921494,-0.010726205081229933,-0.010726205081229933,0.0,0.0,0.010926745852784605,0.010915083497955946,0.010948442572921494,-0.010726205081229933,0.0
2025-03-04,0.0,0.0,0.011349232463674957,0.011354890891366574,0.0,0.0015660615556608655,0.0017327032836779515,0.008278067277498486,0.008861056482047115,0.0,-0.011697619869433457,-0.011241394360036221,0.01125850644181318,0.011270955554592068,0.0,-0.0013292878190410795,-0.00028576358009426675,0.011283277049794793,0.011390109139681847,0.0,0.0,0.0,0.011349232463674957,0.011354890891366574,0.0,0.0015660615556608655,0.0017327032836779515,0.008278067277498486,0.008861056482047115,0.0,0.0,0.011357198000420158,0.012087578839062932,0.012087578839062932,-0.011891959509627854,-0.011891959509627854,0.0,0.0,0.011352061677520765,0.011264730998202624,0.012087578839062932,-0.011891959509627854,0.0
2025-03-05,0.0,0.0,0.012115662914391302,0.012162954249911694,0.0,0.0001174573500298242,0.0011835646017547873,0.012280729439736269,0.012359739172238492,0.0,-0.007624673597785429,-0.007568743826304274,0.012385207010822996,0.012448827650123222,0.0,-0.00397592467477832,-0.0035729088567091633,0.011854452488307608,0.012005679568432216,0.0,0.0,0.0,0.012115662914391302,0.012162954249911694,0.0,0.0001174573500298242,0.0011835646017547873,0.012280729439736269,0.012359739172238492,0.0,0.0,0.012088244600685744,0.013888089478745804,0.013888089478745804,-0.013763245171965135,-0.013763245171965135,0.0,0.0,0.012139308582151497,0.01241701733047311,0.013888089478745804,-0.013763245171965135,0.0
2025-03-06,0.0,0.0,0.0037782639715720693,0.0037782639715720693,0.0,-0.005832007387155523,-0.005342430878634949,0.0036161355389004147,0.003635126876728635,0.0,-0.00613933577107094,-0.00613933577107094,0.0035347004251610786,0.003545072275913368,0.0,-0.00012049542792965865,0.00012018503991762127,0.003597580135666352,0.003659734293426005,0.0,0.0,0.0,0.0037782639715720693,0.0037782639715720693,0.0,-0.005832007387155523,-0.005342430878634949,0.0036161355389004147,0.003635126876728635,0.0,0.0,0.0038351954268301693,0.00389506571810984,0.00389506571810984,-0.0037557844180418857,-0.0037557844180418857,0.0,0.0,0.0037782639715720693,0.0035398863505372233,0.00389506571810984,-0.0037557844180418857,0.0
2025-03-07,0.0,0.0,0.00010899367402659424,0.00010899367402659424,0.0,0.01051068439924305,0.011929932817715644,0.0004938791347267851,0.0008925161085516459,0.0,0.003157146730318643,0.003163540484216974,0.00010542365842981684,0.00013203236968988062,0.0,0.003473753841092992,0.003721744829885891,0.0002544686350418934,0.00031908700836972724,0.0,0.0,0.0,0.00010899367402659424,0.00010899367402659424,0.0,0.01051068439924305,0.011929932817715644,0.0004938791347267851,0.0008925161085516459,0.0,0.0,5.431510001783699e-05,0.0008501955081800576,0.0009574766318194519,-0.0007534185583110806,-0.0007534185583110806,0.0,0.0,0.00010899367402659424,0.00011872801405984874,0.0009038360699997548,-0.0007534185583110806,0.0
2025-03-10,0.0,0.0,-0.002988203972760166,-0.0017545679935569972,0.0,0.004041693507384623,0.004313772811159047,-0.001849724411471328,-0.00043511324957386515,0.0,-0.0022685731671501265,-0.0022267921755776505,-0.0033866194979137237,-0.0020971117814358076,0.0,-0.0030076343764065773,-0.0023211600620378324,-0.0035384197756316896,-0.002287826709430877,0.0,0.0,0.0,-0.002988203972760166,-0.0017545679935569972,0.0,0.004041693507384623,0.004313772811159047,-0.001849724411471328,-0.00043511324957386515,0.0,0.0,-0.0017344869439606472,-0.0017545679935569972,-0.0017545679935569972,0.0019165998160383326,0.0019165998160383326,0.0,0.0,-0.0023713859831585816,-0.002741865639674766,-0.0017545679935569972,0.0019165998160383326,0.0
2025-03-11,0.0,0.0,-0.00462576700661383,-0.00462576700661383,0.0,-0.0021054442209260523,0.0001438365971705185,-0.0046438503990632795,-0.0046194134373566806,0.0,0.0015232839861942485,0.00153841981367778,-0.0037948239429147017,-0.0037755948039800047,0.0,0.0012114040442128826,0.0018071378131284763,-0.003569057589389872,-0.003444377241006843,0.0,0.0,0.0,-0.00462576700661383,-0.00462576700661383,0.0,-0.0021054442209260523,0.0001438365971705185,-0.0046438503990632795,-0.0046194134373566806,0.0,0.0,0.004345916855607638,0.004357856176957062,0.004357856176957062,-0.0057666501283191625,-0.0057666501283191625,0.0,0.0,-0.00462576700661383,-0.0037852093734473532,0.004357856176957062,-0.0057666501283191625,0.0
2025-03-12,0.0,0.0,-0.0013374874002359668,-0.0013374874002359668,0.0,-0.008353243289284528,-0.005690479949109683,-0.0031038202585395537,-0.001555514413761889,0.0,-0.0005580325734502152,-0.0002127588334772478,-0.002576947643250076,-0.0011901795679746985,0.0,-0.006621303105867318,-0.004896996625614462,-0.0038454203037916884,-0.002422977715955658,0.0,0.0,0.0,-0.0013374874002359668,-0.0013374874002359668,0.0,-0.008353243289284528,-0.005690479949109683,-0.0031038202585395537,-0.001555514413761889,0.0,0.0,0.0013483735223733617,0.0013524279300037361,0.0013524279300037361,-0.0007906456365290877,-0.0007906456365290877,0.0,0.0,-0.0013374874002359668,-0.0018835636056123873,0.0013524279300037361,-0.0007906456365290877,0.0
2025-03-13,0.0,0.0,0.005005784648005424,0.005005784648005424,0.0,0.001601343254392596,0.0016147679589201406,0.0011528768838807105,0.002628069511845803,0.0,0.005349751933362748,0.005349751933362748,-0.006423553632154709,-0.005014444195580265,0.0,0.0017959133680937659,0.0021918970313530746,-0.006265969673081254,-0.004907708014807916,0.0,0.0,0.0,0.005005784648005424,0.005005784648005424,0.0,0.001601343254392596,0.0016147679589201406,0.0011528768838807105,0.002628069511845803,0.0,0.0,-0.004879916140777675,-0.004778304307119974,-0.004778304307119974,0.005799712926753749,0.005799712926753749,0.0,0.0,0.005005784648005424,-0.005718998913867487,-0.004778304307119974,0.005799712926753749,0.0
2025-03-14,0.0,0.0,-0.0031830468946511137,-0.0031680266677014263,0.0,-0.004236293737946505,-0.004236293737946505,-0.004068512121649376,-0.0035654019530168774,0.0,-0.006032034933604577,-0.006032034933604577,-0.004721219544636269,-0.00325142807924007,0.0,-0.009609533053634023,-0.00953215802923325,-0.006168378541575284,-0.004574381736904993,0.0,0.0,0.0,-0.0031830468946511137,-0.0031680266677014263,0.0,-0.004236293737946505,-0.004236293737946505,-0.004068512121649376,-0.0035654019530168774,0.0,0.0,0.00296214748534084,0.0015612760005216512,0.0030005309718686554,-0.0037830010555275654,-0.0037830010555275654,0.0,0.0,-0.00317553678117627,-0.003986323811938169,0.0022809034861951535,-0.0037830010555275654,0.0
2025-03-17,0.0,0.0,-0.008920710144806348,-0.008920710144806348,0.0,-0.001624797583053726,-0.001542591206744008,-0.009832485353157054,-0.00927934177535298,0.0,-0.004148405311445765,-0.004136178864012516,0.007415342713244108,0.008924084627348812,0.0,-0.005505765375193872,-0.004907280110689504,0.00608728640390359,0.007628431426992347,0.0,0.0,0.0,-0.008920710144806348,-0.008920710144806348,0.0,-0.001624797583053726,-0.001542591206744008,-0.009832485353157054,-0.00927934177535298,0.0,0.0,0.008632313851816124,-0.008920710144806348,-0.008920710144806348,-0.009286213263203641,-0.009286213263203641,0.0,0.0,-0.008920710144806348,0.00816971367029646,-0.008920710144806348,-0.009286213263203641,0.0
2025-03-18,0.0,0.0,-0.0007051401599306715,-0.0006996083092990677,0.0,0.0013497902713535779,0.0015535920412745488,-0.000703694890699761,-0.0006576627274057786,0.0,-0.0009145933158217396,-0.0009145933158217396,-0.000869721273235213,-0.0008062414277372151,0.0,0.003927317157070157,0.0040394691541404465,0.0001838972968368386,0.00039761263543385347,0.0,0.0,0.0,-0.0007051401599306715,-0.0006996083092990677,0.0,0.0013497902713535779,0.0015535920412745488,-0.000703694890699761,-0.0006576627274057786,0.0,0.0,0.0007054386125610733,-0.0006996083092990677,-0.0006996083092990677,-0.0008232611425848044,-0.0008232611425848044,0.0,0.0,-0.0007023742346148696,-0.0008379813504862141,-0.0006996083092990677,-0.0008232611425848044,0.0
2025-03-19,0.0,0.0,0.001735914014990415,0.001735914014990415,0.0,-0.0030515131020090835,1.7876098637755817e-05,0.0014868884562314326,0.001740880655142389,0.0,0.0037699323382611684,0.004136556476593558,0.001865829255666243,0.0018778482746275539,0.0,-0.002073355283990593,-0.0002459368796245866,0.0014107013269657304,0.0016329386145631025,0.0,0.0,0.0,0.001735914014990415,0.001735914014990415,0.0,-0.0030515131020090835,1.7876098637755817e-05,0.0014868884562314326,0.001740880655142389,0.0,0.0,-0.001702652171434884,0.001722726036946711,0.001722726036946711,0.002262447194681318,0.002262447194681318,0.0,0.0,0.001735914014990415,0.0018718387651468985,0.001722726036946711,0.002262447194681318,0.0
2025-03-20,0.0,0.0,0.0056602352597769435,0.0056602352597769435,0.0,-0.004339126410069036,-0.004339126410069036,0.0051482209580756885,0.0051482209580756885,0.0,0.003302904814080191,0.003302904814080191,0.005808878005124234,0.005815129353401751,0.0,0.0021706425886485687,0.0022377968808499093,0.005854196969645418,0.00586291728469122,0.0,0.0,0.0,0.0056602352597769435,0.0056602352597769435,0.0,-0.004339126410069036,-0.004339126410069036,0.0051482209580756885,0.0051482209580756885,0.0,0.0,-0.007230302980883646,0.005562024429839646,0.005562024429839646,0.0058183586944987944,0.0058183586944987944,0.0,0.0,0.0056602352597769435,0.005812003679262993,0.005562024429839646,0.0058183586944987944,0.0
2025-03-21,0.0,0.0,0.004052367394759916,0.004052367394759916,0.0,-0.0018838114487810355,-0.0018838114487810355,0.0038733020705866415,0.0038733020705866415,0.0,-0.00012344750853109836,-0.00012344750853109836,0.004111522455686021,0.004111522455686021,0.0,-0.0006963460035144535,-0.0005111175728573904,0.004134397903526917,0.004145839597462161,0.0,0.0,0.0,0.004052367394759916,0.004052367394759916,0.0,-0.0018838114487810355,-0.0018838114487810355,0.0038733020705866415,0.0038733020705866415,0.0,0.0,0.004078796104940838,0.00393317737635004,0.003939123571401174,0.003900938257643889,0.003900938257643889,0.0,0.0,0.004052367394759916,0.004111522455686021,0.0039361504738756065,0.003900938257643889,0.0
2025-03-24,0.0,0.0,0.0001612253027992002,0.00019659043252597355,0.0,0.0011807466634048752,0.0011807466634048752,0.00025667870586706286,0.0003459192841029751,0.0,-0.0017706616023661558,0.0008680569430445981,0.00019962587971509297,0.00023207331483734073,0.0,-0.00024803512821975986,0.0005608400773192753,0.0001652258023890955,0.0002402798645014828,0.0,0.0,0.0,0.0001612253027992002,0.00019659043252597355,0.0,0.0011807466634048752,0.0011807466634048752,0.00025667870586706286,0.0003459192841029751,0.0,0.0,0.0002122083314103536,0.00019659043252597355,0.00019659043252597355,-0.0021743485012261036,-0.0003814977959228213,0.0,0.0,0.00017890786766258687,0.00021584959727621685,0.00019659043252597355,-0.0012779231485744624,0.0
2025-03-25,0.0,0.0,-0.0030916077429186434,-0.0030916077429186434,0.0,-0.004068736901965124,-0.0018565296764734727,-0.0038742269963693713,-0.00342899669902261,0.0,-0.0004918788581576711,0.0021432398002231286,-0.003186449708069768,-0.0031695208045732703,0.0,-0.00408609395871256,-0.002048733828662045,-0.0035400893077298626,-0.0032248515972069717,0.0,0.0,0.0,-0.0030916077429186434,-0.0030916077429186434,0.0,-0.004068736901965124,-0.0018565296764734727,-0.0038742269963693713,-0.00342899669902261,0.0,0.0,-0.003128901573597937,-0.00303469573776017,-0.00303469573776017,0.0031514362818178877,0.0031514362818178877,0.0,0.0,-0.0030916077429186434,-0.003177985256321519,-0.00303469573776017,0.0031514362818178877,0.0
2025-03-26,0.0,0.0,0.0034383275581153605,0.0034607814676898743,0.0,-0.004190634351574229,-0.0038482151980845872,0.0024877074340164487,0.002552488093108324,0.0,-0.004773705080073031,-0.0022304432766773346,0.003200339820414447,0.0032243206895685027,0.0,-0.004842324657859925,-0.004502972845730303,0.0022982774725858984,0.0023760663091766544,0.0,0.0,0.0,0.0034383275581153605,0.0034607814676898743,0.0,-0.004190634351574229,-0.0038482151980845872,0.0024877074340164487,0.002552488093108324,0.0,0.0,0.0034253454000750527,0.0032907115643102695,0.0032907115643102695,-0.003464654384662171,-0.003464654384662171,0.0,0.0,0.003449554512902617,0.0032123302549914748,0.0032907115643102695,-0.003464654384662171,0.0
2025-03-27,0.0,0.0,-0.0029732338479391603,-0.0029542839511899613,0.0,0.004069076225649855,0.004159398581611967,-0.0022382606644127294,-0.0022382606644127294,0.0,-0.003555046656601053,-0.003555046656601053,-0.00339567396082688,-0.00339567396082688,0.0,0.0029908829749971176,0.0030175544365003146,-0.002619365828366671,-0.002619365828366671,0.0,0.0,0.0,-0.0029732338479391603,-0.0029542839511899613,0.0,0.004069076225649855,0.004159398581611967,-0.0022382606644127294,-0.0022382606644127294,0.0,0.0,-0.0028822598372576684,-0.002782918678313041,-0.002782918678313041,0.0030015495069510394,0.0030015495069510394,0.0,0.0,-0.002963758899564561,-0.00339567396082688,-0.002782918678313041,0.0030015495069510394,0.0
2025-03-28,0.0,0.0,-0.0002431726034007865,-0.0002431726034007865,0.0,0.005215645925513336,0.005493916034550581,0.0009392442386671575,0.0010343872176717674,0.0,-0.001258599928800315,0.001255960693496081,-0.0002888452997815809,-0.00026231039859399345,0.0,0.005582027161651956,0.0061973933377916625,0.0005131272849611128,0.0006315647923448359,0.0,0.0,0.0,-0.0002431726034007865,-0.0002431726034007865,0.0,0.005215645925513336,0.005493916034550581,0.0009392442386671575,0.0010343872176717674,0.0,0.0,-0.0021580752970972884,-0.0003381633905826709,-0.0002623541330757628,0.00028348288513849765,0.00028348288513849765,0.0,0.0,-0.0002431726034007865,-0.0002755778491877872,-0.00030025876182921687,0.00028348288513849765,0.0
2025-03-31,0.0,0.0,0.0044877898180416195,0.00632260286139921,0.0,0.006596058566838038,0.006833163081801014,0.006250215570561392,0.007927581173814511,0.0,0.004754199980989569,0.004768199294326699,0.004513575340510221,0.00632153982179329,0.0,0.00501844402977555,0.005532855837050342,0.00684975629015533,0.00712090071122544,0.0,0.0,0.0,0.0044877898180416195,0.00632260286139921,0.0,0.006596058566838038,0.006833163081801014,0.006250215570561392,0.007927581173814511,0.0,0.0,-0.006507125114565504,0.00632260286139921,0.00632260286139921,-0.006104622700339765,-0.006104622700339765,0.0,0.0,0.005405196339720415,0.005417557581151756,0.00632260286139921,-0.006104622700339765,0.0
2025-04-01,0.0,0.0,0.004293415943444658,0.004293415943444658,0.0,-0.007158208097258084,-0.006932291495404974,-0.0010837670295233842,-0.000833083057011245,0.0,-0.004524129740041541,-0.0038017310413741147,0.0037634264826934775,0.004191916619105176,0.0,-0.0036055796178321026,-0.0026144477729198104,-0.005657751189987746,-0.00522562958320036,0.0,0.0,0.0,0.004293415943444658,0.004293415943444658,0.0,-0.007158208097258084,-0.006932291495404974,-0.0010837670295233842,-0.000833083057011245,0.0,0.0,0.004384992744626387,-0.004293391585459891,-0.004293391585459891,0.004148690321800337,0.004148690321800337,0.0,0.0,0.004293415943444658,0.003977671550899327,-0.004293391585459891,0.004148690321800337,0.0
2025-04-02,0.0,0.0,0.008326290609431837,0.008326290609431837,0.0,0.002244608015390769,0.0022589928319258056,0.008582377869163504,0.00878014549930114,0.0,-0.0028463391700215197,-0.002835015436002607,0.006768946454083154,0.006854930496391724,0.0,-0.0016590562454842587,-0.0015142202157504016,-0.003619727013267115,-0.003523840302690535,0.0,0.0,0.0,0.008326290609431837,0.008326290609431837,0.0,0.002244608015390769,0.0022589928319258056,0.008582377869163504,0.00878014549930114,0.0,0.0,0.00831433990299247,-0.008084637073014059,-0.008084637073014059,0.007908206828109547,0.007908206828109547,0.0,0.0,0.008326290609431837,0.006811938475237439,-0.008084637073014059,0.007908206828109547,0.0
2025-04-03,0.0,0.0,0.023091000574319055,0.02322629075072856,0.0,0.009170731435551487,0.009338592658216285,0.02508227512034099,0.025502364673327595,0.0,-0.006876901539894779,-0.004884635037970055,0.02080902532442104,0.022194431375317566,0.0,-0.0023959237641143177,-0.0008616049644022162,-0.006893055578378394,-0.0060410726593585085,0.0,0.0,0.0,0.023091000574319055,0.02322629075072856,0.0,0.009170731435551487,0.009338592658216285,0.02508227512034099,0.025502364673327595,0.0,0.0,0.022716663120911907,-0.022675956178080044,-0.022675956178080044,0.022044948444995598,0.022044948444995598,0.0,0.0,0.02315864566252381,0.021501728349869305,-0.022675956178080044,0.022044948444995598,0.0
2025-04-04,0.0,0.0,-0.030291745918824945,-0.030009025506872688,0.0,0.04030579668663664,0.04116921457870668,-0.02731566747404684,-0.0270397878827042,0.0,-0.011264214713912932,-0.009700867756359465,0.02871787687002378,0.029982375180938884,0.0,0.03974790534076753,0.041125601825719935,0.03214520535543969,0.033412910905067844,0.0,0.0,0.0,-0.030291745918824945,-0.030009025506872688,0.0,0.04030579668663664,0.04116921457870668,-0.02731566747404684,-0.0270397878827042,0.0,0.0,-0.030350396176559245,0.029235870866856084,0.030682301810550063,-0.02993832367514173,-0.02993832367514173,0.0,0.0,-0.030150385712848816,0.02935012602548133,0.029959086338703072,-0.02993832367514173,0.0
2025-04-07,0.0,0.0,-0.007658157160237001,-0.0076536805711622646,0.0,-0.0069994324853106735,-0.006661521004886679,-0.007757717982926954,-0.007726297428053228,0.0,-0.009970779508979068,-0.008695458310869314,-0.008590081465717445,-0.008055591614830148,0.0,-0.010842747904316698,-0.00940585504038736,-0.010007386800692023,-0.008893915244161622,0.0,0.0,0.0,-0.007658157160237001,-0.0076536805711622646,0.0,-0.0069994324853106735,-0.006661521004886679,-0.007757717982926954,-0.007726297428053228,0.0,0.0,-0.007709778244675265,-0.0076536805711622646,-0.0076536805711622646,-0.011138212881727024,-0.011138212881727024,0.0,0.0,-0.007655918865699633,-0.008322836540273796,-0.0076536805711622646,-0.011138212881727024,0.0
2025-04-08,0.0,0.0,0.004607529047044355,0.004607529047044355,0.0,0.008775661963224194,0.009233851881605817,0.0046907275377376725,0.004843762375049406,0.0,-0.002500123749964868,-0.0013887425845630164,-0.003974757203806494,-0.0025071269186161546,0.0,-0.008132822143706336,-0.00650779805879896,-0.005121838660353578,-0.00502693140860113,0.0,0.0,0.0,0.004607529047044355,0.004607529047044355,0.0,0.008775661963224194,0.009233851881605817,0.0046907275377376725,0.004843762375049406,0.0,0.0,0.004642627546174476,0.004695588194935028,0.004695588194935028,0.005830294526450406,0.005830294526450406,0.0,0.0,0.004607529047044355,-0.0032409420612113243,0.004695588194935028,0.005830294526450406,0.0
2025-04-09,0.0,0.0,0.006154543589245398,0.006190280591194772,0.0,-0.004101201047845516,-0.003419962417914399,0.006065687276457327,0.00612531787083554,0.0,0.004356673397068106,0.005325132682320107,-0.006072884201354282,-0.005995292723119645,0.0,-0.02110030687738183,-0.019759208294787285,-0.008289395089104232,-0.008169868085647123,0.0,0.0,0.0,0.006154543589245398,0.006190280591194772,0.0,-0.004101201047845516,-0.003419962417914399,0.006065687276457327,0.00612531787083554,0.0,0.0,0.006219548333231581,0.006307876480917089,0.006307876480917089,0.011135314079021547,0.011135314079021547,0.0,0.0,0.006172412090220085,-0.006034088462236964,0.006307876480917089,0.011135314079021547,0.0
2025-04-10,0.0,0.0,0.019821530707829035,0.021077747335242352,0.0,0.017808394722509384,0.019624742184938947,0.019811615848563228,0.021807766817823922,0.0,-0.007583283853272177,-0.0071117411014000155,-0.021140674615628248,-0.02103513248691568,0.0,-0.009471035824490777,-0.008330753061260002,-0.020611992504768684,-0.02048515351337845,0.0,0.0,0.0,0.019821530707829035,0.021077747335242352,0.0,0.017808394722509384,0.019624742184938947,0.019811615848563228,0.021807766817823922,0.0,0.0,0.020904436767156736,0.020415214308071295,0.020415214308071295,0.026658630741603864,0.026658630741603864,0.0,0.0,0.020449639021535695,-0.021087903551271964,0.020415214308071295,0.026658630741603864,0.0
2025-04-11,0.0,0.0,-0.011901722524832719,-0.010748077104858226,0.0,-0.006992740994025344,-0.006200270412441351,-0.004239141826387157,-0.003410250085934872,0.0,-0.005281166291825942,-0.005197161225635364,-0.011223023741720317,-0.010979470018059866,0.0,-0.009245999716814819,-0.008829965249359204,-0.010848544178166556,-0.010701467655173198,0.0,0.0,0.0,-0.011901722524832719,-0.010748077104858226,0.0,-0.006992740994025344,-0.006200270412441351,-0.004239141826387157,-0.003410250085934872,0.0,0.0,0.010938034555213296,0.012252213175670922,0.012388062393482367,0.017005915665903447,0.017005915665903447,0.0,0.0,-0.011324899814845472,-0.011101246879890092,0.012320137784576643,0.017005915665903447,0.0
2025-04-14,0.0,0.0,0.002064888603424379,0.0033430961569363062,0.0,0.0016464517486403222,0.0031585411092480277,0.0024355012996743544,0.003981076725224583,0.0,-0.004248866542838556,-0.004248866542838556,-0.004570008930337384,-0.00333208488867207,0.0,-0.0029279738688778646,-0.0026401742008732533,-0.004156206652175796,-0.0034435048203491116,0.0,0.0,0.0,0.002064888603424379,0.0033430961569363062,0.0,0.0016464517486403222,0.0031585411092480277,0.0024355012996743544,0.003981076725224583,0.0,0.0,0.003513076532304383,0.0033430961569363062,0.0033430961569363062,0.005824089401546676,0.005824089401546676,0.0,0.0,0.0027039923801803426,-0.0039510469095047265,0.0033430961569363062,0.005824089401546676,0.0
2025-04-15,0.0,0.0,0.0039928354841478044,0.0039928354841478044,0.0,0.0025274742955226693,0.0036921312859464006,0.0038710953449531526,0.004075817583504818,0.0,-0.008841551284522478,-0.006995481246453175,-0.007459525148630985,-0.006691275223481594,0.0,0.008340774367965039,0.008994437229349055,0.0075838110100485984,0.008101929367984415,0.0,0.0,0.0,0.0039928354841478044,0.0039928354841478044,0.0,0.0025274742955226693,0.0036921312859464006,0.0038710953449531526,0.004075817583504818,0.0,0.0,-0.004077345550600078,-0.0038797577269065273,-0.0038797577269065273,-0.006157685937120319,-0.006157685937120319,0.0,0.0,0.0039928354841478044,-0.007075400186056289,-0.0038797577269065273,-0.006157685937120319,0.0
2025-04-16,0.0,0.0,-0.00792144900470736,-0.00792144900470736,0.0,0.00483698036231699,0.00516884415360354,-0.007981414517624538,-0.007948479283523045,0.0,-0.01002388640858829,-0.01002388640858829,0.0026395882177267837,0.0026555975348861315,0.0,-0.011819918965973234,-0.011579602276413347,-0.012652421511375618,-0.012460517246087804,0.0,0.0,0.0,-0.00792144900470736,-0.00792144900470736,0.0,0.00483698036231699,0.00516884415360354,-0.007981414517624538,-0.007948479283523045,0.0,0.0,0.006635406069501167,0.00776740933665347,0.00776740933665347,0.012312460397036058,0.012312460397036058,0.0,0.0,-0.00792144900470736,0.0026475928763064578,0.00776740933665347,0.012312460397036058,0.0
2025-04-17,0.0,0.0,-0.0015690440732591406,-0.0015690440732591406,0.0,-0.0002207642515373163,0.00010158738985576767,-0.001626238174693358,-0.0015935595706368742,0.0,0.0023492497720588477,0.0023671888279793146,0.00027237194223122185,0.0019655621714685005,0.0,0.004821263143946164,0.005067659343548902,0.002726910648013651,0.0030143351362251544,0.0,0.0,0.0,-0.0015690440732591406,-0.0015690440732591406,0.0,-0.0002207642515373163,0.00010158738985576767,-0.001626238174693358,-0.0015935595706368742,0.0,0.0,-0.0015569845974431644,0.0015681245662082875,0.0015681245662082875,0.0011486713002284695,0.0011486713002284695,0.0,0.0,-0.0015690440732591406,0.0011189670568498612,0.0015681245662082875,0.0011486713002284695,0.0
2025-04-18,0.0,0.0,-0.000584717365641278,-0.0005752666818312543,0.0,0.004169579741121358,0.006265651166814892,-3.6893199012723294e-05,0.0001519732599475447,0.0,0.000603904821111075,0.000603904821111075,0.00016964322931167493,0.0008867635613752498,0.0,-0.003228197591503455,-0.002987593694816933,-0.0028662017373808414,-0.002299421818014481,0.0,0.0,0.0,-0.000584717365641278,-0.0005752666818312543,0.0,0.004169579741121358,0.006265651166814892,-3.6893199012723294e-05,0.0001519732599475447,0.0,0.0,-0.0005570236548285069,-0.0009936341257792327,0.0005696095065890097,0.0007613641136728967,0.0007613641136728967,0.0,0.0,-0.0005799920237362661,0.0005282033953434624,-0.0002120123095951115,0.0007613641136728967,0.0
2025-04-21,0.0,0.0,-0.00721686725056293,-0.00721686725056293,0.0,0.002607868349596758,0.004544144124065796,-0.0072511570333534964,-0.007042578114419342,0.0,-0.00647586869825762,-0.004268974032131047,-0.007673899113124864,-0.007351704715387395,0.0,-0.0027010493454600144,-0.0008298423419682891,-0.007137003439717128,-0.0068302247020760485,0.0,0.0,0.0,-0.00721686725056293,-0.00721686725056293,0.0,0.002607868349596758,0.004544144124065796,-0.0072511570333534964,-0.007042578114419342,0.0,0.0,-0.008801283684337868,-0.00721686725056293,-0.00721686725056293,0.009397938523614598,0.011667765415400417,0.0,0.0,-0.00721686725056293,-0.0075128019142561295,-0.00721686725056293,0.010532851969507507,0.0
2025-04-22,0.0,0.0,0.004244562836093171,0.004244562836093171,0.0,-0.005585644665781296,-0.0043829966800311825,0.003767611423573497,0.003909348483780092,0.0,-0.0022988769692373063,-0.0001234933701728581,0.0037024285434053305,0.003998673936959154,0.0,0.00346480024584952,0.005029911439046558,0.0046732388986330765,0.004879680487317436,0.0,0.0,0.0,0.004244562836093171,0.004244562836093171,0.0,-0.005585644665781296,-0.0043829966800311825,0.003767611423573497,0.003909348483780092,0.0,0.0,-0.0059748603722496445,0.004244562836093171,0.004244562836093171,0.004300543904898297,0.004300543904898297,0.0,0.0,0.004244562836093171,0.003850551240182242,0.004244562836093171,0.004300543904898297,0.0
2025-04-23,0.0,0.0,0.008952709501070877,0.00899769304819212,0.0,-0.0033821706945346077,-0.0017753217078528309,0.008584925862303918,0.008791970830562094,0.0,0.003934405688287883,0.00457724224569182,0.009083582893216507,0.009116510856582143,0.0,0.008709652988769112,0.009252474947964155,0.010090868981912944,0.010145997822355375,0.0,0.0,0.0,0.008952709501070877,0.00899769304819212,0.0,-0.0033821706945346077,-0.0017753217078528309,0.008584925862303918,0.008791970830562094,0.0,0.0,0.009035078355606638,0.00899769304819212,0.00899769304819212,0.009110893335840406,0.009110893335840406,0.0,0.0,0.008975201274631498,0.009100046874899325,0.00899769304819212,0.009110893335840406,0.0
2025-04-24,0.0,0.0,-0.0066070762761443755,-0.0066070762761443755,0.0,0.0016708323609846082,0.0019486795727460412,-0.0059746273804242135,-0.005891047169896539,0.0,-0.0007191085478676482,0.001120474799996168,-0.006824540757724043,-0.0067769187947706545,0.0,-0.0017703070559143797,-0.0008366818211724348,-0.0071126961667388,-0.0069468405124996245,0.0,0.0,0.0,-0.0066070762761443755,-0.0066070762761443755,0.0,0.0016708323609846082,0.0019486795727460412,-0.0059746273804242135,-0.005891047169896539,0.0,0.0,-0.006762887393015012,-0.006683546852605214,-0.006683546852605214,-0.0067663549703737,-0.0067663549703737,0.0,0.0,-0.0066070762761443755,-0.006800729776247349,-0.006683546852605214,-0.0067663549703737,0.0
2025-04-25,0.0,0.0,0.0036821884443361944,0.0036869550343659064,0.0,-0.0007392794648440563,-0.0007392794648440563,0.003431430768195214,0.003516020045984921,0.0,-0.0016815689164802307,-0.0016815689164802307,0.0036434639337502355,0.0036434639337502355,0.0,0.00015210117892171867,0.0009295591760326449,0.0037096330529613353,0.003755159997662058,0.0,0.0,0.0,0.0036821884443361944,0.0036869550343659064,0.0,-0.0007392794648440563,-0.0007392794648440563,0.003431430768195214,0.003516020045984921,0.0,0.0,0.0037749008251104395,0.003723252530226419,0.0037740220546084364,0.0038105605480602675,0.0038105605480602675,0.0,0.0,0.0036845717393510506,0.0036434639337502355,0.0037486372924174275,0.0038105605480602675,0.0
2025-04-28,0.0,0.0,-0.00750143788040675,-0.0074868534326192745,0.0,-0.0015710341145514072,-0.0012740348885030748,-0.007220118088815854,-0.007135642537806564,0.0,-0.0032880296617451153,-0.0023012608606726645,-0.007792304978814732,-0.007401828586596783,0.0,-0.008335931510525965,-0.005905495648010162,-0.008006692338663355,-0.007711240499928442,0.0,0.0,0.0,-0.00750143788040675,-0.0074868534326192745,0.0,-0.0015710341145514072,-0.0012740348885030748,-0.007220118088815854,-0.007135642537806564,0.0,0.0,-0.007575811971883851,-0.0074868534326192745,-0.0074868534326192745,-0.007700799315676889,-0.007700799315676889,0.0,0.0,-0.007494145656513012,-0.007597066782705757,-0.0074868534326192745,-0.007700799315676889,0.0
2025-04-29,0.0,0.0,0.00339138879575976,0.00339138879575976,0.0,-0.005542441799340618,-0.00394118356608099,0.0019350464775415158,0.0023400014499919655,0.0,-0.0012902720785986945,-0.0012902720785986945,0.0024167491884285013,0.0025779776174454793,0.0,-0.003748022301959074,-0.003085353426980094,0.0024826819781065693,0.0025616097954647135,0.0,0.0,0.0,0.00339138879575976,0.00339138879575976,0.0,-0.005542441799340618,-0.00394118356608099,0.0019350464775415158,0.0023400014499919655,0.0,0.0,0.00330049380200463,0.003382027684654522,0.003382027684654522,0.003394530240008618,0.003394530240008618,0.0,0.0,0.00339138879575976,0.0024973634029369905,0.003382027684654522,0.003394530240008618,0.0
2025-04-30,0.0,0.0,0.0004448696678353689,0.0022816371957298793,0.0,-0.011886554461046014,-0.009538919075639184,-0.00015503895675005432,0.001706461667590879,0.0,0.004210681114689655,0.004210681114689655,0.0005094884483778229,0.00282462318965252,0.0,0.002473650854675008,0.0031441763571293654,0.0007463522483577394,0.0028408462215532056,0.0,0.0,0.0,0.0004448696678353689,0.0022816371957298793,0.0,-0.011886554461046014,-0.009538919075639184,-0.00015503895675005432,0.001706461667590879,0.0,0.0,0.00045595198613629156,0.002359438521665714,0.002359438521665714,0.002518403788946918,0.002518403788946918,0.0,0.0,0.001363253431782624,0.0016670558190151714,0.002359438521665714,0.002518403788946918,0.0
2025-05-01,0.0,0.0,-0.006231328131720316,-0.006225690014582776,0.0,-0.0057451296773299194,-0.005566831851605325,-0.006483418098732029,-0.006463137066063118,0.0,-0.002915864314924926,-0.002915864314924926,-0.005119991751474309,-0.0047680138074327,0.0,-0.004535832825428659,-0.004367044150771044,-0.00484358759318774,-0.004199516378118221,0.0,0.0,0.0,-0.006231328131720316,-0.006225690014582776,0.0,-0.0057451296773299194,-0.005566831851605325,-0.006483418098732029,-0.006463137066063118,0.0,0.0,-0.006231328131720316,0.006121492625562395,0.006121492625562395,0.006296773710341633,0.006296773710341633,0.0,0.0,-0.006228509073151546,-0.004944002779453505,0.006121492625562395,0.006296773710341633,0.0
2025-05-02,0.0,0.0,0.003410179315965093,0.003410179315965093,0.0,-0.006471098702943257,-0.0030156425506502197,0.0025247850089587264,0.0028312326236333667,0.0,0.004488756470970003,0.004488756470970003,0.005556967272643713,0.0076410859038736935,0.0,0.0035864430015384464,0.004347404540331931,0.00579072827655799,0.0065850435075109764,0.0,0.0,0.0,0.003410179315965093,0.003410179315965093,0.0,-0.006471098702943257,-0.0030156425506502197,0.0025247850089587264,0.0028312326236333667,0.0,0.0,0.003410179315965092,-0.005092068285089077,-0.0032700128660862874,-0.0032579240641803058,-0.0032579240641803058,0.0,0.0,0.003410179315965093,0.006599026588258703,-0.004181040575587682,-0.0032579240641803058,0.0
2025-05-05,0.0,0.0,0.002384226260838045,0.002384226260838045,0.0,-0.0022989925289062193,-0.0014876043060927239,0.002190795605333363,0.002399771129068137,0.0,0.0008634113082613158,0.0008854906655283975,-0.0027666979872365367,-0.0007641507904632468,0.0,-0.0003755508967366144,0.00039461615819072704,-7.336155699484931e-05,0.0006293984898757232,0.0,0.0,0.0,0.002384226260838045,0.002384226260838045,0.0,-0.0022989925289062193,-0.0014876043060927239,0.002190795605333363,0.002399771129068137,0.0,0.0,0.002384226260838045,0.002384226260838045,0.002384226260838045,-0.0025850681063080555,-0.0025850681063080555,0.0,0.0,0.002384226260838045,-0.0017654243888498918,0.002384226260838045,-0.0025850681063080555,0.0
2025-05-06,0.0,0.0,0.0040422939716828424,0.005906248615867006,0.0,0.0002936391102152737,0.0008652653077274358,0.004014340787033259,0.005461049076302882,0.0,0.0009020332665930163,0.0009257897038182555,0.0008189951098706424,0.003281318758981646,0.0,-0.0013782683474015682,-0.0009630949545703343,0.0027461778971911086,0.003980781135076417,0.0,0.0,0.0,0.0040422939716828424,0.005906248615867006,0.0,0.0002936391102152737,0.0008652653077274358,0.004014340787033259,0.005461049076302882,0.0,0.0,0.005906248615867005,0.005906248615867006,0.005906248615867006,-0.006020386216441657,-0.006020386216441657,0.0,0.0,0.004974271293774924,0.002050156934426144,0.005906248615867006,-0.006020386216441657,0.0
2025-05-07,0.0,0.0,0.005941112684360473,0.007772840596874884,0.0,0.001236033692331545,0.003660432196347233,0.0070268173252450265,0.00844356864564408,0.0,-0.005328443253574352,-0.002572060994016328,0.004790287084533787,0.005682209080172432,0.0,-0.004665915860596868,-0.0009857424746248025,0.00263550097381012,0.004277979335123421,0.0,0.0,0.0,0.005941112684360473,0.007772840596874884,0.0,0.001236033692331545,0.003660432196347233,0.0070268173252450265,0.00844356864564408,0.0,0.0,-0.007524786081726293,-0.007514594394915444,-0.007514594394915444,0.007508932719778167,0.007508932719778167,0.0,0.0,0.0068569766406176786,0.005236248082353109,-0.007514594394915444,0.007508932719778167,0.0
2025-05-08,0.0,0.0,-0.00959711450657651,-0.007822928772338865,0.0,0.001188756325993444,0.0016121659809378071,-0.008561601765766088,-0.006842092784041377,0.0,0.005455933711007424,0.005468542565529916,0.008567748521252009,0.008878993681918175,0.0,0.005469546567882689,0.0062776050660589226,0.009177983806424657,0.009848152608550998,0.0,0.0,0.0,-0.00959711450657651,-0.007822928772338865,0.0,0.001188756325993444,0.0016121659809378071,-0.008561601765766088,-0.006842092784041377,0.0,0.0,-0.009464607927965432,-0.007629361347199333,-0.007629361347199333,0.007749687590951383,0.007749687590951383,0.0,0.0,-0.008710021639457688,0.008723371101585092,-0.007629361347199333,0.007749687590951383,0.0
2025-05-09,0.0,0.0,-0.0019952853332289113,-0.0019952853332289113,0.0,-0.003469709793039912,-0.0021237748796570227,-0.002188593169398427,-0.002053298368031365,0.0,0.002978434124253401,0.002978434124253401,-0.0015793969312594455,-0.0015727995438609267,0.0,0.002096964830639308,0.002874360908757451,-0.001718408955695931,-0.0016419312429909892,0.0,0.0,0.0,-0.0019952853332289113,-0.0019952853332289113,0.0,-0.003469709793039912,-0.0021237748796570227,-0.002188593169398427,-0.002053298368031365,0.0,0.0,-0.001995285333228911,0.00017599446293061253,0.0019219524937480151,-0.0020936743914187557,-0.0020936743914187557,0.0,0.0,-0.0019952853332289113,-0.001576098237560186,0.0010489734783393138,-0.0020936743914187557,0.0
2025-05-12,0.0,0.0,0.010966446338835756,0.010971249907756567,0.0,0.008426798824798217,0.009353328772975778,0.010990759420378457,0.011279610348580339,0.0,-0.0009265624080262145,0.0017828394581327848,0.010750852676065358,0.010865116085880316,0.0,0.0026885700375387897,0.0036035720140492264,0.010487518454017799,0.010734469954427301,0.0,0.0,0.0,0.010966446338835756,0.010971249907756567,0.0,0.008426798824798217,0.009353328772975778,0.010990759420378457,0.011279610348580339,0.0,0.0,0.010966446338835756,0.010971249907756567,0.010971249907756567,0.011374695014527982,0.011374695014527982,0.0,0.0,0.010968848123296161,0.010807984380972836,0.010971249907756567,0.011374695014527982,0.0
2025-05-13,0.0,0.0,-0.009014360729547356,-0.008998259107071907,0.0,0.007047872640165684,0.0070825203986927855,-0.006284401002245645,-0.006054974557011353,0.0,-0.0004253304605725503,-0.00041458158119550125,-0.009327952631268203,-0.009277152329937671,0.0,0.005732371137267017,0.005779566278360315,-0.006694255369191243,-0.006689211757209907,0.0,0.0,0.0,-0.009014360729547356,-0.008998259107071907,0.0,0.007047872640165684,0.0070825203986927855,-0.006284401002245645,-0.006054974557011353,0.0,0.0,-0.009014360729547356,-0.009067492545820744,-0.009067492545820744,-0.008806710696102307,-0.008806710696102307,0.0,0.0,-0.00900630991830963,-0.009302552480602938,-0.009067492545820744,-0.008806710696102307,0.0
2025-05-14,0.0,0.0,0.0031606850066468063,0.0031606850066468063,0.0,-0.0037890990993793804,-0.0037254332816795445,0.0009606632815254642,0.0011065083395534088,0.0,-0.0031126851191073087,-0.000411119483706659,0.0032802227062496635,0.0033262292851670584,0.0,-0.0034736937789506335,-0.0030354716196468227,0.0018797334242721887,0.0019182676633016725,0.0,0.0,0.0,0.0031606850066468063,0.0031606850066468063,0.0,-0.0037890990993793804,-0.0037254332816795445,0.0009606632815254642,0.0011065083395534088,0.0,0.0,0.0031606850066468054,0.00319878248550799,0.00319878248550799,0.0027274732102765442,0.0027274732102765442,0.0,0.0,0.0031606850066468063,0.0033032259957083607,0.00319878248550799,0.0027274732102765442,0.0
2025-05-15,0.0,0.0,-0.0017277478795246206,-0.0017277478795246206,0.0,-0.00905070753489664,-0.008052055900710054,-0.005408403777843274,-0.004863753886512965,0.0,-0.0011950328044824851,0.0016163506770952602,-0.0017279721808532553,-0.0017162596914069236,0.0,-0.008466075946000191,-0.0075826452048627585,-0.0030143017545886837,-0.0029213502939723006,0.0,0.0,0.0,-0.0017277478795246206,-0.0017277478795246206,0.0,-0.00905070753489664,-0.008052055900710054,-0.005408403777843274,-0.004863753886512965,0.0,0.0,-0.0017277478795246204,-0.0018926160536219547,-0.0018926160536219547,-0.0021787169815827,-0.0021787169815827,0.0,0.0,-0.0017277478795246206,-0.0017221159361300894,-0.0018926160536219547,-0.0021787169815827,0.0
2025-05-16,0.0,0.0,0.001128092746630656,0.0011477514967697237,0.0,0.002123451166918348,0.0026663627075482754,0.00196749184756407,0.0025233070748947655,0.0,0.0014946963981165705,0.0018712407833601074,0.0011657736200489479,0.0011778450595654115,0.0,0.0023506566909312744,0.0027800190611214585,0.0015034661762509032,0.0016028465016251887,0.0,0.0,0.0,0.001128092746630656,0.0011477514967697237,0.0,0.002123451166918348,0.0026663627075482754,0.00196749184756407,0.0025233070748947655,0.0,0.0,0.0011280927466306555,0.0011825723545464317,0.0012230390607401082,0.0012833060429021542,0.0012833060429021542,0.0,0.0,0.0011379221217001898,0.0011718093398071798,0.0012028057076432699,0.0012833060429021542,0.0
2025-05-19,0.0,0.0,-0.005625431703659744,-0.005625431703659744,0.0,-0.0008842973953378181,-0.000655283398137035,-0.0022185869918337118,-0.0019467574821510126,0.0,-0.005130220604586643,-0.0045251397126251465,-0.0058948898312239095,-0.005799159848340976,0.0,-0.0014142634922012013,-0.0007329221639205399,-0.005762160216782614,-0.005666622802461071,0.0,0.0,0.0,-0.005625431703659744,-0.005625431703659744,0.0,-0.0008842973953378181,-0.000655283398137035,-0.0022185869918337118,-0.0019467574821510126,0.0,0.0,-0.005625431703659744,-0.005625431703659744,-0.005625431703659744,-0.007309862321635673,-0.005836270988068404,0.0,0.0,-0.005625431703659744,-0.005847024839782443,-0.005625431703659744,-0.006573066654852039,0.0
2025-05-20,0.0,0.0,-0.002797011936281306,-0.0027913090067192177,0.0,-0.009670924649918446,-0.009414246846769567,-0.009320369463815793,-0.00903056855597671,0.0,3.992830736879962e-05,0.0001222954882645087,-0.0032342449201923137,-0.0031595238719096643,0.0,-0.009711092007332233,-0.008934617831396882,-0.004992115890815867,-0.00476515967982039,0.0,0.0,0.0,-0.002797011936281306,-0.0027913090067192177,0.0,-0.009670924649918446,-0.009414246846769567,-0.009320369463815793,-0.00903056855597671,0.0,0.0,-0.002797011936281305,-0.0027913090067192177,-0.0027913090067192177,0.0027830627084323096,0.0027830627084323096,0.0,0.0,-0.0027941604715002615,-0.003196884396050989,-0.0027913090067192177,0.0027830627084323096,0.0
2025-05-21,0.0,0.0,-0.004557114168488148,-0.004557114168488148,0.0,-0.005535865839167426,-0.004987020526011687,-0.006504759831308405,-0.005823556768243635,0.0,0.0033318665609629186,0.0033318665609629186,-0.004771326500503522,-0.004719875406292806,0.0,-0.0013615571454906777,-0.001074342288603224,-0.005029163396384897,-0.0049736794932658725,0.0,0.0,0.0,-0.004557114168488148,-0.004557114168488148,0.0,-0.005535865839167426,-0.004987020526011687,-0.006504759831308405,-0.005823556768243635,0.0,0.0,-0.004557114168488147,-0.004412738045923083,-0.004412738045923083,0.004420264345731172,0.004420264345731172,0.0,0.0,-0.004557114168488148,-0.004745600953398163,-0.004412738045923083,0.004420264345731172,0.0
2025-05-22,0.0,0.0,0.002754599593717259,0.002756089320591279,0.0,-0.001712167957824726,-0.001401846238029622,0.0023758940040349633,0.0024791043657298507,0.0,0.000429341144583141,0.00044091649376937886,0.0030789873108144376,0.0030984353824876796,0.0,-0.0006540049161553866,-0.0005429255903319436,0.0029080187339353405,0.002942992976972561,0.0,0.0,0.0,0.002754599593717259,0.002756089320591279,0.0,-0.001712167957824726,-0.001401846238029622,0.0023758940040349633,0.0024791043657298507,0.0,0.0,0.0027545995937172585,0.002761174722757465,0.002761174722757465,-0.002706235109076877,-0.002706235109076877,0.0,0.0,0.0027553444571542687,0.0030887113466510586,0.002761174722757465,-0.002706235109076877,0.0
2025-05-23,0.0,0.0,-0.01112834678355388,-0.01112834678355388,0.0,0.0005992245398288927,0.000840520783778984,-0.010646543769792327,-0.010588686721289212,0.0,0.011679140477797853,0.011691721142235066,-0.010908321630235486,-0.010905169034542153,0.0,0.006780675180005142,0.006991870413023609,-0.010868680137247065,-0.010835508395796738,0.0,0.0,0.0,-0.01112834678355388,-0.01112834678355388,0.0,0.0005992245398288927,0.000840520783778984,-0.010646543769792327,-0.010588686721289212,0.0,0.0,-0.011128346783553879,-0.010722318296929056,-0.010715159949238981,0.010735892568454303,0.010735892568454303,0.0,0.0,-0.01112834678355388,-0.01090674533238882,-0.010718739123084018,0.010735892568454303,0.0
2025-05-26,0.0,0.0,-0.0006893180199134028,-0.0006837091434639003,0.0,-0.0034324658477417943,-0.002587939490094791,-0.001407595645171649,-0.0012091716727634962,0.0,-0.0027472440689579438,-0.0014309257111399078,-0.0012393715067728571,-0.000986401998333599,0.0,-0.0035634146247732435,-0.002283260493518732,-0.0014163300140080464,-0.0011462306132417155,0.0,0.0,0.0,-0.0006893180199134028,-0.0006837091434639003,0.0,-0.0034324658477417943,-0.002587939490094791,-0.001407595645171649,-0.0012091716727634962,0.0,0.0,-0.0006893180199134026,-0.0006837091434639003,-0.0006837091434639003,0.0006974552665788051,0.0006974552665788051,0.0,0.0,-0.0006865135816886516,-0.001112886752553228,-0.0006837091434639003,0.0006974552665788051,0.0
2025-05-27,0.0,0.0,0.007595548771837179,0.007595548771837179,0.0,0.002325710888285879,0.003184303054812621,0.007609560641835999,0.007676675708958367,0.0,0.0007656103968893045,0.0007656103968893045,0.007770649204996642,0.007770649204996642,0.0,-0.00036720816048429247,-0.000112890618862241,0.007540871450917828,0.0075621159172213235,0.0,0.0,0.0,0.007595548771837179,0.007595548771837179,0.0,0.002325710888285879,0.003184303054812621,0.007609560641835999,0.007676675708958367,0.0,0.0,0.007595548771837179,0.007526346306134386,0.007526346306134386,-0.007248770666007167,-0.007248770666007167,0.0,0.0,0.007595548771837179,0.007770649204996642,0.007526346306134386,-0.007248770666007167,0.0
2025-05-28,0.0,0.0,0.0024442312502390134,0.0024442312502390134,0.0,0.004570521968457911,0.004797683915470824,0.0027781636675106515,0.0027781636675106515,0.0,-0.000680619048812585,0.00032292656593882084,0.002114222661585892,0.002412589555851725,0.0,-0.00036113129443765177,0.0005720767845969162,0.002316883140908689,0.002597364906672391,0.0,0.0,0.0,0.0024442312502390134,0.0024442312502390134,0.0,0.004570521968457911,0.004797683915470824,0.0027781636675106515,0.0027781636675106515,0.0,0.0,0.0024442312502390134,0.002401341122777599,0.002401341122777599,-0.002324198713954406,-0.002324198713954406,0.0,0.0,0.0024442312502390134,0.0022634061087188086,0.002401341122777599,-0.002324198713954406,0.0
2025-05-29,0.0,0.0,-0.004246933876541188,-0.00423621030069003,0.0,-0.010126947640499427,-0.00790442807174122,-0.004971056397466212,-0.004717974355812004,0.0,-0.0012890018486365624,-0.0012890018486365624,-0.005658146777717049,-0.004430634767202222,0.0,-0.0051142080361205565,-0.0040292470724243926,-0.006084019565953178,-0.0049984147824173285,0.0,0.0,0.0,-0.004246933876541188,-0.00423621030069003,0.0,-0.010126947640499427,-0.00790442807174122,-0.004971056397466212,-0.004717974355812004,0.0,0.0,-0.004246933876541187,-0.004147478787784127,-0.004147478787784127,0.004024778146786181,0.004024778146786181,0.0,0.0,-0.004241572088615609,-0.0050443907724596355,-0.004147478787784127,0.004024778146786181,0.0
2025-05-30,0.0,0.0,0.00016361696583146808,0.00017534528850480157,0.0,-0.004091205840538627,-0.0038576167972343657,0.00015305653491928985,0.00017217661901540844,0.0,0.001458821452066393,0.001458821452066393,0.00024246696623614778,0.0003698924948016267,0.0,-0.0031821964596370792,-0.002965912677479564,-0.0024939268569105057,-0.002067557702314826,0.0,0.0,0.0,0.00016361696583146808,0.00017534528850480157,0.0,-0.004091205840538627,-0.0038576167972343657,0.00015305653491928985,0.00017217661901540844,0.0,0.0,0.00016361696583146792,5.326808718504572e-05,8.097733166420628e-05,-0.00015390178229143038,-0.00015390178229143038,0.0,0.0,0.00016948112716813483,0.0003061797305188872,6.7122709424626e-05,-0.00015390178229143038,0.0
2025-06-02,0.0,0.0,-0.007937073462131766,-0.007937073462131766,0.0,-0.0007525403870034058,0.0023984679023898235,-0.008341314985352722,-0.007976142979656166,0.0,0.002796907158280862,0.0037391219098332675,0.007410823161106037,0.008342767474086622,0.0,-0.001332079891598282,0.0007255567784324153,0.007801701545424057,0.008553470275317039,0.0,0.0,0.0,-0.007937073462131766,-0.007937073462131766,0.0,-0.0007525403870034058,0.0023984679023898235,-0.008341314985352722,-0.007976142979656166,0.0,0.0,-0.007937073462131766,-0.007937073462131766,-0.007937073462131766,0.00732313690882209,0.00732313690882209,0.0,0.0,-0.007937073462131766,0.00787679531759633,-0.007937073462131766,0.00732313690882209,0.0
2025-06-03,0.0,0.0,0.00545611555714763,0.00545611555714763,0.0,-0.00017466782331766555,-0.00015326879824643642,0.0054200995123392685,0.005559771822121588,0.0,-0.0027625828288246044,-0.0026833609599170504,-0.005789458280212861,-0.005547280494939881,0.0,-0.002263751281120762,-0.0021702751522802125,-0.0069019077062870745,-0.006613323049046138,0.0,0.0,0.0,0.00545611555714763,0.00545611555714763,0.0,-0.00017466782331766555,-0.00015326879824643642,0.0054200995123392685,0.005559771822121588,0.0,0.0,0.00545611555714763,0.00545611555714763,0.00545611555714763,-0.0050368743116125485,-0.0050368743116125485,0.0,0.0,0.00545611555714763,-0.005668369387576371,0.00545611555714763,-0.0050368743116125485,0.0
2025-06-04,0.0,0.0,-0.00496046781720936,-0.00496046781720936,0.0,0.002599164156118654,0.002654371128243436,-0.004266594610036976,-0.004204788691408621,0.0,0.0028654428095026066,0.0028654428095026066,0.002621468662455772,0.002934857612441209,0.0,0.003215971462243372,0.0032676214259461604,0.006203252955739114,0.006218676746070158,0.0,0.0,0.0,-0.00496046781720936,-0.00496046781720936,0.0,0.002599164156118654,0.002654371128243436,-0.004266594610036976,-0.004204788691408621,0.0,0.0,-0.00496046781720936,-0.00496046781720936,-0.00496046781720936,0.00455916013144028,0.00455916013144028,0.0,0.0,-0.00496046781720936,0.0027781631374484907,-0.00496046781720936,0.00455916013144028,0.0
2025-06-05,0.0,0.0,-0.0007491988047908266,-0.0007491988047908266,0.0,-0.0026433194838320767,-0.002506571386853563,-0.0021691619391905398,-0.001444045625756864,0.0,-0.001470122757855547,-0.001470122757855547,-0.0017159771130447546,-0.0013099909675996155,0.0,-0.002830539221131495,-0.0026335277084168084,-0.0020324432505514772,-0.0012919756876877456,0.0,0.0,0.0,-0.0007491988047908266,-0.0007491988047908266,0.0,-0.0026433194838320767,-0.002506571386853563,-0.0021691619391905398,-0.001444045625756864,0.0,0.0,-0.0007491988047908266,-0.0007491988047908266,-0.0007491988047908266,0.0007104350694750686,0.0007104350694750686,0.0,0.0,-0.0007491988047908266,-0.001512984040322185,-0.0007491988047908266,0.0007104350694750686,0.0
2025-06-06,0.0,0.0,0.004360951370055862,0.004360951370055862,0.0,-0.0007012125933024691,-0.0007012125933024691,0.002887323022313678,0.0035733386367625534,0.0,-0.0011393337900021897,-0.0011363688355722015,-0.004216984851171394,-0.004171881788204877,0.0,-0.0001371528902014922,-6.365119446029844e-05,-0.004180120510313137,-0.004171704468451148,0.0,0.0,0.0,0.004360951370055862,0.004360951370055862,0.0,-0.0007012125933024691,-0.0007012125933024691,0.002887323022313678,0.0035733386367625534,0.0,0.0,0.004360951370055862,0.004360951370055862,0.004360951370055862,-0.004036288078028654,-0.004036288078028654,0.0,0.0,0.004360951370055862,-0.004194433319688135,0.004360951370055862,-0.004036288078028654,0.0
2025-06-09,0.0,0.0,-0.002262286672863404,-0.002262286672863404,0.0,-0.003341898267296608,-0.0030493407478590223,-0.00445644349424864,-0.0033005109488997084,0.0,0.00041673572053273927,0.0005114811070470778,0.0022913056636701483,0.0023126392457479493,0.0,-0.0024381105210203313,-0.0017695711068388305,0.0019436682233874962,0.0020836141256836706,0.0,0.0,0.0,-0.002262286672863404,-0.002262286672863404,0.0,-0.003341898267296608,-0.0030493407478590223,-0.00445644349424864,-0.0033005109488997084,0.0,0.0,-0.002262286672863404,-0.002262286672863404,-0.002262286672863404,0.0021137131895721533,0.0021137131895721533,0.0,0.0,-0.002262286672863404,0.002301972454709049,-0.002262286672863404,0.0021137131895721533,0.0
2025-06-10,0.0,0.0,0.0005615771701861925,0.0005648033924569966,0.0,0.0015126432621665085,0.0015126432621665085,0.001529375902945566,0.001529375902945566,0.0,0.004551222452073307,0.004551222452073307,0.0004996577138454822,0.000755378586781556,0.0,0.0002474536842778423,0.0007618802393350194,-0.00026165111697924514,-0.00014448940828714853,0.0,0.0,0.0,0.0005615771701861925,0.0005648033924569966,0.0,0.0015126432621665085,0.0015126432621665085,0.001529375902945566,0.001529375902945566,0.0,0.0,-0.0007882112861553324,0.0005648033924569966,0.0005648033924569966,-0.0004868945901881254,-0.0004868945901881254,0.0,0.0,0.0005631902813215946,0.0006275181503135191,0.0005648033924569966,-0.0004868945901881254,0.0
2025-06-11,0.0,0.0,-0.001872578812496177,-0.0018693208545815117,0.0,-0.0004347487962027706,-0.0004347487962027706,-0.0011441779787979777,-0.00050219567346465,0.0,-0.0033026238382143215,-0.003289765012095463,-0.0001940678795192166,0.00012833692921305985,0.0,-0.0028625858022335252,-0.002570992910683479,0.0010813453739956778,0.0011845071199893013,0.0,0.0,0.0,-0.001872578812496177,-0.0018693208545815117,0.0,-0.0004347487962027706,-0.0004347487962027706,-0.0011441779787979777,-0.00050219567346465,0.0,0.0,0.0020145697562229258,-0.0019016066869426244,-0.0019016066869426244,0.0017291084654587308,0.0017291084654587308,0.0,0.0,-0.0018709498335388445,-3.286547515307837e-05,-0.0019016066869426244,0.0017291084654587308,0.0
2025-06-12,0.0,0.0,-0.00876143326326851,-0.008754067397368743,0.0,0.0034726117540266697,0.0034726117540266697,0.008650789925889347,0.008871359413235445,0.0,0.0054651363368402725,0.0055153993920849876,0.009209479198020586,0.009391384380778378,0.0,0.002276635801165381,0.0024995065042225434,0.008955780708688068,0.009183596731856739,0.0,0.0,0.0,-0.00876143326326851,-0.008754067397368743,0.0,0.0034726117540266697,0.0034726117540266697,0.008650789925889347,0.008871359413235445,0.0,0.0,0.00923512938988874,-0.008647128227039348,-0.008647128227039348,0.007982224880674951,0.007982224880674951,0.0,0.0,-0.008757750330318627,0.009300431789399481,-0.008647128227039348,0.007982224880674951,0.0
2025-06-13,0.0,0.0,0.0015391231533045304,0.002866352331623021,0.0,0.006799161306819147,0.006799161306819147,0.00026076973719733236,0.000325257898635663,0.0,0.0007104078190813834,0.0007104078190813834,-0.0028999550174761816,-0.00287473083865862,0.0,0.006389024455701752,0.006555193454514628,-0.002455004014861996,-0.0022351808080030553,0.0,0.0,0.0,0.0015391231533045304,0.002866352331623021,0.0,0.006799161306819147,0.006799161306819147,0.00026076973719733236,0.000325257898635663,0.0,0.0,-0.002884683328747196,0.0013367086804002778,0.002650887864970475,-0.0024335423370197193,-0.0024335423370197193,0.0,0.0,0.002202737742463776,-0.002887342928067401,0.001993798272685376,-0.0024335423370197193,0.0
2025-06-16,0.0,0.0,-0.00015966845831555062,0.0011762156740437232,0.0,-0.0040262605367379495,-0.0040262605367379495,-0.0014856688674914672,-0.0011267705921589302,0.0,0.0009471823407328479,0.0009534603325672837,0.0011741942211303637,0.0011960216550905927,0.0,-0.003986656206124455,-0.00385892446268169,-0.0002751622025847294,-0.00014422063791290354,0.0,0.0,0.0,-0.00015966845831555062,0.0011762156740437232,0.0,-0.0040262605367379495,-0.0040262605367379495,-0.0014856688674914672,-0.0011267705921589302,0.0,0.0,0.0011706788149246008,0.0011762156740437232,0.0011762156740437232,0.0009385167138192699,0.0010039700367069457,0.0,0.0,0.0005082736078640863,0.0011851079381104783,0.0011762156740437232,0.0009712433752631078,0.0
2025-06-17,0.0,0.0,0.00843511130984751,0.009808773410875254,0.0,0.0016038946728781991,0.0016038946728781991,-0.0050650138666216244,-0.004664347136116126,0.0,0.0031205318908017086,0.0032304788507826676,-0.009271220438543787,-0.009255626718070446,0.0,0.0025456782072193615,0.0033045269416077934,-0.008237184448760228,-0.008151468505905564,0.0,0.0,0.0,0.00843511130984751,0.009808773410875254,0.0,0.0016038946728781991,0.0016038946728781991,-0.0050650138666216244,-0.004664347136116126,0.0,0.0,-0.009499303015279443,-0.009640050352620102,-0.009640050352620102,-0.009443882168435834,-0.009443882168435834,0.0,0.0,0.009121942360361382,-0.009263423578307116,-0.009640050352620102,-0.009443882168435834,0.0
2025-06-18,0.0,0.0,-0.002662850026049792,-0.0013025748902247211,0.0,-0.0022355793645913655,-0.0022355793645913655,-0.0021310778306380877,-0.0017835067095314163,0.0,-0.0013751289196879258,-0.0013751289196879258,-0.001310395600782785,-0.001296421684787893,0.0,-0.003622089366970979,-0.0033848591027748117,-0.001794878680448906,-0.0017873207725091298,0.0,0.0,0.0,-0.002662850026049792,-0.0013025748902247211,0.0,-0.0022355793645913655,-0.0022355793645913655,-0.0021310778306380877,-0.0017835067095314163,0.0,0.0,-0.0012950567669090985,-0.0012968096382479236,-0.0012968096382479236,-0.001314661123633315,-0.001314661123633315,0.0,0.0,-0.0019827124581372566,-0.0013034086427853389,-0.0012968096382479236,-0.001314661123633315,0.0
2025-06-19,0.0,0.0,0.0008344335401593596,0.0008344335401593596,0.0,-0.0019769514249522594,-0.0019769514249522594,-0.002994983821136837,-0.0018707202791965764,0.0,-0.006158729085631443,-0.006158729085631443,-0.002292013500079159,-0.0010024364779737715,0.0,-0.0026888617712526484,-0.002351359230413509,-0.0016477804991170215,-0.0012107691572403711,0.0,0.0,0.0,0.0008344335401593596,0.0008344335401593596,0.0,-0.0019769514249522594,-0.0019769514249522594,-0.002994983821136837,-0.0018707202791965764,0.0,0.0,-0.0021198123787708077,-0.0007152552264729972,-0.0007152552264729972,-0.0006892090549882909,-0.0006892090549882909,0.0,0.0,0.0008344335401593596,-0.0016472249890264652,-0.0007152552264729972,-0.0006892090549882909,0.0
2025-06-20,0.0,0.0,0.0031510249379984204,0.0031510249379984204,0.0,-0.0032413916720294375,-0.0032413916720294375,-0.0011007035932011381,-0.00046334443891334477,0.0,-0.003961313614513104,-0.003961313614513104,0.0010300838504583934,0.0023435042798809523,0.0,-0.003177857004951971,-0.0026048307918802253,-0.004229087719391695,-0.003852018633674529,0.0,0.0,0.0,0.0031510249379984204,0.0031510249379984204,0.0,-0.0032413916720294375,-0.0032413916720294375,-0.0011007035932011381,-0.00046334443891334477,0.0,0.0,0.003189889252568661,-0.004505900502267316,-0.003133376006585101,-0.0030637245368868088,-0.0030637245368868088,0.0,0.0,0.0031510249379984204,0.0016867940651696728,-0.0038196382544262086,-0.0030637245368868088,0.0
2025-06-23,0.0,0.0,-0.004834393091548464,-0.0034445948780085466,0.0,-0.004018146539750657,-0.004018146539750657,-0.004948168100608188,-0.003738825277052628,0.0,-0.003449519214323199,-0.003449519214323199,0.003269110320133506,0.003292150398702825,0.0,-0.003535825849344101,-0.0028393910068288276,0.003137781563535553,0.003276578439200965,0.0,0.0,0.0,-0.004834393091548464,-0.0034445948780085466,0.0,-0.004018146539750657,-0.004018146539750657,-0.004948168100608188,-0.003738825277052628,0.0,0.0,-0.004909039002784929,-0.0034445948780085466,-0.0034445948780085466,0.0033099326679163557,0.0033099326679163557,0.0,0.0,-0.0041394939847785054,0.0032806303594181655,-0.0034445948780085466,0.0033099326679163557,0.0
2025-06-24,0.0,0.0,0.005108790107004874,0.005108790107004874,0.0,-0.003522419907015004,-0.003501380396480137,0.004210113829185637,0.004210113829185637,0.0,-0.0026330510242642225,-0.0026330510242642225,0.005195836746112044,0.005195836746112044,0.0,-0.0035649612230435686,-0.0033257548970384563,0.0047206920661568294,0.004750183822677763,0.0,0.0,0.0,0.005108790107004874,0.005108790107004874,0.0,-0.003522419907015004,-0.003501380396480137,0.004210113829185637,0.004210113829185637,0.0,0.0,0.005108790107004874,-0.004895185241236964,-0.004895185241236964,0.004668037400693024,0.004668037400693024,0.0,0.0,0.005108790107004874,0.005195836746112044,-0.004895185241236964,0.004668037400693024,0.0
2025-06-25,0.0,0.0,0.002471087331379591,0.002471087331379591,0.0,-0.0060661845631266665,-0.0060661845631266665,0.0008980361957264435,0.000951738918183141,0.0,-0.0024161983803406006,-0.0024161983803406006,0.0010094917290344144,0.00248304725620147,0.0,-0.007798080861901448,-0.00765504214073928,-6.599680940913696e-05,0.0015300402054495336,0.0,0.0,0.0,0.002471087331379591,0.002471087331379591,0.0,-0.0060661845631266665,-0.0060661845631266665,0.0008980361957264435,0.000951738918183141,0.0,0.0,0.0024710873313795916,-0.0023836751982548284,-0.0023836751982548284,0.0023015520725448843,0.0023015520725448843,0.0,0.0,0.002471087331379591,0.0017462694926179423,-0.0023836751982548284,0.0023015520725448843,0.0
2025-06-26,0.0,0.0,0.00622046370496617,0.00622046370496617,0.0,0.005357315418744508,0.005357315418744508,0.006286423837023728,0.006303976733322699,0.0,0.0018408881029200203,0.0018450655461870512,-0.007808862144376784,-0.006385233982525222,0.0,0.002728620955997803,0.0029620396663023324,0.005646204614956957,0.006921367667367519,0.0,0.0,0.0,0.00622046370496617,0.00622046370496617,0.0,0.005357315418744508,0.005357315418744508,0.006286423837023728,0.006303976733322699,0.0,0.0,0.00622046370496617,-0.005963056497970809,-0.005963056497970809,0.005913710530579767,0.005913710530579767,0.0,0.0,0.00622046370496617,-0.007097048063451003,-0.005963056497970809,0.005913710530579767,0.0
2025-06-27,0.0,0.0,-0.0015050479961343627,-0.0015050479961343627,0.0,-0.003034807326989044,-0.0030250014160526605,-0.0016888576627686587,-0.0016197496222775656,0.0,-0.0013470797737878744,-0.0013470797737878744,-0.0015458359598207946,-0.0015195720679551015,0.0,-0.0025291101639245564,-0.002192674381407558,-0.001797111087149935,-0.0016044248320042887,0.0,0.0,0.0,-0.0015050479961343627,-0.0015050479961343627,0.0,-0.003034807326989044,-0.0030250014160526605,-0.0016888576627686587,-0.0016197496222775656,0.0,0.0,-0.0015050479961343627,7.35452998488395e-05,0.001435510029333674,-0.0015501805530699394,-0.0015501805530699394,0.0,0.0,-0.0015050479961343627,-0.001532704013887948,0.0007545276645912568,-0.0015501805530699394,0.0
2025-06-30,0.0,0.0,0.00641768697912924,0.00641768697912924,0.0,0.0022382344906283335,0.0025372075244010223,0.005584191486680781,0.005875819267247828,0.0,0.006796237071709423,0.0068139684183416835,0.00686708227917144,0.0068915723696460025,0.0,0.002031215915499292,0.002313697054625276,0.006354097912747628,0.006831446114230021,0.0,0.0,0.0,0.00641768697912924,0.00641768697912924,0.0,0.0022382344906283335,0.0025372075244010223,0.005584191486680781,0.005875819267247828,0.0,0.0,0.00641768697912924,0.00641768697912924,0.00641768697912924,0.006000584060180971,0.006000584060180971,0.0,0.0,0.00641768697912924,0.006879327324408721,0.00641768697912924,0.006000584060180971,0.0
2025-07-01,0.0,0.0,-7.457143930851796e-05,-3.8108905456565054e-05,0.0,-0.0015873521595036182,-0.0015702663639478496,5.724510466415488e-05,7.598204567200469e-05,0.0,-0.001732062679862621,-0.001732062679862621,-0.0001455389680434168,-0.00011231247948214972,0.0,-0.0009357942815439225,-0.0008563660305138661,5.3702063209865275e-05,0.0003101037908134366,0.0,0.0,0.0,-7.457143930851796e-05,-3.8108905456565054e-05,0.0,-0.0015873521595036182,-0.0015702663639478496,5.724510466415488e-05,7.598204567200469e-05,0.0,0.0,-7.457143930851804e-05,-3.8108905456565054e-05,-3.8108905456565054e-05,-0.00023840930550631794,-0.00023840930550631794,0.0,0.0,-5.634017238254151e-05,-0.00012892572376278324,-3.8108905456565054e-05,-0.00023840930550631794,0.0
2025-07-02,0.0,0.0,-0.0010812419269443745,-0.0010727026861591577,0.0,0.006769375049725232,0.0067911138692314564,0.000891906608036696,0.0011659140376318988,0.0,0.009985353114667278,0.009985353114667278,-0.0011085970165850092,-0.0011085970165850092,0.0,0.0075931558077152765,0.007625599904142142,0.00035981704534079943,0.0004004435598226134,0.0,0.0,0.0,-0.0010812419269443745,-0.0010727026861591577,0.0,0.006769375049725232,0.0067911138692314564,0.000891906608036696,0.0011659140376318988,0.0,0.0,-0.0010812419269443747,-0.0010326385629355732,-0.0010326385629355732,-0.0008881112191941027,-0.0008881112191941027,0.0,0.0,-0.0010769723065517662,-0.0011085970165850092,-0.0010326385629355732,-0.0008881112191941027,0.0
2025-07-03,0.0,0.0,-0.00427187288285345,-0.002803191440586024,0.0,-0.002130783461351785,0.00037172701267996567,-0.004412021094813203,-0.0028939471218747195,0.0,-0.005156331907339977,-0.005156331907339977,-0.004367801728960735,-0.0029052285978708073,0.0,-0.0027073478762702405,0.00020048316584632842,-0.004674048282948216,-0.003110799102327733,0.0,0.0,0.0,-0.00427187288285345,-0.002803191440586024,0.0,-0.002130783461351785,0.00037172701267996567,-0.004412021094813203,-0.0028939471218747195,0.0,0.0,-0.00427187288285345,-0.002617065403138499,-0.002617065403138499,-0.002194325545748106,-0.002194325545748106,0.0,0.0,-0.003537532161719737,-0.0036365151634157713,-0.002617065403138499,-0.002194325545748106,0.0
2025-07-04,0.0,0.0,0.00039240225891290845,0.00039240225891290845,0.0,0.0022038904422817668,0.0036599927498775562,0.00026017654701152607,0.0005938235514000036,0.0,-0.0005011216949575144,-0.00037404094913194244,-7.506753170049207e-05,0.00039117472206246276,0.0,-0.002484419951416653,-0.0013194451543358378,5.5740257576610355e-05,0.0002793946703335885,0.0,0.0,0.0,0.00039240225891290845,0.00039240225891290845,0.0,0.0022038904422817668,0.0036599927498775562,0.00026017654701152607,0.0005938235514000036,0.0,0.0,0.0003924022589129083,-0.0018142617475248853,-0.00039000454160574945,-0.0004584304971217184,-0.0004584304971217184,0.0,0.0,0.00039240225891290845,0.00015805359518098535,-0.0011021331445653173,-0.0004584304971217184,0.0
2025-07-07,0.0,0.0,0.008738371867542241,0.008738371867542241,0.0,0.003583663274298399,0.003928510398493093,0.008953390279944152,0.009095315557408529,0.0,-0.004485284438365845,-0.004446194844384601,0.00501618768204066,0.005629564077261493,0.0,-0.0014686147139641947,-0.0008560214906954185,0.008435044941362074,0.008692062495661953,0.0,0.0,0.0,0.008738371867542241,0.008738371867542241,0.0,0.003583663274298399,0.003928510398493093,0.008953390279944152,0.009095315557408529,0.0,0.0,0.008738371867542243,0.008738371867542241,0.008738371867542241,-0.0075718701228641196,-0.0075718701228641196,0.0,0.0,0.008738371867542241,0.005322875879651076,0.008738371867542241,-0.0075718701228641196,0.0
2025-07-08,0.0,0.0,-0.0018628666821707965,-0.0018628666821707965,0.0,-0.0018075820106315521,-0.0017069669393771146,-0.0021170846283889125,-0.0020969663377324184,0.0,0.003026255807810196,0.003026255807810196,0.00027800225457252524,0.0009126701239181936,0.0,0.00346562967806968,0.0036531935634890505,-0.00063193892770612,-0.00045473954112927747,0.0,0.0,0.0,-0.0018628666821707965,-0.0018628666821707965,0.0,-0.0018075820106315521,-0.0017069669393771146,-0.0021170846283889125,-0.0020969663377324184,0.0,0.0,-0.0018628666821707968,-0.0018628666821707965,-0.0018628666821707965,0.001556547905795016,0.001556547905795016,0.0,0.0,-0.0018628666821707965,0.0005953361892453594,-0.0018628666821707965,0.001556547905795016,0.0
2025-07-09,0.0,0.0,0.0003068215254109075,0.0003226895794245976,0.0,0.0001976343521412484,0.0003721809400376256,0.00033742736911842154,0.0003660192809667092,0.0,0.0001495794159354677,0.0005385521077689312,7.48412477551716e-06,0.0003775447393939064,0.0,0.0002887092686208665,0.0012820293814075913,0.0002739344926184439,0.0005441140709746158,0.0,0.0,0.0,0.0003068215254109075,0.0003226895794245976,0.0,0.0001976343521412484,0.0003721809400376256,0.00033742736911842154,0.0003660192809667092,0.0,0.0,0.0003068215254109077,0.0003226895794245976,0.0003226895794245976,-0.000489268559648171,-0.000489268559648171,0.0,0.0,0.00031475555241775255,0.00019251443208471178,0.0003226895794245976,-0.000489268559648171,0.0
2025-07-10,0.0,0.0,-0.0019869234385787794,-0.0019790928367552107,0.0,-0.0035892143282701557,-0.0034889134922267123,-0.0023593219212475055,-0.0023593219212475055,0.0,0.005419487737864697,0.00545640355665947,-0.0030954425063542254,-0.0014519627117723598,0.0,0.0061176769875126965,0.006958521647030287,-0.002239164757678,-0.0013595744791095234,0.0,0.0,0.0,-0.0019869234385787794,-0.0019790928367552107,0.0,-0.0035892143282701557,-0.0034889134922267123,-0.0023593219212475055,-0.0023593219212475055,0.0,0.0,-0.003408157098002511,-0.0019623733094382453,-0.0019623733094382453,0.0017294337158863975,0.0017294337158863975,0.0,0.0,-0.001983008137666995,-0.0022737026090632927,-0.0019623733094382453,0.0017294337158863975,0.0
2025-07-11,0.0,0.0,0.005598434763083487,0.005607864677458531,0.0,-0.004527446611302034,-0.0019455233391868776,0.005065137644065648,0.005685577652330711,0.0,-0.00132272406602539,-0.00132272406602539,-0.004595110918633009,-0.0029582311783548573,0.0,-0.003480858087206607,-0.001397030977401949,0.002165523896938277,0.0030355113764464056,0.0,0.0,0.0,0.005598434763083487,0.005607864677458531,0.0,-0.004527446611302034,-0.0019455233391868776,0.005065137644065648,0.005685577652330711,0.0,0.0,-0.005705095071934695,0.0053559542808989564,0.0053878507219907446,-0.004827985310679416,-0.004827985310679416,0.0,0.0,0.0056031497202710095,-0.0037766710484939334,0.0053719025014448505,-0.004827985310679416,0.0
2025-07-14,0.0,0.0,0.00453711543409201,0.004558078255378597,0.0,0.0036787400049261374,0.003862179153458512,0.004430593826549114,0.005848336168237613,0.0,0.0004991016804062327,0.0004991016804062327,0.004558433247443384,0.004583696477713964,0.0,0.0026959747243066813,0.003241936067243264,0.005002353308571597,0.005193639871210363,0.0,0.0,0.0,0.00453711543409201,0.004558078255378597,0.0,0.0036787400049261374,0.003862179153458512,0.004430593826549114,0.005848336168237613,0.0,0.0,-0.00459558748943311,0.004558078255378597,0.004558078255378597,-0.003914169178435467,-0.0037501986926605176,0.0,0.0,0.0045475968447353035,0.004571064862578674,0.004558078255378597,-0.0038321839355479927,0.0
2025-07-15,0.0,0.0,0.007803623555085428,0.007803623555085428,0.0,-0.004260842753740137,-0.0014462299346638895,-0.00897666975528583,-0.0074458296851393595,0.0,-0.0007625468986076785,-0.0007625468986076785,0.00757939705553712,0.007612948426639125,0.0,1.6837546230105e-05,0.002254545882259233,0.007640639520070295,0.007948565904205864,0.0,0.0,0.0,0.007803623555085428,0.007803623555085428,0.0,-0.004260842753740137,-0.0014462299346638895,-0.00897666975528583,-0.0074458296851393595,0.0,0.0,-0.009141128901287442,0.0075370305933217755,0.0075370305933217755,-0.007605088884267338,-0.007605088884267338,0.0,0.0,0.007803623555085428,0.007596172741088122,0.0075370305933217755,-0.007605088884267338,0.0
2025-07-16,0.0,0.0,-0.00380512946847978,-0.00380512946847978,0.0,-0.0034231931170429623,-0.0010815466621056573,-0.0042218323134856125,-0.0039105115677985835,0.0,-0.0015285145009747347,-0.0015285145009747347,-0.003907084879524401,-0.003907084879524401,0.0,-0.006459071292550159,-0.0042408948950590376,-0.004229832231504303,-0.004121389258387401,0.0,0.0,0.0,-0.00380512946847978,-0.00380512946847978,0.0,-0.0034231931170429623,-0.0010815466621056573,-0.0042218323134856125,-0.0039105115677985835,0.0,0.0,-0.0038200461897943093,-0.003725076270666762,-0.003725076270666762,0.003662126510137635,0.003662126510137635,0.0,0.0,-0.00380512946847978,-0.003907084879524401,-0.003725076270666762,0.003662126510137635,0.0
2025-07-17,0.0,0.0,0.00620626596764438,0.00620626596764438,0.0,-0.005314471063861284,-0.0035203812228363444,0.005412542485041659,0.0057204897759135405,0.0,-0.002891140140698747,-0.002891140140698747,0.006192128838101921,0.006192128838101921,0.0,-0.005431662231079071,-0.002868215529027313,0.0062096259825653,0.006243091688073145,0.0,0.0,0.0,0.00620626596764438,0.00620626596764438,0.0,-0.005314471063861284,-0.0035203812228363444,0.005412542485041659,0.0057204897759135405,0.0,0.0,0.004902881854521481,0.006056710631668399,0.006056710631668399,-0.006048794120014943,-0.006048794120014943,0.0,0.0,0.00620626596764438,0.006192128838101921,0.006056710631668399,-0.006048794120014943,0.0
2025-07-18,0.0,0.0,-0.004914255384488232,-0.004892861216923667,0.0,-0.0008183484469224831,-0.000562149994727236,-0.005165926115299905,-0.0050367003263201695,0.0,0.0032339221915279564,0.003471852964640949,-0.004790641056553824,-0.004743246256195228,0.0,-0.0006406841896615622,-4.3154437377571336e-05,-0.005005004042864216,-0.00493184691696617,0.0,0.0,0.0,-0.004914255384488232,-0.004892861216923667,0.0,-0.0008183484469224831,-0.000562149994727236,-0.005165926115299905,-0.0050367003263201695,0.0,0.0,0.0048465602323308175,-0.0046997703125603455,-0.004693268887878255,0.004811410507198351,0.004811410507198351,0.0,0.0,-0.004903558300705949,-0.004766943656374526,-0.0046965196002193,0.004811410507198351,0.0
2025-07-21,0.0,0.0,-0.007023567637105074,-0.007019120651109833,0.0,0.00526748003840558,0.005822192377679479,-0.005715939880004333,-0.005550901366054265,0.0,0.00018019245373286684,0.0007407573072668173,-0.008864775377411678,-0.007479695179941035,0.0,-0.0016877463454320883,-2.8867979986720374e-05,-0.008329661229285076,-0.0069586948922908615,0.0,0.0,0.0,-0.007023567637105074,-0.007019120651109833,0.0,0.00526748003840558,0.005822192377679479,-0.005715939880004333,-0.005550901366054265,0.0,0.0,0.007056292967753486,-0.007019120651109833,-0.007019120651109833,0.006804397060318903,0.006804397060318903,0.0,0.0,-0.007021344144107453,-0.008172235278676356,-0.007019120651109833,0.006804397060318903,0.0
2025-07-22,0.0,0.0,-0.00822585975047566,-0.00822585975047566,0.0,-0.003165031743372495,-0.003165031743372495,-0.008439225548057129,-0.008431548912857093,0.0,0.001292373165594603,0.001292373165594603,0.008372239097195188,0.008757606551674967,0.0,-0.0053076759520724786,-0.004309529466677599,0.007768593941117527,0.008019612381551947,0.0,0.0,0.0,-0.00822585975047566,-0.00822585975047566,0.0,-0.003165031743372495,-0.003165031743372495,-0.008439225548057129,-0.008431548912857093,0.0,0.0,0.008301583830777906,-0.008153386905853877,-0.008153386905853877,0.008057345941112345,0.008057345941112345,0.0,0.0,-0.00822585975047566,0.008564922824435077,-0.008153386905853877,0.008057345941112345,0.0
2025-07-23,0.0,0.0,-0.0028774004968264376,-0.0028774004968264376,0.0,0.003679803290424333,0.003959340474864508,-0.001659448638558699,-0.0015072471094347353,0.0,-0.002200148039615449,-0.002200148039615449,-8.807840316964167e-05,0.001468910524811784,0.0,-0.0016097074234935349,-0.0007303365941093243,0.0015940014785944202,0.002930576599159397,0.0,0.0,0.0,-0.0028774004968264376,-0.0028774004968264376,0.0,0.003679803290424333,0.003959340474864508,-0.001659448638558699,-0.0015072471094347353,0.0,0.0,0.002820961446393641,-0.002783988398368796,-0.002783988398368796,0.002675101538454978,0.002675101538454978,0.0,0.0,-0.0028774004968264376,0.0006904160608210712,-0.002783988398368796,0.002675101538454978,0.0
2025-07-24,0.0,0.0,0.0050811968252151675,0.0050811968252151675,0.0,-0.0038730623917251046,-0.0013606989350568594,0.0036547971828236247,0.004758761314075185,0.0,0.0023952719855208264,0.0023952719855208264,0.005200677095581644,0.005200677095581644,0.0,0.0025138096264674687,0.0038816742953124914,0.0051207482655929865,0.00519680598614793,0.0,0.0,0.0,0.0050811968252151675,0.0050811968252151675,0.0,-0.0038730623917251046,-0.0013606989350568594,0.0036547971828236247,0.004758761314075185,0.0,0.0,-0.005102448273429071,0.005044396417338869,0.005044396417338869,-0.004898053157267331,-0.004898053157267331,0.0,0.0,0.0050811968252151675,0.005200677095581644,0.005044396417338869,-0.004898053157267331,0.0
2025-07-25,0.0,0.0,0.004663067414402882,0.004674501703864765,0.0,-0.0030384195356550846,-0.0028440056917280413,0.0014474406352077075,0.002614709833846777,0.0,0.0015515456976352283,0.0015515456976352283,0.004775030659913184,0.004775030659913184,0.0,-0.0004164810309329437,-1.1449148370592523e-05,0.004284230688238317,0.004546349938532114,0.0,0.0,0.0,0.004663067414402882,0.004674501703864765,0.0,-0.0030384195356550846,-0.0028440056917280413,0.0014474406352077075,0.002614709833846777,0.0,0.0,-0.00470583137275227,0.004632776742314707,0.004648237034401076,-0.004543296733321682,-0.004543296733321682,0.0,0.0,0.004668784559133823,0.004775030659913184,0.0046405068883578916,-0.004543296733321682,0.0
2025-07-28,0.0,0.0,0.0105632406920396,0.010569206249653301,0.0,0.0035307993559157325,0.0038277403915902893,-0.006518798591870685,-0.006348264631209582,0.0,0.008149073896514472,0.008208334175531217,0.010829380714729194,0.010851902587198144,0.0,0.006598661278053095,0.007340711201488338,0.011773636865057866,0.012081296741158157,0.0,0.0,0.0,0.0105632406920396,0.010569206249653301,0.0,0.0035307993559157325,0.0038277403915902893,-0.006518798591870685,-0.006348264631209582,0.0,0.0,-0.010420416318504683,0.010569206249653301,0.010569206249653301,-0.009976476666327026,-0.009976476666327026,0.0,0.0,0.01056622347084645,0.010840641650963668,0.010569206249653301,-0.009976476666327026,0.0
2025-07-29,0.0,0.0,0.0030583024610771996,0.003079025895482336,0.0,0.00020899335619577978,0.00023016376169648933,-0.002440859379553763,-0.002340369491449752,0.0,9.522261619918982e-05,9.522261619918982e-05,0.002681517719112552,0.00312583706998528,0.0,0.0013166990848318932,0.0013912585055973127,0.0021519697165143198,0.0033363945307001825,0.0,0.0,0.0,0.0030583024610771996,0.003079025895482336,0.0,0.00020899335619577978,0.00023016376169648933,-0.002440859379553763,-0.002340369491449752,0.0,0.0,-0.0030303019884323048,0.0031918227845827733,0.0031918227845827733,-0.0030127587618866717,-0.0030127587618866717,0.0,0.0,0.0030686641782797677,0.002903677394548916,0.0031918227845827733,-0.0030127587618866717,0.0
2025-07-30,0.0,0.0,0.013086075301260386,0.014407602465987596,0.0,0.002556917149797122,0.0027919089534753855,-0.011674223550352004,-0.011314657570828819,0.0,0.004385412490026539,0.004385412490026539,0.011757042821902378,0.012012528566998647,0.0,0.005911744392879194,0.006094787013487481,-0.010648869452537573,-0.009905525579068547,0.0,0.0,0.0,0.013086075301260386,0.014407602465987596,0.0,0.002556917149797122,0.0027919089534753855,-0.011674223550352004,-0.011314657570828819,0.0,0.0,-0.013959394475382188,0.014387366463437103,0.014387366463437103,-0.013833034255602375,-0.013833034255602375,0.0,0.0,0.01374683888362399,0.011884785694450513,0.014387366463437103,-0.013833034255602375,0.0
2025-07-31,0.0,0.0,-0.0033354571038288344,-0.0020659255053541103,0.0,-0.00326884258010896,-0.002289067056210927,-0.003564355433379655,-0.00235598371869159,0.0,-0.0004023566889864068,-0.0004023566889864068,0.0017190643460647673,0.0019795537708726424,0.0,-0.002732854878066058,-0.001999815161180168,-0.0033092510900500868,-0.0020801133240678396,0.0,0.0,0.0,-0.0033354571038288344,-0.0020659255053541103,0.0,-0.00326884258010896,-0.002289067056210927,-0.003564355433379655,-0.00235598371869159,0.0,0.0,-0.0032780306578416,0.0018956225234047378,0.0018956225234047378,-0.0018964363548917634,-0.0018964363548917634,0.0,0.0,-0.002700691304591472,0.0018493090584687049,0.0018956225234047378,-0.0018964363548917634,0.0
2025-08-01,0.0,0.0,-0.014600534018441282,-0.013371949326251123,0.0,0.00763946626729287,0.007787687286447229,-0.013988659064537619,-0.012750797141915456,0.0,-0.002816866423753737,-0.002763964611903705,-0.013627883207190373,-0.013372147249973014,0.0,0.0016127673046262307,0.0018372950460545188,-0.014365778556036697,-0.013146625607933825,0.0,0.0,0.0,-0.014600534018441282,-0.013371949326251123,0.0,0.00763946626729287,0.007787687286447229,-0.013988659064537619,-0.012750797141915456,0.0,0.0,-0.01460053401844128,-0.01551343993384021,-0.01424994043108267,0.013727977168098333,0.013727977168098333,0.0,0.0,-0.013986241672346203,-0.013500015228581694,-0.014881690182461441,0.013727977168098333,0.0
2025-08-04,0.0,0.0,-0.0012863783361375988,-0.0012863783361375988,0.0,-0.0007893983128968557,-0.0004095956754542275,-0.0015328983305111226,-0.001424640690109418,0.0,-0.0011385641404123201,-0.0011385641404123201,0.000736945982475193,0.0009743899744349803,0.0,-0.00103091320701394,-0.0006460160110776385,-0.002588695844770452,-0.0016349151456596575,0.0,0.0,0.0,-0.0012863783361375988,-0.0012863783361375988,0.0,-0.0007893983128968557,-0.0004095956754542275,-0.0015328983305111226,-0.001424640690109418,0.0,0.0,-0.0012863783361375988,-0.0012863783361375988,-0.0012863783361375988,-0.00136251720013538,-0.00136251720013538,0.0,0.0,-0.0012863783361375988,0.0008556679784550867,-0.0012863783361375988,-0.00136251720013538,0.0
2025-08-05,0.0,0.0,0.0001431624322369826,0.0001431624322369826,0.0,-0.00042943062976768083,-0.00042943062976768083,5.9560192860148654e-05,5.9560192860148654e-05,0.0,-0.0013105250948087577,-0.0013105250948087577,-0.0002827962440828119,-0.00016847141113211417,0.0,-0.0007235291949879306,-0.0006068192191776344,-0.0016421316834462638,-0.0006166485774675548,0.0,0.0,0.0,0.0001431624322369826,0.0001431624322369826,0.0,-0.00042943062976768083,-0.00042943062976768083,5.9560192860148654e-05,5.9560192860148654e-05,0.0,0.0,0.0001431624322369826,0.0001431624322369826,0.0001431624322369826,6.9470063533396e-05,6.9470063533396e-05,0.0,0.0,0.0001431624322369826,-0.00022563382760746302,0.0001431624322369826,6.9470063533396e-05,0.0
2025-08-06,0.0,0.0,0.005723225193704821,0.005723225193704821,0.0,-0.0024344481636442653,-0.002321656883489559,0.00531043474278056,0.005335295114364214,0.0,-0.003019117321354169,-0.003019117321354169,-0.007481302476751973,-0.006234189104747082,0.0,-0.002298291513422624,-0.002298291513422624,0.004567261686670036,0.004660404979442257,0.0,0.0,0.0,0.005723225193704821,0.005723225193704821,0.0,-0.0024344481636442653,-0.002321656883489559,0.00531043474278056,0.005335295114364214,0.0,0.0,0.005723225193704821,0.005723225193704821,0.005723225193704821,0.006264898321138641,0.006264898321138641,0.0,0.0,0.005723225193704821,-0.006857745790749528,0.005723225193704821,0.006264898321138641,0.0
2025-08-07,0.0,0.0,0.0024061988483347445,0.0024061988483347445,0.0,-0.009428135031590764,-0.006868922590586657,0.000839409298937357,0.0013031130657802411,0.0,-0.005040273433139491,-0.005040273433139491,0.002142708373041876,0.002161073330191468,0.0,-0.009150287897753052,-0.006803863241541,0.000485296071504253,0.0009280600565874685,0.0,0.0,0.0,0.0024061988483347445,0.0024061988483347445,0.0,-0.009428135031590764,-0.006868922590586657,0.000839409298937357,0.0013031130657802411,0.0,0.0,0.002406198848334744,0.0024061988483347445,0.0024061988483347445,0.002373290975125418,0.002373290975125418,0.0,0.0,0.0024061988483347445,0.0021518908516166718,0.0024061988483347445,0.002373290975125418,0.0
2025-08-08,0.0,0.0,-0.002212204786933983,-0.0022064134512573995,0.0,0.0025590965589035175,0.002730077187160293,-0.0029717235633312787,-0.0017822125282716487,0.0,-0.0020182043486209563,-0.0020182043486209563,-0.0036772264655353924,-0.0024077187734420375,0.0,0.0015443347195835421,0.0020230441754704276,-0.0032844154335940315,-0.0020518295456089337,0.0,0.0,0.0,-0.002212204786933983,-0.0022064134512573995,0.0,0.0025590965589035175,0.002730077187160293,-0.0029717235633312787,-0.0017822125282716487,0.0,0.0,-0.002212204786933983,-0.002212204786933983,-0.0022064134512573995,-0.002498116430168614,-0.002498116430168614,0.0,0.0,-0.0022093091190956912,-0.0030424726194887147,-0.0022093091190956912,-0.002498116430168614,0.0
2025-08-11,0.0,0.0,-0.0027633792278940836,-0.0027571302856441624,0.0,-0.002524425454859954,-0.0020349688536511028,-0.0045659332806175235,-0.0037254858675376625,0.0,-0.0019734548418113354,-0.00014615381560690232,0.0028187773054490143,0.0029161388935423195,0.0,-0.002067217500571378,-0.0015482272106541108,0.00034490393220352143,0.0011208522733146247,0.0,0.0,0.0,-0.0027633792278940836,-0.0027571302856441624,0.0,-0.002524425454859954,-0.0020349688536511028,-0.0045659332806175235,-0.0037254858675376625,0.0,0.0,-0.0027633792278940836,-0.0027571302856441624,-0.0027571302856441624,-0.002940636247075311,-0.0028730277982674203,0.0,0.0,-0.0027602547567691232,0.002867458099495667,-0.0027571302856441624,-0.0029068320226713655,0.0
2025-08-12,0.0,0.0,0.004674641782831398,0.004674641782831398,0.0,0.0027630033505604765,0.0027630033505604765,0.0018190288526133132,0.0021892141414162278,0.0,-0.0009953069987653793,-0.0009953069987653793,-0.0049258536472419154,-0.0049258536472419154,0.0,0.0022830150735310634,0.0023389832744998267,-0.004342442685494612,-0.004342442685494612,0.0,0.0,0.0,0.004674641782831398,0.004674641782831398,0.0,0.0027630033505604765,0.0027630033505604765,0.0018190288526133132,0.0021892141414162278,0.0,0.0,0.004674641782831398,0.004618419139067409,0.004618419139067409,0.004786122107844151,0.004786122107844151,0.0,0.0,0.004674641782831398,-0.0049258536472419154,0.004618419139067409,0.004786122107844151,0.0
2025-08-13,0.0,0.0,0.0035556076503015775,0.003562932570849195,0.0,0.0021244168710991664,0.0021244168710991664,0.003544123990210533,0.003857827007004924,0.0,-0.002724894797849656,-0.002724894797849656,-0.003892319976295915,-0.003882213565668794,0.0,0.0013477064150969366,0.0014292556246177038,-0.003268628931222447,-0.003252193108987837,0.0,0.0,0.0,0.0035556076503015775,0.003562932570849195,0.0,0.0021244168710991664,0.0021244168710991664,0.003544123990210533,0.003857827007004924,0.0,0.0,0.0035556076503015766,0.0034985093222590024,0.0034985093222590024,0.0035815596519438823,0.0035815596519438823,0.0,0.0,0.0035592701105753863,-0.0038872667709823547,0.0034985093222590024,0.0035815596519438823,0.0
2025-08-14,0.0,0.0,-0.00831429434447177,-0.007065599917415736,0.0,-0.0025557520107030813,-0.002529787002367226,-0.009664410420625654,-0.008535326287563138,0.0,0.003529913610173433,0.0035492052436876713,0.007138860931615677,0.007148611084111168,0.0,-0.001909421917846987,-0.0016761385267790013,0.005775465771002445,0.005942829079065037,0.0,0.0,0.0,-0.00831429434447177,-0.007065599917415736,0.0,-0.0025557520107030813,-0.002529787002367226,-0.009664410420625654,-0.008535326287563138,0.0,0.0,-0.007073136623052813,-0.006718590449503712,-0.006718590449503712,-0.006940075402179865,-0.006940075402179865,0.0,0.0,-0.007689947130943753,0.007143736007863422,-0.006718590449503712,-0.006940075402179865,0.0
2025-08-15,0.0,0.0,-0.0024168918152955537,-0.0024168918152955537,0.0,0.0011743337991958222,0.001240877312735141,-0.0018835746606358297,-0.0018459263474099354,0.0,0.002404254284980564,0.00245600225922932,-0.002372303368274065,-0.0023695065342729227,0.0,0.002606438715242262,0.0027549058063108677,-0.002326262354382791,-0.0022864068989296563,0.0,0.0,0.0,-0.0024168918152955537,-0.0024168918152955537,0.0,0.0011743337991958222,0.001240877312735141,-0.0018835746606358297,-0.0018459263474099354,0.0,0.0,0.002322498563452077,0.0009698810529813371,0.0022059679408730003,0.0023045394128755627,0.0023045394128755627,0.0,0.0,-0.0024168918152955537,-0.0023709049512734936,0.0015879244969271688,0.0023045394128755627,0.0
2025-08-18,0.0,0.0,0.002151285501736617,0.002151285501736617,0.0,-0.002377627255701827,-0.002377627255701827,0.001164753925192376,0.0012778953074429886,0.0,-0.0033856381676541543,-0.0014783094026212774,0.0020573145926436913,0.0020853766194920266,0.0,-0.0033884819683512014,-0.00297407190963865,0.0019509065348617266,0.002003372141160954,0.0,0.0,0.0,0.002151285501736617,0.002151285501736617,0.0,-0.002377627255701827,-0.002377627255701827,0.001164753925192376,0.0012778953074429886,0.0,0.0,-0.002143857829112775,0.002151285501736617,0.002151285501736617,-0.0020515926758553336,-0.0020515926758553336,0.0,0.0,0.002151285501736617,0.002071345606067859,0.002151285501736617,-0.0020515926758553336,0.0
2025-08-19,0.0,0.0,0.005127227239390854,0.005127227239390854,0.0,0.002303089736831111,0.002303089736831111,0.004926836684847415,0.005031022011913215,0.0,-0.007598699491125778,-0.005691974683649294,0.005344085263902412,0.0053523092006768705,0.0,0.00159905076426845,0.0019289663815668112,0.0051858968962246454,0.005230254285327261,0.0,0.0,0.0,0.005127227239390854,0.005127227239390854,0.0,0.002303089736831111,0.002303089736831111,0.004926836684847415,0.005031022011913215,0.0,0.0,-0.005128993805422362,0.005127227239390854,0.005127227239390854,-0.004971765033963047,-0.004971765033963047,0.0,0.0,0.005127227239390854,0.005348197232289641,0.005127227239390854,-0.004971765033963047,0.0
2025-08-20,0.0,0.0,0.0014014292345962168,0.0014144203291938612,0.0,-0.007376987137301925,-0.007370473277616931,-0.0005822037201561824,-0.0005358685249245975,0.0,0.002592851165182796,0.00261130943347932,0.0014086864239408082,0.001418346510447763,0.0,-0.006665430634962368,-0.006368594787056901,0.00095218652314927,0.0009699891135076744,0.0,0.0,0.0,0.0014014292345962168,0.0014144203291938612,0.0,-0.007376987137301925,-0.007370473277616931,-0.0005822037201561824,-0.0005358685249245975,0.0,0.0,-0.0015327722785991537,0.0014144203291938612,0.0014144203291938612,-0.0014960938601276802,-0.0014960938601276802,0.0,0.0,0.001407924781895039,0.0014135164671942857,0.0014144203291938612,-0.0014960938601276802,0.0
2025-08-21,0.0,0.0,0.004170621933564812,0.004170621933564812,0.0,-0.0019707636367570364,0.00039058551344333054,0.0038266363018996017,0.004325054234206408,0.0,0.000604562140907949,0.000604562140907949,0.004380635748953692,0.004380635748953692,0.0,-0.002099220418378581,-1.3297707680311194e-05,0.004230247330434496,0.004378590977222791,0.0,0.0,0.0,0.004170621933564812,0.004170621933564812,0.0,-0.0019707636367570364,0.00039058551344333054,0.0038266363018996017,0.004325054234206408,0.0,0.0,-0.005356391834311823,0.004137043174464368,0.004137043174464368,-0.003937589215232735,-0.003937589215232735,0.0,0.0,0.004170621933564812,0.004380635748953692,0.004137043174464368,-0.003937589215232735,0.0
2025-08-22,0.0,0.0,-0.014901414148448144,-0.013688373605117689,0.0,0.0010021961714863407,0.0010021961714863407,-0.015352836931577168,-0.014139442293129871,0.0,-0.006317260207833014,-0.006317260207833014,-0.01408613436334368,-0.014077992772224287,0.0,0.0004104112133744898,0.0004104112133744898,-0.01456179363542238,-0.014373348956306323,0.0,0.0,0.0,-0.014901414148448144,-0.013688373605117689,0.0,0.0010021961714863407,0.0010021961714863407,-0.015352836931577168,-0.014139442293129871,0.0,0.0,-0.015620072569117297,-0.014754890522862127,-0.01355477499805991,0.013083236442647434,0.013083236442647434,0.0,0.0,-0.014294893876782917,-0.014082063567783984,-0.014154832760461018,0.013083236442647434,0.0
2025-08-25,0.0,0.0,-0.007331264385546198,-0.007331264385546198,0.0,4.612391606180106e-05,5.4058181032392476e-05,-0.0072738712356829925,-0.007178819928066075,0.0,-0.0026496804224666512,-0.0008884332604458835,0.006802929498448413,0.007022313237643982,0.0,-0.0023923977470592535,-0.001740698612375486,0.006711035309474645,0.006942117502660418,0.0,0.0,0.0,-0.007331264385546198,-0.007331264385546198,0.0,4.612391606180106e-05,5.4058181032392476e-05,-0.0072738712356829925,-0.007178819928066075,0.0,0.0,-0.007331264385546197,-0.007331264385546198,-0.007331264385546198,-0.0070493817718347805,-0.0070493817718347805,0.0,0.0,-0.007331264385546198,0.0069126213680461976,-0.007331264385546198,-0.0070493817718347805,0.0
2025-08-26,0.0,0.0,0.002848437768314809,0.002848437768314809,0.0,-0.00015288186111386685,-0.00015288186111386685,0.0025805914931063714,0.0026031435908339786,0.0,0.0004052212034625827,0.00040886642789377014,-0.0028610485120326725,-0.0028355443765979167,0.0,-0.00017361625853057317,-0.00012617514937469118,-0.002661827731909756,-0.0025690819272511083,0.0,0.0,0.0,0.002848437768314809,0.002848437768314809,0.0,-0.00015288186111386685,-0.00015288186111386685,0.0025805914931063714,0.0026031435908339786,0.0,0.0,0.002848437768314809,0.002848437768314809,0.002848437768314809,0.0027489663607976112,0.0027489663607976112,0.0,0.0,0.002848437768314809,-0.002848296444315295,0.002848437768314809,0.0027489663607976112,0.0
2025-08-27,0.0,0.0,0.0026351177696812117,0.0026351177696812117,0.0,0.003285070341394328,0.00336056149413663,0.002817832009156323,0.0029212713912008972,0.0,0.0017258100095008493,0.0020549672233933615,-0.00235727238591102,-0.002324045220316328,0.0,0.002780041489807398,0.002963342849576357,-0.002204715148043204,-0.002084685058267568,0.0,0.0,0.0,0.0026351177696812117,0.0026351177696812117,0.0,0.003285070341394328,0.00336056149413663,0.002817832009156323,0.0029212713912008972,0.0,0.0,0.0026351177696812117,0.0026351177696812117,0.0026351177696812117,0.002594671004988068,0.002594671004988068,0.0,0.0,0.0026351177696812117,-0.002340658803113674,0.0026351177696812117,0.002594671004988068,0.0
2025-08-28,0.0,0.0,0.004418341120812155,0.004418341120812155,0.0,-6.734224924102405e-05,-6.734224924102405e-05,0.0038059111662387644,0.003863952620976373,0.0,0.003319217187173369,0.004409473028097725,-0.0036483366784235225,-0.003430029790039384,0.0,0.0024087614417843037,0.00317327052592015,-0.0031036018639010897,-0.0028359922133473743,0.0,0.0,0.0,0.004418341120812155,0.004418341120812155,0.0,-6.734224924102405e-05,-6.734224924102405e-05,0.0038059111662387644,0.003863952620976373,0.0,0.0,0.004418341120812154,0.004418341120812155,0.004418341120812155,0.004304221100254337,0.004304221100254337,0.0,0.0,0.004418341120812155,-0.0035391832342314532,0.004418341120812155,0.004304221100254337,0.0
2025-08-29,0.0,0.0,0.0008292696625192221,0.0008292696625192221,0.0,-6.946682875009569e-05,-6.946682875009569e-05,0.000653368121561775,0.0006902441187446144,0.0,-0.00010809163957638764,-0.00010809163957638764,-0.0008490820764389681,-0.0008452620602334628,0.0,-0.00010467446891238214,-8.051223256011714e-05,-0.0008842312963577429,-0.0008784615828656612,0.0,0.0,0.0,0.0008292696625192221,0.0008292696625192221,0.0,-6.946682875009569e-05,-6.946682875009569e-05,0.000653368121561775,0.0006902441187446144,0.0,0.0,0.0008292696625192221,0.0008292696625192221,0.0008292696625192221,0.0008393943159392545,0.0008393943159392545,0.0,0.0,0.0008292696625192221,-0.0008471720683362155,0.0008292696625192221,0.0008393943159392545,0.0
2025-09-01,0.0,0.0,0.0023368832130927315,0.00234015610154494,0.0,-0.0034340751488343623,-0.0033432817407329377,0.0017839581919956524,0.0017839581919956524,0.0,-0.002004897515201319,-0.0018316574284283336,-0.0025902587784830036,-0.0025860471488324353,0.0,-0.002841733225990135,-0.002563013885237537,-0.003167668515654446,-0.0030955750610085677,0.0,0.0,0.0,0.0023368832130927315,0.00234015610154494,0.0,-0.0034340751488343623,-0.0033432817407329377,0.0017839581919956524,0.0017839581919956524,0.0,0.0,0.0023368832130927315,0.00234015610154494,0.00234015610154494,0.002308706521229614,0.002308706521229614,0.0,0.0,0.0023385196573188355,-0.0025881529636577194,0.00234015610154494,0.002308706521229614,0.0
2025-09-02,0.0,0.0,-0.008735306301218318,-0.00872527940491316,0.0,0.003322778559768245,0.003338011092753823,-0.007737671636178319,-0.007700339683441859,0.0,0.006055510057546335,0.006463568427995658,0.009547954140582435,0.009566084043866977,0.0,0.007349755817774625,0.007749479293760534,0.010066515335230182,0.010134692418317673,0.0,0.0,0.0,-0.008735306301218318,-0.00872527940491316,0.0,0.003322778559768245,0.003338011092753823,-0.007737671636178319,-0.007700339683441859,0.0,0.0,-0.008735306301218318,-0.008646266939356776,-0.008646266939356776,-0.008367913728225703,-0.008367913728225703,0.0,0.0,-0.008730292853065738,0.009557019092224707,-0.008646266939356776,-0.008367913728225703,0.0
2025-09-03,0.0,0.0,0.0020050238162644357,0.00201723331294229,0.0,-0.004060803594076113,-0.004019527641272494,0.0005039778772337689,0.0007433948258924062,0.0,-0.002821769968893678,-0.002786080456390149,-0.0022712172594280973,-0.0022672710730918437,0.0,-0.0034651640952751955,-0.003400589441750557,-0.002562148747608418,-0.0025574985169026475,0.0,0.0,0.0,0.0020050238162644357,0.00201723331294229,0.0,-0.004060803594076113,-0.004019527641272494,0.0005039778772337689,0.0007433948258924062,0.0,0.0,0.0020050238162644357,0.002029485346295534,0.002029485346295534,0.001950196973163812,0.001950196973163812,0.0,0.0,0.002011128564603363,-0.0022692441662599708,0.002029485346295534,0.001950196973163812,0.0
2025-09-04,0.0,0.0,-0.004136804185618285,-0.004136804185618285,0.0,-0.001068622992170723,-0.0009931335352459146,-0.00424591883903274,-0.00424591883903274,0.0,0.0018031350096008923,0.001857820065130387,0.004348283541431062,0.004366360885576411,0.0,0.00028767075132744705,0.00032991417205806663,0.0042190135303012645,0.004307803828521876,0.0,0.0,0.0,-0.004136804185618285,-0.004136804185618285,0.0,-0.001068622992170723,-0.0009931335352459146,-0.00424591883903274,-0.00424591883903274,0.0,0.0,-0.004136804185618285,-0.003948147536983648,-0.003948147536983648,-0.003929542680927071,-0.003929542680927071,0.0,0.0,-0.004136804185618285,0.004357322213503737,-0.003948147536983648,-0.003929542680927071,0.0
2025-09-05,0.0,0.0,0.007278656974364962,0.007301282383466039,0.0,-0.0025964884495209817,-0.0025939788846379335,0.007141133093957449,0.007141133093957449,0.0,-0.0029259597653106873,-0.0025057598109964854,-0.008720668982430691,-0.007551594695084359,0.0,-0.0007798512660754581,-0.0005483543886353221,-0.009026672849498471,-0.00784041617225571,0.0,0.0,0.0,0.007278656974364962,0.007301282383466039,0.0,-0.0025964884495209817,-0.0025939788846379335,0.007141133093957449,0.007141133093957449,0.0,0.0,0.007278656974364962,0.006944042678705555,0.006992397920955872,0.00679669984246842,0.00679669984246842,0.0,0.0,0.0072899696789155005,-0.008136131838757525,0.006968220299830714,0.00679669984246842,0.0
2025-09-08,0.0,0.0,0.005995892746390438,0.005995892746390438,0.0,-0.001355326052225712,-0.0004937942636096635,0.00580915087537479,0.005836099844634552,0.0,0.002140181016834211,0.002558968205300113,0.004949042334381303,0.006133539998706649,0.0,0.0011642999857182246,0.001493469898892069,0.0047692622751080585,0.005955327051893752,0.0,0.0,0.0,0.005995892746390438,0.005995892746390438,0.0,-0.001355326052225712,-0.0004937942636096635,0.00580915087537479,0.005836099844634552,0.0,0.0,0.005995892746390439,0.005995892746390438,0.005995892746390438,0.005502510865701115,0.005550220900136713,0.0,0.0,0.005995892746390438,0.005541291166543976,0.005995892746390438,0.005526365882918914,0.0
2025-09-09,0.0,0.0,-0.003946235594275268,-0.003946235594275268,0.0,-0.00107481969486001,-0.00026188660149565983,-0.0038917608868462316,-0.003858162998445096,0.0,-0.0025944266890015875,-0.0025944266890015875,0.002643241053208168,0.002699749789776113,0.0,-0.004102123981054292,-0.003871964251202323,0.001986079451709404,0.002735946953473997,0.0,0.0,0.0,-0.003946235594275268,-0.003946235594275268,0.0,-0.00107481969486001,-0.00026188660149565983,-0.0038917608868462316,-0.003858162998445096,0.0,0.0,-0.003946235594275268,-0.003946235594275268,-0.003946235594275268,-0.003914316524233459,-0.003914316524233459,0.0,0.0,-0.003946235594275268,0.0026714954214921405,-0.003946235594275268,-0.003914316524233459,0.0
2025-09-10,0.0,0.0,0.000501469983704604,0.000501469983704604,0.0,-0.0031869413366531194,-0.0031364905407327325,0.0003584994745449215,0.00038706010493594085,0.0,-0.0018381584264119844,-0.0018381584264119844,-0.0014382290997567672,-0.001365121843504664,0.0,-0.00302847422845364,-0.003007346844809007,-0.004666750369814459,-0.004081058139203283,0.0,0.0,0.0,0.000501469983704604,0.000501469983704604,0.0,-0.0031869413366531194,-0.0031364905407327325,0.0003584994745449215,0.00038706010493594085,0.0,0.0,0.0005014699837046039,0.000501469983704604,0.000501469983704604,0.0005414351637718249,0.0005414351637718249,0.0,0.0,0.000501469983704604,-0.0014016754716307156,0.000501469983704604,0.0005414351637718249,0.0
2025-09-11,0.0,0.0,0.006516095030425889,0.006517680227583773,0.0,-0.0006141997069641055,-0.00046689539507314303,0.006394231049895463,0.006515240912036853,0.0,-0.0032894183911448974,-0.0028341462936363943,-0.006966409789840528,-0.006912053235931344,0.0,-0.0009614529899193682,-0.0006536383892250926,-0.0069251089081541015,-0.006839580643508197,0.0,0.0,0.0,0.006516095030425889,0.006517680227583773,0.0,-0.0006141997069641055,-0.00046689539507314303,0.006394231049895463,0.006515240912036853,0.0,0.0,0.006516095030425889,0.006517680227583773,0.006517680227583773,0.006505363671920806,0.006505363671920806,0.0,0.0,0.006516887629004831,-0.0069392315128859365,0.006517680227583773,0.006505363671920806,0.0
2025-09-12,0.0,0.0,-0.002301406049953633,-0.0022960354946749573,0.0,0.00024926406526094494,0.00024926406526094494,-0.002224889258394225,-0.0020053030888654,0.0,0.001615086772034123,0.0027721326589346825,0.0024203763859086116,0.002564735242162987,0.0,0.0009814473688032747,0.0016417297753932377,0.0026276912579616513,0.002787417956367156,0.0,0.0,0.0,-0.002301406049953633,-0.0022960354946749573,0.0,0.00024926406526094494,0.00024926406526094494,-0.002224889258394225,-0.0020053030888654,0.0,0.0,-0.002301406049953633,-0.0022609427323114248,-0.002253986979874865,-0.0022467624904380177,-0.0022467624904380177,0.0,0.0,-0.002298720772314295,0.0024925558140357993,-0.002257464856093145,-0.0022467624904380177,0.0
2025-09-15,0.0,0.0,0.004575999087829064,0.00569583295966588,0.0,0.0026472656534526806,0.0026472656534526806,0.004121528854035304,0.005082907177329407,0.0,0.0015414574717048499,0.0016202355391249472,-0.005898365386550252,-0.0058747125295493035,0.0,0.0025741506708553794,0.0028008544689451316,-0.005407504069670536,-0.005362836155514184,0.0,0.0,0.0,0.004575999087829064,0.00569583295966588,0.0,0.0026472656534526806,0.0026472656534526806,0.004121528854035304,0.005082907177329407,0.0,0.0,0.00569583295966588,0.00569583295966588,0.00569583295966588,0.005482911889965722,0.005482911889965722,0.0,0.0,0.005135916023747472,-0.005886538958049778,0.00569583295966588,0.005482911889965722,0.0
2025-09-16,0.0,0.0,-0.008157462790324484,-0.008147756427996701,0.0,0.0024285038346330747,0.0024285038346330747,-0.006660720098354457,-0.0061140629448291905,0.0,0.007838004351633652,0.008086621009689198,-0.007454802130227033,-0.00743790136318619,0.0,0.0044643027586499205,0.004563378245192739,-0.007469086504611318,-0.007452656700569637,0.0,0.0,0.0,-0.008157462790324484,-0.008147756427996701,0.0,0.0024285038346330747,0.0024285038346330747,-0.006660720098354457,-0.0061140629448291905,0.0,0.0,0.008076945026041445,0.008100986260520129,0.008100986260520129,0.007784261156141391,0.007784261156141391,0.0,0.0,-0.008152609609160592,-0.007446351746706611,0.008100986260520129,0.007784261156141391,0.0
2025-09-17,0.0,0.0,0.006219531637636005,0.006219531637636005,0.0,-0.0007112432102573537,-0.0006912978272655516,0.0060690289380871485,0.006099423248533844,0.0,-0.005840371101228703,-0.005567985977291042,0.005843739826599985,0.005859826915709156,0.0,-0.002711253200243873,-0.0026438788071582262,0.0058259803506590544,0.005862140062716467,0.0,0.0,0.0,0.006219531637636005,0.006219531637636005,0.0,-0.0007112432102573537,-0.0006912978272655516,0.0060690289380871485,0.006099423248533844,0.0,0.0,-0.0073151268021541035,-0.0061944992227235965,-0.0061944992227235965,-0.006012119791219171,-0.006012119791219171,0.0,0.0,0.006219531637636005,0.005851783371154571,-0.0061944992227235965,-0.006012119791219171,0.0
2025-09-18,0.0,0.0,0.008319408507469993,0.008325970063028189,0.0,0.0021859068898777,0.0023638742657033146,0.009001276027732878,0.009052815645304085,0.0,-8.364146552660432e-05,-7.898580823428425e-05,0.008515275834826978,0.00853238512388137,0.0,0.0024931732634441393,0.0027336575997072513,0.00881072979368838,0.00884951489828093,0.0,0.0,0.0,0.008319408507469993,0.008325970063028189,0.0,0.0021859068898777,0.0023638742657033146,0.009001276027732878,0.009052815645304085,0.0,0.0,0.007341969348330058,-0.008357795161543398,-0.008357795161543398,-0.008136868750297474,-0.008136868750297474,0.0,0.0,0.008322689285249091,0.008523830479354174,-0.008357795161543398,-0.008136868750297474,0.0
2025-09-19,0.0,0.0,0.00473038183324634,0.00473038183324634,0.0,0.003146132912923019,0.003452201813901273,0.005113345256344489,0.005138907821922117,0.0,0.001912944227211636,0.002133301494749736,0.005186807008882817,0.005201396858833302,0.0,0.003413633535964218,0.0036053016731573137,0.005433206503425346,0.005438074442429729,0.0,0.0,0.0,0.00473038183324634,0.00473038183324634,0.0,0.003146132912923019,0.003452201813901273,0.005113345256344489,0.005138907821922117,0.0,0.0,-0.004702300586203568,-0.005851151958632586,-0.004763053797833426,-0.004620581725277605,-0.004620581725277605,0.0,0.0,0.00473038183324634,0.005194101933858059,-0.0053071028782330065,-0.004620581725277605,0.0
2025-09-22,0.0,0.0,-0.00255759267114423,-0.00255759267114423,0.0,-0.004974451812739868,-0.00443184865406525,-0.0028223170256987886,-0.0027972340268018242,0.0,-0.0010080917232611676,-0.00023618097693920922,-0.002684987004497128,-0.0026315809376289963,0.0,-0.0031268209422277366,-0.00249193118384129,-0.0030337241046483865,-0.0029532423558029557,0.0,0.0,0.0,-0.00255759267114423,-0.00255759267114423,0.0,-0.004974451812739868,-0.00443184865406525,-0.0028223170256987886,-0.0027972340268018242,0.0,0.0,0.0014479048840011512,-0.00255759267114423,-0.00255759267114423,0.0024396976556973317,0.0024396976556973317,0.0,0.0,-0.00255759267114423,-0.002658283971063062,-0.00255759267114423,0.0024396976556973317,0.0
2025-09-23,0.0,0.0,-0.00034072795688438486,-0.00034072795688438486,0.0,-0.0007253358297703533,-0.0006742225095000794,-0.0003069633229291794,-0.0003069633229291794,0.0,-0.0009955361975559746,-0.0008323975565620027,-0.00031888286804486856,-0.0002734541790534596,0.0,-0.00021612932320818877,0.00016404419698425274,-0.0003022670724497509,-0.0002785067111392674,0.0,0.0,0.0,-0.00034072795688438486,-0.00034072795688438486,0.0,-0.0007253358297703533,-0.0006742225095000794,-0.0003069633229291794,-0.0003069633229291794,0.0,0.0,-0.0002731641623914539,-0.00034072795688438486,-0.00034072795688438486,0.00026018612120892065,0.00026018612120892065,0.0,0.0,-0.00034072795688438486,-0.00029616852354916407,-0.00034072795688438486,0.00026018612120892065,0.0
2025-09-24,0.0,0.0,0.009194959637901913,0.009194959637901913,0.0,-0.003475397926860655,-0.0014769683702947156,0.009589537515829407,0.009603573116122277,0.0,-0.001519142920151124,-0.0011780301725638753,0.009376168567794645,0.009383920262902135,0.0,-0.002480902159601342,-0.0022471919776300094,0.009199311527597854,0.009221856227524142,0.0,0.0,0.0,0.009194959637901913,0.009194959637901913,0.0,-0.003475397926860655,-0.0014769683702947156,0.009589537515829407,0.009603573116122277,0.0,0.0,0.009444175942820923,0.009194959637901913,0.009194959637901913,-0.00895496521392125,-0.00895496521392125,0.0,0.0,0.009194959637901913,0.00938004441534839,0.009194959637901913,-0.00895496521392125,0.0
2025-09-25,0.0,0.0,0.00999517471157831,0.00999517471157831,0.0,-0.0011721998001224393,-0.0008509305574899212,0.01031291394346366,0.010320453928426466,0.0,-0.0027739612476991287,-0.0021215905701571724,0.010596373125121758,0.010674755012452202,0.0,0.0018246708418388287,0.0024018456287849825,0.01056324083888182,0.010604450018057297,0.0,0.0,0.0,0.00999517471157831,0.00999517471157831,0.0,-0.0011721998001224393,-0.0008509305574899212,0.01031291394346366,0.010320453928426466,0.0,0.0,0.010215468234559037,0.00999517471157831,0.00999517471157831,-0.009790073163361206,-0.009790073163361206,0.0,0.0,0.00999517471157831,0.01063556406878698,0.00999517471157831,-0.009790073163361206,0.0
2025-09-26,0.0,0.0,-0.003796844459331505,-0.003796844459331505,0.0,0.0003965218651334672,0.0003965218651334672,-0.0036719900373408843,-0.0036515169087783204,0.0,-0.0017854577135439406,-0.001568265656681178,-0.0037924260746146185,-0.003786299542945016,0.0,-0.0007433047816265488,-0.0002847919225707485,-0.003848856642696799,-0.003829847233987856,0.0,0.0,0.0,-0.003796844459331505,-0.003796844459331505,0.0,0.0003965218651334672,0.0003965218651334672,-0.0036719900373408843,-0.0036515169087783204,0.0,0.0,-0.0037886148618587728,-0.003796844459331505,-0.003796844459331505,0.0035914923427010706,0.0035914923427010706,0.0,0.0,-0.003796844459331505,-0.003789362808779817,-0.003796844459331505,0.0035914923427010706,0.0
2025-09-29,0.0,0.0,-0.0028717665430361434,-0.0028631263589343203,0.0,0.0001629661500471511,0.00016817017384331868,-0.0030426846903158474,-0.0029529321990537268,0.0,-0.0026330790065614263,-0.0021473998557801736,-0.003151677687618019,-0.0031221788997378886,0.0,-0.005691481187499026,-0.004476703342187744,-0.0034309504949270597,-0.0033061788860563484,0.0,0.0,0.0,-0.0028717665430361434,-0.0028631263589343203,0.0,0.0001629661500471511,0.00016817017384331868,-0.0030426846903158474,-0.0029529321990537268,0.0,0.0,-0.0030003510178453143,-0.0028631263589343203,-0.0028631263589343203,0.0026986493740839023,0.0026986493740839023,0.0,0.0,-0.002867446450985232,-0.0031369282936779537,-0.0028631263589343203,0.0026986493740839023,0.0
2025-09-30,0.0,0.0,-0.002060074223903487,-0.002053543825485572,0.0,0.0020998189059733023,0.002104905489411814,-0.0018690231032092734,-0.0018690231032092734,0.0,-0.0034537633842874438,-0.0029031563618605446,-0.0021940664045202725,-0.0021766231929166036,0.0,0.0003981189769353736,0.0006119318094023027,-0.001991379847623829,-0.0019677664503456108,0.0,0.0,0.0,-0.002060074223903487,-0.002053543825485572,0.0,0.0020998189059733023,0.002104905489411814,-0.0018690231032092734,-0.0018690231032092734,0.0,0.0,-0.0021196735964299314,-0.0020321063013224714,-0.0020321063013224714,0.002017386542279462,0.002017386542279462,0.0,0.0,-0.0020568090246945296,-0.002185344798718438,-0.0020321063013224714,0.002017386542279462,0.0
2025-10-01,0.0,0.0,-0.0023521333533072825,-0.0023521333533072825,0.0,0.00021244034081691933,0.00021244034081691933,-0.0024097505123033946,-0.0023424789934476126,0.0,-0.0014824643860912522,-0.0014153887348841597,-0.002250620824782646,-0.0022483419923519285,0.0,-0.0013741769759854252,-0.00045603837531917025,-0.002554160389481583,-0.0024476611430792445,0.0,0.0,0.0,-0.0023521333533072825,-0.0023521333533072825,0.0,0.00021244034081691933,0.00021244034081691933,-0.0024097505123033946,-0.0023424789934476126,0.0,0.0,-0.002421550478195342,-0.0024311307341115733,-0.0024311307341115733,0.0023030724239834523,0.0023030724239834523,0.0,0.0,-0.0023521333533072825,-0.0022494814085672874,-0.0024311307341115733,0.0023030724239834523,0.0
2025-10-02,0.0,0.0,0.004106183918906731,0.004129180484851097,0.0,0.0022578497152684865,0.0022822714433928084,0.004135155536372066,0.004135155536372066,0.0,-0.0025312065245527747,-0.00221558816397297,0.003863460224410683,0.003883527351234972,0.0,-0.0027892568701085147,-0.0022656424193328796,0.004063640887903527,0.004082137136380714,0.0,0.0,0.0,0.004106183918906731,0.004129180484851097,0.0,0.0022578497152684865,0.0022822714433928084,0.004135155536372066,0.004135155536372066,0.0,0.0,0.004088370100029885,0.003977630134577451,0.003977630134577451,-0.003795467438568077,-0.003795467438568077,0.0,0.0,0.004117682201878915,0.0038734937878228274,0.003977630134577451,-0.003795467438568077,0.0
2025-10-03,0.0,0.0,-0.0028912427241074706,-0.0028875389605640188,0.0,0.0011669401987522128,0.0011669401987522128,-0.0028644647612032833,-0.0028644647612032833,0.0,0.005015856672030404,0.005020297383776388,-0.0027541321040925205,-0.002747486088675537,0.0,0.003686101646641378,0.0046908038134658965,-0.0027900548965604,-0.002780112648377161,0.0,0.0,0.0,-0.0028912427241074706,-0.0028875389605640188,0.0,0.0011669401987522128,0.0011669401987522128,-0.0028644647612032833,-0.0028644647612032833,0.0,0.0,-0.0028681499248616117,-0.0028351764163586394,-0.0027932518894199687,0.0027721902133190134,0.0027721902133190134,0.0,0.0,-0.0028893908423357445,-0.0027508090963840287,-0.0028142141528893043,0.0027721902133190134,0.0
2025-10-06,0.0,0.0,0.0014707343765886505,0.0014898189261621344,0.0,0.0019340454679414845,0.0019696122458784738,0.0015371609864008133,0.001596577003456264,0.0,0.019749306221940207,0.021194020661874063,0.002348497097611116,0.0024570540106765423,0.0,0.015203397724017166,0.015890380007866328,0.0023596888677841254,0.0024937911667445535,0.0,0.0,0.0,0.0014707343765886505,0.0014898189261621344,0.0,0.0019340454679414845,0.0019696122458784738,0.0015371609864008133,0.001596577003456264,0.0,0.0,0.0015686043918188121,0.0014898189261621344,0.0014898189261621344,-0.002308281019034448,-0.001125898874594809,0.0,0.0,0.0014802766513753924,0.002402775554143829,0.0014898189261621344,-0.0017170899468146286,0.0
2025-10-07,0.0,0.0,0.006721257959113828,0.006734240462314638,0.0,-0.0015391009352377846,-0.0015391009352377846,0.006912789469459688,0.00692249898409904,0.0,0.003891035138163551,0.004116180029624686,0.007082532836232554,0.007096338523665579,0.0,-0.001235570912935426,-0.001139821417931408,0.006900516348685456,0.006909426920210108,0.0,0.0,0.0,0.006721257959113828,0.006734240462314638,0.0,-0.0015391009352377846,-0.0015391009352377846,0.006912789469459688,0.00692249898409904,0.0,0.0,0.006966340332442469,0.006992189987678765,0.006992189987678765,0.006756432740025225,0.006756432740025225,0.0,0.0,0.006727749210714232,0.0070894356799490665,0.006992189987678765,0.006756432740025225,0.0
2025-10-08,0.0,0.0,0.002936453288182743,0.002938054917486317,0.0,0.00043997103376522536,0.00043997103376522536,0.003069471749909771,0.0030887668474237607,0.0,-0.0017211466313178678,-0.0005685366970540784,0.002739795977149672,0.002872907268096961,0.0,-0.00023732969834549606,0.00022486185077257118,0.0028793472747841494,0.0029606051602668435,0.0,0.0,0.0,0.002936453288182743,0.002938054917486317,0.0,0.00043997103376522536,0.00043997103376522536,0.003069471749909771,0.0030887668474237607,0.0,0.0,0.0029229942104978817,0.0029634035256240923,0.0029634035256240923,0.002906521362486045,0.002906521362486045,0.0,0.0,0.0029372541028345298,0.0028063516226233165,0.0029634035256240923,0.002906521362486045,0.0
2025-10-09,0.0,0.0,0.010733087341144927,0.010733087341144927,0.0,0.00030541503821082346,0.000323188002765032,0.010481421495874865,0.010503430330860701,0.0,-0.002212487174303133,-0.0019574978136946506,0.011798555028390495,0.011818084566769024,0.0,0.00242997084356087,0.002621274123549556,0.011053912288127014,0.011081084685171232,0.0,0.0,0.0,0.010733087341144927,0.010733087341144927,0.0,0.00030541503821082346,0.000323188002765032,0.010481421495874865,0.010503430330860701,0.0,0.0,0.011018536576504976,0.010457031335691355,0.010457031335691355,0.010713058404994657,0.010713058404994657,0.0,0.0,0.010733087341144927,0.011808319797579759,0.010457031335691355,0.010713058404994657,0.0
2025-10-10,0.0,0.0,-0.0017818914285477674,-0.0017772525704009502,0.0,-0.004477439569812407,-0.0044282979335021,-0.002168940070477294,-0.0021320176392539657,0.0,-0.0014909944334991919,-0.001396090444167655,-0.0018425273577990897,-0.0017978568503214355,0.0,-0.00434006016926307,-0.00416783997970201,-0.002318608065229181,-0.0022805514239594314,0.0,0.0,0.0,-0.0017818914285477674,-0.0017772525704009502,0.0,-0.004477439569812407,-0.0044282979335021,-0.002168940070477294,-0.0021320176392539657,0.0,0.0,-0.001468373363887451,-0.0019259636954736712,-0.0018876572645409304,-0.00167027840236524,-0.00167027840236524,0.0,0.0,-0.001779571999474359,-0.0018201921040602626,-0.001906810480007301,-0.00167027840236524,0.0
2025-10-13,0.0,0.0,0.002663866915436781,0.002669428190998316,0.0,0.0029719117234223557,0.003228854750739113,0.0028729219275778176,0.0029985791081152575,0.0,-0.0010521347753180317,0.00022275008232660736,0.0024413645589301826,0.0025401458352681664,0.0,0.002610224006360007,0.0027647269091539226,0.003001865871453481,0.0030445431498596644,0.0,0.0,0.0,0.002663866915436781,0.002669428190998316,0.0,0.0029719117234223557,0.003228854750739113,0.0028729219275778176,0.0029985791081152575,0.0,0.0,0.002621562073928858,0.002669428190998316,0.002669428190998316,0.002493336997649924,0.002493336997649924,0.0,0.0,0.0026666475532175484,0.0024907551970991745,0.002669428190998316,0.002493336997649924,0.0
2025-10-14,0.0,0.0,0.0013083422162194283,0.0013159672360340943,0.0,-0.0012888630570471286,-0.0009773495999987904,0.0006414208772730534,0.0007441699671979413,0.0,0.0012002098986615562,0.0016187811181061261,0.0015411092016703017,0.0015501725581930318,0.0,8.299914907291866e-05,0.0004267183485025151,0.0013112574904440455,0.0013420185147771605,0.0,0.0,0.0,0.0013083422162194283,0.0013159672360340943,0.0,-0.0012888630570471286,-0.0009773495999987904,0.0006414208772730534,0.0007441699671979413,0.0,0.0,0.0014697701394998316,0.0012874513686395711,0.0012874513686395711,0.0014885845008538279,0.0014885845008538279,0.0,0.0,0.0013121547261267614,0.0015456408799316668,0.0012874513686395711,0.0014885845008538279,0.0
2025-10-15,0.0,0.0,-0.005888347471357513,-0.005888347471357513,0.0,0.000962701989631891,0.0012092252943881896,-0.005762683299737617,-0.005646993121288732,0.0,0.00011493791479945197,0.0018852992809799322,-0.006026389902038094,-0.0058953946113676345,0.0,0.0033435427701905373,0.00375622248210607,-0.005590708461285703,-0.005492300868604984,0.0,0.0,0.0,-0.005888347471357513,-0.005888347471357513,0.0,0.000962701989631891,0.0012092252943881896,-0.005762683299737617,-0.005646993121288732,0.0,0.0,-0.005877129830082599,-0.0058613025499045165,-0.0058613025499045165,-0.005846707895400413,-0.005846707895400413,0.0,0.0,-0.005888347471357513,-0.0059608922567028644,-0.0058613025499045165,-0.005846707895400413,0.0
2025-10-16,0.0,0.0,-0.0020883715489537595,-0.0020883715489537595,0.0,-0.0027375375869090994,-0.002645949956867724,-0.003119419324115148,-0.003088986086368383,0.0,-0.0019922574128087354,-0.001668558208232473,-0.0023025541171529666,-0.0022765469680491694,0.0,-0.0014793448362020105,-0.0012559869353143565,-0.0024943442407201065,-0.0024609378822174127,0.0,0.0,0.0,-0.0020883715489537595,-0.0020883715489537595,0.0,-0.0027375375869090994,-0.002645949956867724,-0.003119419324115148,-0.003088986086368383,0.0,0.0,-0.0020494315611255887,-0.0021360431979765217,-0.0021360431979765217,-0.001989629621985811,-0.001989629621985811,0.0,0.0,-0.0020883715489537595,-0.0022895505426010682,-0.0021360431979765217,-0.001989629621985811,0.0
2025-10-17,0.0,0.0,-0.0005219289843165365,-0.0005219289843165365,0.0,-0.0017665012747272362,-0.0017665012747272362,-0.0006856392402214627,-0.0006236891025472187,0.0,0.004754264136432227,0.004768522851049258,-0.00023431450529103412,-0.00023431450529103412,0.0,-0.0022977459525925165,-0.002257629863993676,-0.0005379794868795087,-0.0005076490211789919,0.0,0.0,0.0,-0.0005219289843165365,-0.0005219289843165365,0.0,-0.0017665012747272362,-0.0017665012747272362,-0.0006856392402214627,-0.0006236891025472187,0.0,0.0,-0.0005101737922717991,-0.00040366190324898617,-0.0003888144092039092,-0.0005068303961891073,-0.0005068303961891073,0.0,0.0,-0.0005219289843165365,-0.00023431450529103412,-0.00039623815622644767,-0.0005068303961891073,0.0
2025-10-20,0.0,0.0,-3.3632822948163166e-05,-1.550591033056578e-05,0.0,0.0029850770808297826,0.0030391410512303797,0.0005697235992010668,0.000744304218246505,0.0,0.002307351614763243,0.0025151990157643894,9.326416873690508e-05,0.00021699347604612858,0.0,0.002678847059360088,0.002895452596335772,0.0002986286437919903,0.00036083837729148727,0.0,0.0,0.0,-3.3632822948163166e-05,-1.550591033056578e-05,0.0,0.0029850770808297826,0.0030391410512303797,0.0005697235992010668,0.000744304218246505,0.0,0.0,-0.0014003106772691501,-1.550591033056578e-05,-1.550591033056578e-05,-4.461143582777823e-05,-4.461143582777823e-05,0.0,0.0,-2.4569366639364473e-05,0.00015512882239151685,-1.550591033056578e-05,-4.461143582777823e-05,0.0
2025-10-21,0.0,0.0,0.0032248065413984215,0.0032510183292628683,0.0,-0.0011968596928358165,-0.0011271725575786335,0.0024115265103371703,0.0025971204710436334,0.0,0.0021153294826002727,0.0021304240356164743,0.003686708665395398,0.0036880102706967873,0.0,-0.0003603170530183391,-0.00011866390294161258,0.003218933800719119,0.0032576279759714485,0.0,0.0,0.0,0.0032248065413984215,0.0032510183292628683,0.0,-0.0011968596928358165,-0.0011271725575786335,0.0024115265103371703,0.0025971204710436334,0.0,0.0,-0.004697423829605194,0.003168321042327188,0.003168321042327188,0.0031427706024000886,0.0031427706024000886,0.0,0.0,0.0032379124353306447,0.0036873594680460926,0.003168321042327188,0.0031427706024000886,0.0
2025-10-22,0.0,0.0,-0.0017916612481996515,-0.0017916612481996515,0.0,-0.0029945857588046785,-0.0029945857588046785,-0.002404087273450297,-0.002371654269847455,0.0,0.0030453006334592845,0.003261720452122316,-0.0014131651323835025,-0.0012586590941481264,0.0,-0.0019064012406273543,-0.0015656013985429506,-0.0018771714068924739,-0.0018147491955847511,0.0,0.0,0.0,-0.0017916612481996515,-0.0017916612481996515,0.0,-0.0029945857588046785,-0.0029945857588046785,-0.002404087273450297,-0.002371654269847455,0.0,0.0,-0.0018815936983878263,-0.001725030219675083,-0.001725030219675083,-0.0016920481687559261,-0.0016920481687559261,0.0,0.0,-0.0017916612481996515,-0.0013359121132658146,-0.001725030219675083,-0.0016920481687559261,0.0
2025-10-23,0.0,0.0,-0.0011955746348767443,-0.0011955746348767443,0.0,0.00018015254675663415,0.0007017779491432961,-0.001170638029003677,-0.0009867413884118784,0.0,0.002766543314428011,0.0028687138869777384,-0.0009925946283939713,-0.0009900505956792005,0.0,0.0008070890265359915,0.00152663885605667,-0.0011257981472075163,-0.0010069563289127823,0.0,0.0,0.0,-0.0011955746348767443,-0.0011955746348767443,0.0,0.00018015254675663415,0.0007017779491432961,-0.001170638029003677,-0.0009867413884118784,0.0,0.0,-0.001237398235605242,-0.0011096754109726776,-0.0011096754109726776,-0.001162308636652842,-0.001162308636652842,0.0,0.0,-0.0011955746348767443,-0.000991322612036586,-0.0011096754109726776,-0.001162308636652842,0.0
2025-10-24,0.0,0.0,0.0014148181929925067,0.0014272451732393996,0.0,0.0011943871517044492,0.0015458358376403227,0.0016033402617857745,0.0016373760465788353,0.0,-0.0007279294002837148,-0.0006552123680715144,-0.0001014594929635254,0.001397169347868606,0.0,0.001162692911575182,0.0017309416094550651,0.00043224788451632495,0.0015186720825862009,0.0,0.0,0.0,0.0014148181929925067,0.0014272451732393996,0.0,0.0011943871517044492,0.0015458358376403227,0.0016033402617857745,0.0016373760465788353,0.0,0.0,0.0014490465198222042,0.0012819051389097837,0.0013394486568715314,0.0013490849008596416,0.0013490849008596416,0.0,0.0,0.0014210316831159532,0.0006478549274525403,0.0013106768978906574,0.0013490849008596416,0.0
2025-10-27,0.0,0.0,-0.0031814605943315012,-0.0031814605943315012,0.0,0.0024508426189715307,0.003136977132366381,-0.0029311161556149256,-0.0024437721492060432,0.0,-0.0003759974183002006,1.5279915496284725e-05,0.0018551438728106905,0.003333209873035122,0.0,0.0026822530866302203,0.0032809819963687033,0.0018865722742809337,0.0028661863344941444,0.0,0.0,0.0,-0.0031814605943315012,-0.0031814605943315012,0.0,0.0024508426189715307,0.003136977132366381,-0.0029311161556149256,-0.0024437721492060432,0.0,0.0,-0.00322534593147155,-0.0031814605943315012,-0.0031814605943315012,-0.0029804254417533454,-0.0029804254417533454,0.0,0.0,-0.0031814605943315012,0.002594176872922906,-0.0031814605943315012,-0.0029804254417533454,0.0
2025-10-28,0.0,0.0,-0.002990182758354905,-0.002969619431530168,0.0,9.512347550728557e-05,0.00011051452586911424,-0.0014217573929787889,-0.0013992163619540982,0.0,0.0011548366789476219,0.0016529023733108771,-0.0030988356668642807,-0.003056922283253009,0.0,-0.0009757036541805089,-0.0005853576724058783,-0.0025054037516501018,-0.00247158738022471,0.0,0.0,0.0,-0.002990182758354905,-0.002969619431530168,0.0,9.512347550728557e-05,0.00011051452586911424,-0.0014217573929787889,-0.0013992163619540982,0.0,0.0,-0.002929419759304236,-0.002969619431530168,-0.002969619431530168,-0.0027178622748723026,-0.0027178622748723026,0.0,0.0,-0.0029799010949425365,-0.0030778789750586445,-0.002969619431530168,-0.0027178622748723026,0.0
2025-10-29,0.0,0.0,0.006308942149111706,0.006316987619499762,0.0,0.001550244638087962,0.001715218482114926,0.005376902043699553,0.005478135610590895,0.0,0.0027198709341570574,0.0028975653271414905,0.007167032357739657,0.007182802409966636,0.0,0.0015133891917808104,0.0017883956561590849,0.00708631618139629,0.00711357636843739,0.0,0.0,0.0,0.006308942149111706,0.006316987619499762,0.0,0.001550244638087962,0.001715218482114926,0.005376902043699553,0.005478135610590895,0.0,0.0,0.006472960379893674,0.006119288894632957,0.006119288894632957,0.005570030236173815,0.005570030236173815,0.0,0.0,0.0063129648843057344,0.007174917383853146,0.006119288894632957,0.005570030236173815,0.0
2025-10-30,0.0,0.0,0.007241123969332154,0.007241123969332154,0.0,0.002161374784367878,0.00236411229102389,0.005943547410216586,0.006203616103925603,0.0,-0.0007690671073948339,-0.0007690671073948339,0.007512818435284745,0.007512818435284745,0.0,0.0023361169636208655,0.0026163269575557677,0.007698797456857606,0.007787089089292758,0.0,0.0,0.0,0.007241123969332154,0.007241123969332154,0.0,0.002161374784367878,0.00236411229102389,0.005943547410216586,0.006203616103925603,0.0,0.0,0.007233517339081612,0.0069271704198665945,0.0069271704198665945,0.006231270300527801,0.006231270300527801,0.0,0.0,0.007241123969332154,0.007512818435284745,0.0069271704198665945,0.006231270300527801,0.0
2025-10-31,0.0,0.0,0.004697138897163371,0.004701162428965767,0.0,0.0008445834106254125,0.0009267742808673136,0.004508246334012882,0.004595572694824723,0.0,-0.0029257360644471104,-0.002589455011216223,0.004647658477679746,0.004674339665234436,0.0,-0.0017775799298141444,-0.0015407267912725456,0.004447172368119487,0.004488375795387233,0.0,0.0,0.0,0.004697138897163371,0.004701162428965767,0.0,0.0008445834106254125,0.0009267742808673136,0.004508246334012882,0.004595572694824723,0.0,0.0,0.0047422703966163585,0.00446415664317608,0.004495253967419037,0.004013634584087513,0.004013634584087513,0.0,0.0,0.004699150663064569,0.004660999071457091,0.004479705305297558,0.004013634584087513,0.0
2025-11-03,0.0,0.0,0.004429635517323932,0.004429635517323932,0.0,0.0006359632157113059,0.0008136176816452622,0.00403995676874927,0.004079483656389308,0.0,-0.0038490670038544565,-0.002312555354569294,0.00439978338530228,0.004496561285092215,0.0,-0.0016086052480876556,-0.0009424726381757188,0.004278214563812976,0.004353647552989892,0.0,0.0,0.0,0.004429635517323932,0.004429635517323932,0.0,0.0006359632157113059,0.0008136176816452622,0.00403995676874927,0.004079483656389308,0.0,0.0,0.00440155120725384,0.004429635517323932,0.004429635517323932,0.003671413665232894,0.0037645698317854146,0.0,0.0,0.004429635517323932,0.004448172335197248,0.004429635517323932,0.0037179917485091543,0.0
2025-11-04,0.0,0.0,0.011563077469411109,0.011568751511470327,0.0,-0.0005160374199125408,-0.0003845280589142865,0.010259404042764235,0.010420962104499863,0.0,-0.0024037384331346665,-0.0023595669898243393,0.0117229763245242,0.011753841804627907,0.0,-0.007939414374975499,-0.007746956338449895,0.010912908139216292,0.010996193191806999,0.0,0.0,0.0,0.011563077469411109,0.011568751511470327,0.0,-0.0005160374199125408,-0.0003845280589142865,0.010259404042764235,0.010420962104499863,0.0,0.0,0.01147661904709116,0.011568751511470327,0.011568751511470327,0.01143625832759713,0.01143625832759713,0.0,0.0,0.011565914490440718,0.011738409064576053,0.011568751511470327,0.01143625832759713,0.0
2025-11-05,0.0,0.0,-0.0013413296009156537,-0.0013413296009156537,0.0,0.0019786612140643253,0.002281031566144501,-0.00010544944197141967,0.0001756331633743225,0.0,0.0014196797836385372,0.0016265352692988633,-0.0012500438140952265,-0.0012251753181540975,0.0,0.004317248955424119,0.004981891163476923,-0.0002520022335212027,-9.752749050763766e-05,0.0,0.0,0.0,-0.0013413296009156537,-0.0013413296009156537,0.0,0.0019786612140643253,0.002281031566144501,-0.00010544944197141967,0.0001756331633743225,0.0,0.0,-0.0013286416087415196,-0.0014034131288743377,-0.0014034131288743377,-0.0014045411286030015,-0.0014045411286030015,0.0,0.0,-0.0013413296009156537,-0.0012376095661246619,-0.0014034131288743377,-0.0014045411286030015,0.0
2025-11-06,0.0,0.0,-0.002457109939781862,-0.0024514216783963674,0.0,-0.011663755902921034,-0.011273870969380461,-0.005003598427251076,-0.004973967437432201,0.0,0.00551305048470732,0.005545646915970672,-0.001837907641563092,-0.0018087088203949848,0.0,-0.006451656688327422,-0.006157216587267154,-0.003626746894465877,-0.0035805299170745615,0.0,0.0,0.0,-0.002457109939781862,-0.0024514216783963674,0.0,-0.011663755902921034,-0.011273870969380461,-0.005003598427251076,-0.004973967437432201,0.0,0.0,-0.002593660100237754,-0.002351495807459538,-0.002351495807459538,-0.0024489007383783536,-0.0024489007383783536,0.0,0.0,-0.0024542658090891145,-0.0018233082309790385,-0.002351495807459538,-0.0024489007383783536,0.0
2025-11-07,0.0,0.0,-0.005204391346637723,-0.005171973764491551,0.0,-0.001421764862106513,-0.001368017509529999,-0.005669128820319211,-0.0055696717691044876,0.0,-0.0030988347810906873,-0.002922648686678422,-0.005104343481551383,-0.0049701085240554275,0.0,0.0003004958717425794,0.0006800477919936968,-0.0052711585995721425,-0.0051373176253212876,0.0,0.0,0.0,-0.005204391346637723,-0.005171973764491551,0.0,-0.001421764862106513,-0.001368017509529999,-0.005669128820319211,-0.0055696717691044876,0.0,0.0,-0.00505892900398435,-0.005224381750261446,-0.005179021409857544,-0.0049812696984393124,-0.0049812696984393124,0.0,0.0,-0.005188182555564636,-0.005037226002803405,-0.005201701580059496,-0.0049812696984393124,0.0
2025-11-10,0.0,0.0,-0.004453889230191736,-0.0029491368740995273,0.0,0.00917173551484221,0.009243574386991535,-0.0013440288225331986,0.00012436458675716826,0.0,-0.0025977212258705474,-0.002332638381203079,-0.004949757976790084,-0.0034374735109235673,0.0,0.008358051740014773,0.00887829678408045,-0.002225857737624236,-0.0007792577648600259,0.0,0.0,0.0,-0.004453889230191736,-0.0029491368740995273,0.0,0.00917173551484221,0.009243574386991535,-0.0013440288225331986,0.00012436458675716826,0.0,0.0,-0.004437099713171281,-0.0029491368740995273,-0.0029491368740995273,-0.0029465395456298453,-0.0029465395456298453,0.0,0.0,-0.003701513052145632,-0.0041936157438568255,-0.0029491368740995273,-0.0029465395456298453,0.0
2025-11-11,0.0,0.0,0.0033315323325793984,0.0033315323325793984,0.0,-0.004101072011671693,-0.003689209029462674,0.0022961905717986206,0.0024220472076643684,0.0,-0.005874807229772658,-0.005841542747072559,0.0018560290458104786,0.0020194522392976534,0.0,-0.007136483977166299,-0.006317262223503464,0.0008085040443109335,0.0010854149293431092,0.0,0.0,0.0,0.0033315323325793984,0.0033315323325793984,0.0,-0.004101072011671693,-0.003689209029462674,0.0022961905717986206,0.0024220472076643684,0.0,0.0,0.0033315323325793975,-0.0032447112785270863,-0.0032447112785270863,-0.0030411201524441433,-0.0030411201524441433,0.0,0.0,0.0033315323325793984,0.001937740642554066,-0.0032447112785270863,-0.0030411201524441433,0.0
2025-11-12,0.0,0.0,0.0013911927482442759,0.0013911927482442759,0.0,0.0018084322510767623,0.0022987979726338077,0.0015467242340200893,0.001567708860233905,0.0,-0.004484783566076293,-0.0027989468311344543,0.0011631923864656067,0.001277499984854367,0.0,0.00031269377332859133,0.001109690144313841,0.0013335897321009756,0.0014144786644479787,0.0,0.0,0.0,0.0013911927482442759,0.0013911927482442759,0.0,0.0018084322510767623,0.0022987979726338077,0.0015467242340200893,0.001567708860233905,0.0,0.0,0.0013911927482442754,-0.0013932406802865836,-0.0013932406802865836,-0.0012976401751900795,-0.0012976401751900795,0.0,0.0,0.0013911927482442759,0.001220346185659987,-0.0013932406802865836,-0.0012976401751900795,0.0
2025-11-13,0.0,0.0,0.001180561835960665,0.0026726835225651803,0.0,-0.00911673540337782,-0.00878798390032079,0.00022212693391800696,0.0016800295094077022,0.0,-0.0028581286963532903,-0.0028510240992914797,0.0009548399183088301,0.0022836253430152855,0.0,-0.005201216163488601,-0.00491830755061336,0.0006766841592363636,0.0019514935003974061,0.0,0.0,0.0,0.001180561835960665,0.0026726835225651803,0.0,-0.00911673540337782,-0.00878798390032079,0.00022212693391800696,0.0016800295094077022,0.0,0.0,0.0011805618359606645,-0.0024983674798354284,-0.0024983674798354284,-0.0024425035540390234,-0.0024425035540390234,0.0,0.0,0.0019266226792629226,0.0016192326306620577,-0.0024983674798354284,-0.0024425035540390234,0.0
2025-11-14,0.0,0.0,0.0010710713889414793,0.0010710713889414793,0.0,0.004570588525449948,0.005464454529161028,0.0021977360770998305,0.002357825454743441,0.0,0.0005089591615702995,0.0009727412272659852,0.0011168461553478866,0.0013692497257420536,0.0,0.000620147437606516,0.0011171888636697692,0.001062222622951693,0.001382761095114623,0.0,0.0,0.0,0.0010710713889414793,0.0010710713889414793,0.0,0.004570588525449948,0.005464454529161028,0.0021977360770998305,0.002357825454743441,0.0,0.0,0.0010710713889414791,0.0010771163207627115,0.00111894244566141,0.0010010327145578138,0.0010010327145578138,0.0,0.0,0.0010710713889414793,0.0012430479405449702,0.0010980293832120608,0.0010010327145578138,0.0
2025-11-17,0.0,0.0,0.006581087823831682,0.006581087823831682,0.0,-0.0039061537330765594,-0.003038060455070158,0.005957798872671182,0.006072450697621473,0.0,-0.004051168259167987,-0.003416787406506182,0.00534321705276526,0.005572773260139783,0.0,-0.003479855921425914,-0.0027547166734442235,0.004230320628215778,0.004633641601262103,0.0,0.0,0.0,0.006581087823831682,0.006581087823831682,0.0,-0.0039061537330765594,-0.003038060455070158,0.005957798872671182,0.006072450697621473,0.0,0.0,0.006581087823831681,0.006581087823831682,0.006581087823831682,0.00591663866440557,0.00591663866440557,0.0,0.0,0.006581087823831682,0.005457995156452521,0.006581087823831682,0.00591663866440557,0.0
2025-11-18,0.0,0.0,-0.0018211357638912217,-0.0018211357638912217,0.0,0.007062999108225184,0.007928976701593734,-0.0008480739936495927,-0.0007396731221229825,0.0,0.002796183226625865,0.0034004721845265033,-0.0012393634655657238,-0.0008414730443775334,0.0,0.005127176864195744,0.005693596896885118,-0.0006151950071432604,-0.00030327326797648427,0.0,0.0,0.0,-0.0018211357638912217,-0.0018211357638912217,0.0,0.007062999108225184,0.007928976701593734,-0.0008480739936495927,-0.0007396731221229825,0.0,0.0,-0.0018211357638912217,-0.0018211357638912217,-0.0018211357638912217,-0.0015346609379852882,-0.0015346609379852882,0.0,0.0,-0.0018211357638912217,-0.0010404182549716286,-0.0018211357638912217,-0.0015346609379852882,0.0
2025-11-19,0.0,0.0,0.01213017727917003,0.013567104908268807,0.0,6.097585470596985e-05,0.0012620026150236589,0.013462433512492844,0.014129414576323576,0.0,-0.002291338836351009,-0.002146306781270215,0.010290244015189463,0.011460270139499748,0.0,-0.00303636542885801,-0.0021965779781370157,0.011598898288771062,0.012731778334932654,0.0,0.0,0.0,0.01213017727917003,0.013567104908268807,0.0,6.097585470596985e-05,0.0012620026150236589,0.013462433512492844,0.014129414576323576,0.0,0.0,0.01213017727917003,0.013567104908268807,0.013567104908268807,0.01239866837961509,0.01239866837961509,0.0,0.0,0.012848641093719419,0.010875257077344606,0.013567104908268807,0.01239866837961509,0.0
2025-11-20,0.0,0.0,-0.0062421444839244914,-0.004829488699927975,0.0,0.0017842427263454694,0.0017842427263454694,0.003517013554927276,0.004190016541854131,0.0,-0.005045683669343789,-0.004872712353262231,-0.006808622223501415,-0.005837137400274427,0.0,-0.0025409434930999983,-0.0019406678400928422,-0.005630697284931888,-0.004610250083661963,0.0,0.0,0.0,-0.0062421444839244914,-0.004829488699927975,0.0,0.0017842427263454694,0.0017842427263454694,0.003517013554927276,0.004190016541854131,0.0,0.0,-0.006242144483924492,0.005210559925145496,0.005210559925145496,0.004664779478776483,0.004664779478776483,0.0,0.0,-0.0055358165919262335,-0.006322879811887921,0.005210559925145496,0.004664779478776483,0.0
2025-11-21,0.0,0.0,-0.0022488877231375236,-0.0008163317604689998,0.0,0.0034955992312753923,0.0035512452012519727,-0.0012528818339132472,-0.0003267841809582389,0.0,-0.006872600596298352,-0.0066260895436148996,-0.004009280430802408,-0.0030323428055652763,0.0,-0.006060670978150129,-0.005355452646400058,-0.003631284581814179,-0.0026629422463059953,0.0,0.0,0.0,-0.0022488877231375236,-0.0008163317604689998,0.0,0.0034955992312753923,0.0035512452012519727,-0.0012528818339132472,-0.0003267841809582389,0.0,0.0,-0.0022488877231375236,-0.0023016479669075223,-0.0008521333950641433,-0.0007860783589257553,-0.0007860783589257553,0.0,0.0,-0.0015326097418032617,-0.003520811618183842,-0.0015768906809858329,-0.0007860783589257553,0.0
2025-11-24,0.0,0.0,-0.00012157603494460865,-0.00012157603494460865,0.0,0.0010394507011558425,0.0011608201151110554,0.0004043026498307153,0.0011703939728613534,0.0,0.00013231622670730934,0.0018271749455865784,0.0002858871411481885,0.0005764975536435958,0.0,0.0015333741157114117,0.0025951677753162814,0.0015964239243510896,0.002346160270615253,0.0,0.0,0.0,-0.00012157603494460865,-0.00012157603494460865,0.0,0.0010394507011558425,0.0011608201151110554,0.0004043026498307153,0.0011703939728613534,0.0,0.0,-0.00012157603494460858,-0.00012157603494460865,-0.00012157603494460865,0.00015562001718660276,0.00015562001718660276,0.0,0.0,-0.00012157603494460865,0.00043119234739589216,-0.00012157603494460865,0.00015562001718660276,0.0
2025-11-25,0.0,0.0,0.00471333688952676,0.00471333688952676,0.0,0.002283680433660453,0.002430013036260049,0.00500622957366005,0.005207552156983337,0.0,0.0022147088728612816,0.0024559071260927745,0.004970467836667869,0.004981744576556621,0.0,0.0023235348245346354,0.002551420379185673,0.0049780956692737485,0.005151043159520943,0.0,0.0,0.0,0.00471333688952676,0.00471333688952676,0.0,0.002283680433660453,0.002430013036260049,0.00500622957366005,0.005207552156983337,0.0,0.0,0.00471333688952676,0.00471333688952676,0.00471333688952676,-0.004147637730621247,-0.004147637730621247,0.0,0.0,0.00471333688952676,0.004976106206612245,0.00471333688952676,-0.004147637730621247,0.0
2025-11-26,0.0,0.0,0.009571661056366405,0.009581653187351933,0.0,0.003511672228311427,0.00352537166556135,0.00574753180007473,0.006216338793116589,0.0,-0.008722388907324213,-0.00848161606736117,0.009232476179305296,0.009367156108236832,0.0,0.0026149801859365347,0.0032695021395831077,0.010299281628917915,0.010473986403906402,0.0,0.0,0.0,0.009571661056366405,0.009581653187351933,0.0,0.003511672228311427,0.00352537166556135,0.00574753180007473,0.006216338793116589,0.0,0.0,0.009571661056366405,0.009581653187351933,0.009581653187351933,-0.009264943892251042,-0.009264943892251042,0.0,0.0,0.00957665712185917,0.009299816143771063,0.009581653187351933,-0.009264943892251042,0.0
2025-11-27,0.0,0.0,0.0025869826138035967,0.0025869826138035967,0.0,-4.937073676357541e-05,-4.937073676357541e-05,0.0022386691119156625,0.002350424500644678,0.0,-0.001956076116345841,-0.0019379251849892325,0.002404050036306374,0.002411416909207165,0.0,-0.0016907223476579785,-0.0016616035545187167,0.0022528451642519504,0.002323588812939972,0.0,0.0,0.0,0.0025869826138035967,0.0025869826138035967,0.0,-4.937073676357541e-05,-4.937073676357541e-05,0.0022386691119156625,0.002350424500644678,0.0,0.0,0.0025869826138035967,0.002761938284438384,0.002761938284438384,-0.0027134898293233907,-0.0027134898293233907,0.0,0.0,0.0025869826138035967,0.0024077334727567695,0.002761938284438384,-0.0027134898293233907,0.0
2025-11-28,0.0,0.0,0.0039774616490676085,0.003990801519123092,0.0,-0.004005123904130186,-0.003353268618841591,0.001083249072503666,0.001743877008006459,0.0,-0.003798035146284921,-0.003760873813038002,0.0034208605393476316,0.003431985608376215,0.0,-0.005444763018128183,-0.00502996882264864,0.0028589358373114246,0.0029713756222878094,0.0,0.0,0.0,0.0039774616490676085,0.003990801519123092,0.0,-0.004005123904130186,-0.003353268618841591,0.001083249072503666,0.001743877008006459,0.0,0.0,0.0039774616490676085,0.004000520230658157,0.004023852231699168,-0.003891571751744655,-0.003891571751744655,0.0,0.0,0.00398413158409535,0.0034264230738619236,0.004012186231178663,-0.003891571751744655,0.0
2025-12-01,0.0,0.0,-0.0012618780266075236,-0.00122156431321507,0.0,0.0008881697245740167,0.0011034996044626741,-0.001009208651677489,-0.001009208651677489,0.0,0.005040772536465334,0.00516027083699515,-4.056809084732281e-05,3.752260958263746e-05,0.0,0.004852311270621364,0.005008096056639234,0.00015020619195540657,0.00026070421738466534,0.0,0.0,0.0,-0.0012618780266075236,-0.00122156431321507,0.0,0.0008881697245740167,0.0011034996044626741,-0.001009208651677489,-0.001009208651677489,0.0,0.0,-0.0012618780266075236,-0.00122156431321507,-0.00122156431321507,-7.648837747563603e-05,0.0013288839774738854,0.0,0.0,-0.001241721169911297,-1.5227406323426763e-06,-0.00122156431321507,0.0006261977999991247,0.0
2025-12-02,0.0,0.0,0.0025611384043337745,0.0025611384043337745,0.0,-0.00029474888416245116,-0.00013497145485376013,0.0024247067614126005,0.0024247067614126005,0.0,-0.00555328643973286,-0.00555328643973286,0.0003139614646590933,0.0003318390477773355,0.0,-0.005420846394825317,-0.00541484095668717,0.00023782506328746172,0.00024403175671905235,0.0,0.0,0.0,0.0025611384043337745,0.0025611384043337745,0.0,-0.00029474888416245116,-0.00013497145485376013,0.0024247067614126005,0.0024247067614126005,0.0,0.0,0.0025611384043337745,0.0024930945541893723,0.0024930945541893723,0.002493199735756882,0.002493199735756882,0.0,0.0,0.0025611384043337745,0.0003229002562182144,0.0024930945541893723,0.002493199735756882,0.0
2025-12-03,0.0,0.0,0.01101207679150184,0.011023116102039345,0.0,0.00045373998207971257,0.0026415529714987713,0.010980581364517284,0.011212971793545346,0.0,-0.0071162083140243965,-0.007093609924248693,0.010233756993309435,0.010278815501665284,0.0,-0.006698861637478641,-0.006424751015967455,0.010134432094791689,0.010280085207604485,0.0,0.0,0.0,0.01101207679150184,0.011023116102039345,0.0,0.00045373998207971257,0.0026415529714987713,0.010980581364517284,0.011212971793545346,0.0,0.0,0.01101207679150184,0.010622932943136402,0.010622932943136402,0.010996374217131847,0.010996374217131847,0.0,0.0,0.011017596446770592,0.01025628624748736,0.010622932943136402,0.010996374217131847,0.0
2025-12-04,0.0,0.0,-0.004844791270117485,-0.004844791270117485,0.0,-0.000620659269910409,-0.000521763450889827,-0.004926939491012155,-0.004926939491012155,0.0,0.005631176088400608,0.0056541097425737595,-0.003693444057687105,-0.003683746666678066,0.0,0.0049544646293964755,0.0049913371044556145,-0.00400000045263335,-0.003973782696776721,0.0,0.0,0.0,-0.004844791270117485,-0.004844791270117485,0.0,-0.000620659269910409,-0.000521763450889827,-0.004926939491012155,-0.004926939491012155,0.0,0.0,-0.004844791270117485,-0.00464353456888635,-0.00464353456888635,-0.004752115440069214,-0.004752115440069214,0.0,0.0,-0.004844791270117485,-0.0036885953621825854,-0.00464353456888635,-0.004752115440069214,0.0
2025-12-05,0.0,0.0,0.006942597980752836,0.006981188369553352,0.0,0.006745174566146688,0.00686019166051516,0.007663948496327489,0.007731500578074822,0.0,-0.009128980024689452,-0.009065144300711224,0.0049421875401562815,0.00504279705233961,0.0,-0.008314478339864935,-0.008260515724475358,0.005403249143655831,0.005492291539187236,0.0,0.0,0.0,0.006942597980752836,0.006981188369553352,0.0,0.006745174566146688,0.00686019166051516,0.007663948496327489,0.007731500578074822,0.0,0.0,0.006942597980752836,0.006861089073692815,0.006951944438391536,0.006968655912107529,0.006968655912107529,0.0,0.0,0.006961893175153094,0.004992492296247946,0.006906516756042175,0.006968655912107529,0.0
2025-12-08,0.0,0.0,-0.0037890264049018087,-0.00377954312190481,0.0,-0.0036896351987260813,-0.00357892585080719,-0.0042880238976740065,-0.004232032822389618,0.0,-0.0006223702057869127,-0.00031852635337928945,-0.004383870975773672,-0.004335683970516942,0.0,-0.000926671957126219,-0.0005854506208733211,-0.004516339458021706,-0.004458120338109862,0.0,0.0,0.0,-0.0037890264049018087,-0.00377954312190481,0.0,-0.0036896351987260813,-0.00357892585080719,-0.0042880238976740065,-0.004232032822389618,0.0,0.0,-0.003789026404901809,-0.00377954312190481,-0.00377954312190481,-0.0041314392372636,-0.0041314392372636,0.0,0.0,-0.0037842847634033095,-0.004359777473145307,-0.00377954312190481,-0.0041314392372636,0.0
2025-12-09,0.0,0.0,-0.00030566338839043886,-0.0002922334150006775,0.0,-0.0016718529949982348,-0.0014399571518328093,-0.0004271474792519811,-0.0004271474792519811,0.0,-0.006060190536240309,-0.005702323081187609,-0.0019136438979190722,-0.001788590357666103,0.0,-0.0061689757258570135,-0.005850452178886755,-0.0020483988660213123,-0.001934012701743479,0.0,0.0,0.0,-0.00030566338839043886,-0.0002922334150006775,0.0,-0.0016718529949982348,-0.0014399571518328093,-0.0004271474792519811,-0.0004271474792519811,0.0,0.0,-0.00030566338839043864,-0.00020373770313284498,-0.00020373770313284498,-0.00014342575912715727,-0.00014342575912715727,0.0,0.0,-0.0002989484016955582,-0.0018511171277925875,-0.00020373770313284498,-0.00014342575912715727,0.0
2025-12-10,0.0,0.0,0.011843783870150072,0.01334551774087027,0.0,-0.0022272640769341835,-0.0021901827541567728,0.012545216189807536,0.013752204134940887,0.0,-0.006087378152100292,-0.006080505288571519,0.013299268305325683,0.013382358605445403,0.0,-0.005835288202301702,-0.00582442596804484,0.013450394845598998,0.013522585567326885,0.0,0.0,0.0,0.011843783870150072,0.01334551774087027,0.0,-0.0022272640769341835,-0.0021901827541567728,0.012545216189807536,0.013752204134940887,0.0,0.0,0.01333200545066638,0.012737662758345489,0.012737662758345489,0.013098532272903213,0.013098532272903213,0.0,0.0,0.012594650805510171,0.013340813455385543,0.012737662758345489,0.013098532272903213,0.0
2025-12-11,0.0,0.0,-0.0036699240503535314,-0.0036699240503535314,0.0,0.0011293377418631395,0.0012898467981776198,-0.0025706790042048823,-0.00183408964108266,0.0,0.00034679120196466054,0.00041253737498509846,0.004225937581096799,0.004368774020074389,0.0,0.0008610682487039049,0.0010559073515945007,0.004285194893617345,0.004458993106258916,0.0,0.0,0.0,-0.0036699240503535314,-0.0036699240503535314,0.0,0.0011293377418631395,0.0012898467981776198,-0.0025706790042048823,-0.00183408964108266,0.0,0.0,0.0023285577578149724,0.0036519230380745154,0.0036519230380745154,0.003778728494387102,0.003778728494387102,0.0,0.0,-0.0036699240503535314,0.004297355800585594,0.0036519230380745154,0.003778728494387102,0.0
2025-12-12,0.0,0.0,0.002720249671408164,0.002720249671408164,0.0,-0.0018561556527283646,-0.001692638576081061,0.0018262155094375622,0.0024401207973128764,0.0,0.0008363238578404388,0.000863127805237332,-0.003052384536172245,-0.0029231566456257604,0.0,7.644891311080958e-05,0.00019057530378036941,-0.003186856597949545,-0.0031069049444979323,0.0,0.0,0.0,0.002720249671408164,0.002720249671408164,0.0,-0.0018561556527283646,-0.001692638576081061,0.0018262155094375622,0.0024401207973128764,0.0,0.0,0.001301799676458025,-0.004197330951882234,-0.0027357307625498406,-0.0027207338262211526,-0.0027207338262211526,0.0,0.0,0.002720249671408164,-0.0029877705908990027,-0.0034665308572160367,-0.0027207338262211526,0.0
2025-12-15,0.0,0.0,0.000598755179397761,0.000598755179397761,0.0,-0.0013144655257039898,0.0005772661153898099,0.0001188601267073726,0.0009964370795199253,0.0,0.0035816285248879737,0.003602908730049801,0.001287680133061103,0.0016294881175339753,0.0,0.0034105369183018088,0.0037771594456701384,0.0014956840888888218,0.0018421498272039533,0.0,0.0,0.0,0.000598755179397761,0.000598755179397761,0.0,-0.0013144655257039898,0.0005772661153898099,0.0001188601267073726,0.0009964370795199253,0.0,0.0,-0.0006139812641182872,0.000598755179397761,0.000598755179397761,-0.0005078131830799829,-0.0005078131830799829,0.0,0.0,0.000598755179397761,0.0014585841252975392,0.000598755179397761,-0.0005078131830799829,0.0
2025-12-16,0.0,0.0,-0.0018514587177896258,-0.0003469529746568653,0.0,-0.004211545068303523,-0.0031623483575352056,-0.0016646086517789719,-0.0007199031376119859,0.0,-6.375430185638609e-06,-6.375430185638609e-06,0.0005169468756975958,0.0005417944573554228,0.0,-0.0004919377336767193,1.4620262367098357e-06,0.000551025881010513,0.0006300016649017569,0.0,0.0,0.0,-0.0018514587177896258,-0.0003469529746568653,0.0,-0.004211545068303523,-0.0031623483575352056,-0.0016646086517789719,-0.0007199031376119859,0.0,0.0,0.0004112074678591913,-0.0003469529746568653,-0.0003469529746568653,0.0005713294797230732,0.0005713294797230732,0.0,0.0,-0.0010992058462232454,0.0005293706665265093,-0.0003469529746568653,0.0005713294797230732,0.0
2025-12-17,0.0,0.0,-0.00638219024434459,-0.004851108094181712,0.0,0.0010923329666727016,0.0010923329666727016,0.0010344956921849598,0.0017549603565995024,0.0,-0.0010294520348452644,-0.0010139315889682583,-0.005318109242874246,-0.005303196822119669,0.0,-0.0014840583402089002,-0.001323276222235056,-0.005430728385141686,-0.005366190609774326,0.0,0.0,0.0,-0.00638219024434459,-0.004851108094181712,0.0,0.0010923329666727016,0.0010923329666727016,0.0010344956921849598,0.0017549603565995024,0.0,0.0,-0.004714402975759796,0.004558700484555526,0.004558700484555526,-0.004857212431196088,-0.004857212431196088,0.0,0.0,-0.005616649169263151,-0.005310653032496957,0.004558700484555526,-0.004857212431196088,0.0
2025-12-18,0.0,0.0,-0.0030940014110128772,-0.0015397905217965414,0.0,-0.002309898491723761,-0.0022052764102583077,-0.0037147503357700547,-0.0021693779214600113,0.0,-0.0007585455525904003,-0.0004888574744172786,0.0014740890538652335,0.0015194248654581066,0.0,-0.0015659069679702605,-0.0010383305917199134,0.001371849817983597,0.0014189627478083978,0.0,0.0,0.0,-0.0030940014110128772,-0.0015397905217965414,0.0,-0.002309898491723761,-0.0022052764102583077,-0.0037147503357700547,-0.0021693779214600113,0.0,0.0,0.0014952149248334472,-0.0014823375939750638,-0.0014823375939750638,0.001596006331245147,0.001596006331245147,0.0,0.0,-0.002316895966404709,0.00149675695966167,-0.0014823375939750638,0.001596006331245147,0.0
2025-12-19,0.0,0.0,-0.003919721319415567,-0.003914195159560815,0.0,0.0023820190864815506,0.0024872539559359906,-0.0031441562205108357,-0.003099735863280072,0.0,-0.01225335429579987,-0.011931509724995923,-0.004520895613144164,-0.004487990640177478,0.0,-0.011253351735686895,-0.010655523860850592,-0.004417710453338733,-0.004403945054499759,0.0,0.0,0.0,-0.003919721319415567,-0.003914195159560815,0.0,0.0023820190864815506,0.0024872539559359906,-0.0031441562205108357,-0.003099735863280072,0.0,0.0,-0.003840844028209346,0.002159195553033892,0.0036582274471889543,-0.0036107862780748947,-0.0036107862780748947,0.0,0.0,-0.0039169582394881905,-0.004504443126660821,0.002908711500111423,-0.0036107862780748947,0.0
2025-12-22,0.0,0.0,0.009197629735075508,0.010765286947096454,0.0,-0.00018720789758569826,0.0019387667185472534,0.00992098581006544,0.0114377478937144,0.0,-0.003386821878387108,-0.002813810683138315,0.010693885347489327,0.01069839220122728,0.0,-0.004178426811468047,-0.0030385427022639553,0.010739122196937484,0.010879042594903963,0.0,0.0,0.0,0.009197629735075508,0.010765286947096454,0.0,-0.00018720789758569826,0.0019387667185472534,0.00992098581006544,0.0114377478937144,0.0,0.0,0.010560862764945726,0.010765286947096454,0.010765286947096454,0.010386419875861658,0.010386419875861658,0.0,0.0,0.009981458341085981,0.010696138774358304,0.010765286947096454,0.010386419875861658,0.0
2025-12-23,0.0,0.0,-0.011531046224492213,-0.011531046224492213,0.0,0.0004100729431000085,0.0010363741927589083,-0.008149357008076523,-0.007292236280842159,0.0,0.0010112669197361091,0.0012143131528543625,0.011413816884790883,0.011423421982533516,0.0,-0.001015149565737045,-0.000389540032841798,0.011454494384831454,0.011543730417391039,0.0,0.0,0.0,-0.011531046224492213,-0.011531046224492213,0.0,0.0004100729431000085,0.0010363741927589083,-0.008149357008076523,-0.007292236280842159,0.0,0.0,0.011395711886961297,0.011630058051150968,0.011630058051150968,0.011259229838228631,0.011259229838228631,0.0,0.0,-0.011531046224492213,0.0114186194336622,0.011630058051150968,0.011259229838228631,0.0
2025-12-24,0.0,0.0,0.000276993668012569,0.000276993668012569,0.0,0.001828856099405677,0.0023555379299156306,0.001824929685117035,0.002325407863398767,0.0,0.001736424634873117,0.0023077564400761858,-0.00026543492983506967,-0.00026543492983506967,0.0,0.002111370472068377,0.0026041931885903667,-0.00014951031933256394,-0.00010284114523526639,0.0,0.0,0.0,0.000276993668012569,0.000276993668012569,0.0,0.001828856099405677,0.0023555379299156306,0.001824929685117035,0.002325407863398767,0.0,0.0,-0.0003322121452049954,-0.0002864217525996226,-0.0002864217525996226,-5.0489864935484696e-05,-5.0489864935484696e-05,0.0,0.0,0.000276993668012569,-0.00026543492983506967,-0.0002864217525996226,-5.0489864935484696e-05,0.0
2025-12-25,0.0,0.0,0.0,0.0,0.0,-0.00043755293347139763,0.0,-0.0006873389663021774,0.0,0.0,0.0,0.0,-1.0185041581471452e-05,0.0,0.0,-0.00040980337629063367,0.0,-4.313488869298931e-05,0.0,0.0,0.0,0.0,0.0,0.0,0.0,-0.00043755293347139763,0.0,-0.0006873389663021774,0.0,0.0,0.0,0.0,0.0,0.0,0.0,0.0,0.0,0.0,0.0,-5.092520790735726e-06,0.0,0.0,0.0
2025-12-26,0.0,0.0,0.0004571834265647589,0.0004571834265647589,0.0,-0.0023824401632957957,-0.0002776505027429323,-0.0010013923034480601,0.00025390826843615846,0.0,-0.002601654427032812,-0.002057107146233521,-0.0005575814442236524,-0.0005503873253418854,0.0,-0.0023843643341869723,-0.0006204180346019617,-0.0007977047537858813,-0.0005561629787957141,0.0,0.0,0.0,0.0004571834265647589,0.0004571834265647589,0.0,-0.0023824401632957957,-0.0002776505027429323,-0.0010013923034480601,0.00025390826843615846,0.0,0.0,-0.0004961357350171334,-0.0020606601757900173,-0.0004771729607098301,-0.00045557205510444706,-0.00045557205510444706,0.0,0.0,0.0004571834265647589,-0.0005539843847827689,-0.0012689165682499236,-0.00045557205510444706,0.0
2025-12-29,0.0,0.0,0.0012193843994912695,0.0027612878272834105,0.0,-0.00019057604136381258,0.0017762411856050097,0.0015383318027731654,0.003160170561207643,0.0,0.0017494386434491935,0.00206460459360705,-0.0025466454886002594,-0.0025466454886002594,0.0,0.0034410938490450366,0.004800069746872079,-0.002235352953600098,-0.0020449002440045905,0.0,0.0,0.0,0.0012193843994912695,0.0027612878272834105,0.0,-0.00019057604136381258,0.0017762411856050097,0.0015383318027731654,0.003160170561207643,0.0,0.0,-0.0026602742581115263,0.0027612878272834105,0.0027612878272834105,-0.0026319012655194704,-0.002556263183740056,0.0,0.0,0.00199033611338734,-0.0025466454886002594,0.0027612878272834105,-0.0025940822246297633,0.0
2025-12-30,0.0,0.0,-0.005530211147466267,-0.003965960130980306,0.0,-0.0011377839666508367,-0.0003896957624836982,-0.005460739583763235,-0.004317507594504608,0.0,0.0006073553311498536,0.0013645494390530167,-0.0037672782324382637,-0.003735859209408058,0.0,-0.0017878527591731613,-0.001179758225329372,-0.004212913338271174,-0.0041622427007119165,0.0,0.0,0.0,-0.005530211147466267,-0.003965960130980306,0.0,-0.0011377839666508367,-0.0003896957624836982,-0.005460739583763235,-0.004317507594504608,0.0,0.0,-0.00383359089687002,0.0037976816077620783,0.0037976816077620783,-0.003798338465565573,-0.003798338465565573,0.0,0.0,-0.004748085639223286,-0.003751568720923161,0.0037976816077620783,-0.003798338465565573,0.0
2025-12-31,0.0,0.0,0.004388401661576075,0.004388401661576075,0.0,-0.0016044916142392994,-0.0015302369841510926,0.0005972527014643536,0.001287487767149161,0.0,-0.0045905678833442435,-0.004473148005062232,-0.0044042062715259934,-0.0043345168924147194,0.0,0.0001810313395241568,0.0002536790355179123,-0.004293062628478543,-0.004195831379611729,0.0,0.0,0.0,0.004388401661576075,0.004388401661576075,0.0,-0.0016044916142392994,-0.0015302369841510926,0.0005972527014643536,0.001287487767149161,0.0,0.0,-0.0042994760414776225,0.004311932029216281,0.004311932029216281,-0.004241484553778672,-0.004241484553778672,0.0,0.0,0.004388401661576075,-0.004369361581970356,0.004311932029216281,-0.004241484553778672,0.0
2026-01-01,0.0,0.0,0.0,0.0,0.0,-0.00011882250550388298,0.0,-0.0005775448004005431,0.0,0.0,-6.915926575728577e-05,0.0,-9.787552868461139e-06,0.0,0.0,-0.00029465058573114504,0.0,-0.0009360970487349947,0.0,0.0,0.0,0.0,0.0,0.0,0.0,-0.00011882250550388298,0.0,-0.0005775448004005431,0.0,0.0,0.0,-6.30971795605243e-06,0.0,0.0,0.0,0.0,0.0,0.0,0.0,-4.8937764342305695e-06,0.0,0.0,0.0
2026-01-02,0.0,0.0,0.0006535236777917359,0.0006535236777917359,0.0,0.0007804512872071388,0.0008073881028225068,0.000732170461211817,0.0012618695278319625,0.0,0.0019791194057844287,0.0019985164154618473,-0.0007576580115610136,-0.0005315650554443996,0.0,-0.00048403606768137556,-0.0004056262923106268,-0.0012686917270550006,-0.00043119398676777596,0.0,0.0,0.0,0.0006535236777917359,0.0006535236777917359,0.0,0.0007804512872071388,0.0008073881028225068,0.000732170461211817,0.0012618695278319625,0.0,0.0,-0.0006967398457714639,0.00051914089974561,0.0005480632848981641,-0.0005814710605782446,-0.0005814710605782446,0.0,0.0,0.0006535236777917359,-0.0006446115335027067,0.000533602092321887,-0.0005814710605782446,0.0
2026-01-05,0.0,0.0,-0.0037908248821045577,-0.00377613432785153,0.0,-0.005833811866435499,-0.0054314583163933335,-0.0067082170098663385,-0.00573963150064629,0.0,-0.007025715312853455,-0.005370372323919006,0.00017026753864095192,0.0020389759916856405,0.0,-0.005834042208167934,-0.00533729933848472,-0.008559500487365325,-0.008201048156511046,0.0,0.0,0.0,-0.0037908248821045577,-0.00377613432785153,0.0,-0.005833811866435499,-0.0054314583163933335,-0.0067082170098663385,-0.00573963150064629,0.0,0.0,0.003834149174739228,-0.00377613432785153,-0.00377613432785153,0.0036485305933202953,0.0036485305933202953,0.0,0.0,-0.003783479604978044,0.001104621765163296,-0.00377613432785153,0.0036485305933202953,0.0
2026-01-06,0.0,0.0,0.005469565951338522,0.005473040281514091,0.0,-0.0030100080795373374,-0.0028267715096000306,-0.003198917266839841,-0.002838001128218042,0.0,0.002909600146861788,0.003473183697434356,0.005700549861749631,0.005711573478650538,0.0,-0.003262880053725822,-0.003093247364690827,-0.0007714490118747947,-0.0005011564561687895,0.0,0.0,0.0,0.005469565951338522,0.005473040281514091,0.0,-0.0030100080795373374,-0.0028267715096000306,-0.003198917266839841,-0.002838001128218042,0.0,0.0,-0.005661872768316646,0.005330370449960713,0.005330370449960713,-0.005059533520794522,-0.005059533520794522,0.0,0.0,0.005471303116426306,0.005706061670200085,0.005330370449960713,-0.005059533520794522,0.0
2026-01-07,0.0,0.0,0.005157054111120012,0.005175337396620247,0.0,-0.0023413169077424285,-0.0023413169077424285,-0.004876665293112787,-0.004345651165189566,0.0,0.0020020220808005655,0.002826043429152041,0.005439715364609354,0.0054677385195267955,0.0,-0.0021875427778509553,-0.0020513100188548584,-0.0021107565023877643,-0.0013048781842502392,0.0,0.0,0.0,0.005157054111120012,0.005175337396620247,0.0,-0.0023413169077424285,-0.0023413169077424285,-0.004876665293112787,-0.004345651165189566,0.0,0.0,-0.005238520354421207,0.005082151365596555,0.005082151365596555,-0.004918237920087533,-0.004918237920087533,0.0,0.0,0.00516619575387013,0.0054537269420680745,0.005082151365596555,-0.004918237920087533,0.0
2026-01-08,0.0,0.0,0.0037261103083183955,0.0037518216403770927,0.0,0.0024721753377042496,0.002613782248738239,0.00277387591516037,0.0035179533166625554,0.0,-0.001411280138827794,2.4699658503871266e-05,0.00396362996149504,0.0039983960954930176,0.0,0.0024104264223155157,0.002759366216937887,0.004499575810423471,0.004683165314454787,0.0,0.0,0.0,0.0037261103083183955,0.0037518216403770927,0.0,0.0024721753377042496,0.002613782248738239,0.00277387591516037,0.0035179533166625554,0.0,0.0,-0.0055604259312227716,0.0036173478903358722,0.0036173478903358722,-0.0034973888792204284,-0.0034973888792204284,0.0,0.0,0.003738965974347744,0.003981013028494029,0.0036173478903358722,-0.0034973888792204284,0.0
2026-01-09,0.0,0.0,0.006265484998175478,0.006265484998175478,0.0,-0.0025065433326170884,-0.0025065433326170884,0.004727161936674705,0.004892166117326831,0.0,-0.000754848458930722,-0.0006346200066772786,0.006119438054853232,0.006217157038879917,0.0,-0.003251103397786208,-0.0030701828554614953,0.004810704099386386,0.0050125804636436296,0.0,0.0,0.0,0.006265484998175478,0.006265484998175478,0.0,-0.0025065433326170884,-0.0025065433326170884,0.004727161936674705,0.004892166117326831,0.0,0.0,0.006378903814815509,0.0058900708367930635,0.005953936252722924,-0.005740167696942656,-0.005740167696942656,0.0,0.0,0.006265484998175478,0.006168297546866574,0.005922003544757994,-0.005740167696942656,0.0
2026-01-12,0.0,0.0,-0.00819778539570186,-0.00819778539570186,0.0,-0.0015961333643415246,-0.0015752002180867682,-0.00904674774361234,-0.008598250758116958,0.0,-0.003205168445386676,-0.00319153657011487,-0.008262714043982095,-0.008259215758743794,0.0,-0.0014875439869137703,-0.0013549328152364852,-0.009845742766701403,-0.009205678147580216,0.0,0.0,0.0,-0.00819778539570186,-0.00819778539570186,0.0,-0.0015961333643415246,-0.0015752002180867682,-0.00904674774361234,-0.008598250758116958,0.0,0.0,-0.008285589393986725,-0.00819778539570186,-0.00819778539570186,0.007530680509516211,0.007530680509516211,0.0,0.0,-0.00819778539570186,-0.008260964901362945,-0.00819778539570186,0.007530680509516211,0.0
2026-01-13,0.0,0.0,0.008643997268637946,0.008643997268637946,0.0,0.001615363021357916,0.0017211467112195839,0.006400491815560978,0.006683323865535119,0.0,0.0028179599616257895,0.002973433901609183,0.00877790080173091,0.008841156396795065,0.0,0.0016061915621052678,0.0018679372323185536,0.006851066951702041,0.007556116138199705,0.0,0.0,0.0,0.008643997268637946,0.008643997268637946,0.0,0.001615363021357916,0.0017211467112195839,0.006400491815560978,0.006683323865535119,0.0,0.0,0.008778431009338245,0.008643997268637946,0.008643997268637946,-0.00779781545972946,-0.00779781545972946,0.0,0.0,0.008643997268637946,0.008809528599262989,0.008643997268637946,-0.00779781545972946,0.0
2026-01-14,0.0,0.0,-0.0035308606964599316,-0.0035308606964599316,0.0,0.0012714277385159154,0.0012774053291396176,0.0001729270554145221,0.0004204600172847874,0.0,-0.0012795125784686345,-0.0004646032838578624,-0.0035857018891129974,-0.003574310275525348,0.0,0.001317588577407016,0.0013299882620911117,0.001009034130060154,0.0016992171869877851,0.0,0.0,0.0,-0.0035308606964599316,-0.0035308606964599316,0.0,0.0012714277385159154,0.0012774053291396176,0.0001729270554145221,0.0004204600172847874,0.0,0.0,-0.0035786921756552157,-0.0035308606964599316,-0.0035308606964599316,0.0031367611547323164,0.0031367611547323164,0.0,0.0,-0.0035308606964599316,-0.003580006082319173,-0.0035308606964599316,0.0031367611547323164,0.0
2026-01-15,0.0,0.0,0.005946017761752674,0.005946017761752674,0.0,-0.0007213366408636684,-0.0006471233361314365,-0.0016034858289137362,-0.000916097091805989,0.0,0.0021323102878345887,0.003204559493966176,0.004322491382163712,0.0061720914495515065,0.0,-0.0007433815379275452,-0.0005842717716215977,-0.007032630667578124,-0.006216101534540402,0.0,0.0,0.0,0.005946017761752674,0.005946017761752674,0.0,-0.0007213366408636684,-0.0006471233361314365,-0.0016034858289137362,-0.000916097091805989,0.0,0.0,0.005929329872627921,0.005946017761752674,0.005946017761752674,-0.005201713162030551,-0.005201713162030551,0.0,0.0,0.005946017761752674,0.005247291415857609,0.005946017761752674,-0.005201713162030551,0.0
2026-01-16,0.0,0.0,0.0007586318346357996,0.0007586318346357996,0.0,0.00038831360351650835,0.0004886602179881546,0.0007494785959817977,0.0010950151114203855,0.0,-0.004794962940520061,-0.004413832001378089,-0.0008769237495743508,-0.0008769237495743508,0.0,0.0002426491644697142,0.00036020269245989574,-0.0007910001412871982,-0.0007910001412871982,0.0,0.0,0.0,0.0007586318346357996,0.0007586318346357996,0.0,0.00038831360351650835,0.0004886602179881546,0.0007494785959817977,0.0010950151114203855,0.0,0.0,-0.0012038313381140917,0.0007586318346357996,0.0007586318346357996,-0.000795724167968571,-0.000795724167968571,0.0,0.0,0.0007586318346357996,-0.0008769237495743508,0.0007586318346357996,-0.000795724167968571,0.0
2026-01-19,0.0,0.0,-0.011677960679027218,-0.009755305240441174,0.0,-0.001070150901257611,-0.0010552906436925348,-0.005678515088203934,-0.00455007256681226,0.0,0.006984946478767612,0.007992866439011096,0.009809813846968352,0.009809813846968352,0.0,-0.0004255451435649642,-0.0002461558997801998,0.009662056801130239,0.009734292002204194,0.0,0.0,0.0,-0.011677960679027218,-0.009755305240441174,0.0,-0.001070150901257611,-0.0010552906436925348,-0.005678515088203934,-0.00455007256681226,0.0,0.0,0.00992900514710769,-0.009755305240441174,-0.009755305240441174,0.008922301441920721,0.008922301441920721,0.0,0.0,-0.010716632959734197,0.009809813846968352,-0.009755305240441174,0.008922301441920721,0.0
2026-01-20,0.0,0.0,0.011858656916860158,0.01189749371157722,0.0,-0.0023137972984558766,-0.0019073227239764681,0.01049260933147514,0.01089042592744685,0.0,0.005144122188028969,0.00516884736920337,0.012168832419840308,0.012202866406793038,0.0,0.003800172967841051,0.004388389746563301,0.011993304457355454,0.01206400517194894,0.0,0.0,0.0,0.011858656916860158,0.01189749371157722,0.0,-0.0023137972984558766,-0.0019073227239764681,0.01049260933147514,0.01089042592744685,0.0,0.0,0.012295553823950603,-0.012267761164606808,-0.012267761164606808,0.010870993489502455,0.010870993489502455,0.0,0.0,0.01187807531421869,0.012185849413316673,-0.012267761164606808,0.010870993489502455,0.0
2026-01-21,0.0,0.0,-0.0009987475470238296,-0.0009854822389149752,0.0,0.0025425159589384525,0.0027993199956912506,-0.0009034608930436243,-0.0007979270809579991,0.0,-0.005290220714428135,-0.004827493783510332,-0.001112321614133403,-0.0010992357212310318,0.0,-0.002929512292271908,-0.0025597976966286367,-0.0010580761645346587,-0.0010500807167565223,0.0,0.0,0.0,-0.0009987475470238296,-0.0009854822389149752,0.0,0.0025425159589384525,0.0027993199956912506,-0.0009034608930436243,-0.0007979270809579991,0.0,0.0,-0.0009526926859669868,0.0018376806532127898,0.0018376806532127898,-0.001420399622604436,-0.001420399622604436,0.0,0.0,-0.0009921148929694025,-0.0011057786676822174,0.0018376806532127898,-0.001420399622604436,0.0
2026-01-22,0.0,0.0,0.01669751216320355,0.016778354693339305,0.0,-0.005548996213893428,-0.0032458742891226886,0.016829017954061547,0.017095275004303086,0.0,-0.0067745338665437934,-0.00633430029969834,0.016927110531157995,0.017110717588912285,0.0,-0.003520330598639023,-0.002044726290416309,0.016740246553835356,0.016900875121950716,0.0,0.0,0.0,0.01669751216320355,0.016778354693339305,0.0,-0.005548996213893428,-0.0032458742891226886,0.016829017954061547,0.017095275004303086,0.0,0.0,0.017063750678397323,-0.017801191868272677,-0.017801191868272677,0.016237933376496344,0.016237933376496344,0.0,0.0,0.01673793342827143,0.01701891406003514,-0.017801191868272677,0.016237933376496344,0.0
2026-01-23,0.0,0.0,0.018549238469088885,0.018597880993815256,0.0,-0.008410365236729415,-0.006089397855691189,0.017582757582662603,0.017710585900557192,0.0,0.0008306680800065406,0.0028044298094033644,0.021061710081965383,0.021157137324708548,0.0,-0.0001240312153963025,0.0020377217599066096,0.0204507350403127,0.020522525281465136,0.0,0.0,0.0,0.018549238469088885,0.018597880993815256,0.0,-0.008410365236729415,-0.006089397855691189,0.017582757582662603,0.017710585900557192,0.0,0.0,0.0188117631343722,-0.02186075975792244,-0.02015904595471106,0.018215743216699207,0.018215743216699207,0.0,0.0,0.01857355973145207,0.021109423703336967,-0.02100990285631675,0.018215743216699207,0.0
2026-01-26,0.0,0.0,0.003477168907361887,0.004977457813771264,0.0,-0.007715893811589578,-0.005372226881340672,0.0032495438888178506,0.004743222884719491,0.0,-0.006539992597292132,-0.004650136649325827,0.0032860622731695193,0.0048046133327364245,0.0,-0.011588613704196006,-0.009530371933702432,0.004590919670005896,0.004845988366540721,0.0,0.0,0.0,0.003477168907361887,0.004977457813771264,0.0,-0.007715893811589578,-0.005372226881340672,0.0032495438888178506,0.004743222884719491,0.0,0.0,0.0034688077918245464,0.004977457813771264,0.004977457813771264,0.004338331630310396,0.005903419044624217,0.0,0.0,0.004227313360566576,0.004045337802952972,0.004977457813771264,0.005120875337467306,0.0
2026-01-27,0.0,0.0,-0.027876436257363277,-0.027707675288661346,0.0,0.0017146713544011782,0.0025251132978856786,-0.02791587453487127,-0.027743706329664303,0.0,-0.009013664194038805,-0.008404951367905849,-0.02807909546202196,-0.027581346531066784,0.0,-0.0074632901408153976,-0.006533585875216978,0.02573233461517739,0.027129464268762553,0.0,0.0,0.0,-0.027876436257363277,-0.027707675288661346,0.0,0.0017146713544011782,0.0025251132978856786,-0.02791587453487127,-0.027743706329664303,0.0,0.0,-0.027876436257363277,0.02808810602567085,0.02808810602567085,-0.027707675288661353,-0.027707675288661353,0.0,0.0,-0.02779205577301231,-0.02783022099654437,0.02808810602567085,-0.027707675288661353,0.0
2026-01-28,0.0,0.0,0.003911557542432319,0.003911557542432319,0.0,0.004965965214303887,0.006376087247966705,0.003974074435333017,0.003974074435333017,0.0,-0.005549388049908191,-0.005213705962116542,-0.005661866615304862,-0.004565177795854125,0.0,-0.00556856058601135,-0.005245257977001679,-0.006767018022067441,-0.005693035637197735,0.0,0.0,0.0,0.003911557542432319,0.003911557542432319,0.0,0.004965965214303887,0.006376087247966705,0.003974074435333017,0.003974074435333017,0.0,0.0,0.00391155754243232,-0.0054482041135019785,-0.0054482041135019785,0.0053665580691515365,0.0053665580691515365,0.0,0.0,0.003911557542432319,-0.005113522205579493,-0.0054482041135019785,0.0053665580691515365,0.0
2026-01-29,0.0,0.0,-0.004738809678900852,-0.004738809678900852,0.0,0.005647315233117036,0.006050102642015672,-0.005958480110896772,-0.004734785781434566,0.0,-0.006025528719698591,-0.005828683326586811,0.001280142113175197,0.0013495711073131262,0.0,-0.005711070798779824,-0.005636815271646726,0.0017931062963444538,0.0018337244051757212,0.0,0.0,0.0,-0.004738809678900852,-0.004738809678900852,0.0,0.005647315233117036,0.006050102642015672,-0.005958480110896772,-0.004734785781434566,0.0,0.0,-0.005907583694777873,0.006223652138029423,0.006223652138029423,-0.006107852377986936,-0.006107852377986936,0.0,0.0,-0.004738809678900852,0.0013148566102441617,0.006223652138029423,-0.006107852377986936,0.0
2026-01-30,0.0,0.0,0.016590223321329377,0.016622660871747724,0.0,-0.0010344712815958845,-0.0007010275494603348,-0.0083776891978779,-0.007244497336841299,0.0,0.0076430296037875555,0.007988061803632554,-0.007144895176200516,-0.006972027125895767,0.0,0.008256642005101254,0.008847470094508984,-0.007824364936190932,-0.007599715446792435,0.0,0.0,0.0,0.016590223321329377,0.016622660871747724,0.0,-0.0010344712815958845,-0.0007010275494603348,-0.0083776891978779,-0.007244497336841299,0.0,0.0,-0.01682738843446732,-0.022455029305743508,-0.02115767702911695,0.020845631298105752,0.020845631298105752,0.0,0.0,0.01660644209653855,-0.007058461151048141,-0.02180635316743023,0.020845631298105752,0.0
2026-02-02,0.0,0.0,0.006850108515507909,0.006850108515507909,0.0,-0.0062955374716428284,-0.004004074446711615,0.005727423350863408,0.005976777288047874,0.0,0.005944745634478281,0.006878349034119777,6.791026434989139e-05,0.0007924856873698237,0.0,0.005278904994067837,0.005636491330663621,-0.0021407707234405255,-0.0012435082864250993,0.0,0.0,0.0,0.006850108515507909,0.006850108515507909,0.0,-0.0062955374716428284,-0.004004074446711615,0.005727423350863408,0.005976777288047874,0.0,0.0,-0.008029597995584142,0.006850108515507909,0.006850108515507909,0.00949501659942175,0.00949501659942175,0.0,0.0,0.006850108515507909,0.00043019797585985755,0.006850108515507909,0.00949501659942175,0.0
2026-02-03,0.0,0.0,-0.007029729935622101,-0.007023928185867082,0.0,0.0034889183795759242,0.0034889183795759242,-0.007039023408687245,-0.006696109800009355,0.0,0.00829971873718492,0.010114056658740109,-0.00520728941174318,-0.004718414084505222,0.0,-0.0007871263772503683,-0.0001344510655454978,-0.0048363858754766,-0.00453131450955754,0.0,0.0,0.0,-0.007029729935622101,-0.007023928185867082,0.0,0.0034889183795759242,0.0034889183795759242,-0.007039023408687245,-0.006696109800009355,0.0,0.0,-0.007907719098136267,-0.007023928185867082,-0.007023928185867082,-0.00927714350580979,-0.00927714350580979,0.0,0.0,-0.007026829060744592,-0.004962851748124201,-0.007023928185867082,-0.00927714350580979,0.0
2026-02-04,0.0,0.0,0.0056402202764681535,0.0056402202764681535,0.0,-0.0016463571667788236,-0.0016333800838081165,0.004737224573453139,0.004971449446876562,0.0,-0.001354672918140415,-0.0001516508982187621,-0.0016211126935049484,-0.000861129443985186,0.0,0.0002710991657634032,0.00034040792366083535,-0.0026600817915880494,-0.0024384988597246754,0.0,0.0,0.0,0.0056402202764681535,0.0056402202764681535,0.0,-0.0016463571667788236,-0.0016333800838081165,0.004737224573453139,0.004971449446876562,0.0,0.0,-0.0056221649672711866,0.005722814363701733,0.005722814363701733,0.007317621371218108,0.007317621371218108,0.0,0.0,0.0056402202764681535,-0.0012411210687450673,0.005722814363701733,0.007317621371218108,0.0
2026-02-05,0.0,0.0,0.008090320503777726,0.009173010603899811,0.0,-0.004947139188750259,-0.004875614985627311,0.007628797231151069,0.00872057107406016,0.0,0.006331019184446728,0.006836220935187754,0.007540170998627209,0.008436762115168006,0.0,-0.002856389068510625,-0.0008664033811103231,-0.004997831606766646,-0.003004932005828961,0.0,0.0,0.0,0.008090320503777726,0.009173010603899811,0.0,-0.004947139188750259,-0.004875614985627311,0.007628797231151069,0.00872057107406016,0.0,0.0,-0.009204796969526035,0.009429739405665735,0.009429739405665735,0.012259192542330866,0.012259192542330866,0.0,0.0,0.008631665553838768,0.007988466556897608,0.009429739405665735,0.012259192542330866,0.0
2026-02-06,0.0,0.0,0.007640580639800771,0.007640580639800771,0.0,0.0054748989594704135,0.005603676323868389,0.00795843711204084,0.007992278149468535,0.0,0.00039045130959181404,0.0005964949421385284,0.0036726377873878245,0.0037650055955427133,0.0,-7.617192483277583e-05,0.00017848582500616363,0.004107900920180091,0.004377191400348359,0.0,0.0,0.0,0.007640580639800771,0.007640580639800771,0.0,0.0054748989594704135,0.005603676323868389,0.00795843711204084,0.007992278149468535,0.0,0.0,0.007871439643370486,-0.009520677790697015,-0.008432120708440531,-0.01081472408041041,-0.01081472408041041,0.0,0.0,0.007640580639800771,0.003718821691465269,-0.008976399249568773,-0.01081472408041041,0.0
2026-02-09,0.0,0.0,0.013064942496098499,0.013069131082871029,0.0,-0.0015708677019482247,-0.0012436845871359524,0.0131091515814767,0.013163486170630144,0.0,0.008802168155468299,0.009049490500202158,0.014676989442918216,0.015323260214511936,0.0,0.00774352506489733,0.00812561695207557,0.01381527280070972,0.0145342260163844,0.0,0.0,0.0,0.013064942496098499,0.013069131082871029,0.0,-0.0015708677019482247,-0.0012436845871359524,0.0131091515814767,0.013163486170630144,0.0,0.0,0.013041974191824233,0.013069131082871029,0.013069131082871029,-0.01843105881043917,-0.01843105881043917,0.0,0.0,0.013067036789484763,0.015000124828715076,0.013069131082871029,-0.01843105881043917,0.0
2026-02-10,0.0,0.0,0.0002698601346178989,0.0002698601346178989,0.0,-0.007395827337910672,-0.007378361452296128,-0.0004997453439959907,-0.00047749769097604245,0.0,0.007221961913252174,0.007221961913252174,0.0031728819792077373,0.0038484793751369763,0.0,0.006798655161604683,0.006917719765044508,0.0017768811250750331,0.0017959790841450365,0.0,0.0,0.0,0.0002698601346178989,0.0002698601346178989,0.0,-0.007395827337910672,-0.007378361452296128,-0.0004997453439959907,-0.00047749769097604245,0.0,0.0,0.0002544973655639979,0.00022374343023083651,0.00022374343023083651,-0.0002380167169365201,-0.0002380167169365201,0.0,0.0,0.0002698601346178989,0.0035106806771723568,0.00022374343023083651,-0.0002380167169365201,0.0
2026-02-11,0.0,0.0,-0.0007291498587421365,0.000295593739729154,0.0,-0.0023884579504701497,-0.0012092478528711913,-0.0007738990205788944,0.00023303553644721348,0.0,0.0033679826572594433,0.0033679826572594433,0.001935266396486586,0.003205718294950761,0.0,0.003590492470773764,0.003604769662969228,0.0006573579670661677,0.0009087456984982655,0.0,0.0,0.0,-0.0007291498587421365,0.000295593739729154,0.0,-0.0023884579504701497,-0.0012092478528711913,-0.0007738990205788944,0.00023303553644721348,0.0,0.0,-0.0006897846087369808,0.00042880046391878833,0.00042880046391878833,-0.0003315478555981988,-0.0003315478555981988,0.0,0.0,-0.0002167780595064913,0.0025704923457186735,0.00042880046391878833,-0.0003315478555981988,0.0
2026-02-12,0.0,0.0,0.002018893261288922,0.002018893261288922,0.0,-0.010274703968782401,-0.008806609026519252,0.001992932897939486,0.0020018111168199184,0.0,-0.00136310096168639,-0.0013090379960387227,0.001887252391498807,0.001887252391498807,0.0,-0.0022583342791342295,-0.0021299049900291326,0.001730761920699213,0.001744012894725993,0.0,0.0,0.0,0.002018893261288922,0.002018893261288922,0.0,-0.010274703968782401,-0.008806609026519252,0.001992932897939486,0.0020018111168199184,0.0,0.0,0.002018893261288921,-0.0021347510021501766,-0.0021347510021501766,0.0034166671512820823,0.0034166671512820823,0.0,0.0,0.002018893261288922,0.001887252391498807,-0.0021347510021501766,0.0034166671512820823,0.0
2026-02-13,0.0,0.0,-0.0004547135961795208,-0.0004547135961795208,0.0,-0.0008405394963937544,-0.00033227669268758844,-0.0004998314057663149,-0.00048037774342748124,0.0,-0.0030356482093930087,-0.002578102135354602,-0.0008824355088414183,-0.0008515071756160427,0.0,-0.0028226797044231832,-0.002636650909704636,-0.0009234081583360769,-0.0009142891779101605,0.0,0.0,0.0,-0.0004547135961795208,-0.0004547135961795208,0.0,-0.0008405394963937544,-0.00033227669268758844,-0.0004998314057663149,-0.00048037774342748124,0.0,0.0,-0.0014933708653860076,-0.0006209919835601337,0.00041403243228861175,-0.0005379074117676885,-0.0005379074117676885,0.0,0.0,-0.0004547135961795208,-0.0008669713422287305,-0.00010347977563576099,-0.0005379074117676885,0.0
2026-02-16,0.0,0.0,0.0013401126156889383,0.0024070286203988285,0.0,-0.00010070982416663776,0.002031887910967957,0.0015931226972326618,0.0026976350824189,0.0,-0.003949587628555546,-0.0031745621550217395,0.0017815198629771425,0.002070257131168592,0.0,-0.002627379058547592,-0.002104098422909586,0.0021463224820486085,0.0022110414383019095,0.0,0.0,0.0,0.0013401126156889383,0.0024070286203988285,0.0,-0.00010070982416663776,0.002031887910967957,0.0015931226972326618,0.0026976350824189,0.0,0.0,-0.002501645570587459,0.0024070286203988285,0.0024070286203988285,0.003162903960480392,0.003162903960480392,0.0,0.0,0.0018735706180438834,0.0019258884970728672,0.0024070286203988285,0.003162903960480392,0.0
2026-02-17,0.0,0.0,-0.0008063042688728381,-0.0008063042688728381,0.0,0.00043012391330236963,0.00043012391330236963,-0.0009407742785626548,-0.0007738519955232713,0.0,0.0027728261139797527,0.0027990358440635552,0.0015011713820022707,0.0015530537139176643,0.0,0.003812612469773998,0.003929597813998646,0.0016341413603219639,0.0016373209804611862,0.0,0.0,0.0,-0.0008063042688728381,-0.0008063042688728381,0.0,0.00043012391330236963,0.00043012391330236963,-0.0009407742785626548,-0.0007738519955232713,0.0,0.0,-0.0007939160219224419,0.0007566414390995061,0.0007566414390995061,0.0011040949112432576,0.0011040949112432576,0.0,0.0,-0.0008063042688728381,0.0015271125479599675,0.0007566414390995061,0.0011040949112432576,0.0
2026-02-18,0.0,0.0,-0.010546839812074722,-0.009389124374078676,0.0,0.004232077453428502,0.004268623960291058,-0.008957596355171925,-0.008413520759941822,0.0,0.0007622215271518465,0.000882643625638065,0.010117558505848714,0.010263402724838458,0.0,0.0004978255576477585,0.0012031794115873917,0.009442004547497754,0.00976223203638544,0.0,0.0,0.0,-0.010546839812074722,-0.009389124374078676,0.0,0.004232077453428502,0.004268623960291058,-0.008957596355171925,-0.008413520759941822,0.0,0.0,-0.009275385722770722,0.008955150620306395,0.008955150620306395,0.011933262759798547,0.011933262759798547,0.0,0.0,-0.0099679820930767,0.010190480615343587,0.008955150620306395,0.011933262759798547,0.0
2026-02-19,0.0,0.0,0.0010493695043940435,0.0010493695043940435,0.0,0.0004811143908992806,0.0004811143908992806,-0.001070131589454632,-0.0010482534118753629,0.0,0.0011463437308734954,0.0017848225488604666,0.00133919459821527,0.001550065233590363,0.0,0.0012274345548609917,0.0017785580540589404,0.001301053779907476,0.001561044506594206,0.0,0.0,0.0,0.0010493695043940435,0.0010493695043940435,0.0,0.0004811143908992806,0.0004811143908992806,-0.001070131589454632,-0.0010482534118753629,0.0,0.0,-0.0010226988860819446,0.0009340166759081254,0.0009340166759081254,0.0013039241074670447,0.0013039241074670447,0.0,0.0,0.0010493695043940435,0.0014446299159028165,0.0009340166759081254,0.0013039241074670447,0.0
2026-02-20,0.0,0.0,-0.0012229679137628908,-0.0012229679137628908,0.0,-0.0015152496567674859,-0.0015152496567674859,-2.972552967033685e-05,8.024463977053002e-05,0.0,0.0020546794103342278,0.002167182770744532,-0.0007394305216183302,-0.0007266997071200151,0.0,-0.0005847021477689267,0.0003053480818814869,-0.001547606043192935,-0.0012324913168423423,0.0,0.0,0.0,-0.0012229679137628908,-0.0012229679137628908,0.0,-0.0015152496567674859,-0.0015152496567674859,-2.972552967033685e-05,8.024463977053002e-05,0.0,0.0,0.0012013564570572523,-0.0012031920728835853,-0.0011632114037886288,-0.0018633206558711654,-0.0018633206558711654,0.0,0.0,-0.0012229679137628908,-0.0007330651143691726,-0.001183201738336107,-0.0018633206558711654,0.0
2026-02-23,0.0,0.0,0.001089528016770873,0.001089528016770873,0.0,0.0001426432046080012,0.0001426432046080012,-0.0011181134317102093,-0.0006330643813126606,0.0,-0.0037220225761582654,-0.0031900147442207325,5.2225327897503944e-05,0.0002169752185536494,0.0,-0.0002412647988735899,0.00012827185178253874,0.001040012282793529,0.0013856180617583703,0.0,0.0,0.0,0.001089528016770873,0.001089528016770873,0.0,0.0001426432046080012,0.0001426432046080012,-0.0011181134317102093,-0.0006330643813126606,0.0,0.0,-0.0010638896314334838,0.001089528016770873,0.001089528016770873,0.0003950865046667511,0.0018576360713405738,0.0,0.0,0.001089528016770873,0.00013460027322557668,0.001089528016770873,0.0011263612880036624,0.0
2026-02-24,0.0,0.0,0.0010411678234659935,0.0010411678234659935,0.0,-0.001996732425920002,-0.001996732425920002,-0.0023569111479263185,-0.0023569111479263185,0.0,0.006616223085089998,0.006734007131219713,0.0018550487908303992,0.0018624813532163434,0.0,-0.0010808717505912482,-0.0009434763692992475,0.0006284049628602127,0.0007173792865694023,0.0,0.0,0.0,0.0010411678234659935,0.0010411678234659935,0.0,-0.001996732425920002,-0.001996732425920002,-0.0023569111479263185,-0.0023569111479263185,0.0,0.0,-0.0010608741192013077,0.0010411678234659935,0.0010411678234659935,-0.00105987091790999,-0.00105987091790999,0.0,0.0,0.0010411678234659935,0.0018587650720233713,0.0010411678234659935,-0.00105987091790999,0.0
2026-02-25,0.0,0.0,-0.004803597273345664,-0.004791059191197462,0.0,-0.005889667412708127,-0.005712125520898778,-0.0042158330171597706,-0.0039005587597583267,0.0,0.008595398934530747,0.008854745924396314,-0.003947765484874612,-0.003920255801990048,0.0,0.00015479731260958923,0.000405849998214473,-0.005285737510791896,-0.005143535107321478,0.0,0.0,0.0,-0.004803597273345664,-0.004791059191197462,0.0,-0.005889667412708127,-0.005712125520898778,-0.0042158330171597706,-0.0039005587597583267,0.0,0.0,0.004875034459540387,-0.004791059191197462,-0.004791059191197462,0.004733483100798595,0.004733483100798595,0.0,0.0,-0.004797328232271563,-0.00393401064343233,-0.004791059191197462,0.004733483100798595,0.0
2026-02-26,0.0,0.0,0.003172660669733021,0.0031751515162831362,0.0,0.0030023987992085755,0.004190953688865766,-0.000564913142161766,3.8195722946867175e-05,0.0,-0.008102738316871557,-0.007989145946633665,0.002381614933677658,0.0023881730536585953,0.0,-0.005208506422846067,-0.004809279798160446,0.0011144164818021637,0.00136531310681079,0.0,0.0,0.0,0.003172660669733021,0.0031751515162831362,0.0,0.0030023987992085755,0.004190953688865766,-0.000564913142161766,3.8195722946867175e-05,0.0,0.0,-0.0032268778118390543,0.003130673068332609,0.003130673068332609,-0.0030914094038354094,-0.0030914094038354094,0.0,0.0,0.003173906093008079,0.0023848939936681264,0.003130673068332609,-0.0030914094038354094,0.0
2026-02-27,0.0,0.0,-0.003766696953362397,-0.0037329116585745475,0.0,0.0006533270796095991,0.0011220927099640427,0.004528056076500619,0.0049224649112321675,0.0,0.0027972575962046074,0.0030602017899039892,-0.003855683045935799,-0.003839612824991642,0.0,-0.0014444017882995312,-0.0006871700158168615,-0.0043841572720971856,-0.004261099130545659,0.0,0.0,0.0,-0.003766696953362397,-0.0037329116585745475,0.0,0.0006533270796095991,0.0011220927099640427,0.004528056076500619,0.0049224649112321675,0.0,0.0,0.0037169014193006,-0.003569094546343132,-0.0035199543030274404,0.003502512205769715,0.003502512205769715,0.0,0.0,-0.0037498043059684726,-0.0038476479354637204,-0.003544524424685286,0.003502512205769715,0.0
2026-03-02,0.0,0.0,0.012108458219958332,0.01214349209532625,0.0,0.009131788665193761,0.009309020018936302,-0.008029277575847956,-0.00762198603376988,0.0,-0.002800677992061807,-0.0025716391104624314,0.012779902200734865,0.012854246603285484,0.0,0.0013419560184745158,0.0029761405081441344,0.012738324654409036,0.01328118712366302,0.0,0.0,0.0,0.012108458219958332,0.01214349209532625,0.0,0.009131788665193761,0.009309020018936302,-0.008029277575847956,-0.00762198603376988,0.0,0.0,-0.0118878072623281,0.01214349209532625,0.01214349209532625,-0.011369109319912182,-0.011369109319912182,0.0,0.0,0.01212597515764229,0.012817074402010175,0.01214349209532625,-0.011369109319912182,0.0
2026-03-03,0.0,0.0,0.007521620868434761,0.007532761032125884,0.0,0.004155936581331765,0.004543828876251946,-0.007086928394596785,-0.006370772060616206,0.0,-0.006610288624598481,-0.006561413692820585,0.0074230831785981125,0.007446927791770981,0.0,0.0013242717814089203,0.0014493653992322824,0.007153211721170476,0.007200046055474421,0.0,0.0,0.0,0.007521620868434761,0.007532761032125884,0.0,0.004155936581331765,0.004543828876251946,-0.007086928394596785,-0.006370772060616206,0.0,0.0,-0.008788233215600764,0.008053486666062218,0.008053486666062218,-0.007548978186429945,-0.007548978186429945,0.0,0.0,0.007527190950280323,0.007435005485184547,0.008053486666062218,-0.007548978186429945,0.0
2026-03-04,0.0,0.0,-0.006020370770055088,-0.006002086256588916,0.0,4.7908876617735395e-05,0.00012107862321350657,0.005651341548687046,0.0058097748630264135,0.0,0.0005778485185568552,0.0020149943161318303,-0.0066996549561767395,-0.006105331318995384,0.0,0.0032564973540401636,0.003786316100109766,-0.0037977627958817803,-0.0036472114696693586,0.0,0.0,0.0,-0.006020370770055088,-0.006002086256588916,0.0,4.7908876617735395e-05,0.00012107862321350657,0.005651341548687046,0.0058097748630264135,0.0,0.0,-0.0059656188075699595,-0.0061434799812292015,-0.0061434799812292015,0.005716371960799695,0.005716371960799695,0.0,0.0,-0.006011228513322002,-0.006402493137586062,-0.0061434799812292015,0.005716371960799695,0.0
2026-03-05,0.0,0.0,0.005825624382275489,0.005833928621164091,0.0,-0.0002811055336738006,-0.00022940105828349083,-0.004063407909680592,-0.003761696333368647,0.0,0.005076840112946937,0.005353784515484964,0.006598336878374701,0.006666998106067403,0.0,0.0001816498048384399,0.0003827742529736207,0.005776197851088824,0.005822357568710665,0.0,0.0,0.0,0.005825624382275489,0.005833928621164091,0.0,-0.0002811055336738006,-0.00022940105828349083,-0.004063407909680592,-0.003761696333368647,0.0,0.0,0.0059202558152039,0.0060008055190194295,0.0060008055190194295,-0.005619786409382162,-0.005619786409382162,0.0,0.0,0.00582977650171979,0.006632667492221051,0.0060008055190194295,-0.005619786409382162,0.0
2026-03-06,0.0,0.0,-0.007018043832542131,-0.007008480133405105,0.0,0.005037499624900373,0.005037499624900373,0.00577761627632361,0.0062978835099271185,0.0,0.0013968278898601658,0.001404715153174819,-0.0043849002205699995,-0.004099263632458137,0.0,0.008755415637276954,0.008765429119842762,-0.004062410661998197,-0.0038015448885036344,0.0,0.0,0.0,-0.007018043832542131,-0.007008480133405105,0.0,0.005037499624900373,0.005037499624900373,0.00577761627632361,0.0062978835099271185,0.0,0.0,-0.008266199024557611,-0.0069392992776855745,-0.006871199295126486,0.006224995583355861,0.006224995583355861,0.0,0.0,-0.007013261982973618,-0.004242081926514068,-0.00690524928640603,0.006224995583355861,0.0
2026-03-09,0.0,0.0,-0.0032060817120193857,-0.0018839925684159423,0.0,-0.005841649864464128,-0.005748714895261894,-0.0030629080036428404,-0.002594485383608143,0.0,0.0003969317928080205,0.0009134669293042958,-0.0003248329879439301,0.00021950226383307035,0.0,-0.007063116259774363,-0.00663047377291083,-0.005511628922317576,-0.00535912508638703,0.0,0.0,0.0,-0.0032060817120193857,-0.0018839925684159423,0.0,-0.005841649864464128,-0.005748714895261894,-0.0030629080036428404,-0.002594485383608143,0.0,0.0,0.0019137953599226932,-0.0018839925684159423,-0.0018839925684159423,0.001946043572927038,0.001946043572927038,0.0,0.0,-0.002545037140217664,-5.266536205542988e-05,-0.0018839925684159423,0.001946043572927038,0.0
2026-03-10,0.0,0.0,-0.0016346362156102702,-0.0016346362156102702,0.0,0.000569401521687677,0.0005893824735460293,-0.0017777725613899364,-0.0016244517925485848,0.0,-0.0014776880704669049,-0.0004033688763030941,0.0009094281340259959,0.0011686343355325768,0.0,-0.0009249370823245322,-6.14598864717643e-06,0.00041575005827850994,0.0011914540219100898,0.0,0.0,0.0,-0.0016346362156102702,-0.0016346362156102702,0.0,0.000569401521687677,0.0005893824735460293,-0.0017777725613899364,-0.0016244517925485848,0.0,0.0,-0.0015836342556724543,0.0015277480739098025,0.0015277480739098025,-0.0015927108306979913,-0.0015927108306979913,0.0,0.0,-0.0016346362156102702,0.0010390312347792864,0.0015277480739098025,-0.0015927108306979913,0.0
2026-03-11,0.0,0.0,-0.003087991762967238,-0.003087991762967238,0.0,-0.00023353683326763665,-0.00023353683326763665,-0.003131268742784837,-0.003130583678376697,0.0,0.004911234143181023,0.004924923813177202,0.005193278694855685,0.00542333475795469,0.0,-0.0021329599180837516,-0.001389487185290183,0.0013337648899106784,0.0022560418016020975,0.0,0.0,0.0,-0.003087991762967238,-0.003087991762967238,0.0,-0.00023353683326763665,-0.00023353683326763665,-0.003131268742784837,-0.003130583678376697,0.0,0.0,-0.003018778441739366,0.0028773688264642472,0.0028773688264642472,-0.002953594237045324,-0.002953594237045324,0.0,0.0,-0.003087991762967238,0.005308306726405187,0.0028773688264642472,-0.002953594237045324,0.0
2026-03-12,0.0,0.0,-0.00966745201765339,-0.00966745201765339,0.0,0.003496254370639824,0.003543898573609393,-0.00824233430656773,-0.00817057752975735,0.0,-0.0020895647700979454,-0.0019464594660803089,0.010210844094445197,0.010277315899180782,0.0,-0.0003381150683698963,0.0003962983916696778,0.010254372887535758,0.01039993553438364,0.0,0.0,0.0,-0.00966745201765339,-0.00966745201765339,0.0,0.003496254370639824,0.003543898573609393,-0.00824233430656773,-0.00817057752975735,0.0,0.0,-0.009550226676079182,0.00937936191366768,0.00937936191366768,-0.009286323439070515,-0.009286323439070515,0.0,0.0,-0.00966745201765339,0.01024407999681299,0.00937936191366768,-0.009286323439070515,0.0
2026-03-13,0.0,0.0,-0.012866363032447143,-0.01283265808189322,0.0,0.006655633072148068,0.006702099294846679,-0.00914890671676861,-0.009057368140621788,0.0,-0.003739469961768954,-0.0036949534588863195,0.012066951347280747,0.012080658665525502,0.0,-0.0035059152018793917,-0.002833086953958115,0.011893410092477963,0.01201263273510745,0.0,0.0,0.0,-0.012866363032447143,-0.01283265808189322,0.0,0.006655633072148068,0.006702099294846679,-0.00914890671676861,-0.009057368140621788,0.0,0.0,-0.012709727754847494,0.011184462217520433,0.0124553777176007,-0.012247901535508868,-0.012247901535508868,0.0,0.0,-0.012849510557170181,0.012073805006403125,0.011819919967560566,-0.012247901535508868,0.0
2026-03-16,0.0,0.0,0.01078165572572883,0.010788735741538743,0.0,-0.007165398362590533,-0.007077262593805486,0.008626192477575253,0.008751738187053638,0.0,0.0003025803039469144,0.0003066119335524063,-0.0107027085179585,-0.010667730845189967,0.0,0.0018847162186749681,0.0024604920260198936,-0.010164042852647789,-0.009875545411150509,0.0,0.0,0.0,0.01078165572572883,0.010788735741538743,0.0,-0.007165398362590533,-0.007077262593805486,0.008626192477575253,0.008751738187053638,0.0,0.0,0.01065706443854664,0.010788735741538743,0.010788735741538743,0.011054698442911343,0.011054698442911343,0.0,0.0,0.010785195733633787,-0.010685219681574234,0.010788735741538743,0.011054698442911343,0.0
2026-03-17,0.0,0.0,0.0037929264500666184,0.003804313419246974,0.0,-0.0009951827977200116,-0.000985515658859314,0.0034940547698232485,0.003539254153455926,0.0,0.0005656248317818455,0.0014636754995311775,-0.0035623280052469427,-0.0033826467375306455,0.0,-0.0011272638563370966,-0.0004499556479080559,-0.0038751016269179543,-0.0035058595745848554,0.0,0.0,0.0,0.0037929264500666184,0.003804313419246974,0.0,-0.0009951827977200116,-0.000985515658859314,0.0034940547698232485,0.003539254153455926,0.0,0.0,0.003806055793018525,0.003880936236326617,0.003880936236326617,0.003945953417150795,0.003945953417150795,0.0,0.0,0.003798619934656796,-0.003472487371388794,0.003880936236326617,0.003945953417150795,0.0
2026-03-18,0.0,0.0,-0.011783551652708823,-0.010658998298751257,0.0,0.0032785273798174946,0.0032785273798174946,-0.010516135750422331,-0.009792436436833404,0.0,-0.0024062198914831805,-0.001893056943947514,0.010814679361051635,0.01084753769368932,0.0,-0.0017484822506846688,-0.0009796220839226907,0.010736391911302833,0.010791147245685926,0.0,0.0,0.0,-0.011783551652708823,-0.010658998298751257,0.0,0.0032785273798174946,0.0032785273798174946,-0.010516135750422331,-0.009792436436833404,0.0,0.0,-0.010905836089724187,-0.011149023408144023,-0.011149023408144023,-0.011214577326513826,-0.011214577326513826,0.0,0.0,-0.01122127497573004,0.010831108527370478,-0.011149023408144023,-0.011214577326513826,0.0
2026-03-19,0.0,0.0,-0.01282302725321733,-0.012806737834109697,0.0,-0.006487664654880392,-0.0063900842915120114,0.004668958768284448,0.005830421116171852,0.0,-0.015932566276805286,-0.01431212652737635,-0.014048872409670675,-0.013687180507031164,0.0,-0.012147156043773453,-0.010688943741480456,-0.014871642703962192,-0.014231499363365206,0.0,0.0,0.0,-0.01282302725321733,-0.012806737834109697,0.0,-0.006487664654880392,-0.0063900842915120114,0.004668958768284448,0.005830421116171852,0.0,0.0,0.011976701114445909,0.013931675893719695,0.013931675893719695,0.013547214849755924,0.013547214849755924,0.0,0.0,-0.012814882543663513,-0.01386802645835092,0.013931675893719695,0.013547214849755924,0.0
2026-03-20,0.0,0.0,0.005312098295716584,0.005320265828917572,0.0,0.0021355309383533586,0.0021355309383533586,0.005116391087557751,0.005918184038539715,0.0,0.0018300284073097801,0.0020024806028619392,0.005855475217217986,0.006100813289073328,0.0,0.0014858191374264678,0.0016812143211378942,0.006443539425267046,0.006562719270447883,0.0,0.0,0.0,0.005312098295716584,0.005320265828917572,0.0,0.0021355309383533586,0.0021355309383533586,0.005116391087557751,0.005918184038539715,0.0,0.0,0.0052316246314700375,-0.007370404826589757,-0.006275056822685646,-0.00603852484589641,-0.00603852484589641,0.0,0.0,0.005316182062317079,0.005978144253145657,-0.006822730824637702,-0.00603852484589641,0.0
2026-03-23,0.0,0.0,-0.001088407944633451,-0.001041778066695031,0.0,-0.008922769645349308,-0.006733361170918691,-0.009275458848871494,-0.007983680736691447,0.0,0.008837030378670969,0.009042247003002477,0.004050786187736826,0.004319416845388351,0.0,0.008746731929247784,0.009306377888546956,0.0042588015745525405,0.004599552910534602,0.0,0.0,0.0,-0.001088407944633451,-0.001041778066695031,0.0,-0.008922769645349308,-0.006733361170918691,-0.009275458848871494,-0.007983680736691447,0.0,0.0,-0.0011559235241786414,-0.001041778066695031,-0.001041778066695031,0.0015108422913483344,0.0016521968404589003,0.0,0.0,-0.001065093005664241,0.004185101516562588,-0.001041778066695031,0.0015815195659036173,0.0
2026-03-24,0.0,0.0,0.0011939867220820413,0.002202171111596357,0.0,0.00038415757721021885,0.0005746802885277917,0.0010140426789769458,0.001872137482845996,0.0,0.0015241874911393486,0.0015605051630011068,0.0023697177516221126,0.002611837970375532,0.0,0.0014076648878055173,0.0014827189489489722,0.002048264650608725,0.0022914366474339797,0.0,0.0,0.0,0.0011939867220820413,0.002202171111596357,0.0,0.00038415757721021885,0.0005746802885277917,0.0010140426789769458,0.001872137482845996,0.0,0.0,0.0011480346742037484,0.0020438590593012678,0.0020438590593012678,-0.0021751291824655475,-0.0021751291824655475,0.0,0.0,0.0016980789168391992,0.0024907778609988226,0.0020438590593012678,-0.0021751291824655475,0.0
2026-03-25,0.0,0.0,-0.006077138795188102,-0.006077138795188102,0.0,0.0012294163813925394,0.0013966543857099058,-0.005891394629891747,-0.0057586237963058685,0.0,0.0012082631730385,0.001301601597555109,0.004685433995279327,0.0050062477504371605,0.0,0.00040970150730414953,0.0005359502884799011,0.004908289714043273,0.005174717305310433,0.0,0.0,0.0,-0.006077138795188102,-0.006077138795188102,0.0,0.0012294163813925394,0.0013966543857099058,-0.005891394629891747,-0.0057586237963058685,0.0,0.0,-0.006077138795188103,0.005783528448694515,0.005783528448694515,-0.005782073061987022,-0.005782073061987022,0.0,0.0,-0.006077138795188102,0.004845840872858244,0.005783528448694515,-0.005782073061987022,0.0
2026-03-26,0.0,0.0,-0.0061108972328627175,-0.0061108972328627175,0.0,-0.0013160446930636051,-0.0010795493131223156,-0.00704868058741493,-0.0068817670216571245,0.0,0.002403525838015607,0.0027206662274872236,0.0064580589515303875,0.006494239230240466,0.0,0.0009483760339222027,0.0011550911326366278,0.005567632644629879,0.005613382755376495,0.0,0.0,0.0,-0.0061108972328627175,-0.0061108972328627175,0.0,-0.0013160446930636051,-0.0010795493131223156,-0.00704868058741493,-0.0068817670216571245,0.0,0.0,-0.006110897232862718,0.005818280298349022,0.005818280298349022,-0.005807642359635668,-0.005807642359635668,0.0,0.0,-0.0061108972328627175,0.006476149090885427,0.005818280298349022,-0.005807642359635668,0.0
2026-03-27,0.0,0.0,-0.00470331183202792,-0.00470331183202792,0.0,0.003732448625036923,0.004451841733246789,-0.0019596176230710855,-0.0015153039065829617,0.0,-0.0007393887199644976,-0.00042563300480187306,0.004659994917241463,0.004812673254574881,0.0,0.0008256743915025034,0.0012520534027143544,0.004713138708533783,0.004874447510071468,0.0,0.0,0.0,-0.00470331183202792,-0.00470331183202792,0.0,0.003732448625036923,0.004451841733246789,-0.0019596176230710855,-0.0015153039065829617,0.0,0.0,-0.00470331183202792,0.003547725108269261,0.004630402883528277,-0.004531459561966648,-0.004531459561966648,0.0,0.0,-0.00470331183202792,0.004736334085908172,0.004089063995898769,-0.004531459561966648,0.0
2026-03-30,0.0,0.0,-0.004797814759392907,-0.0037029948309746947,0.0,0.0034780748254960485,0.004075092542472452,-0.004233614524821797,-0.003192793561772704,0.0,-0.004888527970950028,-0.004806681152896303,0.0014242426013554,0.0016897167097356413,0.0,-0.0040738482342984415,-0.0037629340816288624,0.0011680817684582476,0.0016689577463703084,0.0,0.0,0.0,-0.004797814759392907,-0.0037029948309746947,0.0,0.0034780748254960485,0.004075092542472452,-0.004233614524821797,-0.003192793561772704,0.0,0.0,-0.004797814759392907,-0.0037029948309746947,-0.0037029948309746947,-0.0035444864098650108,-0.0035444864098650108,0.0,0.0,-0.004250404795183801,0.0015569796555455206,-0.0037029948309746947,-0.0035444864098650108,0.0
2026-03-31,0.0,0.0,-0.005519992209742078,-0.005519992209742078,0.0,-0.004950495548959759,-0.004121022924442552,-0.007014570524029055,-0.006701300283501603,0.0,0.0048424477854221385,0.004904178873183994,-0.002721954428220272,-0.0025939021691912933,0.0,0.0033076032238219164,0.0034704455863112937,-0.0023380566228646807,-0.002008519096600012,0.0,0.0,0.0,-0.005519992209742078,-0.005519992209742078,0.0,-0.004950495548959759,-0.004121022924442552,-0.007014570524029055,-0.006701300283501603,0.0,0.0,-0.00551999220974208,0.005371087009008496,0.005371087009008496,0.005086262792809612,0.005086262792809612,0.0,0.0,-0.005519992209742078,-0.0026579282987057827,0.005371087009008496,0.005086262792809612,0.0
2026-04-01,0.0,0.0,-0.0046887145860333625,-0.0046887145860333625,0.0,-0.00577171837882707,-0.0046932266676755745,-0.006281176536185276,-0.005694083565717434,0.0,0.0014742207344059352,0.0016169112095217107,-0.0021679995963272535,-0.0018392982470573332,0.0,0.001838832210098454,0.002023099432007124,0.0013311226552989216,0.0015074014004860786,0.0,0.0,0.0,-0.0046887145860333625,-0.0046887145860333625,0.0,-0.00577171837882707,-0.0046932266676755745,-0.006281176536185276,-0.005694083565717434,0.0,0.0,-0.005847458888263688,0.0046269961250825645,0.0046269961250825645,0.004407759619867143,0.004407759619867143,0.0,0.0,-0.0046887145860333625,-0.0020036489216922935,0.0046269961250825645,0.004407759619867143,0.0
2026-04-02,0.0,0.0,0.005291576489851815,0.006441912352895712,0.0,0.0013835989439230922,0.0034534543583769287,0.00524706428844578,0.006693545832174034,0.0,-0.0025094114955516453,-0.002494090121828571,-0.0007432369387070018,2.2399970011121434e-05,0.0,-0.002518007939506251,-0.0021950839006130603,-0.0024039761830566882,-0.0014282446311394202,0.0,0.0,0.0,0.005291576489851815,0.006441912352895712,0.0,0.0013835989439230922,0.0034534543583769287,0.00524706428844578,0.006693545832174034,0.0,0.0,-0.006488721724290697,-0.0062932033118912965,-0.0062932033118912965,-0.006038758996890434,-0.006038758996890434,0.0,0.0,0.005866744421373763,-0.00036041848434794016,-0.0062932033118912965,-0.006038758996890434,0.0
2026-04-03,0.0,0.0,-0.0046206893998143785,-0.0034509458875461984,0.0,-0.00056017114023166,-0.0003366210819822507,-0.0035746425118427564,-0.0033019036531642017,0.0,0.0005360919089447489,0.0008625172614875798,-0.0020173598648396524,-0.0014436711437749079,0.0,0.0005352932609114421,0.000809624892047259,-0.0024706553707611097,-0.0022506778083291553,0.0,0.0,0.0,-0.0046206893998143785,-0.0034509458875461984,0.0,-0.00056017114023166,-0.0003366210819822507,-0.0035746425118427564,-0.0033019036531642017,0.0,0.0,-0.003446089256414385,-0.004461111011573175,-0.0033244197569820763,-0.003181586599101948,-0.003181586599101948,0.0,0.0,-0.0040358176436802885,-0.0017305155043072801,-0.0038927653842776256,-0.003181586599101948,0.0
2026-04-06,0.0,0.0,-0.003949973250892209,-0.003949973250892209,0.0,-0.001048077112795167,0.0012925950023869107,0.002497257248393107,0.0038856707498414614,0.0,0.0005950516057239798,0.0009535691102159297,-0.0001531092980685977,0.0005768382827090692,0.0,0.00034970908745634037,0.0009193283778899368,0.0027357384276116966,0.003186982682196185,0.0,0.0,0.0,-0.003949973250892209,-0.003949973250892209,0.0,-0.001048077112795167,0.0012925950023869107,0.002497257248393107,0.0038856707498414614,0.0,0.0,0.003903554313429209,-0.003949973250892209,-0.003949973250892209,0.0036062370895643594,0.0036062370895643594,0.0,0.0,-0.003949973250892209,0.00021186449232023577,-0.003949973250892209,0.0036062370895643594,0.0
2026-04-07,0.0,0.0,-0.004157382654689026,-0.004157382654689026,0.0,0.0013636660116987896,0.0017210715772121561,-0.0028860349008433656,-0.0026464339133829068,0.0,0.0041167735804056955,0.0041167735804056955,-0.0014580419499647943,-0.0014237150840749053,0.0,0.0034617392549664075,0.003930019564427359,0.004936677062852314,0.0050468854309035525,0.0,0.0,0.0,-0.004157382654689026,-0.004157382654689026,0.0,0.0013636660116987896,0.0017210715772121561,-0.0028860349008433656,-0.0026464339133829068,0.0,0.0,0.004103811424243616,-0.004157382654689026,-0.004157382654689026,0.0038165523278181172,0.0038165523278181172,0.0,0.0,-0.004157382654689026,-0.0014408785170198497,-0.004157382654689026,0.0038165523278181172,0.0
2026-04-08,0.0,0.0,-0.01091851073773644,-0.010915236928392594,0.0,0.0026014522644216337,0.0027950219320282002,-0.009582767281495947,-0.009437676063429854,0.0,-3.882810880498637e-05,0.0007195824876617928,-0.013010972057975917,-0.012416029536301068,0.0,-0.0022247240246117198,-0.001709395160688175,0.008960153856694348,0.010219839879923164,0.0,0.0,0.0,-0.01091851073773644,-0.010915236928392594,0.0,0.0026014522644216337,0.0027950219320282002,-0.009582767281495947,-0.009437676063429854,0.0,0.0,0.009546932606283044,-0.010915236928392594,-0.010915236928392594,0.009967433668625349,0.009967433668625349,0.0,0.0,-0.010916873833064517,-0.012713500797138493,-0.010915236928392594,0.009967433668625349,0.0
2026-04-09,0.0,0.0,-0.004191568203088671,-0.004191568203088671,0.0,0.0006698096255285893,0.0006698096255285893,-0.002846452918413592,-0.0027934416685327953,0.0,-0.0008881906009960949,-0.0005676517530612302,-0.003912397231704531,-0.0037973942204351037,0.0,0.000909175134802173,0.0011091061547855397,0.0013439211459835806,0.0014578327101274417,0.0,0.0,0.0,-0.004191568203088671,-0.004191568203088671,0.0,0.0006698096255285893,0.0006698096255285893,-0.002846452918413592,-0.0027934416685327953,0.0,0.0,-0.005419271021085641,-0.0042628925969495895,-0.0042628925969495895,0.0038961614379017157,0.0038961614379017157,0.0,0.0,-0.004191568203088671,-0.0038548957260698172,-0.0042628925969495895,0.0038961614379017157,0.0
2026-04-10,0.0,0.0,0.0008651834697272576,0.0008651834697272576,0.0,0.0030979558281193395,0.0030979558281193395,0.0014316508675742297,0.0014483845769161442,0.0,0.0009022235547273918,0.0012983548979942504,0.0014897530072488455,0.001676201087492809,0.0,0.0028457713968630723,0.0032747429261316277,0.0024360974268393463,0.003182586877262152,0.0,0.0,0.0,0.0008651834697272576,0.0008651834697272576,0.0,0.0030979558281193395,0.0030979558281193395,0.0014316508675742297,0.0014483845769161442,0.0,0.0,-0.0008831638415857696,0.0009023703281798925,0.0009056798962008819,-0.000778781607702059,-0.000778781607702059,0.0,0.0,0.0008651834697272576,0.0015829770473708273,0.0009040251121903872,-0.000778781607702059,0.0
2026-04-13,0.0,0.0,-0.007210535114240688,-0.005864420559752853,0.0,-0.002990926780292228,-0.002990926780292228,-0.005116798854089942,-0.004948783156716614,0.0,-0.0026835847362799764,-0.0015246896442956046,-0.006608527743428223,-0.006161264736556335,0.0,-0.004813653271769435,-0.003573923060109273,-0.006983111553541813,-0.00583765548870903,0.0,0.0,0.0,-0.007210535114240688,-0.005864420559752853,0.0,-0.002990926780292228,-0.002990926780292228,-0.005116798854089942,-0.004948783156716614,0.0,0.0,0.005834845767606728,-0.005864420559752853,-0.005864420559752853,0.0054013316800999404,0.0054013316800999404,0.0,0.0,-0.00653747783699677,-0.006384896239992279,-0.005864420559752853,0.0054013316800999404,0.0
2026-04-14,0.0,0.0,0.0045660160409336115,0.0045660160409336115,0.0,0.00010318018272380021,0.00016460763455264707,-0.0037290707692217307,-0.0031376630621789306,0.0,0.00020753171996143753,0.0004320242317139934,-0.00449212538764958,-0.003822935109037737,0.0,0.0007829318172057897,0.0011404154781911458,0.0004759145096161142,0.0006598973942890868,0.0,0.0,0.0,0.0045660160409336115,0.0045660160409336115,0.0,0.00010318018272380021,0.00016460763455264707,-0.0037290707692217307,-0.0031376630621789306,0.0,0.0,0.004444195320131515,-0.004390280181477395,-0.004390280181477395,0.004119879782194363,0.004119879782194363,0.0,0.0,0.0045660160409336115,-0.0041575302483436586,-0.004390280181477395,0.004119879782194363,0.0
2026-04-15,0.0,0.0,0.0018071030169385651,0.0018071030169385651,0.0,-0.00023971748466987893,-0.00022325089383503716,-0.001380706282702593,-0.0009113595921604635,0.0,0.002129973262817995,0.002301050193304143,0.0008197619599628525,0.001179378777666798,0.0,0.0014201316561201118,0.0015282039864446143,0.0018534652299422181,0.002077846555638522,0.0,0.0,0.0,0.0018071030169385651,0.0018071030169385651,0.0,-0.00023971748466987893,-0.00022325089383503716,-0.001380706282702593,-0.0009113595921604635,0.0,0.0,0.0017790836924515957,-0.0018272813021167976,-0.0018272813021167976,0.001650286863399798,0.001650286863399798,0.0,0.0,0.0018071030169385651,0.0009995703688148252,-0.0018272813021167976,0.001650286863399798,0.0
2026-04-16,0.0,0.0,-0.002099821241480192,-0.0005878893756109897,0.0,-0.004578475855937002,-0.004578475855937002,-0.0017921016431009201,-0.0016538136301014123,0.0,0.00020572954703756703,0.0004729788901006072,9.310859769214334e-05,0.00041969756822601996,0.0,-0.003270031289688351,-0.0030075032185506536,-0.0032459253666893115,-0.003168015917075867,0.0,0.0,0.0,-0.002099821241480192,-0.0005878893756109897,0.0,-0.004578475855937002,-0.004578475855937002,-0.0017921016431009201,-0.0016538136301014123,0.0,0.0,-0.0005512877141910036,0.0005499818383713677,0.0005499818383713677,-0.0005571544318419472,-0.0005571544318419472,0.0,0.0,-0.001343855308545591,0.00025640308295908165,0.0005499818383713677,-0.0005571544318419472,0.0
2026-04-17,0.0,0.0,-0.0013605709510139995,-0.0013605709510139995,0.0,-0.00330054940787214,-0.003239014994241753,-0.002952889457896097,-0.002871585251427697,0.0,-0.00230589599934427,-0.001622875397265962,-0.001968776057074058,-0.0014291549424657864,0.0,-0.003993689818655338,-0.003534253122473994,-0.004514721527896679,-0.0038893332438039857,0.0,0.0,0.0,-0.0013605709510139995,-0.0013605709510139995,0.0,-0.00330054940787214,-0.003239014994241753,-0.002952889457896097,-0.002871585251427697,0.0,0.0,0.0012672911148064031,-0.0013003172606943195,-0.0012605341555042204,0.0010923017543255811,0.0010923017543255811,0.0,0.0,-0.0013605709510139995,-0.0016989654997699223,-0.00128042570809927,0.0010923017543255811,0.0
2026-04-20,0.0,0.0,-0.004013542362914974,-0.004013542362914974,0.0,-0.0037564646097540304,-0.0037564646097540304,-0.004563994801420465,-0.00441879806456845,0.0,0.003941089545248533,0.004075126277550634,0.0009949096620018973,0.001427055690546029,0.0,-0.0008655077200043639,-0.000717064974653792,-0.003887550964252792,-0.0038476995530675262,0.0,0.0,0.0,-0.004013542362914974,-0.004013542362914974,0.0,-0.0037564646097540304,-0.0037564646097540304,-0.004563994801420465,-0.00441879806456845,0.0,0.0,0.00385889732228516,-0.004013542362914974,-0.004013542362914974,0.0020348646301718816,0.003495276291080631,0.0,0.0,-0.004013542362914974,0.0012109826762739632,-0.004013542362914974,0.0027650704606262564,0.0
2026-04-21,0.0,0.0,0.004626110461889829,0.004626110461889829,0.0,0.0011580691972282414,0.0011654625765091578,0.004556221874200944,0.004633685736410536,0.0,0.0013007416544405853,0.0013209050201106365,0.004035546038683283,0.004303891292404428,0.0,0.0016236360791167768,0.0016940651597177909,0.004801968182736792,0.005023462351321621,0.0,0.0,0.0,0.004626110461889829,0.004626110461889829,0.0,0.0011580691972282414,0.0011654625765091578,0.004556221874200944,0.004633685736410536,0.0,0.0,-0.0062606306792640926,0.004626110461889829,0.004626110461889829,0.004739563597524896,0.004739563597524896,0.0,0.0,0.004626110461889829,0.0041697186655438555,0.004626110461889829,0.004739563597524896,0.0
2026-04-22,0.0,0.0,0.0014450594947040644,0.0014450594947040644,0.0,0.0001618357542550516,0.0001618357542550516,0.0013341076212091657,0.001340699168045226,0.0,0.0010587487761638914,0.0012101000057836264,0.0018890559894124837,0.0019360786928196625,0.0,0.0005912913991676532,0.0014073086253634636,0.0015513409288739845,0.002027282040492712,0.0,0.0,0.0,0.0014450594947040644,0.0014450594947040644,0.0,0.0001618357542550516,0.0001618357542550516,0.0013341076212091657,0.001340699168045226,0.0,0.0,-0.00022575668113653685,0.0014450594947040644,0.0014450594947040644,0.001471461890056103,0.001471461890056103,0.0,0.0,0.0014450594947040644,0.001912567341116073,0.0014450594947040644,0.001471461890056103,0.0
2026-04-23,0.0,0.0,0.004914478803772866,0.004914478803772866,0.0,-0.00010910065412941654,-0.00010910065412941654,0.004373792589713579,0.004391634045029261,0.0,-0.0016313101936240378,-0.0016286955229084209,0.0029130507281806884,0.003002107762418617,0.0,-0.0028638475778673417,-0.0024328254833384756,0.0029062440675114622,0.0030789317240811622,0.0,0.0,0.0,0.004914478803772866,0.004914478803772866,0.0,-0.00010910065412941654,-0.00010910065412941654,0.004373792589713579,0.004391634045029261,0.0,0.0,-0.0051788142942373935,0.004914478803772866,0.004914478803772866,0.005042131254468412,0.005042131254468412,0.0,0.0,0.004914478803772866,0.0029575792452996527,0.004914478803772866,0.005042131254468412,0.0
2026-04-24,0.0,0.0,-0.004864945731479177,-0.004864945731479177,0.0,0.00038733856935859904,0.0006692632407224023,-0.00469240159818604,-0.004346149171312974,0.0,-0.002296755981525059,-0.001934841535694063,-0.005432020996856598,-0.0050611321628634635,0.0,-0.0025461483054703433,-0.0021029474102266,-0.005575220730484645,-0.0053188926278028535,0.0,0.0,0.0,-0.004864945731479177,-0.004864945731479177,0.0,0.00038733856935859904,0.0006692632407224023,-0.00469240159818604,-0.004346149171312974,0.0,0.0,0.0033693690793250566,-0.004864945731479177,-0.004864945731479177,-0.00499226526027698,-0.00499226526027698,0.0,0.0,-0.004864945731479177,-0.005246576579860031,-0.004864945731479177,-0.00499226526027698,0.0
2026-04-27,0.0,0.0,-0.002592737750747294,-0.002578556365951422,0.0,-0.0016853704818752644,-0.00141698603554546,-0.0029429547725667764,-0.0028401067399012104,0.0,0.004000747926154183,0.004077271729327981,-0.001552414743586505,-0.00132947139495725,0.0,0.0024852972160670293,0.003628150192003097,-0.0008473477335850425,-0.0002524748117842076,0.0,0.0,0.0,-0.002592737750747294,-0.002578556365951422,0.0,-0.0016853704818752644,-0.00141698603554546,-0.0029429547725667764,-0.0028401067399012104,0.0,0.0,-0.002718461618199398,-0.002578556365951422,-0.002578556365951422,-0.0026233733740703004,-0.0026233733740703004,0.0,0.0,-0.0025856470583493583,-0.0014409430692718776,-0.002578556365951422,-0.0026233733740703004,0.0
2026-04-28,0.0,0.0,0.005121185816766296,0.005123957368489782,0.0,0.004912614847200168,0.005080109286472245,0.00565528762651553,0.005870615598189865,0.0,-0.004135534003484859,-0.004007716293246588,0.004540809737875153,0.004629191871770728,0.0,-0.002155679360349519,-0.0010539729276913487,0.004954080886204786,0.0051082791896100935,0.0,0.0,0.0,0.005121185816766296,0.005123957368489782,0.0,0.004912614847200168,0.005080109286472245,0.00565528762651553,0.005870615598189865,0.0,0.0,0.00531402211373124,0.00505791507523552,0.00505791507523552,0.005135526938744117,0.005135526938744117,0.0,0.0,0.00512257159262804,0.004585000804822941,0.00505791507523552,0.005135526938744117,0.0
2026-04-29,0.0,0.0,0.0037045579260159057,0.005385257891541193,0.0,-0.006257882061210468,-0.004159707537271918,0.0037106326864689114,0.005455450865381642,0.0,0.0021467510731674557,0.0022002844415896236,0.005920098062073201,0.00594810419381634,0.0,0.0017837909952393533,0.0021408178589587897,0.005878312638535404,0.005906246047364258,0.0,0.0,0.0,0.0037045579260159057,0.005385257891541193,0.0,-0.006257882061210468,-0.004159707537271918,0.0037106326864689114,0.005455450865381642,0.0,0.0,0.0036875892003243333,0.005032104130490728,0.005032104130490728,0.0052062732296559696,0.0052062732296559696,0.0,0.0,0.00454490790877855,0.00593410112794477,0.005032104130490728,0.0052062732296559696,0.0
2026-04-30,0.0,0.0,0.017111236012441314,0.01870773976783601,0.0,-0.01730790518462874,-0.015348311640738188,0.016611000459710704,0.018142790427923,0.0,-0.013609177701534633,-0.012128468018831275,-0.019509462046716594,-0.01938054856467581,0.0,-0.012212590683822418,-0.011144791086496488,-0.019529247105897277,-0.019392545412999083,0.0,0.0,0.0,0.017111236012441314,0.01870773976783601,0.0,-0.01730790518462874,-0.015348311640738188,0.016611000459710704,0.018142790427923,0.0,0.0,0.017111236012441314,-0.017162180804614267,-0.017162180804614267,-0.01755801936676103,-0.01755801936676103,0.0,0.0,0.017909487890138662,-0.019445005305696202,-0.017162180804614267,-0.01755801936676103,0.0
2026-05-01,0.0,0.0,0.0016348091507271722,0.0016348091507271722,0.0,-0.004815336619483254,-0.0018160491707630505,0.00121252003224096,0.0014433292638014901,0.0,-0.0006841167070005996,0.0005923971126994857,0.0016481282670135922,0.0016754390629866315,0.0,-0.0031387666978017464,-0.0013952903609176868,0.001540817922864354,0.0016010969800143052,0.0,0.0,0.0,0.0016348091507271722,0.0016348091507271722,0.0,-0.004815336619483254,-0.0018160491707630505,0.00121252003224096,0.0014433292638014901,0.0,0.0,0.0016348091507271722,0.0017075674873345136,0.001801073308618258,0.0018410753231564397,0.0018410753231564397,0.0,0.0,0.0016348091507271722,0.0016617836650001118,0.0017543203979763858,0.0018410753231564397,0.0
2026-05-04,0.0,0.0,0.00467021055894237,0.00467021055894237,0.0,-0.005499513837980918,-0.0024704225822363424,0.004583536327183755,0.0046440094927816394,0.0,-0.002780932190039634,-0.0021848055680175078,0.004810868631044771,0.00482810286806756,0.0,-0.003750867800491691,-0.002524450577499184,0.004571736741831558,0.0045953429586325254,0.0,0.0,0.0,0.00467021055894237,0.00467021055894237,0.0,-0.005499513837980918,-0.0024704225822363424,0.004583536327183755,0.0046440094927816394,0.0,0.0,0.00467021055894237,0.00467021055894237,0.00467021055894237,0.004870212876121454,0.004870212876121454,0.0,0.0,0.00467021055894237,0.0048194857495561655,0.00467021055894237,0.004870212876121454,0.0
2026-05-05,0.0,0.0,-0.0009662604279758981,-0.0009662604279758981,0.0,-0.003367363310704217,-0.000443799401206615,-0.001021644998947279,-0.0010136081196693181,0.0,0.0026578669815249573,0.0027021307387106474,-0.0009169620042484809,-0.0009169620042484809,0.0,0.00068837659046709,0.0011003858692356407,-0.0009288075591676691,-0.0008984863919460156,0.0,0.0,0.0,-0.0009662604279758981,-0.0009662604279758981,0.0,-0.003367363310704217,-0.000443799401206615,-0.001021644998947279,-0.0010136081196693181,0.0,0.0,-0.0009662604279758981,-0.0009662604279758981,-0.0009662604279758981,-0.0006372251875404268,-0.0006372251875404268,0.0,0.0,-0.0009662604279758981,-0.0009169620042484809,-0.0009662604279758981,-0.0006372251875404268,0.0
2026-05-06,0.0,0.0,-0.005000253984290262,-0.005000253984290262,0.0,0.002388662674821323,0.002822714833028002,-0.005440198955293034,-0.005229647202858943,0.0,-0.0059872983677023255,-0.005572721305096339,-0.00555488683351537,-0.005299377717709644,0.0,-0.005278064304703983,-0.004145737121961134,-0.00535208774061022,-0.005243695833887832,0.0,0.0,0.0,-0.005000253984290262,-0.005000253984290262,0.0,0.002388662674821323,0.002822714833028002,-0.005440198955293034,-0.005229647202858943,0.0,0.0,-0.005000253984290262,-0.005000253984290262,-0.005000253984290262,-0.005692816123414677,-0.005692816123414677,0.0,0.0,-0.005000253984290262,-0.005427132275612507,-0.005000253984290262,-0.005692816123414677,0.0
2026-05-07,0.0,0.0,0.0040848316523485586,0.0040848316523485586,0.0,0.0002725454301587022,0.0002725454301587022,0.004011372762961682,0.004094092395833834,0.0,-0.0020919372349334146,-0.0020304675801512927,0.003557936245275723,0.0035696327644301066,0.0,-0.002557472327351473,-0.0020934178513585203,0.003917111361289907,0.003979883645991371,0.0,0.0,0.0,0.0040848316523485586,0.0040848316523485586,0.0,0.0002725454301587022,0.0002725454301587022,0.004011372762961682,0.004094092395833834,0.0,0.0,0.0040848316523485586,0.0040848316523485586,0.0040848316523485586,0.004415360650595282,0.004415360650595282,0.0,0.0,0.0040848316523485586,0.003563784504852915,0.0040848316523485586,0.004415360650595282,0.0
2026-05-08,0.0,0.0,-0.005906324374401563,-0.005898210934840705,0.0,0.003266191158937011,0.003266191158937011,-0.005784602686677365,-0.005622112861232755,0.0,-0.0033294027113728647,-0.002625018543637265,-0.006392810673374421,-0.0062264462910516655,0.0,-0.0012008633856240918,-0.0007418629830194033,-0.006730825979620677,-0.006667070970905456,0.0,0.0,0.0,-0.005906324374401563,-0.005898210934840705,0.0,0.003266191158937011,0.003266191158937011,-0.005784602686677365,-0.005622112861232755,0.0,0.0,-0.005906324374401564,-0.005906324374401563,-0.005898210934840705,-0.005669929065285311,-0.005669929065285311,0.0,0.0,-0.0059022676546211334,-0.006309628482213043,-0.0059022676546211334,-0.005669929065285311,0.0
2026-05-11,0.0,0.0,0.0008350519537644202,0.0008450814280822308,0.0,2.5922950814927335e-05,2.5922950814927335e-05,0.0008814434118148248,0.0009173045336832674,0.0,-0.0013703304274104084,-0.001262410600025573,0.0007409706140670424,0.0007459865629144008,0.0,0.00020427564700829798,0.0005868206479302846,0.0009053994846612497,0.0009857765064763945,0.0,0.0,0.0,0.0008350519537644202,0.0008450814280822308,0.0,2.5922950814927335e-05,2.5922950814927335e-05,0.0008814434118148248,0.0009173045336832674,0.0,0.0,0.0008350519537644204,0.0008450814280822308,0.0008450814280822308,0.0011465854034104202,0.0011465854034104202,0.0,0.0,0.0008400666909233255,0.0007434785884907216,0.0008450814280822308,0.0011465854034104202,0.0
2026-05-12,0.0,0.0,0.0047647692025471885,0.004766665037122068,0.0,-0.002065930684683634,-0.002065930684683634,0.004967366190405869,0.004983471223692018,0.0,-0.0022572011134948528,-0.0016255081421226556,0.004830064838777274,0.004886924007928017,0.0,0.004690852481870438,0.00498685230707105,0.005563356372299708,0.005583874512320878,0.0,0.0,0.0,0.0047647692025471885,0.004766665037122068,0.0,-0.002065930684683634,-0.002065930684683634,0.004967366190405869,0.004983471223692018,0.0,0.0,0.0047647692025471885,0.004707544708670324,0.004707544708670324,0.004793611798362463,0.004793611798362463,0.0,0.0,0.004765717119834628,0.004858494423352646,0.004707544708670324,0.004793611798362463,0.0
2026-05-13,0.0,0.0,0.001986873775127482,0.001986873775127482,0.0,-0.002902657881993693,-0.0005084217852678247,0.002042739442952302,0.0020490331793786088,0.0,0.001673764790529405,0.0020178197311657444,0.002366427621179949,0.0023924850647961534,0.0,0.0033709645281146876,0.0034592018318573324,0.0027318436665218705,0.0027511022156744176,0.0,0.0,0.0,0.001986873775127482,0.001986873775127482,0.0,-0.002902657881993693,-0.0005084217852678247,0.002042739442952302,0.0020490331793786088,0.0,0.0,0.0019868737751274823,0.0019828685765995325,0.0019828685765995325,0.0020544658449816347,0.0020544658449816347,0.0,0.0,0.001986873775127482,0.0023794563429880514,0.0019828685765995325,0.0020544658449816347,0.0
2026-05-14,0.0,0.0,0.006159500997171472,0.0061670271126450715,0.0,0.0011871913988583667,0.0034479572308321947,0.006438118720131205,0.00645570839912998,0.0,-0.0007959123536092996,-0.0006171197239923416,0.006475034694944575,0.0065193351343811766,0.0,0.00436975422685589,0.00436975422685589,0.006952683906630688,0.006974209935244074,0.0,0.0,0.0,0.006159500997171472,0.0061670271126450715,0.0,0.0011871913988583667,0.0034479572308321947,0.006438118720131205,0.00645570839912998,0.0,0.0,0.006159500997171472,0.0060692287473069545,0.0060692287473069545,0.006125000055309041,0.006125000055309041,0.0,0.0,0.006163264054908271,0.006497184914662876,0.0060692287473069545,0.006125000055309041,0.0
2026-05-15,0.0,0.0,0.008630669078977407,0.008630669078977407,0.0,-0.004825472453146528,-0.0025783366847093162,0.008794594719236368,0.008794594719236368,0.0,-0.0028841727225852177,-0.0015565087739588285,0.008476441318734533,0.008573219296240874,0.0,-0.0021947393933784845,-0.001890807285388001,0.008148112921877079,0.008188294495323512,0.0,0.0,0.0,0.008630669078977407,0.008630669078977407,0.0,-0.004825472453146528,-0.0025783366847093162,0.008794594719236368,0.008794594719236368,0.0,0.0,0.008630669078977408,0.008270453568413366,0.00828920767771813,0.008324122260749797,0.008324122260749797,0.0,0.0,0.008630669078977407,0.008524830307487704,0.008279830623065748,0.008324122260749797,0.0
2026-05-18,0.0,0.0,-0.005351166636100663,-0.005345127092443657,0.0,-0.0037081353584977584,-0.0035719065090596457,-0.005487407612639468,-0.005422010904304396,0.0,0.0036496202278590616,0.003956087273337495,-0.004350726288087752,-0.0043222303938741415,0.0,-9.66126410902224e-05,0.0003654348285149489,-0.005006280813790235,-0.004964279146394057,0.0,0.0,0.0,-0.005351166636100663,-0.005345127092443657,0.0,-0.0037081353584977584,-0.0035719065090596457,-0.005487407612639468,-0.005422010904304396,0.0,0.0,-0.005351166636100663,-0.005345127092443657,-0.005345127092443657,-0.00505709590268225,-0.004999016715106958,0.0,0.0,-0.00534814686427216,-0.004336478340980947,-0.005345127092443657,-0.005028056308894604,0.0
2026-05-19,0.0,0.0,0.00527974559270914,0.005285608923676326,0.0,0.0011830233134085587,0.0017842323452204839,0.005491753080029499,0.005509730129034359,0.0,0.0026167066328926366,0.002965468839637303,0.005360973968145656,0.0053757591661270894,0.0,-0.0018384110325181122,-0.0016307374222432522,0.005505839416614502,0.0055139698392772975,0.0,0.0,0.0,0.00527974559270914,0.005285608923676326,0.0,0.0011830233134085587,0.0017842323452204839,0.005491753080029499,0.005509730129034359,0.0,0.0,0.0041871697343922555,0.005368549379539546,0.005368549379539546,0.005419070039363619,0.005419070039363619,0.0,0.0,0.005282677258192733,0.005368366567136373,0.005368549379539546,0.005419070039363619,0.0
2026-05-20,0.0,0.0,-0.003445852383451518,-0.0034428504925572384,0.0,-0.004159521095518495,-0.00228759656262836,-0.004160719147603313,-0.003678694453065515,0.0,-0.00024210756963838679,0.00021061091329744772,-0.003372459149585791,-0.003223162391763091,0.0,0.0016897627705175235,0.0020979237690777154,-0.0033310167689933777,-0.003277095580116124,0.0,0.0,0.0,-0.003445852383451518,-0.0034428504925572384,0.0,-0.004159521095518495,-0.00228759656262836,-0.004160719147603313,-0.003678694453065515,0.0,0.0,0.003444354261274214,-0.003534904617672654,-0.003534904617672654,-0.0035368720327814394,-0.0035368720327814394,0.0,0.0,-0.0034443514380043784,-0.0032978107706744413,-0.003534904617672654,-0.0035368720327814394,0.0
2026-05-21,0.0,0.0,0.0010691582317825723,0.0010745535435874652,0.0,0.0013579605753671594,0.0013579605753671594,0.0006476140450639037,0.0008495842748472033,0.0,0.0006781398640374194,0.0009070955774430995,0.0010075682485980793,0.0010348437709714916,0.0,0.001426388117426254,0.0015497832403199747,0.001107034825352369,0.0011266237707959054,0.0,0.0,0.0,0.0010691582317825723,0.0010745535435874652,0.0,0.0013579605753671594,0.0013579605753671594,0.0006476140450639037,0.0008495842748472033,0.0,0.0,-0.0010857156960861604,0.0009626417316384435,0.0009626417316384435,0.0009590928327183175,0.0009590928327183175,0.0,0.0,0.0010718558876850186,0.0010212060097847856,0.0009626417316384435,0.0009590928327183175,0.0
2026-05-22,0.0,0.0,0.0032792648245727864,0.0032891334244801044,0.0,0.0010700599658687133,0.0011452354563427796,0.002859515016953095,0.0029667187263751685,0.0,0.002239118999467546,0.0026286492476406487,0.0035004593525520345,0.0035268341550012514,0.0,-1.6531089111616816e-05,0.0005104209396168709,0.002703453539557654,0.002813698318162888,0.0,0.0,0.0,0.0032792648245727864,0.0032891334244801044,0.0,0.0010700599658687133,0.0011452354563427796,0.002859515016953095,0.0029667187263751685,0.0,0.0,-0.003203778560374552,0.0030472521644004805,0.0030776505711200015,0.0030442009818474215,0.0030442009818474215,0.0,0.0,0.0032841991245264454,0.0035136467537766427,0.003062451367760241,0.0030442009818474215,0.0
2026-05-25,0.0,0.0,-0.00694032033347428,-0.005779202774616548,0.0,0.0030014953648398613,0.0030014953648398613,-0.004563988174087851,-0.004236193869693991,0.0,-0.004774251443152154,-0.003563526618020054,-0.006676434486542069,-0.006157715712659787,0.0,-0.0009727617709331313,-0.000473944272614126,-0.005876039259257787,-0.005664908186469126,0.0,0.0,0.0,-0.00694032033347428,-0.005779202774616548,0.0,0.0030014953648398613,0.0030014953648398613,-0.004563988174087851,-0.004236193869693991,0.0,0.0,0.005704227104793674,-0.005779202774616548,-0.005779202774616548,-0.005705035750899739,-0.005705035750899739,0.0,0.0,-0.006359761554045414,-0.006417075099600929,-0.005779202774616548,-0.005705035750899739,0.0
2026-05-26,0.0,0.0,-0.004293369962740177,-0.004293369962740177,0.0,0.0005472155359571712,0.0005472155359571712,0.003838122444048722,0.003884944246153651,0.0,0.0010218403798794146,0.001387892520111119,0.003575056788361494,0.00381567942004173,0.0,0.0010841266283249614,0.0015126438251463316,0.004193821098708027,0.004341827792091465,0.0,0.0,0.0,-0.004293369962740177,-0.004293369962740177,0.0,0.0005472155359571712,0.0005472155359571712,0.003838122444048722,0.003884944246153651,0.0,0.0,-0.004125488225158969,0.004166533390121894,0.004166533390121894,0.0040999655194357675,0.0040999655194357675,0.0,0.0,-0.004293369962740177,0.0036953681042016123,0.004166533390121894,0.0040999655194357675,0.0
2026-05-27,0.0,0.0,-0.0015862857223679905,-0.0015862857223679905,0.0,0.003967116752541054,0.003972829853377089,0.003318386312153397,0.0035485794707028136,0.0,0.0005922298654765524,0.0010547357320915417,-3.3624206098725436e-05,0.000997732030592601,0.0,0.004120933892656623,0.004644737800868042,0.002620437895796921,0.0029767585165649396,0.0,0.0,0.0,-0.0015862857223679905,-0.0015862857223679905,0.0,0.003967116752541054,0.003972829853377089,0.003318386312153397,0.0035485794707028136,0.0,0.0,-0.0015360412735646776,0.0014554646743961661,0.0014554646743961661,0.0013757379946959796,0.0013757379946959796,0.0,0.0,-0.0015862857223679905,0.0004820539122469378,0.0014554646743961661,0.0013757379946959796,0.0
2026-05-28,0.0,0.0,0.005750032312776166,0.005750032312776166,0.0,-0.0032312127512868242,-0.0032312127512868242,-0.0064681032416103795,-0.006085671443880382,0.0,-0.0034921889095004452,-0.003392867355640396,0.005010664400026039,0.005026495432781547,0.0,-0.003051400276775033,-0.0027368983744732096,-0.006070648143182298,-0.005512290637844859,0.0,0.0,0.0,0.005750032312776166,0.005750032312776166,0.0,-0.0032312127512868242,-0.0032312127512868242,-0.0064681032416103795,-0.006085671443880382,0.0,0.0,0.005631496042653973,-0.005616990820632121,-0.005616990820632121,-0.005341018202529792,-0.005341018202529792,0.0,0.0,0.005750032312776166,0.005018579916403793,-0.005616990820632121,-0.005341018202529792,0.0
2026-05-29,0.0,0.0,0.0019917124218434496,0.0019950198249364883,0.0,0.0016029678967240998,0.0016029678967240998,0.0012193876680953832,0.001487500574899186,0.0,-0.0016718888785467916,-0.0015107556330893346,0.0015134290681513786,0.0015601745917884877,0.0,0.0019097897074094108,0.0022083328745069125,0.00217179242639808,0.002514143762018785,0.0,0.0,0.0,0.0019917124218434496,0.0019950198249364883,0.0,0.0016029678967240998,0.0016029678967240998,0.0012193876680953832,0.001487500574899186,0.0,0.0,0.001923085369585802,-0.003255084155721463,-0.0020502147264043285,-0.00204769977911709,-0.00204769977911709,0.0,0.0,0.0019933661233899687,0.001536801829969933,-0.002652649441062896,-0.00204769977911709,0.0
2026-06-01,0.0,0.0,-0.006727841561109914,-0.006712787220105201,0.0,0.0014427816244048822,0.0035843028076590873,0.004805713951553122,0.006395075373371581,0.0,0.004161684390211251,0.004410017100598703,-0.005868284707600707,-0.005830748468589317,0.0,0.0009470182455510005,0.0022063728118396565,0.0008071861629024761,0.001912609809539579,0.0,0.0,0.0,-0.006727841561109914,-0.006712787220105201,0.0,0.0014427816244048822,0.0035843028076590873,0.004805713951553122,0.006395075373371581,0.0,0.0,-0.0066711630559299975,-0.006712787220105201,-0.006712787220105201,0.006374074836379527,0.006374074836379527,0.0,0.0,-0.006720314390607557,-0.005849516588095012,-0.006712787220105201,0.006374074836379527,0.0
2026-06-02,0.0,0.0,-0.0004170267389711078,-0.00039694188182421363,0.0,-0.0017468173398897543,-0.0016296441581583041,-0.001309278764477076,-0.001012119197090229,0.0,-0.0007178041623130231,-0.0005135362617544645,-0.0004782070975677513,-0.00044822831264284093,0.0,-0.0017125241984766297,-0.0009944563915045366,-0.0010214246059533343,-0.0007944655656378518,0.0,0.0,0.0,-0.0004170267389711078,-0.00039694188182421363,0.0,-0.0017468173398897543,-0.0016296441581583041,-0.001309278764477076,-0.001012119197090229,0.0,0.0,-0.000364105750369499,-0.00038092531404434397,-0.00038092531404434397,0.0002953141013448315,0.0002953141013448315,0.0,0.0,-0.00040698431039766075,-0.0004632177051052961,-0.00038092531404434397,0.0002953141013448315,0.0
2026-06-03,0.0,0.0,-0.0089213464867261,-0.0089213464867261,0.0,-0.0009068496792839619,-0.000764871129295446,-0.00908828950296531,-0.009038842942825255,0.0,0.0036550389381966274,0.004118300256688252,-0.007737369159897392,-0.007656121789192726,0.0,0.00020548131970777857,0.000905512171840537,-0.008767650274431453,-0.008604460977520734,0.0,0.0,0.0,-0.0089213464867261,-0.0089213464867261,0.0,-0.0009068496792839619,-0.000764871129295446,-0.00908828950296531,-0.009038842942825255,0.0,0.0,-0.008625055309573743,-0.008588989200580092,-0.008588989200580092,0.008283865261799318,0.008283865261799318,0.0,0.0,-0.0089213464867261,-0.007696745474545059,-0.008588989200580092,0.008283865261799318,0.0
2026-06-04,0.0,0.0,0.0007676659413282067,0.0007676659413282067,0.0,-0.0014168140260071335,-0.0013673326094491326,0.0005628783664686535,0.0006056743739504469,0.0,0.0004008145881718032,0.00040916487821120504,0.0008006551432695875,0.0008852244009278678,0.0,-0.00039413164575359294,-0.00027447609407666725,0.0006162603453666364,0.0007214310574350142,0.0,0.0,0.0,0.0007676659413282067,0.0007676659413282067,0.0,-0.0014168140260071335,-0.0013673326094491326,0.0005628783664686535,0.0006056743739504469,0.0,0.0,0.0007324445014683735,0.0007367104717586228,0.0007367104717586228,-0.0007787162974755369,-0.0007787162974755369,0.0,0.0,0.0007676659413282067,0.0008429397720987276,0.0007367104717586228,-0.0007787162974755369,0.0
2026-06-05,0.0,0.0,-0.013254225730839501,-0.01188686022134894,0.0,0.001712499729841228,0.0017516849008677583,-0.01322230523958807,-0.011830350404221115,0.0,0.004224412479133969,0.00451581454924798,-0.011905112517319195,-0.011852444408710807,0.0,0.0062710065190451116,0.00652464319143845,-0.011321900390965986,-0.011194925810502788,0.0,0.0,0.0,-0.013254225730839501,-0.01188686022134894,0.0,0.001712499729841228,0.0017516849008677583,-0.01322230523958807,-0.011830350404221115,0.0,0.0,-0.011851487943302217,-0.012506509249534541,-0.011172747782264774,0.01082731494372573,0.01082731494372573,0.0,0.0,-0.012570542976094222,-0.011878778463015001,-0.011839628515899658,0.01082731494372573,0.0
2026-06-08,0.0,0.0,-0.0007211986881101316,0.0006246490237343075,0.0,-0.0030852662630135256,-0.0030852662630135256,-0.0009831400105579915,0.0003451500749879788,0.0,0.002014753805546618,0.0021584172794290794,-0.0002668502411594574,-0.00014497553736261392,0.0,0.0010443729414467058,0.0017023277439877885,-0.0003292937936803208,-0.00014665113588526604,0.0,0.0,0.0,-0.0007211986881101316,0.0006246490237343075,0.0,-0.0030852662630135256,-0.0030852662630135256,-0.0009831400105579915,0.0003451500749879788,0.0,0.0,-0.0005841106250600937,0.0006246490237343075,0.0006246490237343075,0.0005692301806973746,0.0005692301806973746,0.0,0.0,-4.8274832187912065e-05,-0.00020591288926103565,0.0006246490237343075,0.0005692301806973746,0.0
2026-06-09,0.0,0.0,-0.0004932997664173376,-0.0004932997664173376,0.0,-0.002161385333627695,-0.001833400959053657,-0.0014222758105288426,-0.0011888503400595066,0.0,-0.0008382727624317758,-0.0005692902043097114,-0.0008127668500650644,-0.0006887131536136072,0.0,-0.003240560661051192,-0.0027895880647786954,-0.0017480904822735435,-0.001618399018772782,0.0,0.0,0.0,-0.0004932997664173376,-0.0004932997664173376,0.0,-0.002161385333627695,-0.001833400959053657,-0.0014222758105288426,-0.0011888503400595066,0.0,0.0,-0.0005354455848335521,0.000489449090701024,0.000489449090701024,0.0004476285193594691,0.0004476285193594691,0.0,0.0,-0.0004932997664173376,-0.0007507400018393358,0.000489449090701024,0.0004476285193594691,0.0
2026-06-10,0.0,0.0,-0.0015291287388001706,-0.0015291287388001706,0.0,0.0009058521991411487,0.001205855785146674,-0.0015610517867382786,-0.0014342543574865153,0.0,-0.000873382246209384,-0.0005585196109193882,-0.0017980306143093492,-0.0016874333883441029,0.0,-0.0016988409888989133,-0.001171742374520398,-0.0019516058113532783,-0.0018377031287238363,0.0,0.0,0.0,-0.0015291287388001706,-0.0015291287388001706,0.0,0.0009058521991411487,0.001205855785146674,-0.0015610517867382786,-0.0014342543574865153,0.0,0.0,-0.0015605258219577062,0.0015030599355527132,0.0015030599355527132,0.0015930437644188047,0.0015930437644188047,0.0,0.0,-0.0015291287388001706,-0.001742732001326726,0.0015030599355527132,0.0015930437644188047,0.0
2026-06-11,0.0,0.0,0.0045530663363272696,0.0045530663363272696,0.0,-0.004652039856367421,-0.0045925501803297,0.0036356148676849856,0.003853979387689682,0.0,0.0005226925886583442,0.0008464049844540502,0.004806199230084277,0.004834302289780362,0.0,-0.0012452848661700872,-0.0009079078115810995,0.004572327952812658,0.004631371452946167,0.0,0.0,0.0,0.0045530663363272696,0.0045530663363272696,0.0,-0.004652039856367421,-0.0045925501803297,0.0036356148676849856,0.003853979387689682,0.0,0.0,0.004551370022056337,-0.00447873491455557,-0.00447873491455557,-0.004460944382831143,-0.004460944382831143,0.0,0.0,0.0045530663363272696,0.00482025075993232,-0.00447873491455557,-0.004460944382831143,0.0
2026-06-12,0.0,0.0,-0.0030304428970032047,-0.0030304428970032047,0.0,-0.004651185029317612,-0.0025399402924080414,-0.00508271892126228,-0.0035301678140552033,0.0,-0.0026721545513448052,-0.0018241379060064892,-0.0033977751429323994,-0.00325667193350942,0.0,-0.003968862597228596,-0.002686540281795846,-0.003552444205620352,-0.003328557442672385,0.0,0.0,0.0,-0.0030304428970032047,-0.0030304428970032047,0.0,-0.004651185029317612,-0.0025399402924080414,-0.00508271892126228,-0.0035301678140552033,0.0,0.0,-0.00306300378409069,0.0016824465304599676,0.002982838440799302,0.00267179593944582,0.00267179593944582,0.0,0.0,-0.0030304428970032047,-0.00332722353822091,0.002332642485629635,0.00267179593944582,0.0
2026-06-15,0.0,0.0,0.0017117659388430253,0.0017149843143588802,0.0,0.0024156865527026126,0.0024156865527026126,0.0013016858316511246,0.002076983720340626,0.0,-0.002013091844002565,-0.0018058051248823934,0.001485468943891391,0.0015071522289323617,0.0,-0.001373222775581277,-0.0007976912033002817,0.0015908518811933608,0.0016920105404210272,0.0,0.0,0.0,0.0017117659388430253,0.0017149843143588802,0.0,0.0024156865527026126,0.0024156865527026126,0.0013016858316511246,0.002076983720340626,0.0,0.0,0.0017036358042243124,0.0017149843143588802,0.0017149843143588802,-0.0018059355871391548,-0.0017104221889733713,0.0,0.0,0.0017133751266009529,0.0014963105864118764,0.0017149843143588802,-0.001758178888056263,0.0
2026-06-16,0.0,0.0,0.0016446576514041235,0.00165205189329711,0.0,0.00015131910871268834,0.00015131910871268834,0.0016727275983507732,0.0019481306146995013,0.0,-0.0012821943918455048,-0.0012454004971752764,0.0015272951912714476,0.00153870446744977,0.0,-0.0018483403629293363,-0.0016131504390433176,0.001497439201093786,0.0015248200616272054,0.0,0.0,0.0,0.0016446576514041235,0.00165205189329711,0.0,0.00015131910871268834,0.00015131910871268834,0.0016727275983507732,0.0019481306146995013,0.0,0.0,0.0016417298729497478,0.0016649810803423025,0.0016649810803423025,-0.001752305887161889,-0.001752305887161889,0.0,0.0,0.0016483547723506167,0.0015329998293606088,0.0016649810803423025,-0.001752305887161889,0.0
2026-06-17,0.0,0.0,-0.01670426161158446,-0.016665678353300895,0.0,0.0020664606405572648,0.002083120796041527,-0.007500768386184592,-0.00686790310612794,0.0,0.0053887801523757415,0.005593085826733418,-0.015373311797819476,-0.015297011429228057,0.0,0.011361269674845296,0.011893535564740886,-0.01634179389514741,-0.01623451180054468,0.0,0.0,0.0,-0.01670426161158446,-0.016665678353300895,0.0,0.0020664606405572648,0.002083120796041527,-0.007500768386184592,-0.00686790310612794,0.0,0.0,-0.016850954128027586,-0.01630557822582133,-0.01630557822582133,0.017341730293834293,0.017341730293834293,0.0,0.0,-0.01668496998244268,-0.015335161613523766,-0.01630557822582133,0.017341730293834293,0.0
2026-06-18,0.0,0.0,-0.009908966411518113,-0.008783939592689968,0.0,0.004401967190630617,0.004451492890587652,-0.008326610956305037,-0.00724490830514954,0.0,0.0012170652569409497,0.001256104422413801,-0.00858827313365775,-0.008017496346656161,0.0,0.0030135358194805163,0.0032277355231455835,-0.008248799568589274,-0.007434503631893923,0.0,0.0,0.0,-0.009908966411518113,-0.008783939592689968,0.0,0.004401967190630617,0.004451492890587652,-0.008326610956305037,-0.00724490830514954,0.0,0.0,-0.010141934759748294,-0.008891972617189688,-0.008891972617189688,0.009475468870556636,0.009475468870556636,0.0,0.0,-0.00934645300210404,-0.008302884740156957,-0.008891972617189688,0.009475468870556636,0.0
2026-06-19,0.0,0.0,0.00024945954873770344,0.00024945954873770344,0.0,0.001886131408880302,0.0019408534221664864,0.0002725847730903268,0.00031584181444519783,0.0,-0.0036776798647707594,-0.003613712406253098,-0.00431765211775639,-0.0035929432495258743,0.0,-0.003734737510139988,-0.0035208311584493997,-0.0021068871700103673,-0.0017535199175767392,0.0,0.0,0.0,0.00024945954873770344,0.00024945954873770344,0.0,0.001886131408880302,0.0019408534221664864,0.0002725847730903268,0.00031584181444519783,0.0,0.0,0.00024945954873770333,-0.0012308460355205722,-8.426780244868217e-05,6.384154634669525e-05,6.384154634669525e-05,0.0,0.0,0.00024945954873770344,-0.0039552976836411315,-0.0006575569189846272,6.384154634669525e-05,0.0
2026-06-22,0.0,0.0,0.002612506565022443,0.002612506565022443,0.0,-0.0007171700682337281,-0.0006376389596405436,0.002713018527524828,0.00272181757040507,0.0,-0.002530458939525631,-0.0024353592722922484,0.0012817014273640822,0.0015068844036221004,0.0,-0.002518383847272202,-0.0023247539184385398,0.0015160016937656368,0.0016562005178877967,0.0,0.0,0.0,0.002612506565022443,0.002612506565022443,0.0,-0.0007171700682337281,-0.0006376389596405436,0.002713018527524828,0.00272181757040507,0.0,0.0,0.0026125065650224426,0.002612506565022443,0.002612506565022443,0.0027371085498882233,0.0027371085498882233,0.0,0.0,0.002612506565022443,0.0013942929154930912,0.002612506565022443,0.0027371085498882233,0.0
2026-06-23,0.0,0.0,0.008559491005815809,0.008559491005815809,0.0,-0.0033869313018893756,-0.0016496459386801713,0.008780333677081231,0.008794017738018136,0.0,-0.0045263640164666654,-0.004120359744184816,0.002327007089573906,0.0027089551659661977,0.0,-0.006754380583345616,-0.006271336270413468,0.004544394673528858,0.004795385732214111,0.0,0.0,0.0,0.008559491005815809,0.008559491005815809,0.0,-0.0033869313018893756,-0.0016496459386801713,0.008780333677081231,0.008794017738018136,0.0,0.0,0.008559491005815809,0.008559491005815809,0.008559491005815809,0.00955186306026477,0.00955186306026477,0.0,0.0,0.008559491005815809,0.0025179811277700518,0.008559491005815809,0.00955186306026477,0.0
2026-06-24,0.0,0.0,0.00435976660312854,0.00435976660312854,0.0,-0.002077935213594447,-0.0016969326244324807,0.004459920546502618,0.004459920546502618,0.0,0.00014413715280934354,0.0002282992305542782,0.0012026529651430124,0.0014275226830684047,0.0,0.00037953283015958303,0.0005154124917825912,0.00227094072861339,0.0027046443939617313,0.0,0.0,0.0,0.00435976660312854,0.00435976660312854,0.0,-0.002077935213594447,-0.0016969326244324807,0.004459920546502618,0.004459920546502618,0.0,0.0,0.00435976660312854,0.00435976660312854,0.00435976660312854,0.004882564958953707,0.004882564958953707,0.0,0.0,0.00435976660312854,0.0013150878241057085,0.00435976660312854,0.004882564958953707,0.0
2026-06-25,0.0,0.0,-0.0023143969116485516,-0.0023097967874259624,0.0,-0.0009803057063038508,0.0004091896605193449,-0.0026320002964674845,-0.0023913728075048673,0.0,-0.0010939837894923471,-0.0010328246983376168,-0.001089555259904072,-0.0010539003587803923,0.0,-0.0016657294718423776,-0.0011827941152779571,-0.0022221127698103843,-0.0016278076100240564,0.0,0.0,0.0,-0.0023143969116485516,-0.0023097967874259624,0.0,-0.0009803057063038508,0.0004091896605193449,-0.0026320002964674845,-0.0023913728075048673,0.0,0.0,-0.0023143969116485516,-0.0023097967874259624,-0.0023097967874259624,-0.0025271483115213893,-0.0025271483115213893,0.0,0.0,-0.002312096849537257,-0.0010717278093422323,-0.0023097967874259624,-0.0025271483115213893,0.0
2026-06-26,0.0,0.0,-0.0007081676201212998,0.0003123793402684014,0.0,0.0006881370798644635,0.0006881370798644635,-0.00039132262330711734,0.0005902231734726959,0.0,-0.0013099395240601104,-0.0013034087815120379,-0.0017209377337252423,-0.0012735890482616758,0.0,-0.0015089320877026639,-0.0013449060311237421,-0.0014285219927590714,-0.0006453352438199688,0.0,0.0,0.0,-0.0007081676201212998,0.0003123793402684014,0.0,0.0006881370798644635,0.0006881370798644635,-0.00039132262330711734,0.0005902231734726959,0.0,0.0,-0.0007081676201212994,-0.0006980799939963602,0.00031786684217075147,0.0004791425011328813,0.0004791425011328813,0.0,0.0,-0.00019789413992644917,-0.001497263390993459,-0.00019010657591280437,0.0004791425011328813,0.0
2026-06-29,0.0,0.0,0.0016074584226154062,0.0016074584226154062,0.0,0.0037913656843652174,0.0037913656843652174,0.002817613313737659,0.002959415271137658,0.0,-0.007180730484888629,-0.007120811772603843,-0.002530454502450331,-0.0025267532981441696,0.0,-0.006657836021852739,-0.00647862712099778,-0.004157720692859581,-0.004058838594817435,0.0,0.0,0.0,0.0016074584226154062,0.0016074584226154062,0.0,0.0037913656843652174,0.0037913656843652174,0.002817613313737659,0.002959415271137658,0.0,0.0,0.0016074584226154055,0.0016074584226154062,0.0016074584226154062,-0.0018023450033905777,-0.0018023450033905777,0.0,0.0,0.0016074584226154062,-0.0025286039002972503,0.0016074584226154062,-0.0018023450033905777,0.0
2026-06-30,0.0,0.0,0.0008031952074864844,0.0008031952074864844,0.0,0.002021015809527403,0.0023050243381965026,0.0011469231784268232,0.0012444972442683855,0.0,-0.0026972919560184637,-0.0026972919560184637,-0.0008516207880405302,-0.0007993622105938795,0.0,-0.0022019710354608045,-0.0021331701021958804,-0.0008935507398266532,-0.0007519014557090009,0.0,0.0,0.0,0.0008031952074864844,0.0008031952074864844,0.0,0.002021015809527403,0.0023050243381965026,0.0011469231784268232,0.0012444972442683855,0.0,0.0,0.0008031952074864842,0.0008031952074864844,0.0008031952074864844,-0.0011214254466000377,-0.0011214254466000377,0.0,0.0,0.0008031952074864844,-0.0008254914993172049,0.0008031952074864844,-0.0011214254466000377,0.0
2026-07-01,0.0,0.0,-0.0031959160356539455,-0.0031959160356539455,0.0,-0.0007938064029028144,-0.000516431159225097,-0.003387327731490519,-0.003319468040991985,0.0,-0.002018157107495678,-0.001934451150517571,-0.0042804161739447965,-0.004210949707198231,0.0,-0.0020613599474393245,-0.001904840208538928,-0.004717062446088405,-0.004523198905098091,0.0,0.0,0.0,-0.0031959160356539455,-0.0031959160356539455,0.0,-0.0007938064029028144,-0.000516431159225097,-0.003387327731490519,-0.003319468040991985,0.0,0.0,-0.0031959160356539455,-0.0031959160356539455,-0.0031959160356539455,0.0033883446996034326,0.0033883446996034326,0.0,0.0,-0.0031959160356539455,-0.004245682940571514,-0.0031959160356539455,0.0033883446996034326,0.0
2026-07-02,0.0,0.0,0.009821893756810267,0.009826689489392604,0.0,-0.008628466133660294,-0.00818936173183818,0.008936766232268167,0.00899818002520128,0.0,0.006583423994100849,0.006687568559827645,0.009990300594177257,0.010131283834760064,0.0,0.005318489689539906,0.005441997760003594,0.007162905483170342,0.007385808268625221,0.0,0.0,0.0,0.009821893756810267,0.009826689489392604,0.0,-0.008628466133660294,-0.00818936173183818,0.008936766232268167,0.00899818002520128,0.0,0.0,0.009821893756810269,0.009826689489392604,0.009826689489392604,-0.009883198944454823,-0.009883198944454823,0.0,0.0,0.009824291623101436,0.01006079221446866,0.009826689489392604,-0.009883198944454823,0.0
2026-07-03,0.0,0.0,-0.00012243361265981123,-0.00011456502910438599,0.0,0.0006080578903111677,0.0010046829766864054,-6.334079471972813e-06,4.363659745125459e-06,0.0,-0.0013762150058759758,-0.0012968672251820336,-0.0005633369435775004,-0.0004973880508932722,0.0,-0.0010642858262167804,-0.000992723539787657,-0.0004852527640485869,-0.0004231897254110111,0.0,0.0,0.0,-0.00012243361265981123,-0.00011456502910438599,0.0,0.0006080578903111677,0.0010046829766864054,-6.334079471972813e-06,4.363659745125459e-06,0.0,0.0,-0.00012243361265981147,-0.00017267536641616174,-0.0001600110502784,0.00012351996156528784,0.00012351996156528784,0.0,0.0,-0.00011849932088209861,-0.0005303624972353863,-0.00016634320834728086,0.00012351996156528784,0.0
2026-07-06,0.0,0.0,-8.90912080769569e-05,-8.461450955610423e-05,0.0,0.005961865476188575,0.0069213327619576225,0.00017817008458358066,0.00024072610388072246,0.0,-0.006756046815128963,-0.006461262356070237,-0.0015847524103324625,-0.001528467627268844,0.0,-0.005950926683218918,-0.005645294069376319,-0.0015024348343845625,-0.001422075118495222,0.0,0.0,0.0,-8.90912080769569e-05,-8.461450955610423e-05,0.0,0.005961865476188575,0.0069213327619576225,0.00017817008458358066,0.00024072610388072246,0.0,0.0,-8.909120807695717e-05,-8.461450955610423e-05,-8.461450955610423e-05,-0.0003568819580487583,-0.0003568819580487583,0.0,0.0,-8.685285881653056e-05,-0.0015566100188006532,-8.461450955610423e-05,-0.0003568819580487583,0.0
2026-07-07,0.0,0.0,-0.004892773787342927,-0.003790123627517279,0.0,0.003012028227278719,0.0030300906869796043,-0.00459881004434066,-0.003590430907558788,0.0,-0.0011972465169137222,-0.0009886769391267637,-0.004733019152444328,-0.003957627327266361,0.0,0.00013758849558775525,0.000286976068272483,-0.00396573208760563,-0.0034424511880287623,0.0,0.0,0.0,-0.004892773787342927,-0.003790123627517279,0.0,0.003012028227278719,0.0030300906869796043,-0.00459881004434066,-0.003590430907558788,0.0,0.0,-0.0037945352120002667,-0.003740765354285019,-0.003740765354285019,0.0038138602305794163,0.0038138602305794163,0.0,0.0,-0.004341448707430103,-0.004345323239855344,-0.003740765354285019,0.0038138602305794163,0.0
2026-07-08,0.0,0.0,-0.0018212528871475774,-0.0018212528871475774,0.0,0.00046801811650118257,0.0005956341306871523,-0.00137498222996365,-0.0012912403011985474,0.0,-0.0018704006416107779,-0.0018502553938608115,-0.0026161503985096487,-0.002151158660787049,0.0,-0.0017694679894165806,-0.0013358170040190399,-0.002549129597299853,-0.0021340285985452824,0.0,0.0,0.0,-0.0018212528871475774,-0.0018212528871475774,0.0,0.00046801811650118257,0.0005956341306871523,-0.00137498222996365,-0.0012912403011985474,0.0,0.0,0.0005584399808181003,0.0016414944704909913,0.0016414944704909913,-0.0019679211094188165,-0.0019679211094188165,0.0,0.0,-0.0018212528871475774,-0.002383654529648349,0.0016414944704909913,-0.0019679211094188165,0.0
2026-07-09,0.0,0.0,-0.004674830398741539,-0.0035207269576403365,0.0,-0.0009847954961588645,-0.0009772883937621316,-0.005481250730196821,-0.004371237684478437,0.0,0.0012258616887558201,0.0013233607895425882,-0.0046752589995238125,-0.0034872086657058332,0.0,-0.0008097864422410331,-0.0007226195454477577,-0.0038195992923516853,-0.00302771929171602,0.0,0.0,0.0,-0.004674830398741539,-0.0035207269576403365,0.0,-0.0009847954961588645,-0.0009772883937621316,-0.005481250730196821,-0.004371237684478437,0.0,0.0,-0.004746491576317188,0.0032829259951335844,0.0032829259951335844,-0.0033829709011877693,-0.0033829709011877693,0.0,0.0,-0.004097778678190938,-0.004081233832614823,0.0032829259951335844,-0.0033829709011877693,0.0
2026-07-10,0.0,0.0,0.0004683898843184585,0.0004683898843184585,0.0,0.0006702913451153816,0.0006702913451153816,0.0004286206824911796,0.00044588770071764077,0.0,0.0015158904038199647,0.001522984670402498,0.0006791028392217408,0.001008158192233208,0.0,0.001090835407947906,0.0011044365277964644,0.0004603046931657329,0.0007209966217832341,0.0,0.0,0.0,0.0004683898843184585,0.0004683898843184585,0.0,0.0006702913451153816,0.0006702913451153816,0.0004286206824911796,0.00044588770071764077,0.0,0.0,0.00046838988431845835,0.0003687775359707641,0.00041583941632580303,-6.112857776762601e-05,-6.112857776762601e-05,0.0,0.0,0.0004683898843184585,0.0008436305157274743,0.0003923084761482836,-6.112857776762601e-05,0.0
2026-07-13,0.0,0.0,-0.0077820080134578945,-0.006587640681968508,0.0,0.00021542593399655934,0.00021542593399655934,-0.006914234409048923,-0.005871450105333272,0.0,-0.001128706052098755,-0.0009678513195437833,-0.0027929457706120896,-0.0017080682526406374,0.0,0.0004144367440270207,0.00048455562408225697,-0.005815826851646956,-0.0048567467972635316,0.0,0.0,0.0,-0.0077820080134578945,-0.006587640681968508,0.0,0.00021542593399655934,0.00021542593399655934,-0.006914234409048923,-0.005871450105333272,0.0,0.0,-0.007782008013457891,-0.006587640681968508,-0.006587640681968508,0.004854797755677785,0.00603424712109898,0.0,0.0,-0.007184824347713201,-0.0022505070116263636,-0.006587640681968508,0.005444522438388382,0.0
2026-07-14,0.0,0.0,-0.013246309655525888,-0.012024235634225793,0.0,0.004813466984767442,0.004813466984767442,-0.009142877015752945,-0.00804637721031407,0.0,0.008249289923376544,0.008579328526340373,-0.012138514052858127,-0.010930385360895625,0.0,0.005359229118405511,0.005587718216882203,-0.007366613473167891,-0.006360749363607649,0.0,0.0,0.0,-0.013246309655525888,-0.012024235634225793,0.0,0.004813466984767442,0.004813466984767442,-0.009142877015752945,-0.00804637721031407,0.0,0.0,-0.013246309655525888,0.01186216985221773,0.01186216985221773,0.01186216985221773,0.01186216985221773,0.0,0.0,-0.012635272644875841,-0.011534449706876875,0.01186216985221773,0.01186216985221773,0.0
2026-07-15,0.0,0.0,0.008147792826268216,0.008159552613276486,0.0,-0.004387526827497227,-0.004368872317438901,0.007403491920690448,0.007411096506794451,0.0,-0.009781616149618949,-0.009662325112987345,0.006968849776663685,0.006973865486234703,0.0,-0.007571119163070402,-0.007508832376829401,0.006219327879166229,0.006260930263908381,0.0,0.0,0.0,0.008147792826268216,0.008159552613276486,0.0,-0.004387526827497227,-0.004368872317438901,0.007403491920690448,0.007411096506794451,0.0,0.0,0.008147792826268213,0.008076920620421748,0.008076920620421748,0.008076920620421748,0.008076920620421748,0.0,0.0,0.00815367271977235,0.006971357631449194,0.008076920620421748,0.008076920620421748,0.0
2026-07-16,0.0,0.0,-0.004048969901100707,-0.004048969901100707,0.0,0.0006347471085724913,0.0006347471085724913,-0.003955810808830162,-0.003944398708970813,0.0,0.00317134006551096,0.003283452153365161,-0.003998334372890174,-0.003989435133247453,0.0,0.001619718137286053,0.001636458744378309,-0.003839967314633602,-0.003816299614228972,0.0,0.0,0.0,-0.004048969901100707,-0.004048969901100707,0.0,0.0006347471085724913,0.0006347471085724913,-0.003955810808830162,-0.003944398708970813,0.0,0.0,-0.0040489699011007066,-0.004232069452644738,-0.004232069452644738,-0.004232069452644737,-0.004232069452644737,0.0,0.0,-0.004048969901100707,-0.0039938847530688135,-0.004232069452644738,-0.004232069452644737,0.0
2026-07-17,0.0,0.0,0.0006929562560550968,0.0006929562560550968,0.0,0.0033439193760949138,0.0033439193760949138,0.0010909252081350983,0.001105095073270536,0.0,0.0030072010770176238,0.00311694711986503,0.0010268729239137466,0.0010268729239137466,0.0,0.0034650088036788183,0.003539989747561923,0.001252930589978779,0.0012615479068202316,0.0,0.0,0.0,0.0006929562560550968,0.0006929562560550968,0.0,0.0033439193760949138,0.0033439193760949138,0.0010909252081350983,0.001105095073270536,0.0,0.0,0.0006929562560550966,0.0007634391649264354,0.0008080758255040452,0.0008080758255040452,0.0008080758255040452,0.0,0.0,0.0006929562560550968,0.0010268729239137466,0.0007857574952152403,0.0008080758255040452,0.0
2026-07-20,0.0,0.0,-0.004479554313631997,-0.004474724900120009,0.0,-0.0036684243631221036,-0.0036684243631221036,-0.004863299004129209,-0.004834529013378452,0.0,-0.0011589894729049388,-0.0009623358255320797,-0.004648699816991555,-0.004599580030992813,0.0,-0.002602353000626916,-0.0024140076634544374,-0.00466035305487349,-0.0045784637377923355,0.0,0.0,0.0,-0.004479554313631997,-0.004474724900120009,0.0,-0.0036684243631221036,-0.0036684243631221036,-0.004863299004129209,-0.004834529013378452,0.0,0.0,-0.0044795543136319955,-0.004474724900120009,-0.004474724900120009,-0.004860754258236007,-0.004860754258236007,0.0,0.0,-0.004477139606876003,-0.004624139923992184,-0.004474724900120009,-0.004860754258236007,0.0
2026-07-21,0.0,0.0,-0.00485121244765349,-0.004840740525854474,0.0,-0.0023907073138117953,-0.002368464897049755,-0.005206406526834528,-0.005117945108873114,0.0,0.0005078577461731635,0.0010166418928155194,-0.004691027084620302,-0.00465691766762808,0.0,-0.0015173986770117328,-0.0012403581787868683,-0.004895689751667694,-0.004829921934843584,0.0,0.0,0.0,-0.00485121244765349,-0.004840740525854474,0.0,-0.0023907073138117953,-0.002368464897049755,-0.005206406526834528,-0.005117945108873114,0.0,0.0,-0.004851212447653489,-0.004700876722453042,-0.004700876722453042,-0.005084357274122948,-0.005084357274122948,0.0,0.0,-0.004845976486753983,-0.004673972376124191,-0.004700876722453042,-0.005084357274122948,0.0
2026-07-22,0.0,0.0,-5.597183219164213e-06,0.0011839299288497812,0.0,0.0010878819204930292,0.0010878819204930292,0.00022553574426346836,0.0012928432312271994,0.0,0.0008898749873389792,0.0011682005484742247,0.00017413776336344428,0.0014152459518656424,0.0,0.0007877927440332703,0.0008598648331023145,0.0006673062772114916,0.0013073051409349897,0.0,0.0,0.0,-5.597183219164213e-06,0.0011839299288497812,0.0,0.0010878819204930292,0.0010878819204930292,0.00022553574426346836,0.0012928432312271994,0.0,0.0,-5.597183219164647e-06,0.001204360014662012,0.001204360014662012,0.0012835851906561634,0.0012835851906561634,0.0,0.0,0.0005891663728153085,0.0007946918576145433,0.001204360014662012,0.0012835851906561634,0.0
2026-07-23,0.0,0.0,0.006531392812395212,0.006531392812395212,0.0,0.0016948141663272681,0.0016948141663272681,0.007635216876424339,0.008038532323240484,0.0,-0.0024578955436243112,-0.0022588821344607397,0.006481482664130092,0.006518062216683081,0.0,0.002038687976889534,0.002063513070595101,0.002519803878161778,0.003044298240418078,0.0,0.0,0.0,0.006531392812395212,0.006531392812395212,0.0,0.0016948141663272681,0.0016948141663272681,0.007635216876424339,0.008038532323240484,0.0,0.0,0.006531392812395212,-0.005987395543062364,-0.005987395543062364,-0.006085631967110884,-0.006085631967110884,0.0,0.0,0.006531392812395212,0.006499772440406587,-0.005987395543062364,-0.006085631967110884,0.0
2026-07-24,0.0,0.0,-0.0005561211563605316,-0.0005561211563605316,0.0,-0.0015789726452945375,-0.0015789726452945375,-0.0012238526656744065,-0.0011725602418951363,0.0,-0.001894045077678744,-0.0013256116387807138,-0.0006315889320879209,-0.0006150500142488543,0.0,-0.0013763907972728611,-0.0012811607000015397,-0.001397216759899158,-0.001376963272291725,0.0,0.0,0.0,-0.0005561211563605316,-0.0005561211563605316,0.0,-0.0015789726452945375,-0.0015789726452945375,-0.0012238526656744065,-0.0011725602418951363,0.0,0.0,-0.0005561211563605314,-0.0006819339240215251,0.0004704622313941765,0.0003928938818613837,0.0003928938818613837,0.0,0.0,-0.0005561211563605316,-0.0006233194731683876,-0.00010573584631367428,0.0003928938818613837,0.0
2026-07-27,0.0,0.0,0.0018875362658086763,0.003148691297232052,0.0,-0.004586790169520823,-0.0028679428562546666,0.0013143677103984676,0.002453524749921031,0.0,0.00043692136182837623,0.0011097985555275438,0.002013879190639498,0.0033081952829254486,0.0,-0.0037516716336209394,-0.00221382330329308,0.000519142921130152,0.0016980246089754673,0.0,0.0,0.0,0.0018875362658086763,0.003148691297232052,0.0,-0.004586790169520823,-0.0028679428562546666,0.0013143677103984676,0.002453524749921031,0.0,0.0,0.001887536265808675,0.003148691297232052,0.003148691297232052,-0.0033452813504992736,-0.0033452813504992736,0.0,0.0,0.002518113781520364,0.0026610372367824736,0.003148691297232052,-0.0033452813504992736,0.0
2026-07-28,0.0,0.0,-0.0003458924143055803,0.0009256567138167158,0.0,0.0007732324873744248,0.0007732324873744248,0.000356295792972272,0.0015022171459082839,0.0,0.0004365943180707366,0.0008505187119110262,-0.0002504791177423422,0.0010034453720684051,0.0,0.00014791006979030788,0.0006076297748522049,-0.0001942570352095462,0.0010726812123363076,0.0,0.0,0.0,-0.0003458924143055803,0.0009256567138167158,0.0,0.0007732324873744248,0.0007732324873744248,0.000356295792972272,0.0015022171459082839,0.0,0.0,0.000925656713816716,-0.0008701402155363355,-0.0008701402155363355,0.0009097128737999994,0.0009097128737999994,0.0,0.0,0.00028988214975556774,0.00037648312716303145,-0.0008701402155363355,0.0009097128737999994,0.0
2026-07-29,0.0,0.0,-0.01025103582548282,-0.010241300026000962,0.0,-0.005253149923808751,-0.0034820672432304676,-0.010808614057441438,-0.010572569776414263,0.0,-0.0055186849961326905,-0.0055186849961326905,-0.01105962689110824,-0.010969225121571563,0.0,-0.011683788985905264,-0.010741763732236422,-0.011789622170021304,-0.011440579207399026,0.0,0.0,0.0,-0.01025103582548282,-0.010241300026000962,0.0,-0.005253149923808751,-0.0034820672432304676,-0.010808614057441438,-0.010572569776414263,0.0,0.0,0.0100722557440952,-0.009787948600016291,-0.009787948600016291,0.009814971595566569,0.009814971595566569,0.0,0.0,-0.01024616792574189,-0.011014426006339902,-0.009787948600016291,0.009814971595566569,0.0
2026-07-30,0.0,0.0,-0.021130451687105607,-0.019869790097201124,0.0,0.007260205822426252,0.0073475896575897716,-0.020798372825854963,-0.01955497047864526,0.0,0.0023700732447683327,0.0025672328893698955,-0.019634346447607136,-0.01842013291903283,0.0,0.005308422839581803,0.005573201730469236,-0.01635851385813066,-0.015240304798642409,0.0,0.0,0.0,-0.021130451687105607,-0.019869790097201124,0.0,0.007260205822426252,0.0073475896575897716,-0.020798372825854963,-0.01955497047864526,0.0,0.0,0.019460704559700476,-0.0192121752418818,-0.0192121752418818,0.01790384394511561,0.01790384394511561,0.0,0.0,-0.020500120892153365,-0.019027239683319985,-0.0192121752418818,0.01790384394511561,0.0
2026-07-31,0.0,0.0,0.0001592182841814178,0.0013771135455670803,0.0,0.002367679891189409,0.002405070850068412,0.0004945478365394934,0.0016965149797254614,0.0,-0.001579443749317657,-0.0003316382995614609,0.00023623079383623484,0.001387278890076822,0.0,-0.0010481529919712216,8.774515228859013e-05,0.0004520318905268273,0.0016150055429240903,0.0,0.0,0.0,0.0001592182841814178,0.0013771135455670803,0.0,0.002367679891189409,0.002405070850068412,0.0004945478365394934,0.0016965149797254614,0.0,0.0,0.0013507115473817396,-0.0036943931130292494,-0.003635237738967859,0.003014449446288512,0.003014449446288512,0.0,0.0,0.0007681659148742491,0.0008117548419565284,-0.0036648154259985542,0.003014449446288512,0.0
2026-08-03,0.0,0.0,0.004803605589495246,0.004803605589495246,0.0,-0.0028376620886138067,-0.0009157131692857277,0.004208613642443106,0.004688822570500609,0.0,0.004079907819699765,0.004113311427269301,0.0030836940266557662,0.0033003380063322913,0.0,0.004010977927823517,0.004275409687538061,0.0030573497702507417,0.0035492611962304734,0.0,0.0,0.0,0.004803605589495246,0.004803605589495246,0.0,-0.0028376620886138067,-0.0009157131692857277,0.004208613642443106,0.004688822570500609,0.0,0.0,-0.004688258159566382,0.004803605589495246,0.004803605589495246,-0.004632429091963541,-0.004632429091963541,0.0,0.0,0.004803605589495246,0.0031920160164940286,0.004803605589495246,-0.004632429091963541,0.0
2026-08-04,0.0,0.0,-0.0033836321427603592,-0.0021125819433336023,0.0,0.005568677692732465,0.005568677692732465,-0.0013098647562207542,-0.0002007202302169045,0.0,-0.002364095376638659,-0.0023524564770744725,-0.0032868216574657755,-0.002450300541050135,0.0,-0.0008444234572423848,-0.0006472280772732115,-0.001973649409222065,-0.0012442918304367107,0.0,0.0,0.0,-0.0033836321427603592,-0.0021125819433336023,0.0,0.005568677692732465,0.005568677692732465,-0.0013098647562207542,-0.0002007202302169045,0.0,0.0,0.002044978150138172,-0.0021125819433336023,-0.0021125819433336023,0.0012138772144884174,0.0012138772144884174,0.0,0.0,-0.002748107043046981,-0.0028685610992579555,-0.0021125819433336023,0.0012138772144884174,0.0
2026-08-05,0.0,0.0,0.004247526366655443,0.004247526366655443,0.0,-0.0021856235263051083,-0.0021856235263051083,0.0014134920498540813,0.0015105017039084953,0.0,-0.0015451090985646341,-0.0015381000851435482,0.003393148795089981,0.0034583472021611572,0.0,-0.0026692513897718356,-0.002600114712549692,0.0005095782859395885,0.0007239455976675487,0.0,0.0,0.0,0.004247526366655443,0.004247526366655443,0.0,-0.0021856235263051083,-0.0021856235263051083,0.0014134920498540813,0.0015105017039084953,0.0,0.0,0.004070144517019164,-0.004160245531816682,-0.004160245531816682,0.004194074871668372,0.004194074871668372,0.0,0.0,0.004247526366655443,0.003425747998625569,-0.004160245531816682,0.004194074871668372,0.0
2026-08-06,0.0,0.0,-0.004508598242533673,-0.004508598242533673,0.0,0.00021469306284357161,0.00021469306284357161,-0.003464805384913656,-0.003104765419178289,0.0,-0.0016095059841992935,-0.0016095059841992935,-0.005268473350171473,-0.005207845058965636,0.0,-0.0010464257510596911,-0.0010282614211948918,-0.004325156079132725,-0.004191585252613362,0.0,0.0,0.0,-0.004508598242533673,-0.004508598242533673,0.0,0.00021469306284357161,0.00021469306284357161,-0.003464805384913656,-0.003104765419178289,0.0,0.0,-0.004332308766744315,0.004413035647147245,0.004413035647147245,-0.0049600161929132325,-0.0049600161929132325,0.0,0.0,-0.004508598242533673,-0.005238159204568554,0.004413035647147245,-0.0049600161929132325,0.0
2026-08-07,0.0,0.0,0.008262279388250474,0.008262279388250474,0.0,-0.003951067544059364,-0.003951067544059364,0.004405632797725795,0.004879220602692528,0.0,-0.0018170216656111947,-0.0017540608363921172,0.007979037694133214,0.008060936292535492,0.0,-0.003808567862113525,-0.0036534421351552184,0.005110031865566367,0.005322585970370289,0.0,0.0,0.0,0.008262279388250474,0.008262279388250474,0.0,-0.003951067544059364,-0.003951067544059364,0.004405632797725795,0.004879220602692528,0.0,0.0,0.008090392929493616,-0.009356382457991561,-0.008101884273520047,0.008766162306637508,0.008766162306637508,0.0,0.0,0.008262279388250474,0.008019986993334352,-0.008729133365755804,0.008766162306637508,0.0
2026-08-10,0.0,0.0,-0.0022683160992805246,-0.0022639285262997604,0.0,0.0016512278164220082,0.0016512278164220082,-0.002121469986299752,-0.0020877974685736293,0.0,-0.005529400365763855,-0.0049455588222636696,-0.00321210448349293,-0.003135765806133608,0.0,-0.004383781831155685,-0.0037927273698561653,-0.003034474905495574,-0.0029330422648216393,0.0,0.0,0.0,-0.0022683160992805246,-0.0022639285262997604,0.0,0.0016512278164220082,0.0016512278164220082,-0.002121469986299752,-0.0020877974685736293,0.0,0.0,-0.002221962038059527,-0.0022639285262997604,-0.0022639285262997604,-0.003662833684624475,-0.003556673612953922,0.0,0.0,-0.0022661223127901425,-0.003173935144813269,-0.0022639285262997604,-0.0036097536487891984,0.0
2026-08-11,0.0,0.0,0.0002835156811264942,0.0003111611142336401,0.0,-0.0011720041297662532,-0.0011720041297662532,0.00014413038143960797,0.00017469870627246606,0.0,-0.0005190266872156029,-0.0004416620861856686,1.2953385472125854e-05,0.00013620700507067457,0.0,-0.0004509257396951808,-0.0003739215403325616,5.9627221377663925e-05,0.00014549204478542585,0.0,0.0,0.0,0.0002835156811264942,0.0003111611142336401,0.0,-0.0011720041297662532,-0.0011720041297662532,0.00014413038143960797,0.00017469870627246606,0.0,0.0,0.00027566550438166065,0.0003111611142336401,0.0003111611142336401,0.0002756655043816604,0.0002756655043816604,0.0,0.0,0.0002973383976800671,7.458019527140021e-05,0.0003111611142336401,0.0002756655043816604,0.0
2026-08-12,0.0,0.0,-0.003744363306385682,-0.003744363306385682,0.0,4.283451554653109e-05,4.283451554653109e-05,-0.00365623891556895,-0.003599337729967527,0.0,0.0021114545422816133,0.0021114545422816133,-0.0034634379966630036,-0.0033333193538226044,0.0,0.002217111444713306,0.0022468052443979105,-0.003359556520377216,-0.0032240129626636355,0.0,0.0,0.0,-0.003744363306385682,-0.003744363306385682,0.0,4.283451554653109e-05,4.283451554653109e-05,-0.00365623891556895,-0.003599337729967527,0.0,0.0,-0.0036272789084683807,-0.003585019771636875,-0.003585019771636875,-0.0036272789084683807,-0.0036272789084683807,0.0,0.0,-0.003744363306385682,-0.003398378675242804,-0.003585019771636875,-0.0036272789084683807,0.0
2026-08-13,0.0,0.0,-0.00025103273491771657,-0.00023650043071334143,0.0,-0.00012819341579506293,-0.00012819341579506293,-0.0002752788123496926,-0.0002752788123496926,0.0,-0.00017536477087390161,-7.795537321132496e-05,-0.000295972190406873,-0.000295972190406873,0.0,-9.136929032852218e-05,5.6078778844244836e-05,-0.0002662854642981206,-0.0002606134768599667,0.0,0.0,0.0,-0.00025103273491771657,-0.00023650043071334143,0.0,-0.00012819341579506293,-0.00012819341579506293,-0.0002752788123496926,-0.0002752788123496926,0.0,0.0,-0.0002329576909860674,-0.00019618571141642027,-0.00019618571141642027,-0.00022735520313012963,-0.00022735520313012963,0.0,0.0,-0.000243766582815529,-0.000295972190406873,-0.00019618571141642027,-0.00022735520313012963,0.0
2026-08-14,0.0,0.0,0.008223839663942611,0.008223839663942611,0.0,-2.4838116739509398e-05,-7.2333362917488325e-06,0.008366433292196688,0.008366433292196688,0.0,-0.006178190572250335,-0.006157422412475125,0.007566392192392938,0.007566392192392938,0.0,-0.005091643511255189,-0.005070794538594174,0.007700853489295125,0.007700853489295125,0.0,0.0,0.0,0.008223839663942611,0.008223839663942611,0.0,-2.4838116739509398e-05,-7.2333362917488325e-06,0.008366433292196688,0.008366433292196688,0.0,0.0,0.007886534229671022,0.007630810085466541,0.007675565687354975,0.007821457581744622,0.007821457581744622,0.0,0.0,0.008223839663942611,0.007566392192392938,0.007653187886410758,0.007821457581744622,0.0
2026-08-17,0.0,0.0,0.002119088607647945,0.002119088607647945,0.0,0.00048020609806874676,0.00048020609806874676,0.0021802921866919092,0.0021802921866919092,0.0,-0.0029513745029951383,-0.0028123564190291224,0.0017440941108276505,0.0017440941108276505,0.0,-0.003251309375540887,-0.003101435293917265,0.0016642050451584323,0.0016762035097365067,0.0,0.0,0.0,0.002119088607647945,0.002119088607647945,0.0,0.00048020609806874676,0.00048020609806874676,0.0021802921866919092,0.0021802921866919092,0.0,0.0,0.0020325248885691323,0.002119088607647945,0.002119088607647945,0.0019870192559765755,0.0019870192559765755,0.0,0.0,0.002119088607647945,0.0017440941108276505,0.002119088607647945,0.0019870192559765755,0.0
2026-08-18,0.0,0.0,-0.003145402211218549,-0.0031435508790497338,0.0,0.00018491229609933667,0.00027583438677170063,-0.0031704806067558485,-0.0031704806067558485,0.0,0.001892400664156848,0.002003855222572178,-0.0028594705987712806,-0.0028321270008046825,0.0,0.001809085260812065,0.0019398105591555991,-0.0029177439488729156,-0.00287926008835622,0.0,0.0,0.0,-0.003145402211218549,-0.0031435508790497338,0.0,0.00018491229609933667,0.00027583438677170063,-0.0031704806067558485,-0.0031704806067558485,0.0,0.0,-0.003061226349419452,-0.0031435508790497338,-0.0031435508790497338,-0.0029833126509373454,-0.0029833126509373454,0.0,0.0,-0.0031444765451341416,-0.0028457987997879816,-0.0031435508790497338,-0.0029833126509373454,0.0
2026-08-19,0.0,0.0,0.018144131184371286,0.01820420323149117,0.0,-0.003842877160255461,-0.0037389272015962297,0.01816971771706343,0.0182311430614062,0.0,-0.005199786759926286,-0.005084643608107833,0.018389973271489744,0.01853158255129591,0.0,-0.007463102546549166,-0.007258039791969156,0.017888253294978756,0.018039980598324484,0.0,0.0,0.0,0.018144131184371286,0.01820420323149117,0.0,-0.003842877160255461,-0.0037389272015962297,0.01816971771706343,0.0182311430614062,0.0,0.0,0.01817912825760319,0.018100574384414946,0.018100574384414946,0.017190869222270228,0.017190869222270228,0.0,0.0,0.018174167207931226,0.018460777911392827,0.018100574384414946,0.017190869222270228,0.0
2026-08-20,0.0,0.0,-0.0012370905529481154,-0.0012328848423803643,0.0,-0.0014632945604507797,0.00040908782557262354,-0.0013085352391651543,-0.0012596975890867656,0.0,-0.004849495366493297,-0.004817264627930833,-0.003508115867037396,-0.0034911293525779095,0.0,-0.004910252843883315,-0.004811595123192484,-0.0034222802279797594,-0.0034017018068049614,0.0,0.0,0.0,-0.0012370905529481154,-0.0012328848423803643,0.0,-0.0014632945604507797,0.00040908782557262354,-0.0013085352391651543,-0.0012596975890867656,0.0,0.0,-0.0011464064389208922,-0.0012924779922648794,-0.0012924779922648794,-0.001228797521940671,-0.001228797521940671,0.0,0.0,-0.0012349876976642399,-0.0034996226098076527,-0.0012924779922648794,-0.001228797521940671,0.0
2026-08-21,0.0,0.0,0.0033023283593484145,0.004513547240297153,0.0,-0.001460644917566067,-0.001460644917566067,0.003583123876535999,0.004709712150499593,0.0,-0.0049064954747148086,-0.004894722095585018,0.0030186857226394866,0.0035193620185152248,0.0,-0.004372833282817005,-0.004372833282817005,0.003115340470103696,0.003576200404119769,0.0,0.0,0.0,0.0033023283593484145,0.004513547240297153,0.0,-0.001460644917566067,-0.001460644917566067,0.003583123876535999,0.004709712150499593,0.0,0.0,0.004446111218007673,0.003361763340909624,0.004626981417153432,0.0043713280460653875,0.0043713280460653875,0.0,0.0,0.003907937799822784,0.0032690238705773557,0.003994372379031528,0.0043713280460653875,0.0
2026-08-24,0.0,0.0,0.004542695316763816,0.005764813525448282,0.0,-0.004593477593363901,-0.002747674610110997,0.0013367343200287056,0.0027239698355165237,0.0,0.0042214265416327815,0.004513619757536601,-0.0010339467475119425,-0.0007179396280743269,0.0,0.003498428320874657,0.003987800782400554,-0.002308363812777406,-0.0015456972274018419,0.0,0.0,0.0,0.004542695316763816,0.005764813525448282,0.0,-0.004593477593363901,-0.002747674610110997,0.0013367343200287056,0.0027239698355165237,0.0,0.0,-0.005589474319937264,0.005764813525448282,0.005764813525448282,-0.006117411259717335,-0.006117411259717335,0.0,0.0,0.0051537544211060484,-0.0008759431877931347,0.005764813525448282,-0.006117411259717335,0.0
2026-08-25,0.0,0.0,0.0008415114908306982,0.002060281004333285,0.0,0.0025867127239096845,0.0025867127239096845,-0.0002857566583098085,0.00018430947469091268,0.0,-0.003011230217272368,-0.0028177712853641014,-0.0011804545347507312,-0.0006498032397460853,0.0,-0.002278265090180151,-0.0020888387134058444,-0.0015286579268638733,-0.0011826755884657657,0.0,0.0,0.0,0.0008415114908306982,0.002060281004333285,0.0,0.0025867127239096845,0.0025867127239096845,-0.0002857566583098085,0.00018430947469091268,0.0,0.0,0.001945983124689366,-0.0020254320890701243,-0.0020254320890701243,0.002002472549175534,0.002002472549175534,0.0,0.0,0.0014508962475819917,-0.0009151288872484083,-0.0020254320890701243,0.002002472549175534,0.0
2026-08-26,0.0,0.0,0.006354347448965697,0.006354347448965697,0.0,-0.0003691772953955167,-0.0003691772953955167,0.006388292890479311,0.006400203428728252,0.0,0.005678724739324059,0.005823971249560076,0.005621737975157533,0.0058967238424676395,0.0,0.005503145345432458,0.005904579958945102,0.007207701839077148,0.007406804004377273,0.0,0.0,0.0,0.006354347448965697,0.006354347448965697,0.0,-0.0003691772953955167,-0.0003691772953955167,0.006388292890479311,0.006400203428728252,0.0,0.0,-0.00736270000074705,0.006303889128093422,0.006303889128093422,-0.006520202005222332,-0.006520202005222332,0.0,0.0,0.006354347448965697,0.005759230908812586,0.006303889128093422,-0.006520202005222332,0.0
2026-08-27,0.0,0.0,-0.0022629300073995226,-0.0022629300073995226,0.0,-0.0009080643222610695,-0.0009080643222610695,-0.0027393840914363755,-0.002590082026574911,0.0,-0.0033530661170497653,-0.0030675387256734834,-0.0032700791559297873,-0.0028911268390917327,0.0,-0.003938117820624248,-0.0037477767488594584,-0.003666395103551963,-0.003305481840661154,0.0,0.0,0.0,-0.0022629300073995226,-0.0022629300073995226,0.0,-0.0009080643222610695,-0.0009080643222610695,-0.0027393840914363755,-0.002590082026574911,0.0,0.0,-0.0034482713953187124,-0.002303529269791664,-0.002303529269791664,0.002392334718842134,0.002392334718842134,0.0,0.0,-0.0022629300073995226,-0.0030806029975107597,-0.002303529269791664,0.002392334718842134,0.0
2026-08-28,0.0,0.0,0.010314660281704512,0.010325329843722959,0.0,-0.0019811289979787873,-0.0019639220718774266,0.009110018041347302,0.009410041340009348,0.0,0.006262185810405312,0.006376258609335481,0.005758479040339608,0.0061362964867388275,0.0,0.003770078967731648,0.003975910574532037,0.007267857613728523,0.007767268244683643,0.0,0.0,0.0,0.010314660281704512,0.010325329843722959,0.0,-0.0019811289979787873,-0.0019639220718774266,0.009110018041347302,0.009410041340009348,0.0,0.0,-0.011625540279242348,0.010120422549509563,0.010160182291234367,-0.010360457569465586,-0.010360457569465586,0.0,0.0,0.010319995062713735,0.005947387763539218,0.010140302420371965,-0.010360457569465586,0.0
2026-08-31,0.0,0.0,-0.004321753661366701,-0.004321753661366701,0.0,-0.003632810457079439,-0.001903592200566049,-0.004347939974959876,-0.004340204147066622,0.0,-0.0024070087763269953,-0.0019733721243834893,-0.004237253329668421,-0.004228830125300461,0.0,-0.0029529611081425154,-0.002207877861828767,-0.004279178622763349,-0.0042555026591313055,0.0,0.0,0.0,-0.004321753661366701,-0.004321753661366701,0.0,-0.003632810457079439,-0.001903592200566049,-0.004347939974959876,-0.004340204147066622,0.0,0.0,-0.004261870411113482,-0.004321753661366701,-0.004321753661366701,0.004674153555855216,0.004674153555855216,0.0,0.0,-0.004321753661366701,-0.0042330417274844415,-0.004321753661366701,0.004674153555855216,0.0
2026-09-01,0.0,0.0,0.005365153607480871,0.005367106440258426,0.0,0.0007983762558651056,0.0007983762558651056,0.0051752870707906335,0.0051798421024321405,0.0,0.0017991914287079915,0.0020190394164287064,0.005465705164339249,0.005473473872722274,0.0,0.001476435342709133,0.0017195290428753565,0.0051367844720171,0.005172699645590026,0.0,0.0,0.0,0.005365153607480871,0.005367106440258426,0.0,0.0007983762558651056,0.0007983762558651056,0.0051752870707906335,0.0051798421024321405,0.0,0.0,0.005343865706639188,0.005367106440258426,0.005367106440258426,-0.005658447728305231,-0.005658447728305231,0.0,0.0,0.005366130023869649,0.005469589518530761,0.005367106440258426,-0.005658447728305231,0.0
2026-09-02,0.0,0.0,-0.0016457841121005966,-0.0016328389156102519,0.0,0.006488408804614208,0.006488408804614208,-0.0015907881139231555,-0.0015579574016540221,0.0,0.009067499801843773,0.009606461338008887,-0.0010813581084434553,-0.0010314433815304656,0.0,0.009430442419696239,0.009888642679604959,-0.001025254345653034,-0.0009489404960305113,0.0,0.0,0.0,-0.0016457841121005966,-0.0016328389156102519,0.0,0.006488408804614208,0.006488408804614208,-0.0015907881139231555,-0.0015579574016540221,0.0,0.0,-0.001610019543152849,-0.0014991681635236867,-0.0014991681635236867,0.0018154969781244744,0.0018154969781244744,0.0,0.0,-0.0016393115138554242,-0.0010564007449869605,-0.0014991681635236867,0.0018154969781244744,0.0
2026-09-03,0.0,0.0,-0.01145216093232627,-0.010300451899857378,0.0,0.0028189260365366667,0.002862095213714639,-0.01135888712107325,-0.010200282718352972,0.0,0.009348630900935802,0.00941943527542575,-0.0075001253988102754,-0.006868111869901958,0.0,0.009190029774322851,0.009301631374618926,-0.0075074138516262046,-0.006696944981135556,0.0,0.0,0.0,-0.01145216093232627,-0.010300451899857378,0.0,0.0028189260365366667,0.002862095213714639,-0.01135888712107325,-0.010200282718352972,0.0,0.0,-0.01125236549064496,-0.009990782452003966,-0.009990782452003966,0.009950056512175313,0.009950056512175313,0.0,0.0,-0.010876306416091823,-0.007184118634356117,-0.009990782452003966,0.009950056512175313,0.0
2026-09-04,0.0,0.0,-0.004397870742251732,-0.003236033610227758,0.0,-0.004353108519875205,-0.0026303611047623792,-0.005516142332356944,-0.004357567667587852,0.0,-2.2859664338827947e-05,0.0003911220813362546,-0.0026615172944305632,-0.0019347561439816458,0.0,-0.0007743329909499,-0.00012863222232731747,-0.004018991401370135,-0.0031810529607240482,0.0,0.0,0.0,-0.004397870742251732,-0.003236033610227758,0.0,-0.004353108519875205,-0.0026303611047623792,-0.005516142332356944,-0.004357567667587852,0.0,0.0,-0.004397870742251732,0.003357183727293188,0.0034049486416727662,-0.0038768804140170273,-0.0038768804140170273,0.0,0.0,-0.003816952176239745,-0.0022981367192061045,0.003381066184482977,-0.0038768804140170273,0.0
2026-09-07,0.0,0.0,-0.00355708468258707,-0.00355708468258707,0.0,-0.004832809294099478,-0.0031548625502169168,-0.003821322012192157,-0.003651094720536043,0.0,0.006591740682665545,0.006952959421542158,-0.0024814973443592434,-0.0024683944045168714,0.0,0.005961673041421045,0.0066847053290451895,-0.0026385308537569055,-0.002557235705184848,0.0,0.0,0.0,-0.00355708468258707,-0.00355708468258707,0.0,-0.004832809294099478,-0.0031548625502169168,-0.003821322012192157,-0.003651094720536043,0.0,0.0,-0.0035570846825870696,-0.00355708468258707,-0.00355708468258707,0.002408455079317239,0.003511880828929955,0.0,0.0,-0.00355708468258707,-0.002474945874438057,-0.00355708468258707,0.002960167954123597,0.0
2026-09-08,0.0,0.0,-0.001361694395204364,-0.001361694395204364,0.0,0.0035093375116095104,0.0035093375116095104,-0.0009429267916720965,-0.0006939795679369546,0.0,0.00020585721429837987,0.00042664041430492066,-0.0013297443822014735,-0.0013076520600504666,0.0,0.002440024536410191,0.0027720371555387847,-0.0011847786338755966,-0.0010191547727696085,0.0,0.0,0.0,-0.001361694395204364,-0.001361694395204364,0.0,0.0035093375116095104,0.0035093375116095104,-0.0009429267916720965,-0.0006939795679369546,0.0,0.0,-0.001361694395204364,-0.001361694395204364,-0.001361694395204364,-0.0013616943952043641,-0.0013616943952043641,0.0,0.0,-0.001361694395204364,-0.00131869822112597,-0.001361694395204364,-0.0013616943952043641,0.0
2026-09-09,0.0,0.0,6.691794289033333e-05,6.691794289033333e-05,0.0,0.00012583029420867896,0.00012583029420867896,-0.00019073820556290906,0.00015968981344121578,0.0,0.0018944329665766025,0.002121361691532471,0.00022926109710084115,0.0003988289302101877,0.0,0.0015430111336069258,0.00188765493410993,0.000565209888451487,0.0006698422106598714,0.0,0.0,0.0,6.691794289033333e-05,6.691794289033333e-05,0.0,0.00012583029420867896,0.00012583029420867896,-0.00019073820556290906,0.00015968981344121578,0.0,0.0,6.691794289033311e-05,6.691794289033333e-05,6.691794289033333e-05,6.691794289033303e-05,6.691794289033303e-05,0.0,0.0,6.691794289033333e-05,0.00031404501365551443,6.691794289033333e-05,6.691794289033303e-05,0.0
2026-09-10,0.0,0.0,0.008875164249445686,0.008882127907303352,0.0,0.0020717983631676623,0.0020789065171019448,0.006162947998271617,0.006690075999627858,0.0,0.0037535294520637907,0.0038472878223310292,0.010183955213591191,0.010360264894242485,0.0,0.0023227169602054007,0.00239753214846062,0.009585051211520786,0.009699472783836822,0.0,0.0,0.0,0.008875164249445686,0.008882127907303352,0.0,0.0020717983631676623,0.0020789065171019448,0.006162947998271617,0.006690075999627858,0.0,0.0,0.008875164249445686,0.008882127907303352,0.008882127907303352,0.008882127907303352,0.008882127907303352,0.0,0.0,0.00887864607837452,0.010272110053916837,0.008882127907303352,0.008882127907303352,0.0
2026-09-11,0.0,0.0,0.0013496538129901094,0.0013496538129901094,0.0,-0.003155745898846478,-0.003155745898846478,0.0006237841625443463,0.0006682638266494651,0.0,-0.0005130751577373782,-0.000429136669439068,0.0012823763031228979,0.0013045284241622406,0.0,-0.003951109231717227,-0.0038723555866237483,0.000514992592077964,0.000544853607973392,0.0,0.0,0.0,0.0013496538129901094,0.0013496538129901094,0.0,-0.003155745898846478,-0.003155745898846478,0.0006237841625443463,0.0006682638266494651,0.0,0.0,0.001349653812990109,0.0012209933952687171,0.001227957053126383,0.0012279570531263829,0.0012279570531263829,0.0,0.0,0.0013496538129901094,0.0012934523636425692,0.00122447522419755,0.0012279570531263829,0.0
2026-09-14,0.0,0.0,0.007416542256378839,0.007421858528964862,0.0,0.0026409061584764045,0.0027210659644214064,0.008126939535212542,0.008158499109024917,0.0,-0.0018374454598409896,-0.001560068016294598,0.00716803061335202,0.007353492881331157,0.0,-9.238992458519227e-05,0.0003113079922616715,0.007479697664755633,0.0075810672805425566,0.0,0.0,0.0,0.007416542256378839,0.007421858528964862,0.0,0.0026409061584764045,0.0027210659644214064,0.008126939535212542,0.008158499109024917,0.0,0.0,0.007416542256378839,0.007421858528964862,0.007421858528964862,0.007226318484223989,0.007226318484223989,0.0,0.0,0.007419200392671851,0.007260761747341589,0.007421858528964862,0.007226318484223989,0.0
2026-09-15,0.0,0.0,0.0032011061153275075,0.0032011061153275075,0.0,-0.000360585100085819,-0.000360585100085819,0.003092111750310444,0.003092111750310444,0.0,0.0018407183734103411,0.0019460294661120612,0.0036891061257585483,0.003792922991221939,0.0,-0.00015552206436156415,-8.84012226482077e-05,0.0031637968386685603,0.0031834897895093956,0.0,0.0,0.0,0.0032011061153275075,0.0032011061153275075,0.0,-0.000360585100085819,-0.000360585100085819,0.003092111750310444,0.003092111750310444,0.0,0.0,0.0032011061153275075,0.003147095260964259,0.003147095260964259,0.0030997430922510777,0.0030997430922510777,0.0,0.0,0.0032011061153275075,0.0037410145584902436,0.003147095260964259,0.0030997430922510777,0.0
2026-09-16,0.0,0.0,0.014854017488603898,0.014887382822924133,0.0,0.002367467922019253,0.0024210444109951873,0.014659050372207768,0.014682006073830947,0.0,0.001454045681935431,0.0017458966027823837,0.014797171628654182,0.014861444045076406,0.0,-0.0027374295420506227,-0.002410878633365702,0.014775627790070602,0.014836350296760701,0.0,0.0,0.0,0.014854017488603898,0.014887382822924133,0.0,0.002367467922019253,0.0024210444109951873,0.014659050372207768,0.014682006073830947,0.0,0.0,0.014854017488603896,0.014637658872617651,0.014637658872617651,0.014222008006281655,0.014222008006281655,0.0,0.0,0.014870700155764015,0.014829307836865294,0.014637658872617651,0.014222008006281655,0.0
2026-09-17,0.0,0.0,-0.0018546478078767994,-0.0018546478078767994,0.0,-0.0014034734800218434,-0.0013939143747026053,-0.001952486026782773,-0.001908198008243508,0.0,-0.0019844152255690554,-0.0018336004975088777,-0.0020831590039775473,-0.0020761313920885163,0.0,-0.0037555158103535877,-0.003320526023725869,-0.0022994603590552986,-0.002267844778083265,0.0,0.0,0.0,-0.0018546478078767994,-0.0018546478078767994,0.0,-0.0014034734800218434,-0.0013939143747026053,-0.001952486026782773,-0.001908198008243508,0.0,0.0,-0.001854647807876799,-0.0019103577640276277,-0.0019103577640276277,-0.0018557969595065348,-0.0018557969595065348,0.0,0.0,-0.0018546478078767994,-0.0020796451980330316,-0.0019103577640276277,-0.0018557969595065348,0.0
2026-09-18,0.0,0.0,-0.00121744593239939,-0.00121744593239939,0.0,-0.001330254499484855,-0.0012326970202532297,-0.001378637114761982,-0.001378637114761982,0.0,0.002391950911541142,0.002689873024838905,-0.0010882598785045138,-0.00106401901603223,0.0,0.0014772870308967607,0.0017670962189332098,-0.0011150704876886105,-0.0010816184440809262,0.0,0.0,0.0,-0.00121744593239939,-0.00121744593239939,0.0,-0.001330254499484855,-0.0012326970202532297,-0.001378637114761982,-0.001378637114761982,0.0,0.0,-0.0012174459323993896,-0.0013448060182447,-0.0013201825155740921,-0.0012477720059260134,-0.0012477720059260134,0.0,0.0,-0.00121744593239939,-0.001076139447268372,-0.001332494266909396,-0.0012477720059260134,0.0
2026-09-21,0.0,0.0,0.0038402643634252586,0.0038402643634252586,0.0,-0.0011308614391400864,-5.4160000586705147e-05,0.003407685939123305,0.003984813104469625,0.0,-0.0019271141454373795,-0.0018395490448459846,0.0037179334102083192,0.003889793537275403,0.0,-0.004200230436573858,-0.004016516001929352,0.0035081016313732627,0.00357860946437989,0.0,0.0,0.0,0.0038402643634252586,0.0038402643634252586,0.0,-0.0011308614391400864,-5.4160000586705147e-05,0.003407685939123305,0.003984813104469625,0.0,0.0,0.0029633499365995172,0.0038402643634252586,0.0038402643634252586,0.003996210099783902,0.003996210099783902,0.0,0.0,0.0038402643634252586,0.003803863473741861,0.0038402643634252586,0.003996210099783902,0.0
2026-09-22,0.0,0.0,0.0015284865647016879,0.0015284865647016879,0.0,0.0019136215741295606,0.0026418203378587735,0.0023959448747817897,0.002787290215253201,0.0,-0.0030141228476204002,-0.0028847140665456024,0.0003711719020605681,0.00043591512510752963,0.0,-0.004475630492921941,-0.003946778724909165,0.0005869996333815631,0.0006739841818083776,0.0,0.0,0.0,0.0015284865647016879,0.0015284865647016879,0.0,0.0019136215741295606,0.0026418203378587735,0.0023959448747817897,0.002787290215253201,0.0,0.0,-0.0015883818328680489,0.0015284865647016879,0.0015284865647016879,0.0015670482428346523,0.0015670482428346523,0.0,0.0,0.0015284865647016879,0.00040354351358404885,0.0015284865647016879,0.0015670482428346523,0.0
2026-09-23,0.0,0.0,0.01284588769917377,0.012854131124127133,0.0,-0.00722719860527902,-0.00714776325675918,0.009141189118226058,0.009394963260245965,0.0,-0.0030523970905431226,-0.002773348613773984,0.012065227694632554,0.012226736044606579,0.0,-0.008573164689233349,-0.008026689282608234,0.012001842163249055,0.012076292576063194,0.0,0.0,0.0,0.01284588769917377,0.012854131124127133,0.0,-0.00722719860527902,-0.00714776325675918,0.009141189118226058,0.009394963260245965,0.0,0.0,-0.01425418104518836,0.012854131124127133,0.012854131124127133,0.013031301315987306,0.013031301315987306,0.0,0.0,0.012850009411650452,0.012145981869619567,0.012854131124127133,0.013031301315987306,0.0
2026-09-24,0.0,0.0,0.0038915944804427905,0.003902438154222802,0.0,0.001537897428729251,0.0015395998659011288,0.0042319304379530775,0.0042319304379530775,0.0,0.0014940710124245384,0.001548338004389644,0.00468448722453679,0.004708195122062386,0.0,0.0006185860375892301,0.0010708005364100373,0.00448802099482398,0.004562312328577979,0.0,0.0,0.0,0.0038915944804427905,0.003902438154222802,0.0,0.001537897428729251,0.0015395998659011288,0.0042319304379530775,0.0042319304379530775,0.0,0.0,0.0039976359301028734,0.0040245915109427865,0.004043692586655809,0.004056929744773245,0.004056929744773245,0.0,0.0,0.003897016317332796,0.004696341173299589,0.004034142048799298,0.004056929744773245,0.0
